order_id,customer_id,order_date,ship_date,order_status,payment_method,sales_channel,order_amount,discount_amount,shipping_fee,city_x,state_x,net_amount,order_month,order_year,customer_name,gender,customer_segment,city_y,state_y,age,product_id,quantity,unit_price,discount_pct,item_total,product_name,category,sub_category,brand,profit_margin
ORD00001,CUST0030,2022-01-01,2022-01-04,Shipped,Credit Card,Mobile App,46753.88,17427.65,149,Hyderabad,RJ,29475.23,2022-01,2022,Diana Garcia,Female,Consumer,Kolkata,WB,46.0,PROD184,10.0,4795.09,38.9,29298.0,Penguin Fiction 673,Home & Kitchen,Comics,Apple,55.75
ORD00001,CUST0030,2022-01-01,2022-01-04,Shipped,Credit Card,Mobile App,46753.88,17427.65,149,Hyderabad,RJ,29475.23,2022-01,2022,Diana Garcia,Female,Consumer,Kolkata,WB,46.0,PROD023,1.0,609.34,33.4,405.82,Samsung T-Shirt 863,Clothing,Shoes,Harpercollins,44.46
ORD00002,CUST0983,2022-01-01,2022-01-04,Returned,Debit Card,In-Store,13875.49,425.08,199,Hyderabad,MH,13649.41,2022-01,2022,Jack Taylor,Female,Consumer,Pune,MH,27.0,,,,,,,,,,
ORD00003,CUST0547,2022-01-02,2022-01-06,Shipped,Upi,In-Store,20497.61,4474.85,199,Ahmedabad,KA,16221.76,2022-01,2022,Victor Thompson,Other,Corporate,Chennai,TN,58.0,PROD138,4.0,3428.22,19.2,11080.01,Penguin History 493,Home & Kitchen,Self-Help,Prestige,40.86
ORD00003,CUST0547,2022-01-02,2022-01-06,Shipped,Upi,In-Store,20497.61,4474.85,199,Ahmedabad,KA,16221.76,2022-01,2022,Victor Thompson,Other,Corporate,Chennai,TN,58.0,PROD133,7.0,3744.15,23.1,20154.76,Nike Swimming 562,Books,Football,Puma,14.61
ORD00003,CUST0547,2022-01-02,2022-01-06,Shipped,Upi,In-Store,20497.61,4474.85,199,Ahmedabad,KA,16221.76,2022-01,2022,Victor Thompson,Other,Corporate,Chennai,TN,58.0,PROD184,6.0,3006.99,23.9,13729.92,Penguin Fiction 673,Home & Kitchen,Comics,Apple,55.75
ORD00004,CUST0228,2022-03-01,2022-01-04,Cancelled,Upi,Mobile App,31214.91,5909.67,0,Jaipur,TN,25305.24,2022-03,2022,Diana Walker,Female,Consumer,Hyderabad,TS,45.0,PROD103,4.0,3657.27,11.1,13005.25,Nike Furniture 174,Clothing,Appliances,Nike,31.46
ORD00004,CUST0228,2022-03-01,2022-01-04,Cancelled,Upi,Mobile App,31214.91,5909.67,0,Jaipur,TN,25305.24,2022-03,2022,Diana Walker,Female,Consumer,Hyderabad,TS,45.0,PROD026,2.0,4705.72,15.3,7971.49,Nike Cricket 264,Clothing,Running,Apple,32.24
ORD00005,CUST0051,2022-01-03,2022-01-06,Pending,Net Banking,In-Store,31991.69,4627.35,0,Delhi,DL,27364.34,2022-01,2022,Tina Anderson,Other,Consumer,Delhi,DL,19.0,PROD035,7.0,3458.02,39.2,14717.33,Adidas Tablet 510,Books,Headphones,Nike,75.82
ORD00005,CUST0051,2022-01-03,2022-01-06,Pending,Net Banking,In-Store,31991.69,4627.35,0,Delhi,DL,27364.34,2022-01,2022,Tina Anderson,Other,Consumer,Delhi,DL,19.0,PROD096,2.0,67.46,27.2,98.22,Apple Lighting 795,Books,Bedding,Apple,37.49
ORD00006,CUST0788,2022-01-04,2022-01-06,Returned,Cod,Online,40333.19,4893.35,199,Toronto,MH,35638.84,2022-01,2022,Leo Moore,Female,Home Office,New York,NY,46.0,PROD135,3.0,1093.04,0.0,3279.12,Apple Shoes 165,Sports,Dress,Adidas,31.77
ORD00007,CUST0410,2022-05-01,2022-01-06,Delivered,Upi,Online,7364.16,693.1,99,Toronto,WB,6770.06,2022-05,2022,Priya Thomas,Male,Home Office,Mumbai,MH,30.0,PROD102,10.0,4663.24,4.0,44767.1,Penguin Appliances 888,Clothing,Lighting,Nike,22.48
ORD00007,CUST0410,2022-05-01,2022-01-06,Delivered,Upi,Online,7364.16,693.1,99,Toronto,WB,6770.06,2022-05,2022,Priya Thomas,Male,Home Office,Mumbai,MH,30.0,PROD164,2.0,1315.4,15.5,2223.03,Lg Camera 401,Home & Kitchen,Camera,Nike,58.81
ORD00007,CUST0410,2022-05-01,2022-01-06,Delivered,Upi,Online,7364.16,693.1,99,Toronto,WB,6770.06,2022-05,2022,Priya Thomas,Male,Home Office,Mumbai,MH,30.0,PROD194,10.0,2824.7,10.8,25196.32,Harpercollins Fiction 998,Electronics,Self-Help,Philips,26.4
ORD00008,CUST0619,2022-06-01,2022-01-07,Cancelled,Debit Card,Online,15431.2,2587.97,149,Kolkata,NSW,12992.23,2022-06,2022,Quinn Anderson,Female,Home Office,Delhi,DL,47.0,PROD183,2.0,3589.76,8.6,6562.08,Apple Non-Fiction 981,Clothing,Comics,Philips,58.04
ORD00009,CUST0455,2022-06-01,2022-01-09,Cancelled,Debit Card,In-Store,7625.71,1025.74,149,Toronto,RJ,6748.97,2022-06,2022,Victor Martin,Male,Consumer,Pune,MH,65.0,PROD118,6.0,1999.87,22.9,9251.4,Philips Tablet 619,Books,Camera,Samsung,55.89
ORD00009,CUST0455,2022-06-01,2022-01-09,Cancelled,Debit Card,In-Store,7625.71,1025.74,149,Toronto,RJ,6748.97,2022-06,2022,Victor Martin,Male,Consumer,Pune,MH,65.0,PROD153,8.0,1262.13,15.7,8511.8,Nike Bedding 873,Clothing,Furniture,Nike,45.12
ORD00010,CUST0976,2022-07-01,2022-01-11,Delivered,Upi,Online,37585.38,2459.99,99,Ahmedabad,ON,35224.39,2022-07,2022,Rahul Walker,Other,Corporate,Delhi,DL,46.0,PROD091,10.0,754.49,31.1,5198.44,Samsung Fiction 485,Clothing,Self-Help,Apple,40.0
ORD00010,CUST0976,2022-07-01,2022-01-11,Delivered,Upi,Online,37585.38,2459.99,99,Ahmedabad,ON,35224.39,2022-07,2022,Rahul Walker,Other,Corporate,Delhi,DL,46.0,PROD125,3.0,2981.6,16.2,7495.74,Prestige Self-Help 619,Electronics,Self-Help,Philips,28.66
ORD00011,CUST0906,2022-01-08,2022-01-12,Returned,Credit Card,Mobile App,48497.84,12801.97,99,Kolkata,KA,35794.87,2022-01,2022,Yara Jones,Other,Corporate,Bangalore,KA,31.0,PROD134,2.0,2136.04,21.4,3357.85,Sony History 898,Clothing,Fiction,Lg,46.08
ORD00011,CUST0906,2022-01-08,2022-01-12,Returned,Credit Card,Mobile App,48497.84,12801.97,99,Kolkata,KA,35794.87,2022-01,2022,Yara Jones,Other,Corporate,Bangalore,KA,31.0,PROD179,8.0,2666.66,39.6,12885.3,Puma Camera 326,Clothing,Headphones,Apple,38.11
ORD00012,CUST0533,2022-01-09,2022-01-12,Delivered,Upi,Online,4488.28,222.12,199,Kolkata,TN,4465.16,2022-01,2022,Jack  Walker,Other,Corporate,Surat,GJ,46.0,PROD042,4.0,4031.42,34.2,10610.7,Apple Furniture 868,Books,Appliances,Apple,59.18
ORD00013,CUST0779,2022-09-01,2022-01-11,Returned,Wallet,Mobile App,27566.52,5857.29,149,Chennai,TS,21858.23,2022-09,2022,Frank Brown,Male,Home Office,Pune,MH,46.0,PROD025,10.0,2031.27,37.8,12634.5,Prestige Jacket 493,Home & Kitchen,Shoes,Nike,18.62
ORD00014,CUST0613,2022-10-01,2022-01-15,Returned,Debit Card,In-Store,21508.82,2638.9,99,London,KA,18968.92,2022-10,2022,Nick Williams,Male,Home Office,Mumbai,MH,37.0,PROD072,5.0,4438.74,34.9,14448.1,Philips History 903,Electronics,History,Prestige,10.66
ORD00014,CUST0613,2022-10-01,2022-01-15,Returned,Debit Card,In-Store,21508.82,2638.9,99,London,KA,18968.92,2022-10,2022,Nick Williams,Male,Home Office,Mumbai,MH,37.0,PROD053,10.0,4540.02,37.0,28602.13,Samsung Non-Fiction 984,Books,Non-Fiction,Harpercollins,58.1
ORD00014,CUST0613,2022-10-01,2022-01-15,Returned,Debit Card,In-Store,21508.82,2638.9,99,London,KA,18968.92,2022-10,2022,Nick Williams,Male,Home Office,Mumbai,MH,37.0,PROD154,6.0,4639.73,36.8,17593.86,Puma Jacket 845,Books,Jeans,Apple,30.08
ORD00014,CUST0613,2022-10-01,2022-01-15,Returned,Debit Card,In-Store,21508.82,2638.9,99,London,KA,18968.92,2022-10,2022,Nick Williams,Male,Home Office,Mumbai,MH,37.0,PROD032,8.0,2540.96,27.8,14676.58,Reebok Football 191,Electronics,Football,Harpercollins,59.46
ORD00015,CUST0599,2022-11-01,2022-11-04,Shipped,Net Banking,Online,25072.1,8664.92,49,Hyderabad,RJ,16456.18,2022-11,2022,Uma Wilson,Female,Corporate,Toronto,ON,49.0,PROD015,8.0,3356.39,14.7,22904.01,Nike Jacket 551,Electronics,Jacket,Apple,10.71
ORD00015,CUST0599,2022-11-01,2022-11-04,Shipped,Net Banking,Online,25072.1,8664.92,49,Hyderabad,RJ,16456.18,2022-11,2022,Uma Wilson,Female,Corporate,Toronto,ON,49.0,PROD021,6.0,4055.34,31.1,16764.78,Nike Decor 240,Sports,Bedding,Apple,58.93
ORD00015,CUST0599,2022-11-01,2022-11-04,Shipped,Net Banking,Online,25072.1,8664.92,49,Hyderabad,RJ,16456.18,2022-11,2022,Uma Wilson,Female,Corporate,Toronto,ON,49.0,PROD171,6.0,2719.79,9.8,14719.5,Nike Cricket 448,Clothing,Cycling,Lg,54.33
ORD00017,CUST0584,2022-01-12,2022-01-16,Shipped,Debit Card,Mobile App,43321.95,316.88,0,Toronto,LDN,43005.07,2022-01,2022,Peter Jones,Female,Home Office,Toronto,ON,23.0,PROD019,9.0,4780.86,29.5,30334.56,Philips Cycling 881,Books,Swimming,Nike,33.52
ORD00017,CUST0584,2022-01-12,2022-01-16,Shipped,Debit Card,Mobile App,43321.95,316.88,0,Toronto,LDN,43005.07,2022-01,2022,Peter Jones,Female,Home Office,Toronto,ON,23.0,PROD104,4.0,2349.26,30.2,6559.13,Harpercollins Jeans 435,Electronics,Saree,Nike,50.01
ORD00017,CUST0584,2022-01-12,2022-01-16,Shipped,Debit Card,Mobile App,43321.95,316.88,0,Toronto,LDN,43005.07,2022-01,2022,Peter Jones,Female,Home Office,Toronto,ON,23.0,PROD005,2.0,4828.07,37.5,6035.09,Prestige Decor 174,Electronics,Bedding,Prestige,48.78
ORD00018,CUST0381,2022-01-13,2022-01-14,Shipped,Net Banking,Mobile App,9169.07,590.48,99,Bangalore,MH,8677.59,2022-01,2022,Henry Brown,Other,Home Office,Mumbai,MH,46.0,PROD093,7.0,4657.76,23.2,25040.12,Prestige Furniture 284,Electronics,Bedding,Samsung,9.26
ORD00018,CUST0381,2022-01-13,2022-01-14,Shipped,Net Banking,Mobile App,9169.07,590.48,99,Bangalore,MH,8677.59,2022-01,2022,Henry Brown,Other,Home Office,Mumbai,MH,46.0,PROD145,8.0,93.02,9.4,674.21,Reebok Smartwatch 139,Books,Headphones,Sony,11.99
ORD00019,CUST0106,2022-01-14,2022-01-17,Shipped,Credit Card,In-Store,14020.4,0.0,49,London,LDN,14069.4,2022-01,2022,Rahul Patel,Male,Corporate,Toronto,ON,69.0,,,,,,,,,,
ORD00020,CUST0657,2022-01-14,2022-01-21,Shipped,Debit Card,Mobile App,20132.28,2504.1,199,Mumbai,KA,17827.18,2022-01,2022,Mia Brown,Other,Consumer,Toronto,ON,46.0,,,,,,,,,,
ORD00021,CUST0262,2022-01-15,2022-01-20,Returned,Cod,In-Store,12061.9,686.46,199,Jaipur,KA,11574.44,2022-01,2022,Grace Shah,Female,Corporate,Kolkata,WB,43.0,PROD055,2.0,3498.68,4.6,6675.48,Samsung Laptop 541,Electronics,Smartwatch,Adidas,19.97
ORD00022,CUST0355,2022-01-16,2022-01-22,Returned,Wallet,Online,10211.52,255.21,49,Chennai,LDN,10005.31,2022-01,2022,Mia Shah,Female,Home Office,Hyderabad,TS,46.0,PROD077,2.0,2310.36,29.5,3257.61,Nike Laptop 968,Home & Kitchen,Smartwatch,Adidas,58.83
ORD00022,CUST0355,2022-01-16,2022-01-22,Returned,Wallet,Online,10211.52,255.21,49,Chennai,LDN,10005.31,2022-01,2022,Mia Shah,Female,Home Office,Hyderabad,TS,46.0,PROD189,4.0,3992.69,26.6,11722.54,Samsung Shoes 428,Books,Shoes,Apple,40.01
ORD00022,CUST0355,2022-01-16,2022-01-22,Returned,Wallet,Online,10211.52,255.21,49,Chennai,LDN,10005.31,2022-01,2022,Mia Shah,Female,Home Office,Hyderabad,TS,46.0,PROD195,1.0,3759.94,17.5,3101.95,Prestige Swimming 944,Home & Kitchen,Cycling,Prestige,19.96
ORD00023,CUST0291,2022-01-17,2022-01-22,Pending,Cod,In-Store,41420.79,10320.37,0,Hyderabad,LDN,31100.42,2022-01,2022,Karen Williams,Other,Home Office,London,LDN,48.0,PROD200,1.0,4539.33,2.2,4439.46,Philips Yoga 695,Clothing,Yoga,Philips,54.73
ORD00023,CUST0291,2022-01-17,2022-01-22,Pending,Cod,In-Store,41420.79,10320.37,0,Hyderabad,LDN,31100.42,2022-01,2022,Karen Williams,Other,Home Office,London,LDN,48.0,PROD099,6.0,4034.55,11.6,21399.25,Reebok Cricket 803,Sports,Cycling,Puma,51.59
ORD00023,CUST0291,2022-01-17,2022-01-22,Pending,Cod,In-Store,41420.79,10320.37,0,Hyderabad,LDN,31100.42,2022-01,2022,Karen Williams,Other,Home Office,London,LDN,48.0,PROD005,2.0,4878.92,29.0,6928.07,Prestige Decor 174,Electronics,Bedding,Prestige,48.78
ORD00023,CUST0291,2022-01-17,2022-01-22,Pending,Cod,In-Store,41420.79,10320.37,0,Hyderabad,LDN,31100.42,2022-01,2022,Karen Williams,Other,Home Office,London,LDN,48.0,PROD118,10.0,603.91,9.9,5441.23,Philips Tablet 619,Books,Camera,Samsung,55.89
ORD00024,CUST0623,2022-01-17,2022-01-22,Delivered,Cod,Mobile App,1718.44,9.08,99,Jaipur,TS,1808.36,2022-01,2022,Steve Martin,Other,Consumer,Sydney,NSW,42.0,PROD114,2.0,2623.1,21.6,4113.02,Lg Laptop 719,Sports,Tablet,Prestige,25.99
ORD00024,CUST0623,2022-01-17,2022-01-22,Delivered,Cod,Mobile App,1718.44,9.08,99,Jaipur,TS,1808.36,2022-01,2022,Steve Martin,Other,Consumer,Sydney,NSW,42.0,PROD003,3.0,663.27,5.8,1874.4,Samsung Camera 763,Electronics,Mobile,Nike,43.08
ORD00025,CUST0562,2022-01-18,2022-01-24,Delivered,Credit Card,Online,5927.14,253.53,149,London,WB,5822.61,2022-01,2022,Sneha Johnson,Female,Home Office,Bangalore,KA,27.0,,,,,,,,,,
ORD00026,CUST0210,2022-01-19,2022-01-25,Cancelled,Upi,In-Store,23385.08,6100.99,149,Delhi,KA,17433.09,2022-01,2022,Arjun Shah,Female,Corporate,New York,NY,41.0,PROD020,1.0,352.72,38.8,215.86,Apple Jacket 787,Electronics,T-Shirt,Adidas,17.13
ORD00026,CUST0210,2022-01-19,2022-01-25,Cancelled,Upi,In-Store,23385.08,6100.99,149,Delhi,KA,17433.09,2022-01,2022,Arjun Shah,Female,Corporate,New York,NY,41.0,PROD100,1.0,1124.59,2.9,1091.98,Sony History 683,Sports,Comics,Puma,56.77
ORD00026,CUST0210,2022-01-19,2022-01-25,Cancelled,Upi,In-Store,23385.08,6100.99,149,Delhi,KA,17433.09,2022-01,2022,Arjun Shah,Female,Corporate,New York,NY,41.0,PROD064,9.0,3199.54,25.2,21539.3,Apple Laptop 953,Clothing,Camera,Harpercollins,39.99
ORD00027,CUST0422,2022-01-19,2022-01-22,Returned,Wallet,Mobile App,44242.84,13408.6,49,Bangalore,WB,30883.24,2022-01,2022,Eve Lee,Male,Home Office,New York,NY,46.0,PROD028,4.0,1021.58,26.7,2995.27,Apple Science 123,Clothing,History,Samsung,55.38
ORD00027,CUST0422,2022-01-19,2022-01-22,Returned,Wallet,Mobile App,44242.84,13408.6,49,Bangalore,WB,30883.24,2022-01,2022,Eve Lee,Male,Home Office,New York,NY,46.0,PROD084,1.0,2870.91,16.1,2408.69,Philips Comics 538,Electronics,Non-Fiction,Reebok,22.29
ORD00027,CUST0422,2022-01-19,2022-01-22,Returned,Wallet,Mobile App,44242.84,13408.6,49,Bangalore,WB,30883.24,2022-01,2022,Eve Lee,Male,Home Office,New York,NY,46.0,PROD080,5.0,399.91,11.4,1771.6,Samsung Dress 334,Sports,Shoes,Apple,33.19
ORD00028,CUST0473,2022-01-20,2022-01-25,Returned,Cod,Mobile App,34218.77,8442.99,0,Hyderabad,GJ,25775.78,2022-01,2022,Iris Thomas,Male,Home Office,Hyderabad,TS,46.0,,,,,,,,,,
ORD00030,CUST0082,2022-01-22,2022-01-25,Cancelled,Credit Card,Online,18296.46,68.98,0,London,DL,18227.48,2022-01,2022,Peter Davis,Female,Corporate,Chennai,TN,20.0,PROD005,7.0,3300.68,0.0,23104.76,Prestige Decor 174,Electronics,Bedding,Prestige,48.78
ORD00030,CUST0082,2022-01-22,2022-01-25,Cancelled,Credit Card,Online,18296.46,68.98,0,London,DL,18227.48,2022-01,2022,Peter Davis,Female,Corporate,Chennai,TN,20.0,PROD017,10.0,1015.88,100.0,0.0,Puma Furniture 159,Clothing,Lighting,Apple,25.19
ORD00030,CUST0082,2022-01-22,2022-01-25,Cancelled,Credit Card,Online,18296.46,68.98,0,London,DL,18227.48,2022-01,2022,Peter Davis,Female,Corporate,Chennai,TN,20.0,PROD188,4.0,1974.92,15.5,6675.23,Puma Swimming 432,Books,Running,Puma,48.2
ORD00031,CUST0267,2022-01-22,2022-01-23,Delivered,Cod,Mobile App,17102.23,0.0,49,Toronto,NY,17151.23,2022-01,2022,Rahul Miller,Male,Corporate,Chennai,TN,46.0,PROD060,1.0,1322.24,0.0,1322.24,Penguin Laptop 245,Home & Kitchen,Mobile,Reebok,56.7
ORD00032,CUST0397,2022-01-23,2022-01-29,Shipped,Cod,In-Store,27949.77,0.0,149,Kolkata,TN,28098.77,2022-01,2022,Bob  Harris,Female,Home Office,New York,NY,46.0,PROD166,7.0,4593.79,2.8,31256.15,Prestige Non-Fiction 799,Books,Non-Fiction,Lg,32.2
ORD00032,CUST0397,2022-01-23,2022-01-29,Shipped,Cod,In-Store,27949.77,0.0,149,Kolkata,TN,28098.77,2022-01,2022,Bob  Harris,Female,Home Office,New York,NY,46.0,PROD136,3.0,2337.74,7.6,6480.22,Philips Appliances 779,Sports,Furniture,Penguin,44.03
ORD00032,CUST0397,2022-01-23,2022-01-29,Shipped,Cod,In-Store,27949.77,0.0,149,Kolkata,TN,28098.77,2022-01,2022,Bob  Harris,Female,Home Office,New York,NY,46.0,PROD054,6.0,1548.33,11.2,8249.5,Puma Yoga 622,Books,Swimming,Apple,14.74
ORD00033,CUST0493,2022-01-24,2022-01-25,Delivered,Cod,In-Store,38991.54,9338.38,0,Kolkata,ON,29653.16,2022-01,2022,Priya  Martin,Female,Home Office,Mumbai,MH,46.0,,,,,,,,,,
ORD00034,CUST0270,2022-01-25,2022-01-28,Shipped,Debit Card,In-Store,47280.12,2000.58,0,Hyderabad,KA,45279.54,2022-01,2022,Jack Lee,Female,Home Office,Delhi,DL,64.0,PROD017,1.0,3125.92,21.8,2444.47,Puma Furniture 159,Clothing,Lighting,Apple,25.19
ORD00034,CUST0270,2022-01-25,2022-01-28,Shipped,Debit Card,In-Store,47280.12,2000.58,0,Hyderabad,KA,45279.54,2022-01,2022,Jack Lee,Female,Home Office,Delhi,DL,64.0,PROD036,2.0,1226.1,24.4,1853.86,Apple Headphones 657,Clothing,Laptop,Philips,40.54
ORD00035,CUST0578,2022-01-25,2022-01-28,Pending,Wallet,Mobile App,38981.94,7328.32,49,Ahmedabad,MH,31702.62,2022-01,2022,Peter Brown,Male,Home Office,Mumbai,MH,64.0,,,,,,,,,,
ORD00036,CUST0037,2022-01-26,2022-01-27,Shipped,Credit Card,Mobile App,29826.52,9045.41,149,Hyderabad,KA,20930.11,2022-01,2022,Zoe Thomas,Female,Corporate,Mumbai,MH,25.0,PROD190,1.0,344.1,26.0,254.63,Samsung Jacket 891,Home & Kitchen,Dress,Samsung,56.46
ORD00036,CUST0037,2022-01-26,2022-01-27,Shipped,Credit Card,Mobile App,29826.52,9045.41,149,Hyderabad,KA,20930.11,2022-01,2022,Zoe Thomas,Female,Corporate,Mumbai,MH,25.0,PROD165,2.0,693.95,15.5,1172.78,Nike Appliances 352,Home & Kitchen,Furniture,Nike,38.62
ORD00037,CUST0967,2022-01-27,2022-02-02,Returned,Credit Card,In-Store,6118.66,484.51,99,Bangalore,MH,5733.15,2022-01,2022,Victor Johnson,Male,Home Office,Jaipur,RJ,43.0,PROD086,4.0,3898.26,30.9,10774.79,Reebok Cycling 816,Electronics,Running,Reebok,32.19
ORD00037,CUST0967,2022-01-27,2022-02-02,Returned,Credit Card,In-Store,6118.66,484.51,99,Bangalore,MH,5733.15,2022-01,2022,Victor Johnson,Male,Home Office,Jaipur,RJ,43.0,PROD027,8.0,3245.44,32.9,17421.52,Harpercollins Saree 716,Home & Kitchen,Saree,Apple,18.1
ORD00037,CUST0967,2022-01-27,2022-02-02,Returned,Credit Card,In-Store,6118.66,484.51,99,Bangalore,MH,5733.15,2022-01,2022,Victor Johnson,Male,Home Office,Jaipur,RJ,43.0,PROD133,2.0,58.0,18.0,95.12,Nike Swimming 562,Books,Football,Puma,14.61
ORD00038,CUST0446,2022-01-28,2022-02-04,Pending,Cod,In-Store,43927.5,0.0,0,London,TN,43927.5,2022-01,2022,Grace Shah,Male,Consumer,Sydney,NSW,46.0,PROD175,8.0,1928.33,11.3,13683.43,Penguin Dress 839,Books,Shoes,Sony,51.37
ORD00038,CUST0446,2022-01-28,2022-02-04,Pending,Cod,In-Store,43927.5,0.0,0,London,TN,43927.5,2022-01,2022,Grace Shah,Male,Consumer,Sydney,NSW,46.0,PROD176,7.0,3759.81,22.3,20449.61,Nike Jacket 282,Electronics,Shoes,Puma,11.71
ORD00039,CUST0389,2022-01-28,2022-02-04,Returned,Wallet,In-Store,27396.79,7383.29,199,Sydney,NSW,20212.5,2022-01,2022,Arjun Thomas,Female,Home Office,New York,NY,46.0,,,,,,,,,,
ORD00040,CUST0540,2022-01-29,2022-02-01,Shipped,Upi,In-Store,43369.87,8682.67,0,Kolkata,ON,34687.2,2022-01,2022,Mia  Johnson,Female,Home Office,New York,NY,39.0,PROD064,4.0,3302.4,14.0,11360.26,Apple Laptop 953,Clothing,Camera,Harpercollins,39.99
ORD00040,CUST0540,2022-01-29,2022-02-01,Shipped,Upi,In-Store,43369.87,8682.67,0,Kolkata,ON,34687.2,2022-01,2022,Mia  Johnson,Female,Home Office,New York,NY,39.0,PROD147,3.0,3665.83,28.6,7852.21,Lg Appliances 636,Books,Bedding,Penguin,31.75
ORD00041,CUST0528,2022-01-30,2022-02-05,Pending,Net Banking,Mobile App,43419.52,3372.04,49,Hyderabad,TS,40096.48,2022-01,2022,Alice Brown,Female,Consumer,Hyderabad,TS,48.0,PROD107,4.0,1372.24,18.2,4489.97,Penguin Shoes 647,Electronics,Jeans,Harpercollins,43.39
ORD00042,CUST0741,2022-01-30,2022-02-04,Cancelled,Debit Card,Mobile App,9392.52,3645.34,0,Hyderabad,KA,5747.18,2022-01,2022,Sneha Harris,Male,Home Office,Kolkata,WB,46.0,PROD043,9.0,2160.85,8.0,17891.84,Puma Mobile 944,Clothing,Headphones,Sony,23.91
ORD00042,CUST0741,2022-01-30,2022-02-04,Cancelled,Debit Card,Mobile App,9392.52,3645.34,0,Hyderabad,KA,5747.18,2022-01,2022,Sneha Harris,Male,Home Office,Kolkata,WB,46.0,PROD143,9.0,1971.99,9.0,16150.6,Apple Mobile 427,Sports,Laptop,Prestige,43.6
ORD00043,CUST0428,2022-01-31,2022-02-03,Delivered,Wallet,Mobile App,49666.38,11968.9,149,Sydney,TN,37846.48,2022-01,2022,Diana Lee,Other,Corporate,Ahmedabad,GJ,46.0,PROD178,8.0,2491.8,12.5,17442.6,Nike Camera 275,Sports,Camera,Samsung,44.67
ORD00043,CUST0428,2022-01-31,2022-02-03,Delivered,Wallet,Mobile App,49666.38,11968.9,149,Sydney,TN,37846.48,2022-01,2022,Diana Lee,Other,Corporate,Ahmedabad,GJ,46.0,PROD118,6.0,735.11,100.0,0.0,Philips Tablet 619,Books,Camera,Samsung,55.89
ORD00043,CUST0428,2022-01-31,2022-02-03,Delivered,Wallet,Mobile App,49666.38,11968.9,149,Sydney,TN,37846.48,2022-01,2022,Diana Lee,Other,Corporate,Ahmedabad,GJ,46.0,PROD054,5.0,4571.88,36.6,14492.86,Puma Yoga 622,Books,Swimming,Apple,14.74
ORD00043,CUST0428,2022-01-31,2022-02-03,Delivered,Wallet,Mobile App,49666.38,11968.9,149,Sydney,TN,37846.48,2022-01,2022,Diana Lee,Other,Corporate,Ahmedabad,GJ,46.0,PROD091,1.0,1479.78,5.9,1392.47,Samsung Fiction 485,Clothing,Self-Help,Apple,40.0
ORD00044,CUST0461,2022-02-01,2022-02-04,Returned,Debit Card,Online,13053.12,3479.34,0,Mumbai,RJ,9573.78,2022-02,2022,Grace Patel,Other,Consumer,Bangalore,KA,29.0,PROD113,2.0,987.92,13.9,1701.2,Nike Laptop 971,Home & Kitchen,Tablet,Lg,26.98
ORD00044,CUST0461,2022-02-01,2022-02-04,Returned,Debit Card,Online,13053.12,3479.34,0,Mumbai,RJ,9573.78,2022-02,2022,Grace Patel,Other,Consumer,Bangalore,KA,29.0,PROD016,1.0,3492.67,38.4,2151.48,Reebok Decor 388,Home & Kitchen,Furniture,Lg,43.56
ORD00045,CUST0382,2022-02-02,2022-02-08,Pending,Wallet,Online,34163.69,905.93,199,Hyderabad,WB,33456.76,2022-02,2022,Sneha  Wilson,Other,Corporate,Sydney,NSW,45.0,PROD005,9.0,3613.97,17.4,26866.25,Prestige Decor 174,Electronics,Bedding,Prestige,48.78
ORD00045,CUST0382,2022-02-02,2022-02-08,Pending,Wallet,Online,34163.69,905.93,199,Hyderabad,WB,33456.76,2022-02,2022,Sneha  Wilson,Other,Corporate,Sydney,NSW,45.0,PROD178,10.0,1152.62,22.7,8909.75,Nike Camera 275,Sports,Camera,Samsung,44.67
ORD00046,CUST0071,2022-02-02,2022-02-09,Returned,Wallet,In-Store,42500.25,15544.73,99,Ahmedabad,GJ,27054.52,2022-02,2022,Xander Wilson,Male,Consumer,Chennai,TN,23.0,,,,,,,,,,
ORD00047,CUST0890,2022-03-02,2022-02-08,Shipped,Credit Card,Online,47171.76,1687.67,0,New York,ON,45484.09,2022-03,2022,Uma  Davis,Other,Home Office,New York,NY,46.0,,,,,,,,,,
ORD00048,CUST0575,2022-02-04,2022-02-07,Shipped,Cod,In-Store,44742.99,14737.47,149,Jaipur,MH,30154.52,2022-02,2022,,,,,,,PROD022,9.0,2187.38,29.3,13918.3,Lg Cookware 668,Home & Kitchen,Furniture,Philips,32.34
ORD00049,CUST0346,2022-02-05,2022-02-11,Delivered,Upi,In-Store,581.34,45.95,0,Chennai,NSW,535.39,2022-02,2022,Olivia  Thompson,Other,Home Office,Sydney,NSW,46.0,PROD198,2.0,658.93,20.5,1047.7,Reebok Football 148,Clothing,Football,Nike,59.52
ORD00050,CUST0782,2022-05-02,2022-02-12,Delivered,Debit Card,Mobile App,32474.01,9961.0,49,Toronto,GJ,22562.01,2022-05,2022,,,,,,,,,,,,,,,,
ORD00051,CUST0504,2022-02-06,2022-02-10,Delivered,Net Banking,Mobile App,37428.07,1684.36,199,New York,GJ,35942.71,2022-02,2022,Victor Thomas,Other,Home Office,Jaipur,RJ,46.0,PROD155,5.0,4465.57,0.8,22149.23,Harpercollins Science 802,Electronics,Fiction,Apple,35.5
ORD00051,CUST0504,2022-02-06,2022-02-10,Delivered,Net Banking,Mobile App,37428.07,1684.36,199,New York,GJ,35942.71,2022-02,2022,Victor Thomas,Other,Home Office,Jaipur,RJ,46.0,PROD189,10.0,760.51,35.9,4874.87,Samsung Shoes 428,Books,Shoes,Apple,40.01
ORD00051,CUST0504,2022-02-06,2022-02-10,Delivered,Net Banking,Mobile App,37428.07,1684.36,199,New York,GJ,35942.71,2022-02,2022,Victor Thomas,Other,Home Office,Jaipur,RJ,46.0,PROD116,3.0,4929.94,18.0,12127.65,Prestige Camera 543,Clothing,Camera,Nike,52.74
ORD00052,CUST0915,2022-02-07,2022-02-10,Delivered,Net Banking,Mobile App,14499.06,0.0,199,Toronto,WB,14698.06,2022-02,2022,Nick Jackson,Female,Corporate,Chennai,TN,46.0,PROD070,3.0,372.05,36.9,704.29,Nike Lighting 275,Clothing,Cookware,Puma,51.4
ORD00052,CUST0915,2022-02-07,2022-02-10,Delivered,Net Banking,Mobile App,14499.06,0.0,199,Toronto,WB,14698.06,2022-02,2022,Nick Jackson,Female,Corporate,Chennai,TN,46.0,PROD133,4.0,98.16,24.3,297.23,Nike Swimming 562,Books,Football,Puma,14.61
ORD00053,CUST0104,2022-02-07,2022-02-10,Returned,Wallet,In-Store,45652.45,13487.38,199,Bangalore,MH,32364.07,2022-02,2022,Amit Brown,Female,Consumer,London,LDN,38.0,PROD094,1.0,830.53,12.1,730.04,Adidas Comics 457,Sports,Self-Help,Philips,53.91
ORD00053,CUST0104,2022-02-07,2022-02-10,Returned,Wallet,In-Store,45652.45,13487.38,199,Bangalore,MH,32364.07,2022-02,2022,Amit Brown,Female,Consumer,London,LDN,38.0,PROD147,4.0,3997.02,19.1,12934.36,Lg Appliances 636,Books,Bedding,Penguin,31.75
ORD00053,CUST0104,2022-02-07,2022-02-10,Returned,Wallet,In-Store,45652.45,13487.38,199,Bangalore,MH,32364.07,2022-02,2022,Amit Brown,Female,Consumer,London,LDN,38.0,PROD022,7.0,933.18,5.3,6186.05,Lg Cookware 668,Home & Kitchen,Furniture,Philips,32.34
ORD00054,CUST0087,2022-02-08,2022-02-11,Shipped,Credit Card,Mobile App,871.97,299.31,0,Toronto,TS,572.66,2022-02,2022,Iris Shah,Other,Consumer,Toronto,ON,45.0,PROD024,10.0,2820.15,15.9,23717.46,Apple History 842,Books,Fiction,Nike,43.62
ORD00055,CUST0436,2022-02-09,2022-02-13,Returned,Cod,Online,3656.29,696.55,99,Ahmedabad,ON,3058.74,2022-02,2022,Diana Miller,Male,Home Office,Surat,GJ,46.0,,,,,,,,,,
ORD00056,CUST0312,2022-02-10,2022-02-15,Returned,Net Banking,Mobile App,49459.17,13814.66,149,Surat,KA,35793.51,2022-02,2022,Bob Davis,Other,Corporate,London,LDN,41.0,PROD054,6.0,4427.05,18.6,21621.71,Puma Yoga 622,Books,Swimming,Apple,14.74
ORD00058,CUST0442,2022-02-11,2022-02-18,Shipped,Upi,Mobile App,4764.27,620.98,0,Kolkata,LDN,4143.29,2022-02,2022,Diana Shah,Other,Consumer,Surat,GJ,46.0,,,,,,,,,,
ORD00059,CUST0047,2022-02-12,2022-02-14,Cancelled,Upi,Online,24983.58,2594.06,49,Kolkata,TN,22438.52,2022-02,2022,Rahul Miller,Female,Consumer,Pune,MH,60.0,PROD183,9.0,3909.96,17.0,29207.4,Apple Non-Fiction 981,Clothing,Comics,Philips,58.04
ORD00059,CUST0047,2022-02-12,2022-02-14,Cancelled,Upi,Online,24983.58,2594.06,49,Kolkata,TN,22438.52,2022-02,2022,Rahul Miller,Female,Consumer,Pune,MH,60.0,PROD072,9.0,573.23,12.0,4539.98,Philips History 903,Electronics,History,Prestige,10.66
ORD00060,CUST0360,2022-02-13,2022-02-14,Shipped,Net Banking,Mobile App,29301.87,4975.3,0,Chennai,NY,24326.57,2022-02,2022,Karen Thomas,Other,Corporate,Bangalore,KA,46.0,PROD020,3.0,2986.06,28.7,6387.18,Apple Jacket 787,Electronics,T-Shirt,Adidas,17.13
ORD00060,CUST0360,2022-02-13,2022-02-14,Shipped,Net Banking,Mobile App,29301.87,4975.3,0,Chennai,NY,24326.57,2022-02,2022,Karen Thomas,Other,Corporate,Bangalore,KA,46.0,PROD067,8.0,188.39,25.4,1124.31,Harpercollins Shoes 947,Electronics,Saree,Harpercollins,26.88
ORD00062,CUST0623,2022-02-14,2022-02-21,Pending,Credit Card,In-Store,45301.06,16446.23,99,Surat,NY,28953.83,2022-02,2022,Steve Martin,Other,Consumer,Sydney,NSW,42.0,,,,,,,,,,
ORD00063,CUST0815,2022-02-15,2022-02-22,Delivered,Upi,Online,29654.54,9075.2,149,Toronto,NY,20728.34,2022-02,2022,Sneha Thomas,Other,Corporate,Sydney,NSW,46.0,PROD048,3.0,612.87,11.3,1630.85,Adidas Jacket 176,Home & Kitchen,Jeans,Apple,57.33
ORD00064,CUST0375,2022-02-16,2022-02-18,Delivered,Credit Card,In-Store,13053.91,1965.3,0,New York,GJ,11088.61,2022-02,2022,Priya Shah,Other,Corporate,Hyderabad,TS,46.0,,,,,,,,,,
ORD00066,CUST0412,2022-02-17,2022-02-21,Cancelled,Debit Card,Mobile App,21813.07,6440.49,99,Jaipur,RJ,15471.58,2022-02,2022,Victor Williams,Female,Home Office,Surat,GJ,46.0,PROD073,7.0,4010.01,0.0,28070.07,Philips Running 721,Sports,Yoga,Nike,52.7
ORD00066,CUST0412,2022-02-17,2022-02-21,Cancelled,Debit Card,Mobile App,21813.07,6440.49,99,Jaipur,RJ,15471.58,2022-02,2022,Victor Williams,Female,Home Office,Surat,GJ,46.0,PROD013,5.0,155.12,4.4,741.47,Lg Mobile 752,Clothing,Smartwatch,Apple,46.62
ORD00066,CUST0412,2022-02-17,2022-02-21,Cancelled,Debit Card,Mobile App,21813.07,6440.49,99,Jaipur,RJ,15471.58,2022-02,2022,Victor Williams,Female,Home Office,Surat,GJ,46.0,PROD078,6.0,3403.07,23.8,15558.84,Penguin Football 656,Books,Yoga,Nike,24.36
ORD00067,CUST0213,2022-02-18,2022-02-23,Pending,Upi,Mobile App,23182.54,1310.71,99,Delhi,GJ,21970.83,2022-02,2022,Yara Davis,Female,Corporate,Ahmedabad,GJ,39.0,PROD179,2.0,4448.6,38.5,5471.78,Puma Camera 326,Clothing,Headphones,Apple,38.11
ORD00068,CUST0311,2022-02-18,2022-02-19,Pending,Debit Card,In-Store,23088.56,564.71,199,New York,NY,22722.85,2022-02,2022,Victor Taylor,Other,Corporate,Ahmedabad,GJ,46.0,,,,,,,,,,
ORD00069,CUST0255,2022-02-19,2022-02-23,Cancelled,Credit Card,Mobile App,40294.9,12164.2,149,London,LDN,28279.7,2022-02,2022,Eve  Harris,Female,Corporate,Bangalore,KA,24.0,PROD008,9.0,1555.65,22.0,10920.66,Samsung Furniture 983,Sports,Bedding,Harpercollins,66.39
ORD00070,CUST0949,2022-02-20,2022-02-21,Delivered,Net Banking,Mobile App,11571.02,3075.94,0,Jaipur,WB,8495.08,2022-02,2022,Steve Jackson,Male,Corporate,Chennai,TN,25.0,PROD020,10.0,628.04,29.2,4446.52,Apple Jacket 787,Electronics,T-Shirt,Adidas,17.13
ORD00070,CUST0949,2022-02-20,2022-02-21,Delivered,Net Banking,Mobile App,11571.02,3075.94,0,Jaipur,WB,8495.08,2022-02,2022,Steve Jackson,Male,Corporate,Chennai,TN,25.0,PROD041,10.0,1427.61,13.4,12363.1,Nike Cookware 488,Books,Cookware,Samsung,33.81
ORD00071,CUST0769,2022-02-21,2022-02-23,Delivered,Cod,Online,15414.09,1407.44,0,Ahmedabad,LDN,14006.65,2022-02,2022,Jack  Anderson,Other,Corporate,Kolkata,WB,47.0,PROD045,6.0,2831.19,19.4,13691.63,Nike Headphones 607,Home & Kitchen,Laptop,Reebok,11.65
ORD00071,CUST0769,2022-02-21,2022-02-23,Delivered,Cod,Online,15414.09,1407.44,0,Ahmedabad,LDN,14006.65,2022-02,2022,Jack  Anderson,Other,Corporate,Kolkata,WB,47.0,PROD135,1.0,3031.22,29.6,2133.98,Apple Shoes 165,Sports,Dress,Adidas,31.77
ORD00072,CUST0092,2022-02-21,2022-02-25,Cancelled,Wallet,Online,14895.69,434.33,99,Ahmedabad,WB,14560.36,2022-02,2022,Mia Wilson,Other,Corporate,London,LDN,46.0,PROD196,2.0,2358.49,39.6,2849.06,Harpercollins Cookware 952,Books,Cookware,Samsung,48.35
ORD00072,CUST0092,2022-02-21,2022-02-25,Cancelled,Wallet,Online,14895.69,434.33,99,Ahmedabad,WB,14560.36,2022-02,2022,Mia Wilson,Other,Corporate,London,LDN,46.0,PROD146,1.0,2639.72,12.8,2301.84,Samsung Comics 644,Books,Comics,Samsung,20.71
ORD00073,CUST0516,2022-02-22,2022-02-28,Cancelled,Debit Card,In-Store,23005.04,1666.19,0,Sydney,GJ,21338.85,2022-02,2022,Olivia Thomas,Male,Corporate,Chennai,TN,46.0,PROD036,3.0,113.69,32.7,229.54,Apple Headphones 657,Clothing,Laptop,Philips,40.54
ORD00073,CUST0516,2022-02-22,2022-02-28,Cancelled,Debit Card,In-Store,23005.04,1666.19,0,Sydney,GJ,21338.85,2022-02,2022,Olivia Thomas,Male,Corporate,Chennai,TN,46.0,PROD199,8.0,4275.71,29.9,23978.18,Adidas Swimming 953,Home & Kitchen,Cricket,Adidas,9.45
ORD00073,CUST0516,2022-02-22,2022-02-28,Cancelled,Debit Card,In-Store,23005.04,1666.19,0,Sydney,GJ,21338.85,2022-02,2022,Olivia Thomas,Male,Corporate,Chennai,TN,46.0,PROD007,8.0,2183.48,18.5,14236.29,Samsung Jacket 517,Clothing,Jacket,Apple,29.64
ORD00073,CUST0516,2022-02-22,2022-02-28,Cancelled,Debit Card,In-Store,23005.04,1666.19,0,Sydney,GJ,21338.85,2022-02,2022,Olivia Thomas,Male,Corporate,Chennai,TN,46.0,PROD183,4.0,3490.13,22.1,10875.25,Apple Non-Fiction 981,Clothing,Comics,Philips,58.04
ORD00074,CUST0050,2022-02-23,2022-02-27,Cancelled,Wallet,In-Store,13052.05,3924.7,199,Sydney,TS,9326.35,2022-02,2022,Mia Martin,Other,Corporate,Kolkata,WB,46.0,PROD122,8.0,1838.97,39.9,8841.77,Penguin Camera 744,Clothing,Mobile,Adidas,52.36
ORD00074,CUST0050,2022-02-23,2022-02-27,Cancelled,Wallet,In-Store,13052.05,3924.7,199,Sydney,TS,9326.35,2022-02,2022,Mia Martin,Other,Corporate,Kolkata,WB,46.0,PROD040,8.0,3818.72,20.2,24378.71,Apple Cricket 717,Electronics,Cycling,Prestige,55.93
ORD00075,CUST0939,2022-02-24,2022-02-27,Pending,Debit Card,In-Store,22598.33,5016.83,99,Hyderabad,MH,17680.5,2022-02,2022,Henry Williams,Female,Consumer,Hyderabad,TS,21.0,PROD089,1.0,1237.48,15.7,1043.2,Penguin Football 980,Electronics,Football,Nike,31.17
ORD00075,CUST0939,2022-02-24,2022-02-27,Pending,Debit Card,In-Store,22598.33,5016.83,99,Hyderabad,MH,17680.5,2022-02,2022,Henry Williams,Female,Consumer,Hyderabad,TS,21.0,PROD012,6.0,113.61,38.7,417.86,Nike Fiction 847,Books,Self-Help,Lg,50.71
ORD00076,CUST0641,2022-02-24,2022-02-27,Pending,Cod,Mobile App,21487.68,1169.85,149,Hyderabad,RJ,20466.83,2022-02,2022,Leo Jackson,Female,Consumer,Jaipur,RJ,46.0,PROD197,6.0,4945.83,14.6,25342.43,Apple Cycling 713,Books,Cricket,Samsung,43.22
ORD00077,CUST0672,2022-02-25,2022-03-03,Returned,Upi,Mobile App,10423.03,1993.86,0,Surat,LDN,8429.17,2022-02,2022,Zoe  Brown,Other,Corporate,Delhi,DL,54.0,PROD172,8.0,827.07,27.3,4810.24,Puma Football 366,Books,Swimming,Nike,33.7
ORD00077,CUST0672,2022-02-25,2022-03-03,Returned,Upi,Mobile App,10423.03,1993.86,0,Surat,LDN,8429.17,2022-02,2022,Zoe  Brown,Other,Corporate,Delhi,DL,54.0,PROD037,6.0,3033.55,12.0,16017.14,Nike Laptop 575,Sports,Camera,Harpercollins,17.99
ORD00077,CUST0672,2022-02-25,2022-03-03,Returned,Upi,Mobile App,10423.03,1993.86,0,Surat,LDN,8429.17,2022-02,2022,Zoe  Brown,Other,Corporate,Delhi,DL,54.0,PROD043,5.0,495.63,29.5,1747.1,Puma Mobile 944,Clothing,Headphones,Sony,23.91
ORD00079,CUST0215,2022-02-26,2022-03-05,Delivered,Credit Card,In-Store,20936.69,1158.75,199,Bangalore,GJ,19976.94,2022-02,2022,Frank  Shah,Female,Home Office,London,LDN,46.0,,,,,,,,,,
ORD00080,CUST0603,2022-02-27,2022-03-06,Returned,Wallet,Online,21618.75,4357.91,149,Hyderabad,GJ,17409.84,2022-02,2022,Amit Garcia,Other,Corporate,Kolkata,WB,67.0,PROD098,5.0,1022.9,13.8,4408.7,Samsung Science 652,Books,Fiction,Apple,45.81
ORD00080,CUST0603,2022-02-27,2022-03-06,Returned,Wallet,Online,21618.75,4357.91,149,Hyderabad,GJ,17409.84,2022-02,2022,Amit Garcia,Other,Corporate,Kolkata,WB,67.0,PROD170,6.0,2045.53,37.5,7670.74,Adidas Shoes 686,Home & Kitchen,Shoes,Prestige,52.73
ORD00081,CUST0955,2022-02-28,2022-03-03,Delivered,Credit Card,Online,33623.91,406.31,99,Kolkata,NSW,33316.6,2022-02,2022,Peter Johnson,Female,Corporate,London,LDN,58.0,PROD184,10.0,4214.94,7.1,39156.79,Penguin Fiction 673,Home & Kitchen,Comics,Apple,55.75
ORD00082,CUST0151,2022-01-03,2022-03-02,Returned,Debit Card,Online,49683.04,11751.47,49,Jaipur,KA,37980.57,2022-01,2022,Steve  Jones,Other,Corporate,Chennai,TN,60.0,PROD021,6.0,2128.55,36.8,8071.46,Nike Decor 240,Sports,Bedding,Apple,58.93
ORD00082,CUST0151,2022-01-03,2022-03-02,Returned,Debit Card,Online,49683.04,11751.47,49,Jaipur,KA,37980.57,2022-01,2022,Steve  Jones,Other,Corporate,Chennai,TN,60.0,PROD024,7.0,1898.83,32.5,8971.97,Apple History 842,Books,Fiction,Nike,43.62
ORD00084,CUST0738,2022-03-02,2022-03-08,Shipped,Net Banking,In-Store,47185.15,11399.63,49,New York,MH,35834.52,2022-03,2022,Olivia Martin,Other,Consumer,Ahmedabad,GJ,18.0,PROD104,5.0,3916.45,28.5,14001.31,Harpercollins Jeans 435,Electronics,Saree,Nike,50.01
ORD00084,CUST0738,2022-03-02,2022-03-08,Shipped,Net Banking,In-Store,47185.15,11399.63,49,New York,MH,35834.52,2022-03,2022,Olivia Martin,Other,Consumer,Ahmedabad,GJ,18.0,PROD104,7.0,3636.0,37.0,16034.76,Harpercollins Jeans 435,Electronics,Saree,Nike,50.01
ORD00084,CUST0738,2022-03-02,2022-03-08,Shipped,Net Banking,In-Store,47185.15,11399.63,49,New York,MH,35834.52,2022-03,2022,Olivia Martin,Other,Consumer,Ahmedabad,GJ,18.0,PROD037,2.0,1230.86,10.8,2195.85,Nike Laptop 575,Sports,Camera,Harpercollins,17.99
ORD00085,CUST0034,2022-03-03,2022-03-05,Pending,Upi,In-Store,37135.96,14215.54,99,Delhi,GJ,23019.42,2022-03,2022,Diana Moore,Other,Consumer,Mumbai,MH,46.0,PROD135,7.0,800.78,37.6,3497.81,Apple Shoes 165,Sports,Dress,Adidas,31.77
ORD00085,CUST0034,2022-03-03,2022-03-05,Pending,Upi,In-Store,37135.96,14215.54,99,Delhi,GJ,23019.42,2022-03,2022,Diana Moore,Other,Consumer,Mumbai,MH,46.0,PROD001,6.0,878.96,25.3,3939.5,Lg Laptop 149,Home & Kitchen,Smartwatch,Sony,54.08
ORD00086,CUST0138,2022-03-04,2022-03-06,Delivered,Credit Card,Online,47582.08,14779.22,99,Hyderabad,NY,32901.86,2022-03,2022,Henry Smith,Female,Consumer,London,LDN,46.0,PROD036,3.0,3374.88,33.4,6743.01,Apple Headphones 657,Clothing,Laptop,Philips,40.54
ORD00086,CUST0138,2022-03-04,2022-03-06,Delivered,Credit Card,Online,47582.08,14779.22,99,Hyderabad,NY,32901.86,2022-03,2022,Henry Smith,Female,Consumer,London,LDN,46.0,PROD155,10.0,4037.42,18.0,33106.84,Harpercollins Science 802,Electronics,Fiction,Apple,35.5
ORD00086,CUST0138,2022-03-04,2022-03-06,Delivered,Credit Card,Online,47582.08,14779.22,99,Hyderabad,NY,32901.86,2022-03,2022,Henry Smith,Female,Consumer,London,LDN,46.0,PROD200,7.0,993.14,12.6,6076.03,Philips Yoga 695,Clothing,Yoga,Philips,54.73
ORD00087,CUST0358,2022-03-04,2022-03-08,Cancelled,Net Banking,In-Store,16151.28,2908.73,149,Hyderabad,MH,13391.55,2022-03,2022,Rachel Davis,Other,Consumer,Jaipur,RJ,46.0,PROD031,8.0,3461.03,27.7,20018.6,Adidas Non-Fiction 307,Electronics,Self-Help,Prestige,49.23
ORD00088,CUST0542,2022-03-05,2022-03-12,Returned,Cod,Online,25040.59,3395.51,99,Kolkata,KA,21744.08,2022-03,2022,Steve Lee,Male,Consumer,Chennai,TN,54.0,PROD100,5.0,3520.21,29.6,12391.14,Sony History 683,Sports,Comics,Puma,56.77
ORD00088,CUST0542,2022-03-05,2022-03-12,Returned,Cod,Online,25040.59,3395.51,99,Kolkata,KA,21744.08,2022-03,2022,Steve Lee,Male,Consumer,Chennai,TN,54.0,PROD089,9.0,3318.17,13.8,25742.36,Penguin Football 980,Electronics,Football,Nike,31.17
ORD00088,CUST0542,2022-03-05,2022-03-12,Returned,Cod,Online,25040.59,3395.51,99,Kolkata,KA,21744.08,2022-03,2022,Steve Lee,Male,Consumer,Chennai,TN,54.0,PROD126,9.0,771.98,1.0,6878.34,Reebok Cricket 811,Electronics,Cycling,Philips,41.97
ORD00089,CUST0855,2022-03-06,2022-03-12,Delivered,Cod,In-Store,29376.16,10136.6,49,Sydney,ON,19288.56,2022-03,2022,Leo Miller,Other,Home Office,Pune,MH,46.0,PROD170,7.0,1987.47,27.1,10142.06,Adidas Shoes 686,Home & Kitchen,Shoes,Prestige,52.73
ORD00090,CUST0985,2022-03-07,2022-03-14,Delivered,Wallet,In-Store,7443.41,538.69,49,Surat,TS,6953.72,2022-03,2022,Iris  Brown,Male,Corporate,Hyderabad,TS,46.0,,,,,,,,,,
ORD00091,CUST0355,2022-03-07,2022-03-08,Shipped,Wallet,Mobile App,6598.87,1923.29,49,Chennai,NSW,4724.58,2022-03,2022,Mia Shah,Female,Home Office,Hyderabad,TS,46.0,,,,,,,,,,
ORD00092,CUST0439,2022-03-08,2022-03-11,Shipped,Credit Card,Mobile App,47190.28,2779.04,0,Toronto,LDN,44411.24,2022-03,2022,Eve Anderson,Male,Corporate,Hyderabad,TS,46.0,PROD020,6.0,2639.2,26.2,11686.38,Apple Jacket 787,Electronics,T-Shirt,Adidas,17.13
ORD00092,CUST0439,2022-03-08,2022-03-11,Shipped,Credit Card,Mobile App,47190.28,2779.04,0,Toronto,LDN,44411.24,2022-03,2022,Eve Anderson,Male,Corporate,Hyderabad,TS,46.0,PROD125,5.0,4658.74,11.0,20731.39,Prestige Self-Help 619,Electronics,Self-Help,Philips,28.66
ORD00092,CUST0439,2022-03-08,2022-03-11,Shipped,Credit Card,Mobile App,47190.28,2779.04,0,Toronto,LDN,44411.24,2022-03,2022,Eve Anderson,Male,Corporate,Hyderabad,TS,46.0,PROD117,3.0,3712.14,8.5,10189.82,Philips Shoes 833,Home & Kitchen,Jacket,Penguin,53.82
ORD00093,CUST0340,2022-09-03,2022-03-12,Shipped,Credit Card,In-Store,23292.95,3456.6,149,Surat,MH,19985.35,2022-09,2022,Bob Thomas,Female,Consumer,Surat,GJ,46.0,PROD062,2.0,1620.38,27.8,2339.83,Samsung Cycling 783,Home & Kitchen,Football,Adidas,26.61
ORD00093,CUST0340,2022-09-03,2022-03-12,Shipped,Credit Card,In-Store,23292.95,3456.6,149,Surat,MH,19985.35,2022-09,2022,Bob Thomas,Female,Consumer,Surat,GJ,46.0,PROD058,9.0,1571.78,2.6,13778.22,Prestige Science 951,Books,Fiction,Harpercollins,47.27
ORD00093,CUST0340,2022-09-03,2022-03-12,Shipped,Credit Card,In-Store,23292.95,3456.6,149,Surat,MH,19985.35,2022-09,2022,Bob Thomas,Female,Consumer,Surat,GJ,46.0,PROD027,5.0,1727.65,2.9,8387.74,Harpercollins Saree 716,Home & Kitchen,Saree,Apple,18.1
ORD00094,CUST0777,2022-03-09,2022-03-12,Delivered,Upi,Online,24641.81,4168.75,0,Surat,MH,20473.06,2022-03,2022,Sneha  Garcia,Female,Consumer,London,LDN,55.0,PROD106,6.0,2856.96,28.9,12187.79,Samsung Self-Help 140,Books,Non-Fiction,Apple,48.39
ORD00094,CUST0777,2022-03-09,2022-03-12,Delivered,Upi,Online,24641.81,4168.75,0,Surat,MH,20473.06,2022-03,2022,Sneha  Garcia,Female,Consumer,London,LDN,55.0,PROD045,5.0,4705.47,7.8,21692.22,Nike Headphones 607,Home & Kitchen,Laptop,Reebok,11.65
ORD00095,CUST0810,2022-03-10,2022-03-16,Pending,Debit Card,In-Store,44163.74,6570.66,99,London,TN,37692.08,2022-03,2022,Rahul  Anderson,Female,Consumer,Surat,GJ,46.0,PROD033,7.0,2275.58,14.2,13667.13,Nike Furniture 421,Sports,Appliances,Nike,54.4
ORD00096,CUST0220,2022-03-11,2022-03-18,Delivered,Cod,Online,28898.51,2689.75,99,Pune,NSW,26307.76,2022-03,2022,Jack Anderson,Female,Consumer,Bangalore,KA,46.0,PROD042,2.0,1853.94,22.6,2869.9,Apple Furniture 868,Books,Appliances,Apple,59.18
ORD00097,CUST0246,2022-03-12,2022-03-16,Delivered,Cod,Mobile App,21299.08,4929.33,49,Chennai,TN,16418.75,2022-03,2022,Peter Smith,Other,Corporate,Mumbai,MH,49.0,PROD193,5.0,730.07,9.9,3288.97,Adidas Yoga 743,Electronics,Running,Philips,46.63
ORD00097,CUST0246,2022-03-12,2022-03-16,Delivered,Cod,Mobile App,21299.08,4929.33,49,Chennai,TN,16418.75,2022-03,2022,Peter Smith,Other,Corporate,Mumbai,MH,49.0,PROD176,2.0,1872.39,1.3,3696.1,Nike Jacket 282,Electronics,Shoes,Puma,11.71
ORD00097,CUST0246,2022-03-12,2022-03-16,Delivered,Cod,Mobile App,21299.08,4929.33,49,Chennai,TN,16418.75,2022-03,2022,Peter Smith,Other,Corporate,Mumbai,MH,49.0,PROD014,8.0,1197.48,6.0,9005.05,Sony Science 117,Electronics,Science,Reebok,39.2
ORD00098,CUST0790,2022-12-03,2022-03-14,Cancelled,Upi,Online,9440.3,3392.8,149,Delhi,LDN,6196.5,2022-12,2022,Sneha  Miller,Other,Consumer,Kolkata,WB,46.0,PROD080,8.0,946.14,35.8,4859.38,Samsung Dress 334,Sports,Shoes,Apple,33.19
ORD00098,CUST0790,2022-12-03,2022-03-14,Cancelled,Upi,Online,9440.3,3392.8,149,Delhi,LDN,6196.5,2022-12,2022,Sneha  Miller,Other,Consumer,Kolkata,WB,46.0,PROD141,3.0,4109.97,22.2,9592.67,Penguin Jacket 835,Clothing,Jacket,Prestige,56.67
ORD00098,CUST0790,2022-12-03,2022-03-14,Cancelled,Upi,Online,9440.3,3392.8,149,Delhi,LDN,6196.5,2022-12,2022,Sneha  Miller,Other,Consumer,Kolkata,WB,46.0,PROD003,4.0,3228.98,35.1,8382.43,Samsung Camera 763,Electronics,Mobile,Nike,43.08
ORD00099,CUST0481,2022-03-13,2022-03-18,Shipped,Credit Card,Online,39756.2,221.27,99,Toronto,MH,39633.93,2022-03,2022,Jack Patel,Other,Home Office,Hyderabad,TS,51.0,PROD046,10.0,3250.49,9.2,29514.45,Penguin Camera 453,Clothing,Headphones,Sony,56.85
ORD00099,CUST0481,2022-03-13,2022-03-18,Shipped,Credit Card,Online,39756.2,221.27,99,Toronto,MH,39633.93,2022-03,2022,Jack Patel,Other,Home Office,Hyderabad,TS,51.0,PROD122,8.0,767.62,2.7,5975.15,Penguin Camera 744,Clothing,Mobile,Adidas,52.36
ORD00100,CUST0721,2022-03-14,2022-03-15,Pending,Wallet,Mobile App,24823.24,768.85,149,Pune,ON,24203.39,2022-03,2022,Grace Taylor,Other,Corporate,Surat,GJ,46.0,,,,,,,,,,
ORD00101,CUST0489,2022-03-15,2022-03-22,Pending,Credit Card,In-Store,22583.79,7981.46,0,Pune,MH,14602.33,2022-03,2022,Jack Brown,Female,Consumer,Kolkata,WB,46.0,PROD176,9.0,3572.57,33.6,21349.68,Nike Jacket 282,Electronics,Shoes,Puma,11.71
ORD00101,CUST0489,2022-03-15,2022-03-22,Pending,Credit Card,In-Store,22583.79,7981.46,0,Pune,MH,14602.33,2022-03,2022,Jack Brown,Female,Consumer,Kolkata,WB,46.0,PROD089,6.0,2666.56,34.6,10463.58,Penguin Football 980,Electronics,Football,Nike,31.17
ORD00101,CUST0489,2022-03-15,2022-03-22,Pending,Credit Card,In-Store,22583.79,7981.46,0,Pune,MH,14602.33,2022-03,2022,Jack Brown,Female,Consumer,Kolkata,WB,46.0,PROD033,7.0,2176.69,9.8,13743.62,Nike Furniture 421,Sports,Appliances,Nike,54.4
ORD00101,CUST0489,2022-03-15,2022-03-22,Pending,Credit Card,In-Store,22583.79,7981.46,0,Pune,MH,14602.33,2022-03,2022,Jack Brown,Female,Consumer,Kolkata,WB,46.0,PROD141,2.0,4256.46,34.7,5558.94,Penguin Jacket 835,Clothing,Jacket,Prestige,56.67
ORD00102,CUST0494,2022-03-15,2022-03-18,Pending,Upi,Online,4111.21,1519.26,149,Toronto,NSW,2740.95,2022-03,2022,Wendy Davis,Male,Home Office,Mumbai,MH,67.0,PROD005,5.0,2374.44,19.5,9557.12,Prestige Decor 174,Electronics,Bedding,Prestige,48.78
ORD00102,CUST0494,2022-03-15,2022-03-18,Pending,Upi,Online,4111.21,1519.26,149,Toronto,NSW,2740.95,2022-03,2022,Wendy Davis,Male,Home Office,Mumbai,MH,67.0,PROD110,10.0,2814.01,23.6,21499.04,Harpercollins Shoes 395,Books,Jeans,Reebok,40.0
ORD00102,CUST0494,2022-03-15,2022-03-18,Pending,Upi,Online,4111.21,1519.26,149,Toronto,NSW,2740.95,2022-03,2022,Wendy Davis,Male,Home Office,Mumbai,MH,67.0,PROD178,1.0,4941.62,12.8,4309.09,Nike Camera 275,Sports,Camera,Samsung,44.67
ORD00102,CUST0494,2022-03-15,2022-03-18,Pending,Upi,Online,4111.21,1519.26,149,Toronto,NSW,2740.95,2022-03,2022,Wendy Davis,Male,Home Office,Mumbai,MH,67.0,PROD124,9.0,1249.13,6.7,10488.94,Sony Science 562,Electronics,Self-Help,Harpercollins,42.34
ORD00102,CUST0494,2022-03-15,2022-03-18,Pending,Upi,Online,4111.21,1519.26,149,Toronto,NSW,2740.95,2022-03,2022,Wendy Davis,Male,Home Office,Mumbai,MH,67.0,PROD129,6.0,2259.5,22.4,10520.23,Nike Decor 511,Home & Kitchen,Decor,Sony,54.86
ORD00103,CUST0814,2022-03-16,2022-03-19,Cancelled,Upi,In-Store,17187.42,74.11,0,Kolkata,DL,17113.31,2022-03,2022,Charlie  Garcia,Other,Corporate,Surat,GJ,46.0,PROD070,8.0,1765.86,25.7,10496.27,Nike Lighting 275,Clothing,Cookware,Puma,51.4
ORD00104,CUST0248,2022-03-17,2022-03-20,Cancelled,Wallet,Mobile App,9319.01,3113.04,49,Kolkata,MH,6254.97,2022-03,2022,Yara  Anderson,Female,Consumer,Kolkata,WB,46.0,PROD002,10.0,1955.48,11.0,17403.77,Apple History 640,Sports,History,Adidas,48.12
ORD00105,CUST0019,2022-03-17,2022-03-20,Cancelled,Upi,In-Store,28920.85,9865.61,149,Hyderabad,LDN,19204.24,2022-03,2022,Bob Jones,Other,Consumer,Hyderabad,TS,46.0,,,,,,,,,,
ORD00107,CUST0205,2022-03-19,2022-03-26,Shipped,Upi,Mobile App,1722.31,273.98,99,Bangalore,NSW,1547.33,2022-03,2022,Pooja  Taylor,Female,Corporate,Bangalore,KA,26.0,PROD003,5.0,502.47,11.7,2218.41,Samsung Camera 763,Electronics,Mobile,Nike,43.08
ORD00107,CUST0205,2022-03-19,2022-03-26,Shipped,Upi,Mobile App,1722.31,273.98,99,Bangalore,NSW,1547.33,2022-03,2022,Pooja  Taylor,Female,Corporate,Bangalore,KA,26.0,PROD176,4.0,1237.27,16.1,4152.28,Nike Jacket 282,Electronics,Shoes,Puma,11.71
ORD00108,CUST0102,2022-03-20,2022-03-22,Delivered,Upi,Online,17554.72,5115.64,199,Chennai,ON,12638.08,2022-03,2022,Priya Garcia,Other,Consumer,Hyderabad,TS,25.0,PROD108,6.0,1339.73,11.8,7089.85,Samsung Saree 374,Electronics,Jacket,Philips,52.83
ORD00109,CUST0388,2022-03-20,2022-03-26,Cancelled,Net Banking,In-Store,11027.29,2667.33,49,Surat,ON,8408.96,2022-03,2022,Rachel Moore,Female,Consumer,Toronto,ON,37.0,PROD119,6.0,2043.9,25.9,9087.18,Sony Appliances 233,Clothing,Appliances,Reebok,12.98
ORD00109,CUST0388,2022-03-20,2022-03-26,Cancelled,Net Banking,In-Store,11027.29,2667.33,49,Surat,ON,8408.96,2022-03,2022,Rachel Moore,Female,Consumer,Toronto,ON,37.0,PROD093,4.0,1307.93,15.0,4446.96,Prestige Furniture 284,Electronics,Bedding,Samsung,9.26
ORD00109,CUST0388,2022-03-20,2022-03-26,Cancelled,Net Banking,In-Store,11027.29,2667.33,49,Surat,ON,8408.96,2022-03,2022,Rachel Moore,Female,Consumer,Toronto,ON,37.0,PROD004,8.0,1632.1,9.6,11803.35,Sony Cookware 400,Clothing,Furniture,Puma,43.32
ORD00109,CUST0388,2022-03-20,2022-03-26,Cancelled,Net Banking,In-Store,11027.29,2667.33,49,Surat,ON,8408.96,2022-03,2022,Rachel Moore,Female,Consumer,Toronto,ON,37.0,PROD190,8.0,678.01,25.0,4068.06,Samsung Jacket 891,Home & Kitchen,Dress,Samsung,56.46
ORD00110,CUST0508,2022-03-21,2022-03-28,Shipped,Debit Card,In-Store,37929.72,2733.71,0,Hyderabad,GJ,35196.01,2022-03,2022,Karen Moore,Female,Corporate,Hyderabad,TS,38.0,PROD146,9.0,336.53,32.1,2056.53,Samsung Comics 644,Books,Comics,Samsung,20.71
ORD00111,CUST0705,2022-03-22,2022-03-28,Pending,Credit Card,Online,41130.1,3655.79,0,Mumbai,LDN,37474.31,2022-03,2022,Zoe White,Other,Home Office,Sydney,NSW,46.0,PROD119,9.0,1348.03,33.1,8116.49,Sony Appliances 233,Clothing,Appliances,Reebok,12.98
ORD00111,CUST0705,2022-03-22,2022-03-28,Pending,Credit Card,Online,41130.1,3655.79,0,Mumbai,LDN,37474.31,2022-03,2022,Zoe White,Other,Home Office,Sydney,NSW,46.0,PROD065,8.0,1976.49,20.1,12633.72,Nike Running 194,Books,Swimming,Reebok,30.97
ORD00111,CUST0705,2022-03-22,2022-03-28,Pending,Credit Card,Online,41130.1,3655.79,0,Mumbai,LDN,37474.31,2022-03,2022,Zoe White,Other,Home Office,Sydney,NSW,46.0,PROD166,1.0,4210.64,10.7,3760.1,Prestige Non-Fiction 799,Books,Non-Fiction,Lg,32.2
ORD00112,CUST0571,2022-03-23,2022-03-28,Returned,Net Banking,In-Store,40873.5,972.78,149,Bangalore,NSW,40049.72,2022-03,2022,Iris Taylor,Male,Consumer,Ahmedabad,GJ,52.0,PROD154,8.0,1244.54,3.5,9607.85,Puma Jacket 845,Books,Jeans,Apple,30.08
ORD00113,CUST0493,2022-03-23,2022-03-27,Cancelled,Debit Card,Mobile App,32329.49,10656.61,149,New York,GJ,21821.88,2022-03,2022,Priya  Martin,Female,Home Office,Mumbai,MH,46.0,PROD187,9.0,4251.08,9.0,34816.35,Reebok Decor 369,Sports,Bedding,Philips,54.59
ORD00114,CUST0111,2022-03-24,2022-03-31,Returned,Credit Card,Mobile App,15255.75,5963.35,199,Kolkata,KA,9491.4,2022-03,2022,Quinn  Martin,Male,Consumer,Bangalore,KA,46.0,PROD136,4.0,2405.24,29.7,6763.53,Philips Appliances 779,Sports,Furniture,Penguin,44.03
ORD00114,CUST0111,2022-03-24,2022-03-31,Returned,Credit Card,Mobile App,15255.75,5963.35,199,Kolkata,KA,9491.4,2022-03,2022,Quinn  Martin,Male,Consumer,Bangalore,KA,46.0,PROD163,4.0,3154.53,2.6,12290.05,Puma Furniture 243,Clothing,Cookware,Penguin,49.39
ORD00114,CUST0111,2022-03-24,2022-03-31,Returned,Credit Card,Mobile App,15255.75,5963.35,199,Kolkata,KA,9491.4,2022-03,2022,Quinn  Martin,Male,Consumer,Bangalore,KA,46.0,PROD120,6.0,2111.6,37.6,7905.83,Sony Shoes 445,Electronics,Saree,Nike,17.95
ORD00115,CUST0607,2022-03-25,2022-03-28,Delivered,Credit Card,Mobile App,31367.43,4687.98,149,Toronto,TS,26828.45,2022-03,2022,Nick Wilson,Female,Consumer,Toronto,ON,54.0,PROD166,2.0,2480.51,27.4,3601.7,Prestige Non-Fiction 799,Books,Non-Fiction,Lg,32.2
ORD00116,CUST0802,2022-03-26,2022-04-01,Cancelled,Net Banking,In-Store,27351.97,3297.04,0,Toronto,ON,24054.93,2022-03,2022,Pooja Harris,Female,Home Office,Jaipur,RJ,55.0,PROD136,7.0,320.06,9.0,2038.78,Philips Appliances 779,Sports,Furniture,Penguin,44.03
ORD00116,CUST0802,2022-03-26,2022-04-01,Cancelled,Net Banking,In-Store,27351.97,3297.04,0,Toronto,ON,24054.93,2022-03,2022,Pooja Harris,Female,Home Office,Jaipur,RJ,55.0,PROD100,5.0,4155.72,38.8,12716.5,Sony History 683,Sports,Comics,Puma,56.77
ORD00117,CUST0165,2022-03-26,2022-03-27,Delivered,Upi,Online,18233.06,3010.52,0,Surat,GJ,15222.54,2022-03,2022,Yara Wilson,Female,Consumer,Chennai,TN,46.0,,,,,,,,,,
ORD00118,CUST0860,2022-03-27,2022-04-01,Returned,Cod,Online,33288.86,12281.81,199,Toronto,ON,21206.05,2022-03,2022,Diana Jackson,Male,Corporate,Bangalore,KA,38.0,PROD144,4.0,2775.8,22.6,8593.88,Penguin Camera 300,Sports,Mobile,Samsung,50.16
ORD00119,CUST0426,2022-03-28,2022-03-31,Delivered,Debit Card,Mobile App,29791.59,1977.02,0,Mumbai,KA,27814.57,2022-03,2022,Henry  Patel,Male,Home Office,New York,NY,46.0,PROD078,8.0,3627.54,38.0,17992.6,Penguin Football 656,Books,Yoga,Nike,24.36
ORD00120,CUST0111,2022-03-28,2022-03-31,Cancelled,Debit Card,Mobile App,47230.37,16665.08,49,Sydney,MH,30614.29,2022-03,2022,Quinn  Martin,Male,Consumer,Bangalore,KA,46.0,PROD150,8.0,1834.93,19.6,11802.27,Samsung Furniture 477,Books,Decor,Samsung,54.62
ORD00120,CUST0111,2022-03-28,2022-03-31,Cancelled,Debit Card,Mobile App,47230.37,16665.08,49,Sydney,MH,30614.29,2022-03,2022,Quinn  Martin,Male,Consumer,Bangalore,KA,46.0,PROD062,4.0,1133.72,25.5,3378.49,Samsung Cycling 783,Home & Kitchen,Football,Adidas,26.61
ORD00121,CUST0381,2022-03-29,2022-04-01,Cancelled,Credit Card,In-Store,27156.47,9926.99,199,Jaipur,TS,17428.48,2022-03,2022,Henry Brown,Other,Home Office,Mumbai,MH,46.0,,,,,,,,,,
ORD00122,CUST0290,2022-03-30,2022-04-04,Delivered,Wallet,Online,17489.95,1346.23,49,Surat,KA,16192.72,2022-03,2022,Charlie Shah,Other,Consumer,Sydney,NSW,46.0,PROD009,6.0,1488.52,25.4,6662.62,Prestige Decor 300,Clothing,Bedding,Apple,14.3
ORD00122,CUST0290,2022-03-30,2022-04-04,Delivered,Wallet,Online,17489.95,1346.23,49,Surat,KA,16192.72,2022-03,2022,Charlie Shah,Other,Consumer,Sydney,NSW,46.0,PROD103,6.0,3449.16,17.1,17156.12,Nike Furniture 174,Clothing,Appliances,Nike,31.46
ORD00122,CUST0290,2022-03-30,2022-04-04,Delivered,Wallet,Online,17489.95,1346.23,49,Surat,KA,16192.72,2022-03,2022,Charlie Shah,Other,Consumer,Sydney,NSW,46.0,PROD157,3.0,874.54,10.5,2348.14,Samsung Comics 227,Electronics,Fiction,Samsung,49.37
ORD00122,CUST0290,2022-03-30,2022-04-04,Delivered,Wallet,Online,17489.95,1346.23,49,Surat,KA,16192.72,2022-03,2022,Charlie Shah,Other,Consumer,Sydney,NSW,46.0,PROD134,9.0,4259.95,21.8,29981.53,Sony History 898,Clothing,Fiction,Lg,46.08
ORD00123,CUST0561,2022-03-31,2022-04-03,Returned,Upi,In-Store,12309.46,331.05,49,Toronto,WB,12027.41,2022-03,2022,Tina Moore,Female,Corporate,Delhi,DL,32.0,PROD177,3.0,1882.5,13.5,4885.09,Nike Bedding 498,Sports,Decor,Nike,32.96
ORD00123,CUST0561,2022-03-31,2022-04-03,Returned,Upi,In-Store,12309.46,331.05,49,Toronto,WB,12027.41,2022-03,2022,Tina Moore,Female,Corporate,Delhi,DL,32.0,PROD013,9.0,612.38,33.3,3676.12,Lg Mobile 752,Clothing,Smartwatch,Apple,46.62
ORD00123,CUST0561,2022-03-31,2022-04-03,Returned,Upi,In-Store,12309.46,331.05,49,Toronto,WB,12027.41,2022-03,2022,Tina Moore,Female,Corporate,Delhi,DL,32.0,PROD109,2.0,3634.69,4.6,6934.99,Adidas Lighting 738,Electronics,Bedding,Samsung,54.83
ORD00124,CUST0493,2022-03-31,2022-04-06,Pending,Credit Card,Mobile App,40287.5,5544.41,0,Kolkata,MH,34743.09,2022-03,2022,Priya  Martin,Female,Home Office,Mumbai,MH,46.0,PROD036,3.0,3590.52,38.7,6602.97,Apple Headphones 657,Clothing,Laptop,Philips,40.54
ORD00124,CUST0493,2022-03-31,2022-04-06,Pending,Credit Card,Mobile App,40287.5,5544.41,0,Kolkata,MH,34743.09,2022-03,2022,Priya  Martin,Female,Home Office,Mumbai,MH,46.0,PROD118,9.0,2732.11,29.9,17236.88,Philips Tablet 619,Books,Camera,Samsung,55.89
ORD00125,CUST0690,2022-04-01,2022-04-05,Shipped,Net Banking,Mobile App,11389.48,1538.24,99,Hyderabad,TS,9950.24,2022-04,2022,Nick Martin,Male,Consumer,Hyderabad,TS,46.0,,,,,,,,,,
ORD00126,CUST0158,2022-04-02,2022-04-05,Cancelled,Wallet,In-Store,1766.17,604.25,199,Toronto,DL,1360.92,2022-04,2022,Eve Lee,Other,Home Office,Delhi,DL,26.0,PROD105,1.0,3469.37,0.8,3441.62,Harpercollins History 567,Electronics,History,Samsung,58.21
ORD00127,CUST0013,2022-03-04,2022-04-10,Shipped,Wallet,In-Store,28057.08,7801.47,49,Surat,WB,20304.61,2022-03,2022,Iris Harris,Female,Corporate,Pune,MH,46.0,PROD183,4.0,1984.59,100.0,0.0,Apple Non-Fiction 981,Clothing,Comics,Philips,58.04
ORD00127,CUST0013,2022-03-04,2022-04-10,Shipped,Wallet,In-Store,28057.08,7801.47,49,Surat,WB,20304.61,2022-03,2022,Iris Harris,Female,Corporate,Pune,MH,46.0,PROD104,3.0,4116.06,37.1,7767.01,Harpercollins Jeans 435,Electronics,Saree,Nike,50.01
ORD00128,CUST0873,2022-03-04,2022-04-05,Shipped,Credit Card,In-Store,12355.6,4325.19,99,Kolkata,LDN,8129.41,2022-03,2022,Mia Harris,Other,Consumer,Ahmedabad,GJ,46.0,,,,,,,,,,
ORD00129,CUST0106,2022-04-04,2022-04-07,Returned,Net Banking,In-Store,8244.25,0.0,0,Kolkata,ON,8244.25,2022-04,2022,Rahul Patel,Male,Corporate,Toronto,ON,69.0,PROD025,9.0,646.33,37.5,3635.61,Prestige Jacket 493,Home & Kitchen,Shoes,Nike,18.62
ORD00129,CUST0106,2022-04-04,2022-04-07,Returned,Net Banking,In-Store,8244.25,0.0,0,Kolkata,ON,8244.25,2022-04,2022,Rahul Patel,Male,Corporate,Toronto,ON,69.0,PROD157,10.0,322.96,21.0,2551.38,Samsung Comics 227,Electronics,Fiction,Samsung,49.37
ORD00130,CUST0148,2022-05-04,2022-04-12,Pending,Credit Card,In-Store,37356.39,8044.56,49,Kolkata,NY,29360.83,2022-05,2022,Arjun Garcia,Male,Consumer,Jaipur,RJ,46.0,PROD016,6.0,1807.68,21.6,8503.33,Reebok Decor 388,Home & Kitchen,Furniture,Lg,43.56
ORD00131,CUST0269,2022-04-05,2022-04-08,Pending,Credit Card,Mobile App,39454.14,11878.2,0,New York,RJ,27575.94,2022-04,2022,Nick Martin,Other,Corporate,Chennai,TN,31.0,PROD037,1.0,4305.5,30.3,3000.93,Nike Laptop 575,Sports,Camera,Harpercollins,17.99
ORD00131,CUST0269,2022-04-05,2022-04-08,Pending,Credit Card,Mobile App,39454.14,11878.2,0,New York,RJ,27575.94,2022-04,2022,Nick Martin,Other,Corporate,Chennai,TN,31.0,PROD158,1.0,1966.69,7.7,1815.25,Nike Yoga 654,Home & Kitchen,Football,Samsung,56.49
ORD00131,CUST0269,2022-04-05,2022-04-08,Pending,Credit Card,Mobile App,39454.14,11878.2,0,New York,RJ,27575.94,2022-04,2022,Nick Martin,Other,Corporate,Chennai,TN,31.0,PROD088,9.0,2118.66,36.1,12184.41,Reebok Furniture 514,Home & Kitchen,Appliances,Prestige,15.84
ORD00132,CUST0681,2022-04-06,2022-04-10,Returned,Credit Card,Online,22272.12,2969.67,199,Toronto,GJ,19501.45,2022-04,2022,Olivia Thompson,Female,Consumer,Hyderabad,TS,19.0,PROD037,4.0,4711.22,39.6,11382.31,Nike Laptop 575,Sports,Camera,Harpercollins,17.99
ORD00132,CUST0681,2022-04-06,2022-04-10,Returned,Credit Card,Online,22272.12,2969.67,199,Toronto,GJ,19501.45,2022-04,2022,Olivia Thompson,Female,Consumer,Hyderabad,TS,19.0,PROD002,1.0,3744.09,38.6,2298.87,Apple History 640,Sports,History,Adidas,48.12
ORD00133,CUST0059,2022-04-07,2022-04-12,Cancelled,Upi,Mobile App,30625.25,7531.22,0,Jaipur,NY,23094.03,2022-04,2022,Frank  Moore,Female,Home Office,Hyderabad,TS,18.0,PROD019,9.0,538.64,9.4,4392.07,Philips Cycling 881,Books,Swimming,Nike,33.52
ORD00134,CUST0142,2022-04-08,2022-04-11,Delivered,Credit Card,In-Store,24871.01,1970.66,149,Delhi,TN,23049.35,2022-04,2022,Tina Martin,Male,Consumer,Hyderabad,TS,45.0,PROD060,6.0,3650.73,19.9,17545.41,Penguin Laptop 245,Home & Kitchen,Mobile,Reebok,56.7
ORD00134,CUST0142,2022-04-08,2022-04-11,Delivered,Credit Card,In-Store,24871.01,1970.66,149,Delhi,TN,23049.35,2022-04,2022,Tina Martin,Male,Consumer,Hyderabad,TS,45.0,PROD122,3.0,2289.75,10.0,6182.32,Penguin Camera 744,Clothing,Mobile,Adidas,52.36
ORD00135,CUST0977,2022-04-08,2022-04-11,Delivered,Credit Card,Mobile App,13964.97,366.25,0,Delhi,GJ,13598.72,2022-04,2022,Alice Brown,Male,Corporate,Surat,GJ,27.0,,,,,,,,,,
ORD00136,CUST0384,2022-09-04,2022-04-12,Returned,Wallet,Mobile App,43361.51,11116.46,199,New York,KA,32444.05,2022-09,2022,Xander  Harris,Female,Consumer,Hyderabad,TS,28.0,PROD071,10.0,4236.22,3.0,41091.33,Harpercollins Camera 448,Electronics,Smartwatch,Samsung,47.49
ORD00136,CUST0384,2022-09-04,2022-04-12,Returned,Wallet,Mobile App,43361.51,11116.46,199,New York,KA,32444.05,2022-09,2022,Xander  Harris,Female,Consumer,Hyderabad,TS,28.0,PROD004,7.0,2321.16,5.3,15386.97,Sony Cookware 400,Clothing,Furniture,Puma,43.32
ORD00136,CUST0384,2022-09-04,2022-04-12,Returned,Wallet,Mobile App,43361.51,11116.46,199,New York,KA,32444.05,2022-09,2022,Xander  Harris,Female,Consumer,Hyderabad,TS,28.0,PROD190,6.0,3146.94,34.4,12386.36,Samsung Jacket 891,Home & Kitchen,Dress,Samsung,56.46
ORD00137,CUST0979,2022-04-10,2022-04-11,Delivered,Wallet,Mobile App,31144.49,9926.74,199,Jaipur,GJ,21416.75,2022-04,2022,Pooja Garcia,Other,Corporate,Hyderabad,TS,64.0,PROD005,2.0,2593.77,2.4,5063.04,Prestige Decor 174,Electronics,Bedding,Prestige,48.78
ORD00138,CUST0838,2022-04-11,2022-04-18,Returned,Wallet,Mobile App,3893.07,356.73,149,Bangalore,NSW,3685.34,2022-04,2022,Amit Anderson,Other,Corporate,Delhi,DL,53.0,PROD190,7.0,4289.06,1.1,29693.16,Samsung Jacket 891,Home & Kitchen,Dress,Samsung,56.46
ORD00138,CUST0838,2022-04-11,2022-04-18,Returned,Wallet,Mobile App,3893.07,356.73,149,Bangalore,NSW,3685.34,2022-04,2022,Amit Anderson,Other,Corporate,Delhi,DL,53.0,PROD056,10.0,1449.3,0.0,14493.0,Sony Tablet 154,Sports,Camera,Nike,46.2
ORD00138,CUST0838,2022-04-11,2022-04-18,Returned,Wallet,Mobile App,3893.07,356.73,149,Bangalore,NSW,3685.34,2022-04,2022,Amit Anderson,Other,Corporate,Delhi,DL,53.0,PROD132,6.0,818.11,38.9,2999.19,Prestige Football 126,Home & Kitchen,Cricket,Puma,26.02
ORD00138,CUST0838,2022-04-11,2022-04-18,Returned,Wallet,Mobile App,3893.07,356.73,149,Bangalore,NSW,3685.34,2022-04,2022,Amit Anderson,Other,Corporate,Delhi,DL,53.0,PROD183,1.0,2057.66,12.3,1804.57,Apple Non-Fiction 981,Clothing,Comics,Philips,58.04
ORD00139,CUST0298,2022-04-11,2022-04-14,Pending,Cod,In-Store,6492.63,1099.99,99,Sydney,WB,5491.64,2022-04,2022,Rachel  Wilson,Female,Consumer,Pune,MH,46.0,PROD115,9.0,3141.01,0.0,28269.09,Philips Running 335,Home & Kitchen,Yoga,Philips,15.67
ORD00139,CUST0298,2022-04-11,2022-04-14,Pending,Cod,In-Store,6492.63,1099.99,99,Sydney,WB,5491.64,2022-04,2022,Rachel  Wilson,Female,Consumer,Pune,MH,46.0,PROD122,4.0,2854.27,34.3,7501.02,Penguin Camera 744,Clothing,Mobile,Adidas,52.36
ORD00140,CUST0346,2022-12-04,2022-04-17,Delivered,Credit Card,In-Store,42667.05,10744.51,149,Bangalore,ON,32071.54,2022-12,2022,Olivia  Thompson,Other,Home Office,Sydney,NSW,46.0,PROD171,9.0,3454.64,5.3,29443.9,Nike Cricket 448,Clothing,Cycling,Lg,54.33
ORD00140,CUST0346,2022-12-04,2022-04-17,Delivered,Credit Card,In-Store,42667.05,10744.51,149,Bangalore,ON,32071.54,2022-12,2022,Olivia  Thompson,Other,Home Office,Sydney,NSW,46.0,PROD088,4.0,1358.8,20.4,4326.42,Reebok Furniture 514,Home & Kitchen,Appliances,Prestige,15.84
ORD00141,CUST0329,2022-04-13,2022-04-20,Delivered,Wallet,Mobile App,45294.74,12704.62,199,Surat,LDN,32789.12,2022-04,2022,Wendy Williams,Female,Home Office,Kolkata,WB,19.0,PROD032,2.0,4642.87,32.9,6230.73,Reebok Football 191,Electronics,Football,Harpercollins,59.46
ORD00141,CUST0329,2022-04-13,2022-04-20,Delivered,Wallet,Mobile App,45294.74,12704.62,199,Surat,LDN,32789.12,2022-04,2022,Wendy Williams,Female,Home Office,Kolkata,WB,19.0,PROD085,6.0,2626.01,15.6,13298.11,Puma Saree 221,Home & Kitchen,Dress,Puma,59.7
ORD00142,CUST0025,2022-04-13,2022-04-19,Delivered,Credit Card,Mobile App,38345.98,405.7,199,Toronto,ON,38139.28,2022-04,2022,Victor Moore,Other,Home Office,Mumbai,MH,46.0,PROD135,4.0,335.54,16.8,1116.68,Apple Shoes 165,Sports,Dress,Adidas,31.77
ORD00142,CUST0025,2022-04-13,2022-04-19,Delivered,Credit Card,Mobile App,38345.98,405.7,199,Toronto,ON,38139.28,2022-04,2022,Victor Moore,Other,Home Office,Mumbai,MH,46.0,PROD127,10.0,3027.18,26.2,22340.59,Prestige Jacket 193,Books,T-Shirt,Adidas,54.91
ORD00143,CUST0674,2022-04-14,2022-04-20,Returned,Credit Card,In-Store,43980.04,15874.78,99,Toronto,LDN,28204.26,2022-04,2022,Amit Garcia,Other,Corporate,Mumbai,MH,31.0,PROD072,6.0,2458.73,23.9,11226.56,Philips History 903,Electronics,History,Prestige,10.66
ORD00143,CUST0674,2022-04-14,2022-04-20,Returned,Credit Card,In-Store,43980.04,15874.78,99,Toronto,LDN,28204.26,2022-04,2022,Amit Garcia,Other,Corporate,Mumbai,MH,31.0,PROD159,8.0,3795.76,100.0,0.0,Nike Saree 450,Books,Dress,Penguin,11.02
ORD00144,CUST0060,2022-04-15,2022-04-20,Shipped,Wallet,Mobile App,9633.49,2717.22,0,Bangalore,LDN,6916.27,2022-04,2022,Tina Patel,Other,Home Office,London,LDN,69.0,PROD173,6.0,3808.26,35.4,14760.82,Apple Appliances 796,Home & Kitchen,Appliances,Nike,53.5
ORD00144,CUST0060,2022-04-15,2022-04-20,Shipped,Wallet,Mobile App,9633.49,2717.22,0,Bangalore,LDN,6916.27,2022-04,2022,Tina Patel,Other,Home Office,London,LDN,69.0,PROD135,1.0,935.24,2.2,914.66,Apple Shoes 165,Sports,Dress,Adidas,31.77
ORD00144,CUST0060,2022-04-15,2022-04-20,Shipped,Wallet,Mobile App,9633.49,2717.22,0,Bangalore,LDN,6916.27,2022-04,2022,Tina Patel,Other,Home Office,London,LDN,69.0,PROD188,8.0,3709.47,21.5,23295.47,Puma Swimming 432,Books,Running,Puma,48.2
ORD00144,CUST0060,2022-04-15,2022-04-20,Shipped,Wallet,Mobile App,9633.49,2717.22,0,Bangalore,LDN,6916.27,2022-04,2022,Tina Patel,Other,Home Office,London,LDN,69.0,PROD188,2.0,2858.73,0.0,5717.46,Puma Swimming 432,Books,Running,Puma,48.2
ORD00145,CUST0351,2022-04-16,2022-04-20,Pending,Net Banking,Online,16660.06,66.19,0,Chennai,TN,16593.87,2022-04,2022,Rachel Anderson,Female,Home Office,Sydney,NSW,46.0,PROD021,7.0,3669.02,32.4,17361.8,Nike Decor 240,Sports,Bedding,Apple,58.93
ORD00145,CUST0351,2022-04-16,2022-04-20,Pending,Net Banking,Online,16660.06,66.19,0,Chennai,TN,16593.87,2022-04,2022,Rachel Anderson,Female,Home Office,Sydney,NSW,46.0,PROD013,6.0,2971.11,30.9,12318.22,Lg Mobile 752,Clothing,Smartwatch,Apple,46.62
ORD00145,CUST0351,2022-04-16,2022-04-20,Pending,Net Banking,Online,16660.06,66.19,0,Chennai,TN,16593.87,2022-04,2022,Rachel Anderson,Female,Home Office,Sydney,NSW,46.0,PROD143,6.0,2660.15,1.0,15801.29,Apple Mobile 427,Sports,Laptop,Prestige,43.6
ORD00146,CUST0303,2022-04-16,2022-04-22,Delivered,Upi,Online,7064.74,1644.35,0,New York,GJ,5420.39,2022-04,2022,Quinn Shah,Female,Corporate,Hyderabad,TS,46.0,PROD134,7.0,4558.6,28.5,22815.79,Sony History 898,Clothing,Fiction,Lg,46.08
ORD00146,CUST0303,2022-04-16,2022-04-22,Delivered,Upi,Online,7064.74,1644.35,0,New York,GJ,5420.39,2022-04,2022,Quinn Shah,Female,Corporate,Hyderabad,TS,46.0,PROD082,5.0,684.05,15.8,2879.85,Samsung Lighting 904,Books,Furniture,Nike,29.28
ORD00147,CUST0605,2022-04-17,2022-04-23,Pending,Net Banking,Online,2563.53,872.99,149,Toronto,RJ,1839.54,2022-04,2022,,,,,,,PROD005,1.0,1808.98,14.0,1555.72,Prestige Decor 174,Electronics,Bedding,Prestige,48.78
ORD00147,CUST0605,2022-04-17,2022-04-23,Pending,Net Banking,Online,2563.53,872.99,149,Toronto,RJ,1839.54,2022-04,2022,,,,,,,PROD116,7.0,1767.7,30.9,8550.36,Prestige Camera 543,Clothing,Camera,Nike,52.74
ORD00147,CUST0605,2022-04-17,2022-04-23,Pending,Net Banking,Online,2563.53,872.99,149,Toronto,RJ,1839.54,2022-04,2022,,,,,,,PROD020,4.0,4376.16,14.5,14966.47,Apple Jacket 787,Electronics,T-Shirt,Adidas,17.13
ORD00148,CUST0033,2022-04-18,2022-04-23,Pending,Net Banking,In-Store,7068.91,1318.03,49,New York,MH,5799.88,2022-04,2022,,,,,,,PROD012,4.0,1852.34,28.9,5268.05,Nike Fiction 847,Books,Self-Help,Lg,50.71
ORD00149,CUST0520,2022-04-19,2022-04-24,Returned,Upi,Mobile App,43012.48,2637.96,0,New York,LDN,40374.52,2022-04,2022,Amit  Thompson,Female,Corporate,Chennai,TN,56.0,,,,,,,,,,
ORD00150,CUST0763,2022-04-19,2022-04-26,Returned,Credit Card,In-Store,40950.06,10291.28,99,New York,KA,30757.78,2022-04,2022,Tina Garcia,Other,Consumer,Sydney,NSW,28.0,,,,,,,,,,
ORD00151,CUST0738,2022-04-20,2022-04-23,Shipped,Credit Card,In-Store,5562.12,401.21,0,Bangalore,TN,5160.91,2022-04,2022,Olivia Martin,Other,Consumer,Ahmedabad,GJ,18.0,PROD021,10.0,897.93,38.9,5486.35,Nike Decor 240,Sports,Bedding,Apple,58.93
ORD00152,CUST0038,2022-04-21,2022-04-25,Shipped,Upi,In-Store,24682.64,4259.45,149,Hyderabad,RJ,20572.19,2022-04,2022,Tina Thompson,Female,Home Office,Delhi,DL,70.0,PROD111,1.0,3651.9,5.1,3465.65,Samsung Shoes 988,Sports,T-Shirt,Nike,58.48
ORD00152,CUST0038,2022-04-21,2022-04-25,Shipped,Upi,In-Store,24682.64,4259.45,149,Hyderabad,RJ,20572.19,2022-04,2022,Tina Thompson,Female,Home Office,Delhi,DL,70.0,PROD069,1.0,2806.03,34.6,1835.14,Adidas Bedding 631,Clothing,Furniture,Nike,13.52
ORD00153,CUST0682,2022-04-22,2022-04-29,Cancelled,Debit Card,Online,10527.58,987.4,49,Kolkata,NY,9589.18,2022-04,2022,Sneha Walker,Male,Corporate,Kolkata,WB,46.0,PROD031,9.0,822.47,2.1,7246.78,Adidas Non-Fiction 307,Electronics,Self-Help,Prestige,49.23
ORD00154,CUST0578,2022-04-22,2022-04-29,Pending,Wallet,Mobile App,21556.92,821.53,199,Jaipur,DL,20934.39,2022-04,2022,Peter Brown,Male,Home Office,Mumbai,MH,64.0,PROD002,8.0,2018.31,1.8,15855.84,Apple History 640,Sports,History,Adidas,48.12
ORD00154,CUST0578,2022-04-22,2022-04-29,Pending,Wallet,Mobile App,21556.92,821.53,199,Jaipur,DL,20934.39,2022-04,2022,Peter Brown,Male,Home Office,Mumbai,MH,64.0,PROD037,4.0,2181.86,19.1,7060.5,Nike Laptop 575,Sports,Camera,Harpercollins,17.99
ORD00154,CUST0578,2022-04-22,2022-04-29,Pending,Wallet,Mobile App,21556.92,821.53,199,Jaipur,DL,20934.39,2022-04,2022,Peter Brown,Male,Home Office,Mumbai,MH,64.0,PROD060,4.0,1943.64,35.5,5014.59,Penguin Laptop 245,Home & Kitchen,Mobile,Reebok,56.7
ORD00156,CUST0941,2022-04-24,2022-05-01,Cancelled,Credit Card,In-Store,44182.68,5894.74,199,Bangalore,RJ,38486.94,2022-04,2022,Peter  Thomas,Male,Corporate,Delhi,DL,46.0,PROD020,4.0,1929.93,1.3,7619.36,Apple Jacket 787,Electronics,T-Shirt,Adidas,17.13
ORD00156,CUST0941,2022-04-24,2022-05-01,Cancelled,Credit Card,In-Store,44182.68,5894.74,199,Bangalore,RJ,38486.94,2022-04,2022,Peter  Thomas,Male,Corporate,Delhi,DL,46.0,PROD187,2.0,3715.21,11.9,6546.2,Reebok Decor 369,Sports,Bedding,Philips,54.59
ORD00157,CUST0564,2022-04-24,2022-04-29,Cancelled,Credit Card,Mobile App,26411.86,2029.54,199,Bangalore,KA,24581.32,2022-04,2022,Xander  Moore,Male,Home Office,Ahmedabad,GJ,46.0,PROD031,4.0,2899.81,100.0,0.0,Adidas Non-Fiction 307,Electronics,Self-Help,Prestige,49.23
ORD00157,CUST0564,2022-04-24,2022-04-29,Cancelled,Credit Card,Mobile App,26411.86,2029.54,199,Bangalore,KA,24581.32,2022-04,2022,Xander  Moore,Male,Home Office,Ahmedabad,GJ,46.0,PROD022,1.0,123.56,37.7,76.98,Lg Cookware 668,Home & Kitchen,Furniture,Philips,32.34
ORD00158,CUST0864,2022-04-25,2022-05-01,Delivered,Wallet,Mobile App,35003.59,9949.44,149,Mumbai,ON,25203.15,2022-04,2022,Rahul Shah,Female,Home Office,Ahmedabad,GJ,52.0,PROD091,2.0,1373.0,4.0,2636.16,Samsung Fiction 485,Clothing,Self-Help,Apple,40.0
ORD00159,CUST0214,2022-04-26,2022-04-28,Returned,Upi,Mobile App,997.67,202.69,149,Chennai,RJ,943.98,2022-04,2022,Quinn Anderson,Male,Consumer,Delhi,DL,53.0,PROD126,8.0,2899.83,36.2,14800.73,Reebok Cricket 811,Electronics,Cycling,Philips,41.97
ORD00159,CUST0214,2022-04-26,2022-04-28,Returned,Upi,Mobile App,997.67,202.69,149,Chennai,RJ,943.98,2022-04,2022,Quinn Anderson,Male,Consumer,Delhi,DL,53.0,PROD004,9.0,3397.11,12.3,26813.39,Sony Cookware 400,Clothing,Furniture,Puma,43.32
ORD00159,CUST0214,2022-04-26,2022-04-28,Returned,Upi,Mobile App,997.67,202.69,149,Chennai,RJ,943.98,2022-04,2022,Quinn Anderson,Male,Consumer,Delhi,DL,53.0,PROD094,6.0,1399.89,10.6,7509.01,Adidas Comics 457,Sports,Self-Help,Philips,53.91
ORD00160,CUST0582,2022-04-27,2022-05-03,Delivered,Debit Card,In-Store,38968.04,5649.0,49,Ahmedabad,GJ,33368.04,2022-04,2022,Jack Johnson,Male,Corporate,Kolkata,WB,46.0,PROD142,2.0,2034.41,6.1,3820.62,Apple Non-Fiction 957,Clothing,Comics,Nike,53.25
ORD00160,CUST0582,2022-04-27,2022-05-03,Delivered,Debit Card,In-Store,38968.04,5649.0,49,Ahmedabad,GJ,33368.04,2022-04,2022,Jack Johnson,Male,Corporate,Kolkata,WB,46.0,PROD002,2.0,4442.39,11.6,7854.15,Apple History 640,Sports,History,Adidas,48.12
ORD00160,CUST0582,2022-04-27,2022-05-03,Delivered,Debit Card,In-Store,38968.04,5649.0,49,Ahmedabad,GJ,33368.04,2022-04,2022,Jack Johnson,Male,Corporate,Kolkata,WB,46.0,PROD005,6.0,3821.2,4.0,22010.11,Prestige Decor 174,Electronics,Bedding,Prestige,48.78
ORD00161,CUST0867,2022-04-27,2022-04-29,Pending,Cod,In-Store,16012.22,2390.51,199,Chennai,TN,13820.71,2022-04,2022,Diana Shah,Female,Consumer,New York,NY,59.0,PROD099,5.0,577.76,32.1,1961.5,Reebok Cricket 803,Sports,Cycling,Puma,51.59
ORD00161,CUST0867,2022-04-27,2022-04-29,Pending,Cod,In-Store,16012.22,2390.51,199,Chennai,TN,13820.71,2022-04,2022,Diana Shah,Female,Consumer,New York,NY,59.0,PROD108,5.0,1687.58,16.9,7011.89,Samsung Saree 374,Electronics,Jacket,Philips,52.83
ORD00161,CUST0867,2022-04-27,2022-04-29,Pending,Cod,In-Store,16012.22,2390.51,199,Chennai,TN,13820.71,2022-04,2022,Diana Shah,Female,Consumer,New York,NY,59.0,PROD048,4.0,4136.79,6.2,15521.24,Adidas Jacket 176,Home & Kitchen,Jeans,Apple,57.33
ORD00161,CUST0867,2022-04-27,2022-04-29,Pending,Cod,In-Store,16012.22,2390.51,199,Chennai,TN,13820.71,2022-04,2022,Diana Shah,Female,Consumer,New York,NY,59.0,PROD173,8.0,1458.05,28.2,8375.04,Apple Appliances 796,Home & Kitchen,Appliances,Nike,53.5
ORD00161,CUST0867,2022-04-27,2022-04-29,Pending,Cod,In-Store,16012.22,2390.51,199,Chennai,TN,13820.71,2022-04,2022,Diana Shah,Female,Consumer,New York,NY,59.0,PROD035,8.0,4498.01,2.9,34940.54,Adidas Tablet 510,Books,Headphones,Nike,75.82
ORD00161,CUST0867,2022-04-27,2022-04-29,Pending,Cod,In-Store,16012.22,2390.51,199,Chennai,TN,13820.71,2022-04,2022,Diana Shah,Female,Consumer,New York,NY,59.0,PROD049,9.0,4849.13,12.1,38361.47,Nike Smartwatch 658,Books,Mobile,Philips,29.78
ORD00161,CUST0867,2022-04-27,2022-04-29,Pending,Cod,In-Store,16012.22,2390.51,199,Chennai,TN,13820.71,2022-04,2022,Diana Shah,Female,Consumer,New York,NY,59.0,PROD002,5.0,4904.86,12.3,21507.81,Apple History 640,Sports,History,Adidas,48.12
ORD00162,CUST0508,2022-04-28,2022-05-03,Shipped,Credit Card,Mobile App,8713.41,3030.79,0,Chennai,WB,5682.62,2022-04,2022,Karen Moore,Female,Corporate,Hyderabad,TS,38.0,,,,,,,,,,
ORD00163,CUST0412,2022-04-29,2022-04-30,Pending,Cod,In-Store,17698.17,5633.78,149,Ahmedabad,NY,12213.39,2022-04,2022,Victor Williams,Female,Home Office,Surat,GJ,46.0,PROD100,6.0,4104.74,4.1,23618.67,Sony History 683,Sports,Comics,Puma,56.77
ORD00163,CUST0412,2022-04-29,2022-04-30,Pending,Cod,In-Store,17698.17,5633.78,149,Ahmedabad,NY,12213.39,2022-04,2022,Victor Williams,Female,Home Office,Surat,GJ,46.0,PROD159,6.0,4580.6,29.3,19430.91,Nike Saree 450,Books,Dress,Penguin,11.02
ORD00164,CUST0647,2022-04-30,2022-05-05,Pending,Credit Card,In-Store,15063.8,1037.01,149,London,TN,14175.79,2022-04,2022,Frank Taylor,Female,Corporate,Chennai,TN,46.0,PROD022,10.0,1495.94,5.1,14196.47,Lg Cookware 668,Home & Kitchen,Furniture,Philips,32.34
ORD00165,CUST0470,2022-04-30,2022-05-07,Returned,Net Banking,In-Store,44052.51,11385.27,0,Jaipur,NY,32667.24,2022-04,2022,Rahul Walker,Female,Consumer,Bangalore,KA,46.0,PROD088,6.0,975.17,23.3,4487.73,Reebok Furniture 514,Home & Kitchen,Appliances,Prestige,15.84
ORD00165,CUST0470,2022-04-30,2022-05-07,Returned,Net Banking,In-Store,44052.51,11385.27,0,Jaipur,NY,32667.24,2022-04,2022,Rahul Walker,Female,Consumer,Bangalore,KA,46.0,PROD172,10.0,3616.68,9.4,32767.12,Puma Football 366,Books,Swimming,Nike,33.7
ORD00165,CUST0470,2022-04-30,2022-05-07,Returned,Net Banking,In-Store,44052.51,11385.27,0,Jaipur,NY,32667.24,2022-04,2022,Rahul Walker,Female,Consumer,Bangalore,KA,46.0,PROD175,2.0,2084.11,29.5,2938.6,Penguin Dress 839,Books,Shoes,Sony,51.37
ORD00165,CUST0470,2022-04-30,2022-05-07,Returned,Net Banking,In-Store,44052.51,11385.27,0,Jaipur,NY,32667.24,2022-04,2022,Rahul Walker,Female,Consumer,Bangalore,KA,46.0,PROD156,4.0,3082.0,36.4,7840.61,Reebok Decor 139,Books,Appliances,Sony,54.53
ORD00166,CUST0243,2022-01-05,2022-05-03,Delivered,Net Banking,Online,8210.01,3028.04,0,Toronto,NY,5181.97,2022-01,2022,Diana Smith,Female,Corporate,Hyderabad,TS,49.0,PROD139,9.0,2967.17,10.8,23820.44,Penguin Jeans 977,Home & Kitchen,Jacket,Nike,42.7
ORD00166,CUST0243,2022-01-05,2022-05-03,Delivered,Net Banking,Online,8210.01,3028.04,0,Toronto,NY,5181.97,2022-01,2022,Diana Smith,Female,Corporate,Hyderabad,TS,49.0,PROD137,7.0,4773.14,20.3,26629.35,Reebok Headphones 725,Sports,Smartwatch,Samsung,51.88
ORD00166,CUST0243,2022-01-05,2022-05-03,Delivered,Net Banking,Online,8210.01,3028.04,0,Toronto,NY,5181.97,2022-01,2022,Diana Smith,Female,Corporate,Hyderabad,TS,49.0,PROD123,2.0,4226.79,36.7,5351.12,Apple Comics 186,Home & Kitchen,History,Nike,48.14
ORD00167,CUST0533,2022-02-05,2022-05-09,Shipped,Upi,In-Store,29741.68,9375.3,199,Hyderabad,KA,20565.38,2022-02,2022,Jack  Walker,Other,Corporate,Surat,GJ,46.0,PROD063,5.0,1725.63,29.0,6125.99,Penguin Mobile 291,Electronics,Camera,Prestige,50.83
ORD00167,CUST0533,2022-02-05,2022-05-09,Shipped,Upi,In-Store,29741.68,9375.3,199,Hyderabad,KA,20565.38,2022-02,2022,Jack  Walker,Other,Corporate,Surat,GJ,46.0,PROD005,2.0,2328.73,26.7,3413.92,Prestige Decor 174,Electronics,Bedding,Prestige,48.78
ORD00168,CUST0523,2022-05-02,2022-05-08,Shipped,Net Banking,Online,8595.02,2384.69,0,Mumbai,ON,6210.33,2022-05,2022,Nick Williams,Other,Home Office,New York,NY,46.0,PROD117,3.0,2979.96,25.8,6633.39,Philips Shoes 833,Home & Kitchen,Jacket,Penguin,53.82
ORD00169,CUST0490,2022-05-03,2022-05-05,Shipped,Cod,Mobile App,13187.58,4383.78,99,Kolkata,NSW,8902.8,2022-05,2022,Diana Harris,Other,Home Office,Pune,MH,46.0,PROD019,10.0,2922.73,12.2,25661.57,Philips Cycling 881,Books,Swimming,Nike,33.52
ORD00170,CUST0139,2022-05-04,2022-05-11,Delivered,Net Banking,Online,29077.55,5004.93,49,New York,GJ,24121.62,2022-05,2022,Xander Brown,Female,Consumer,Ahmedabad,GJ,64.0,PROD036,6.0,871.44,34.1,3445.67,Apple Headphones 657,Clothing,Laptop,Philips,40.54
ORD00171,CUST0318,2022-05-05,2022-05-07,Cancelled,Credit Card,Online,32386.09,243.06,49,London,RJ,32192.03,2022-05,2022,Leo Thomas,Other,Corporate,Pune,MH,46.0,PROD135,10.0,84.94,0.0,849.4,Apple Shoes 165,Sports,Dress,Adidas,31.77
ORD00171,CUST0318,2022-05-05,2022-05-07,Cancelled,Credit Card,Online,32386.09,243.06,49,London,RJ,32192.03,2022-05,2022,Leo Thomas,Other,Corporate,Pune,MH,46.0,PROD001,5.0,1885.93,25.7,7006.23,Lg Laptop 149,Home & Kitchen,Smartwatch,Sony,54.08
ORD00172,CUST0387,2022-05-05,2022-05-08,Returned,Credit Card,Online,38036.88,8747.28,49,Delhi,NY,29338.6,2022-05,2022,Diana Harris,Other,Corporate,Jaipur,RJ,60.0,PROD163,6.0,3744.48,17.7,18490.24,Puma Furniture 243,Clothing,Cookware,Penguin,49.39
ORD00172,CUST0387,2022-05-05,2022-05-08,Returned,Credit Card,Online,38036.88,8747.28,49,Delhi,NY,29338.6,2022-05,2022,Diana Harris,Other,Corporate,Jaipur,RJ,60.0,PROD046,7.0,4785.45,25.7,24889.13,Penguin Camera 453,Clothing,Headphones,Sony,56.85
ORD00172,CUST0387,2022-05-05,2022-05-08,Returned,Credit Card,Online,38036.88,8747.28,49,Delhi,NY,29338.6,2022-05,2022,Diana Harris,Other,Corporate,Jaipur,RJ,60.0,PROD061,2.0,1790.83,23.3,2747.13,Nike Headphones 858,Home & Kitchen,Mobile,Apple,45.42
ORD00173,CUST0100,2022-06-05,2022-05-10,Delivered,Wallet,Online,30997.43,1667.27,99,Chennai,WB,29429.16,2022-06,2022,Frank Lee,Female,Corporate,Hyderabad,TS,46.0,PROD113,10.0,3230.17,23.9,24581.59,Nike Laptop 971,Home & Kitchen,Tablet,Lg,26.98
ORD00174,CUST0402,2022-05-07,2022-05-10,Cancelled,Cod,Online,47486.92,4220.5,0,Jaipur,RJ,43266.42,2022-05,2022,Mia  Smith,Female,Corporate,Bangalore,KA,46.0,PROD043,1.0,3475.76,7.0,3232.46,Puma Mobile 944,Clothing,Headphones,Sony,23.91
ORD00174,CUST0402,2022-05-07,2022-05-10,Cancelled,Cod,Online,47486.92,4220.5,0,Jaipur,RJ,43266.42,2022-05,2022,Mia  Smith,Female,Corporate,Bangalore,KA,46.0,PROD089,9.0,4547.89,27.1,29838.71,Penguin Football 980,Electronics,Football,Nike,31.17
ORD00176,CUST0014,2022-08-05,2022-05-14,Pending,Cod,Mobile App,20058.72,3211.27,149,Ahmedabad,GJ,16996.45,2022-08,2022,Priya White,Male,Corporate,Surat,GJ,45.0,,,,,,,,,,
ORD00177,CUST0208,2022-09-05,2022-05-13,Delivered,Cod,Online,48783.26,16982.59,149,Hyderabad,LDN,31949.67,2022-09,2022,Priya Taylor,Other,Corporate,Sydney,NSW,46.0,PROD021,4.0,3569.33,30.8,9879.91,Nike Decor 240,Sports,Bedding,Apple,58.93
ORD00177,CUST0208,2022-09-05,2022-05-13,Delivered,Cod,Online,48783.26,16982.59,149,Hyderabad,LDN,31949.67,2022-09,2022,Priya Taylor,Other,Corporate,Sydney,NSW,46.0,PROD031,7.0,1081.2,0.2,7553.26,Adidas Non-Fiction 307,Electronics,Self-Help,Prestige,49.23
ORD00177,CUST0208,2022-09-05,2022-05-13,Delivered,Cod,Online,48783.26,16982.59,149,Hyderabad,LDN,31949.67,2022-09,2022,Priya Taylor,Other,Corporate,Sydney,NSW,46.0,PROD081,3.0,2773.72,35.2,5392.11,Harpercollins Headphones 856,Books,Camera,Prestige,53.87
ORD00178,CUST0818,2022-05-10,2022-05-11,Shipped,Cod,In-Store,35690.09,5053.55,0,London,MH,30636.54,2022-05,2022,Sneha Brown,Other,Home Office,Mumbai,MH,24.0,PROD159,8.0,3196.24,10.2,22961.79,Nike Saree 450,Books,Dress,Penguin,11.02
ORD00178,CUST0818,2022-05-10,2022-05-11,Shipped,Cod,In-Store,35690.09,5053.55,0,London,MH,30636.54,2022-05,2022,Sneha Brown,Other,Home Office,Mumbai,MH,24.0,PROD187,7.0,3140.1,10.4,19694.71,Reebok Decor 369,Sports,Bedding,Philips,54.59
ORD00178,CUST0818,2022-05-10,2022-05-11,Shipped,Cod,In-Store,35690.09,5053.55,0,London,MH,30636.54,2022-05,2022,Sneha Brown,Other,Home Office,Mumbai,MH,24.0,PROD179,6.0,4734.26,31.1,19571.43,Puma Camera 326,Clothing,Headphones,Apple,38.11
ORD00178,CUST0818,2022-05-10,2022-05-11,Shipped,Cod,In-Store,35690.09,5053.55,0,London,MH,30636.54,2022-05,2022,Sneha Brown,Other,Home Office,Mumbai,MH,24.0,PROD035,2.0,2438.71,16.0,4097.03,Adidas Tablet 510,Books,Headphones,Nike,75.82
ORD00178,CUST0818,2022-05-10,2022-05-11,Shipped,Cod,In-Store,35690.09,5053.55,0,London,MH,30636.54,2022-05,2022,Sneha Brown,Other,Home Office,Mumbai,MH,24.0,PROD075,8.0,1911.32,10.6,13669.76,Puma Football 995,Clothing,Swimming,Nike,27.65
ORD00178,CUST0818,2022-05-10,2022-05-11,Shipped,Cod,In-Store,35690.09,5053.55,0,London,MH,30636.54,2022-05,2022,Sneha Brown,Other,Home Office,Mumbai,MH,24.0,PROD147,4.0,3745.19,22.4,11625.07,Lg Appliances 636,Books,Bedding,Penguin,31.75
ORD00178,CUST0818,2022-05-10,2022-05-11,Shipped,Cod,In-Store,35690.09,5053.55,0,London,MH,30636.54,2022-05,2022,Sneha Brown,Other,Home Office,Mumbai,MH,24.0,PROD200,9.0,962.34,13.5,7491.82,Philips Yoga 695,Clothing,Yoga,Philips,54.73
ORD00179,CUST0813,2022-05-11,2022-05-13,Delivered,Cod,In-Store,8755.86,950.46,0,Jaipur,TS,7805.4,2022-05,2022,Nick  Anderson,Other,Consumer,Surat,GJ,46.0,PROD159,10.0,1669.6,31.6,11420.06,Nike Saree 450,Books,Dress,Penguin,11.02
ORD00179,CUST0813,2022-05-11,2022-05-13,Delivered,Cod,In-Store,8755.86,950.46,0,Jaipur,TS,7805.4,2022-05,2022,Nick  Anderson,Other,Consumer,Surat,GJ,46.0,PROD122,9.0,2252.32,25.4,15122.08,Penguin Camera 744,Clothing,Mobile,Adidas,52.36
ORD00180,CUST0791,2022-05-11,2022-05-14,Pending,Cod,In-Store,7416.0,661.3,0,Pune,KA,6754.7,2022-05,2022,Yara Smith,Male,Corporate,Delhi,DL,46.0,PROD170,1.0,3322.87,34.5,2176.48,Adidas Shoes 686,Home & Kitchen,Shoes,Prestige,52.73
ORD00181,CUST0289,2022-12-05,2022-05-14,Pending,Net Banking,In-Store,9991.55,1640.08,0,Ahmedabad,NY,8351.47,2022-12,2022,Steve  Garcia,Other,Consumer,London,LDN,56.0,PROD089,6.0,968.68,20.8,4603.17,Penguin Football 980,Electronics,Football,Nike,31.17
ORD00181,CUST0289,2022-12-05,2022-05-14,Pending,Net Banking,In-Store,9991.55,1640.08,0,Ahmedabad,NY,8351.47,2022-12,2022,Steve  Garcia,Other,Consumer,London,LDN,56.0,PROD174,9.0,2170.63,2.6,19027.74,Nike Science 291,Sports,History,Harpercollins,39.93
ORD00181,CUST0289,2022-12-05,2022-05-14,Pending,Net Banking,In-Store,9991.55,1640.08,0,Ahmedabad,NY,8351.47,2022-12,2022,Steve  Garcia,Other,Consumer,London,LDN,56.0,PROD147,9.0,4694.26,6.6,39459.95,Lg Appliances 636,Books,Bedding,Penguin,31.75
ORD00182,CUST0255,2022-05-13,2022-05-16,Shipped,Wallet,Online,13022.86,3711.78,149,Jaipur,TN,9460.08,2022-05,2022,Eve  Harris,Female,Corporate,Bangalore,KA,24.0,PROD167,8.0,1932.44,1.5,15227.63,Penguin Saree 689,Home & Kitchen,T-Shirt,Apple,49.15
ORD00183,CUST0539,2022-05-13,2022-05-14,Cancelled,Upi,Mobile App,35799.27,5571.65,99,Chennai,MH,30326.62,2022-05,2022,Bob Brown,Female,Corporate,Bangalore,KA,49.0,PROD051,10.0,3427.03,6.8,31939.92,Harpercollins Fiction 843,Electronics,Comics,Adidas,47.6
ORD00183,CUST0539,2022-05-13,2022-05-14,Cancelled,Upi,Mobile App,35799.27,5571.65,99,Chennai,MH,30326.62,2022-05,2022,Bob Brown,Female,Corporate,Bangalore,KA,49.0,PROD194,10.0,1064.02,2.3,10395.48,Harpercollins Fiction 998,Electronics,Self-Help,Philips,26.4
ORD00183,CUST0539,2022-05-13,2022-05-14,Cancelled,Upi,Mobile App,35799.27,5571.65,99,Chennai,MH,30326.62,2022-05,2022,Bob Brown,Female,Corporate,Bangalore,KA,49.0,PROD002,8.0,4862.03,0.0,38896.24,Apple History 640,Sports,History,Adidas,48.12
ORD00184,CUST0226,2022-05-14,2022-05-21,Cancelled,Net Banking,Mobile App,45778.12,3600.49,49,Mumbai,GJ,42226.63,2022-05,2022,,,,,,,PROD129,4.0,1694.06,15.3,5739.48,Nike Decor 511,Home & Kitchen,Decor,Sony,54.86
ORD00185,CUST0791,2022-05-15,2022-05-22,Shipped,Upi,Mobile App,19479.24,2820.69,149,Hyderabad,ON,16807.55,2022-05,2022,Yara Smith,Male,Corporate,Delhi,DL,46.0,,,,,,,,,,
ORD00186,CUST0688,2022-05-16,2022-05-22,Cancelled,Wallet,Mobile App,21157.29,5860.96,99,Toronto,NY,15395.33,2022-05,2022,Priya Smith,Other,Consumer,Sydney,NSW,28.0,,,,,,,,,,
ORD00187,CUST0061,2022-05-16,2022-05-19,Returned,Wallet,In-Store,48736.43,15961.95,149,Pune,TN,32923.48,2022-05,2022,Victor  Lee,Female,Consumer,Ahmedabad,GJ,52.0,PROD150,1.0,3506.09,39.7,2114.17,Samsung Furniture 477,Books,Decor,Samsung,54.62
ORD00187,CUST0061,2022-05-16,2022-05-19,Returned,Wallet,In-Store,48736.43,15961.95,149,Pune,TN,32923.48,2022-05,2022,Victor  Lee,Female,Consumer,Ahmedabad,GJ,52.0,PROD054,5.0,2262.15,33.1,7566.89,Puma Yoga 622,Books,Swimming,Apple,14.74
ORD00188,CUST0029,2022-05-17,2022-05-20,Shipped,Credit Card,Online,42931.57,1718.75,199,Pune,DL,41411.82,2022-05,2022,Priya  Thompson,Other,Consumer,Sydney,NSW,46.0,PROD026,9.0,840.03,37.8,4702.49,Nike Cricket 264,Clothing,Running,Apple,32.24
ORD00189,CUST0031,2022-05-18,2022-05-21,Delivered,Wallet,Online,41811.08,8268.8,199,Surat,RJ,33741.28,2022-05,2022,,,,,,,PROD099,3.0,52.41,18.2,128.61,Reebok Cricket 803,Sports,Cycling,Puma,51.59
ORD00189,CUST0031,2022-05-18,2022-05-21,Delivered,Wallet,Online,41811.08,8268.8,199,Surat,RJ,33741.28,2022-05,2022,,,,,,,PROD139,7.0,763.63,12.8,4661.2,Penguin Jeans 977,Home & Kitchen,Jacket,Nike,42.7
ORD00190,CUST0595,2022-05-19,2022-05-26,Delivered,Upi,Mobile App,34896.93,574.77,49,Kolkata,GJ,34371.16,2022-05,2022,Xander Walker,Other,Home Office,Jaipur,RJ,39.0,PROD050,4.0,778.68,30.9,2152.27,Sony Dress 370,Home & Kitchen,Jacket,Penguin,46.17
ORD00190,CUST0595,2022-05-19,2022-05-26,Delivered,Upi,Mobile App,34896.93,574.77,49,Kolkata,GJ,34371.16,2022-05,2022,Xander Walker,Other,Home Office,Jaipur,RJ,39.0,PROD042,10.0,1535.41,1.4,15139.14,Apple Furniture 868,Books,Appliances,Apple,59.18
ORD00191,CUST0082,2022-05-19,2022-05-26,Cancelled,Upi,Mobile App,15451.86,4768.42,0,New York,GJ,10683.44,2022-05,2022,Peter Davis,Female,Corporate,Chennai,TN,20.0,PROD070,5.0,4113.68,36.8,12999.23,Nike Lighting 275,Clothing,Cookware,Puma,51.4
ORD00191,CUST0082,2022-05-19,2022-05-26,Cancelled,Upi,Mobile App,15451.86,4768.42,0,New York,GJ,10683.44,2022-05,2022,Peter Davis,Female,Corporate,Chennai,TN,20.0,PROD163,6.0,4006.1,38.0,14902.69,Puma Furniture 243,Clothing,Cookware,Penguin,49.39
ORD00191,CUST0082,2022-05-19,2022-05-26,Cancelled,Upi,Mobile App,15451.86,4768.42,0,New York,GJ,10683.44,2022-05,2022,Peter Davis,Female,Corporate,Chennai,TN,20.0,PROD189,4.0,910.24,13.3,3156.71,Samsung Shoes 428,Books,Shoes,Apple,40.01
ORD00192,CUST0299,2022-05-20,2022-05-21,Cancelled,Upi,In-Store,13506.55,2314.49,99,Toronto,MH,11291.06,2022-05,2022,Priya Davis,Other,Consumer,New York,NY,46.0,,,,,,,,,,
ORD00193,CUST0229,2022-05-21,2022-05-24,Returned,Cod,Online,19497.19,0.0,199,Pune,GJ,19696.19,2022-05,2022,,,,,,,PROD169,1.0,4341.85,5.4,4107.39,Puma Jeans 987,Books,Dress,Harpercollins,30.55
ORD00193,CUST0229,2022-05-21,2022-05-24,Returned,Cod,Online,19497.19,0.0,199,Pune,GJ,19696.19,2022-05,2022,,,,,,,PROD192,8.0,1666.75,12.0,11733.92,Sony Non-Fiction 107,Books,Non-Fiction,Samsung,39.21
ORD00194,CUST0321,2022-05-21,2022-05-25,Pending,Wallet,Mobile App,43719.91,13513.14,99,New York,TN,30305.77,2022-05,2022,Zoe Patel,Other,Consumer,Bangalore,KA,46.0,PROD060,8.0,2960.8,22.1,18451.71,Penguin Laptop 245,Home & Kitchen,Mobile,Reebok,56.7
ORD00195,CUST0162,2022-05-22,2022-05-25,Shipped,Cod,Online,38077.15,6366.83,199,Toronto,DL,31909.32,2022-05,2022,Tina Johnson,Other,Home Office,Chennai,TN,25.0,PROD106,5.0,396.93,28.5,1419.02,Samsung Self-Help 140,Books,Non-Fiction,Apple,48.39
ORD00195,CUST0162,2022-05-22,2022-05-25,Shipped,Cod,Online,38077.15,6366.83,199,Toronto,DL,31909.32,2022-05,2022,Tina Johnson,Other,Home Office,Chennai,TN,25.0,PROD165,5.0,2812.31,25.6,10461.79,Nike Appliances 352,Home & Kitchen,Furniture,Nike,38.62
ORD00195,CUST0162,2022-05-22,2022-05-25,Shipped,Cod,Online,38077.15,6366.83,199,Toronto,DL,31909.32,2022-05,2022,Tina Johnson,Other,Home Office,Chennai,TN,25.0,PROD050,9.0,2941.86,39.1,16124.33,Sony Dress 370,Home & Kitchen,Jacket,Penguin,46.17
ORD00196,CUST0630,2022-05-23,2022-05-24,Shipped,Upi,Mobile App,8730.53,0.0,99,Ahmedabad,NSW,8829.53,2022-05,2022,Priya Thomas,Female,Consumer,Mumbai,MH,63.0,PROD037,6.0,697.81,7.1,3889.59,Nike Laptop 575,Sports,Camera,Harpercollins,17.99
ORD00196,CUST0630,2022-05-23,2022-05-24,Shipped,Upi,Mobile App,8730.53,0.0,99,Ahmedabad,NSW,8829.53,2022-05,2022,Priya Thomas,Female,Consumer,Mumbai,MH,63.0,PROD185,8.0,731.65,1.1,5788.81,Philips Headphones 478,Home & Kitchen,Smartwatch,Lg,39.49
ORD00197,CUST0315,2022-05-24,2022-05-28,Pending,Wallet,In-Store,29821.44,2709.42,99,New York,DL,27211.02,2022-05,2022,Amit Williams,Female,Consumer,London,LDN,46.0,PROD049,9.0,3102.07,1.4,27527.77,Nike Smartwatch 658,Books,Mobile,Philips,29.78
ORD00197,CUST0315,2022-05-24,2022-05-28,Pending,Wallet,In-Store,29821.44,2709.42,99,New York,DL,27211.02,2022-05,2022,Amit Williams,Female,Consumer,London,LDN,46.0,PROD079,9.0,4588.69,23.1,31758.32,Prestige Science 518,Sports,Non-Fiction,Apple,45.47
ORD00198,CUST0634,2022-05-24,2022-05-27,Cancelled,Cod,Online,37121.73,3978.22,0,Kolkata,LDN,33143.51,2022-05,2022,Arjun Williams,Other,Corporate,New York,NY,46.0,PROD093,9.0,835.91,40.0,4513.91,Prestige Furniture 284,Electronics,Bedding,Samsung,9.26
ORD00198,CUST0634,2022-05-24,2022-05-27,Cancelled,Cod,Online,37121.73,3978.22,0,Kolkata,LDN,33143.51,2022-05,2022,Arjun Williams,Other,Corporate,New York,NY,46.0,PROD182,7.0,4324.03,17.5,24971.27,Samsung Running 478,Electronics,Football,Adidas,51.49
ORD00198,CUST0634,2022-05-24,2022-05-27,Cancelled,Cod,Online,37121.73,3978.22,0,Kolkata,LDN,33143.51,2022-05,2022,Arjun Williams,Other,Corporate,New York,NY,46.0,PROD094,9.0,2104.06,21.2,14921.99,Adidas Comics 457,Sports,Self-Help,Philips,53.91
ORD00198,CUST0634,2022-05-24,2022-05-27,Cancelled,Cod,Online,37121.73,3978.22,0,Kolkata,LDN,33143.51,2022-05,2022,Arjun Williams,Other,Corporate,New York,NY,46.0,PROD005,4.0,3441.76,25.8,10215.14,Prestige Decor 174,Electronics,Bedding,Prestige,48.78
ORD00198,CUST0634,2022-05-24,2022-05-27,Cancelled,Cod,Online,37121.73,3978.22,0,Kolkata,LDN,33143.51,2022-05,2022,Arjun Williams,Other,Corporate,New York,NY,46.0,PROD093,4.0,3692.98,31.6,10103.99,Prestige Furniture 284,Electronics,Bedding,Samsung,9.26
ORD00198,CUST0634,2022-05-24,2022-05-27,Cancelled,Cod,Online,37121.73,3978.22,0,Kolkata,LDN,33143.51,2022-05,2022,Arjun Williams,Other,Corporate,New York,NY,46.0,PROD088,6.0,1317.34,14.4,6765.86,Reebok Furniture 514,Home & Kitchen,Appliances,Prestige,15.84
ORD00198,CUST0634,2022-05-24,2022-05-27,Cancelled,Cod,Online,37121.73,3978.22,0,Kolkata,LDN,33143.51,2022-05,2022,Arjun Williams,Other,Corporate,New York,NY,46.0,PROD165,1.0,2620.84,6.2,2458.35,Nike Appliances 352,Home & Kitchen,Furniture,Nike,38.62
ORD00198,CUST0634,2022-05-24,2022-05-27,Cancelled,Cod,Online,37121.73,3978.22,0,Kolkata,LDN,33143.51,2022-05,2022,Arjun Williams,Other,Corporate,New York,NY,46.0,PROD001,4.0,1580.62,21.2,4982.11,Lg Laptop 149,Home & Kitchen,Smartwatch,Sony,54.08
ORD00198,CUST0634,2022-05-24,2022-05-27,Cancelled,Cod,Online,37121.73,3978.22,0,Kolkata,LDN,33143.51,2022-05,2022,Arjun Williams,Other,Corporate,New York,NY,46.0,PROD166,10.0,3075.23,20.6,24417.33,Prestige Non-Fiction 799,Books,Non-Fiction,Lg,32.2
ORD00199,CUST0960,2022-05-25,2022-05-29,Returned,Wallet,Mobile App,16132.23,3806.99,0,New York,WB,12325.24,2022-05,2022,Uma Wilson,Female,Corporate,Bangalore,KA,46.0,PROD161,7.0,1229.89,21.7,6741.03,Sony Jeans 636,Sports,Saree,Puma,14.22
ORD00200,CUST0232,2022-05-26,2022-06-02,Cancelled,Cod,In-Store,39072.53,7454.34,0,Sydney,NY,31618.19,2022-05,2022,Diana Davis,Male,Home Office,Pune,MH,46.0,PROD090,3.0,2464.82,0.0,7394.46,Samsung T-Shirt 473,Sports,Shoes,Samsung,56.49
ORD00200,CUST0232,2022-05-26,2022-06-02,Cancelled,Cod,In-Store,39072.53,7454.34,0,Sydney,NY,31618.19,2022-05,2022,Diana Davis,Male,Home Office,Pune,MH,46.0,PROD119,2.0,4329.43,18.0,7100.27,Sony Appliances 233,Clothing,Appliances,Reebok,12.98
ORD00200,CUST0232,2022-05-26,2022-06-02,Cancelled,Cod,In-Store,39072.53,7454.34,0,Sydney,NY,31618.19,2022-05,2022,Diana Davis,Male,Home Office,Pune,MH,46.0,PROD172,10.0,3778.37,18.9,30642.58,Puma Football 366,Books,Swimming,Nike,33.7
ORD00201,CUST0019,2022-05-27,2022-06-02,Returned,Wallet,Mobile App,15305.76,5182.1,149,New York,GJ,10272.66,2022-05,2022,Bob Jones,Other,Consumer,Hyderabad,TS,46.0,PROD031,6.0,2155.51,8.2,11872.55,Adidas Non-Fiction 307,Electronics,Self-Help,Prestige,49.23
ORD00201,CUST0019,2022-05-27,2022-06-02,Returned,Wallet,Mobile App,15305.76,5182.1,149,New York,GJ,10272.66,2022-05,2022,Bob Jones,Other,Consumer,Hyderabad,TS,46.0,PROD077,10.0,4653.93,37.9,28900.91,Nike Laptop 968,Home & Kitchen,Smartwatch,Adidas,58.83
ORD00201,CUST0019,2022-05-27,2022-06-02,Returned,Wallet,Mobile App,15305.76,5182.1,149,New York,GJ,10272.66,2022-05,2022,Bob Jones,Other,Consumer,Hyderabad,TS,46.0,PROD023,8.0,375.2,11.0,2671.42,Samsung T-Shirt 863,Clothing,Shoes,Harpercollins,44.46
ORD00202,CUST0504,2022-05-27,2022-05-30,Returned,Wallet,Online,22834.97,8733.78,199,Toronto,GJ,14300.19,2022-05,2022,Victor Thomas,Other,Home Office,Jaipur,RJ,46.0,PROD133,4.0,3521.31,36.7,8915.96,Nike Swimming 562,Books,Football,Puma,14.61
ORD00203,CUST0709,2022-05-28,2022-06-02,Cancelled,Debit Card,In-Store,2656.34,773.25,0,Pune,KA,1883.09,2022-05,2022,Charlie White,Other,Consumer,Bangalore,KA,41.0,PROD113,8.0,4592.49,9.1,33396.59,Nike Laptop 971,Home & Kitchen,Tablet,Lg,26.98
ORD00203,CUST0709,2022-05-28,2022-06-02,Cancelled,Debit Card,In-Store,2656.34,773.25,0,Pune,KA,1883.09,2022-05,2022,Charlie White,Other,Consumer,Bangalore,KA,41.0,PROD148,1.0,2507.71,23.3,1923.41,Samsung Jacket 758,Home & Kitchen,Jeans,Apple,47.56
ORD00203,CUST0709,2022-05-28,2022-06-02,Cancelled,Debit Card,In-Store,2656.34,773.25,0,Pune,KA,1883.09,2022-05,2022,Charlie White,Other,Consumer,Bangalore,KA,41.0,PROD080,8.0,65.07,38.0,322.75,Samsung Dress 334,Sports,Shoes,Apple,33.19
ORD00204,CUST0998,2022-05-29,2022-06-03,Delivered,Net Banking,Mobile App,32626.08,11172.99,149,Sydney,NY,21602.09,2022-05,2022,Leo Anderson,Female,Corporate,Mumbai,MH,46.0,,,,,,,,,,
ORD00205,CUST0732,2022-05-30,2022-06-02,Pending,Wallet,In-Store,23420.96,6365.22,149,Toronto,DL,17204.74,2022-05,2022,Leo Moore,Male,Corporate,Kolkata,WB,46.0,PROD081,2.0,3098.98,15.3,5249.67,Harpercollins Headphones 856,Books,Camera,Prestige,53.87
ORD00206,CUST0285,2022-05-30,2022-05-31,Returned,Debit Card,In-Store,46238.35,16670.39,0,Ahmedabad,NY,29567.96,2022-05,2022,Quinn Anderson,Other,Home Office,Surat,GJ,54.0,PROD077,4.0,1275.23,35.6,3284.99,Nike Laptop 968,Home & Kitchen,Smartwatch,Adidas,58.83
ORD00206,CUST0285,2022-05-30,2022-05-31,Returned,Debit Card,In-Store,46238.35,16670.39,0,Ahmedabad,NY,29567.96,2022-05,2022,Quinn Anderson,Other,Home Office,Surat,GJ,54.0,PROD065,8.0,4749.56,32.8,25533.63,Nike Running 194,Books,Swimming,Reebok,30.97
ORD00206,CUST0285,2022-05-30,2022-05-31,Returned,Debit Card,In-Store,46238.35,16670.39,0,Ahmedabad,NY,29567.96,2022-05,2022,Quinn Anderson,Other,Home Office,Surat,GJ,54.0,PROD058,6.0,613.17,13.4,3186.03,Prestige Science 951,Books,Fiction,Harpercollins,47.27
ORD00206,CUST0285,2022-05-30,2022-05-31,Returned,Debit Card,In-Store,46238.35,16670.39,0,Ahmedabad,NY,29567.96,2022-05,2022,Quinn Anderson,Other,Home Office,Surat,GJ,54.0,PROD109,4.0,2655.49,36.0,6798.05,Adidas Lighting 738,Electronics,Bedding,Samsung,54.83
ORD00206,CUST0285,2022-05-30,2022-05-31,Returned,Debit Card,In-Store,46238.35,16670.39,0,Ahmedabad,NY,29567.96,2022-05,2022,Quinn Anderson,Other,Home Office,Surat,GJ,54.0,PROD104,4.0,4679.69,32.3,12672.6,Harpercollins Jeans 435,Electronics,Saree,Nike,50.01
ORD00207,CUST0109,2022-05-31,2022-06-03,Shipped,Wallet,Online,34730.94,7216.63,199,Jaipur,TN,27713.31,2022-05,2022,Zoe Lee,Female,Consumer,Hyderabad,TS,64.0,,,,,,,,,,
ORD00208,CUST0449,2022-06-01,2022-06-05,Shipped,Credit Card,Mobile App,46925.28,2799.61,149,Kolkata,MH,44274.67,2022-06,2022,Alice Brown,Other,Home Office,Kolkata,WB,41.0,PROD109,10.0,4404.53,9.6,39816.95,Adidas Lighting 738,Electronics,Bedding,Samsung,54.83
ORD00208,CUST0449,2022-06-01,2022-06-05,Shipped,Credit Card,Mobile App,46925.28,2799.61,149,Kolkata,MH,44274.67,2022-06,2022,Alice Brown,Other,Home Office,Kolkata,WB,41.0,PROD017,3.0,1877.28,100.0,0.0,Puma Furniture 159,Clothing,Lighting,Apple,25.19
ORD00209,CUST0582,2022-06-01,2022-06-04,Shipped,Credit Card,Mobile App,42171.85,187.12,199,Jaipur,TN,42183.73,2022-06,2022,Jack Johnson,Male,Corporate,Kolkata,WB,46.0,PROD053,9.0,3107.38,33.7,18541.74,Samsung Non-Fiction 984,Books,Non-Fiction,Harpercollins,58.1
ORD00209,CUST0582,2022-06-01,2022-06-04,Shipped,Credit Card,Mobile App,42171.85,187.12,199,Jaipur,TN,42183.73,2022-06,2022,Jack Johnson,Male,Corporate,Kolkata,WB,46.0,PROD003,7.0,3049.71,0.0,21347.97,Samsung Camera 763,Electronics,Mobile,Nike,43.08
ORD00210,CUST0580,2022-06-02,2022-06-07,Cancelled,Net Banking,In-Store,22775.66,7664.08,199,New York,TS,15310.58,2022-06,2022,Mia Johnson,Female,Home Office,Mumbai,MH,46.0,PROD180,8.0,2671.01,19.5,17201.3,Apple Comics 327,Electronics,Science,Apple,59.6
ORD00210,CUST0580,2022-06-02,2022-06-07,Cancelled,Net Banking,In-Store,22775.66,7664.08,199,New York,TS,15310.58,2022-06,2022,Mia Johnson,Female,Home Office,Mumbai,MH,46.0,PROD062,7.0,1878.8,17.2,10889.52,Samsung Cycling 783,Home & Kitchen,Football,Adidas,26.61
ORD00210,CUST0580,2022-06-02,2022-06-07,Cancelled,Net Banking,In-Store,22775.66,7664.08,199,New York,TS,15310.58,2022-06,2022,Mia Johnson,Female,Home Office,Mumbai,MH,46.0,PROD095,10.0,671.52,36.3,4277.58,Lg Saree 263,Sports,Dress,Prestige,49.5
ORD00210,CUST0580,2022-06-02,2022-06-07,Cancelled,Net Banking,In-Store,22775.66,7664.08,199,New York,TS,15310.58,2022-06,2022,Mia Johnson,Female,Home Office,Mumbai,MH,46.0,PROD104,9.0,1734.09,2.2,15263.46,Harpercollins Jeans 435,Electronics,Saree,Nike,50.01
ORD00210,CUST0580,2022-06-02,2022-06-07,Cancelled,Net Banking,In-Store,22775.66,7664.08,199,New York,TS,15310.58,2022-06,2022,Mia Johnson,Female,Home Office,Mumbai,MH,46.0,PROD185,5.0,1229.24,0.8,6097.03,Philips Headphones 478,Home & Kitchen,Smartwatch,Lg,39.49
ORD00212,CUST0660,2022-06-04,2022-06-09,Returned,Cod,In-Store,12474.13,1332.28,149,Mumbai,GJ,11290.85,2022-06,2022,Victor Martin,Female,Corporate,London,LDN,46.0,,,,,,,,,,
ORD00213,CUST0423,2022-06-04,2022-06-09,Pending,Upi,Online,1449.78,0.0,149,Pune,LDN,1598.78,2022-06,2022,Rahul Johnson,Other,Corporate,Delhi,DL,43.0,PROD170,10.0,4208.33,20.7,33372.06,Adidas Shoes 686,Home & Kitchen,Shoes,Prestige,52.73
ORD00213,CUST0423,2022-06-04,2022-06-09,Pending,Upi,Online,1449.78,0.0,149,Pune,LDN,1598.78,2022-06,2022,Rahul Johnson,Other,Corporate,Delhi,DL,43.0,PROD050,4.0,4881.19,30.9,13491.61,Sony Dress 370,Home & Kitchen,Jacket,Penguin,46.17
ORD00213,CUST0423,2022-06-04,2022-06-09,Pending,Upi,Online,1449.78,0.0,149,Pune,LDN,1598.78,2022-06,2022,Rahul Johnson,Other,Corporate,Delhi,DL,43.0,PROD037,3.0,3808.53,2.1,11185.65,Nike Laptop 575,Sports,Camera,Harpercollins,17.99
ORD00214,CUST0322,2022-06-05,2022-06-10,Returned,Net Banking,Mobile App,23603.06,7472.34,0,Pune,MH,16130.72,2022-06,2022,Frank Thompson,Male,Corporate,Bangalore,KA,66.0,PROD163,3.0,233.88,28.1,504.48,Puma Furniture 243,Clothing,Cookware,Penguin,49.39
ORD00215,CUST0278,2022-06-06,2022-06-11,Returned,Credit Card,Mobile App,36771.29,6186.84,149,Delhi,MH,30733.45,2022-06,2022,Sneha Thompson,Male,Corporate,Delhi,DL,32.0,,,,,,,,,,
ORD00216,CUST0424,2022-07-06,2022-06-13,Pending,Upi,Online,38827.47,9540.82,199,Sydney,MH,29485.65,2022-07,2022,Grace Moore,Other,Consumer,Hyderabad,TS,46.0,PROD198,4.0,130.57,8.8,476.32,Reebok Football 148,Clothing,Football,Nike,59.52
ORD00217,CUST0773,2022-06-07,2022-06-14,Pending,Cod,Online,21602.3,1883.98,99,London,NSW,19817.32,2022-06,2022,Peter Johnson,Female,Home Office,New York,NY,46.0,PROD060,4.0,2725.01,7.6,10071.64,Penguin Laptop 245,Home & Kitchen,Mobile,Reebok,56.7
ORD00217,CUST0773,2022-06-07,2022-06-14,Pending,Cod,Online,21602.3,1883.98,99,London,NSW,19817.32,2022-06,2022,Peter Johnson,Female,Home Office,New York,NY,46.0,PROD154,7.0,3400.51,38.2,14710.61,Puma Jacket 845,Books,Jeans,Apple,30.08
ORD00217,CUST0773,2022-06-07,2022-06-14,Pending,Cod,Online,21602.3,1883.98,99,London,NSW,19817.32,2022-06,2022,Peter Johnson,Female,Home Office,New York,NY,46.0,PROD030,5.0,4095.67,14.2,17570.42,Penguin Yoga 168,Electronics,Running,Nike,55.16
ORD00217,CUST0773,2022-06-07,2022-06-14,Pending,Cod,Online,21602.3,1883.98,99,London,NSW,19817.32,2022-06,2022,Peter Johnson,Female,Home Office,New York,NY,46.0,PROD043,1.0,211.02,14.7,180.0,Puma Mobile 944,Clothing,Headphones,Sony,23.91
ORD00218,CUST0397,2022-06-08,2022-06-09,Shipped,Cod,Mobile App,2429.87,457.52,49,Bangalore,GJ,2021.35,2022-06,2022,Bob  Harris,Female,Home Office,New York,NY,46.0,PROD114,1.0,1789.85,21.4,1406.82,Lg Laptop 719,Sports,Tablet,Prestige,25.99
ORD00219,CUST0157,2022-09-06,2022-06-13,Delivered,Net Banking,Mobile App,34018.89,2301.85,199,Kolkata,NSW,31916.04,2022-09,2022,Wendy White,Male,Home Office,London,LDN,46.0,PROD045,1.0,3854.16,15.0,3276.04,Nike Headphones 607,Home & Kitchen,Laptop,Reebok,11.65
ORD00219,CUST0157,2022-09-06,2022-06-13,Delivered,Net Banking,Mobile App,34018.89,2301.85,199,Kolkata,NSW,31916.04,2022-09,2022,Wendy White,Male,Home Office,London,LDN,46.0,PROD049,9.0,708.25,3.1,6176.65,Nike Smartwatch 658,Books,Mobile,Philips,29.78
ORD00219,CUST0157,2022-09-06,2022-06-13,Delivered,Net Banking,Mobile App,34018.89,2301.85,199,Kolkata,NSW,31916.04,2022-09,2022,Wendy White,Male,Home Office,London,LDN,46.0,PROD156,4.0,3809.36,23.2,11702.35,Reebok Decor 139,Books,Appliances,Sony,54.53
ORD00219,CUST0157,2022-09-06,2022-06-13,Delivered,Net Banking,Mobile App,34018.89,2301.85,199,Kolkata,NSW,31916.04,2022-09,2022,Wendy White,Male,Home Office,London,LDN,46.0,PROD074,10.0,2896.71,36.8,18307.21,Reebok Non-Fiction 876,Home & Kitchen,Comics,Philips,40.32
ORD00221,CUST0635,2022-06-10,2022-06-13,Delivered,Upi,Mobile App,31920.26,10829.4,99,London,MH,21189.86,2022-06,2022,Xander Wilson,Other,Home Office,Jaipur,RJ,22.0,PROD033,4.0,1457.31,0.0,5829.24,Nike Furniture 421,Sports,Appliances,Nike,54.4
ORD00221,CUST0635,2022-06-10,2022-06-13,Delivered,Upi,Mobile App,31920.26,10829.4,99,London,MH,21189.86,2022-06,2022,Xander Wilson,Other,Home Office,Jaipur,RJ,22.0,PROD198,7.0,4786.58,38.7,20539.21,Reebok Football 148,Clothing,Football,Nike,59.52
ORD00222,CUST0509,2022-11-06,2022-06-13,Cancelled,Net Banking,Mobile App,5985.62,1090.37,99,Ahmedabad,GJ,4994.25,2022-11,2022,Grace  Lee,Female,Corporate,Bangalore,KA,46.0,PROD062,8.0,3419.78,25.4,20409.25,Samsung Cycling 783,Home & Kitchen,Football,Adidas,26.61
ORD00222,CUST0509,2022-11-06,2022-06-13,Cancelled,Net Banking,Mobile App,5985.62,1090.37,99,Ahmedabad,GJ,4994.25,2022-11,2022,Grace  Lee,Female,Corporate,Bangalore,KA,46.0,PROD062,4.0,329.67,35.4,851.87,Samsung Cycling 783,Home & Kitchen,Football,Adidas,26.61
ORD00222,CUST0509,2022-11-06,2022-06-13,Cancelled,Net Banking,Mobile App,5985.62,1090.37,99,Ahmedabad,GJ,4994.25,2022-11,2022,Grace  Lee,Female,Corporate,Bangalore,KA,46.0,PROD045,3.0,1001.79,26.9,2196.93,Nike Headphones 607,Home & Kitchen,Laptop,Reebok,11.65
ORD00223,CUST0710,2022-06-12,2022-06-14,Cancelled,Credit Card,In-Store,38273.21,11709.19,199,New York,GJ,26763.02,2022-06,2022,Iris Martin,Male,Corporate,Jaipur,RJ,31.0,PROD077,9.0,2882.88,21.1,20471.33,Nike Laptop 968,Home & Kitchen,Smartwatch,Adidas,58.83
ORD00224,CUST0200,2022-12-06,2022-06-19,Cancelled,Wallet,Online,22194.82,3614.51,49,Kolkata,MH,18629.31,2022-12,2022,Rahul Walker,Female,Home Office,Kolkata,WB,46.0,PROD181,10.0,50.35,5.0,478.32,Lg Self-Help 722,Clothing,Comics,Harpercollins,55.84
ORD00224,CUST0200,2022-12-06,2022-06-19,Cancelled,Wallet,Online,22194.82,3614.51,49,Kolkata,MH,18629.31,2022-12,2022,Rahul Walker,Female,Home Office,Kolkata,WB,46.0,PROD068,9.0,1163.65,1.8,10284.34,Nike T-Shirt 743,Home & Kitchen,Jacket,Apple,49.93
ORD00224,CUST0200,2022-12-06,2022-06-19,Cancelled,Wallet,Online,22194.82,3614.51,49,Kolkata,MH,18629.31,2022-12,2022,Rahul Walker,Female,Home Office,Kolkata,WB,46.0,PROD012,1.0,1234.21,28.8,878.76,Nike Fiction 847,Books,Self-Help,Lg,50.71
ORD00225,CUST0368,2022-06-13,2022-06-20,Pending,Net Banking,Mobile App,3579.43,1092.45,199,Hyderabad,MH,2685.98,2022-06,2022,Olivia Harris,Other,Home Office,London,LDN,38.0,PROD127,1.0,858.87,31.9,584.89,Prestige Jacket 193,Books,T-Shirt,Adidas,54.91
ORD00226,CUST0103,2022-06-14,2022-06-19,Cancelled,Upi,Online,43995.03,8351.43,199,New York,LDN,35842.6,2022-06,2022,Iris  Smith,Other,Consumer,Pune,MH,46.0,PROD110,6.0,3198.75,39.9,11534.69,Harpercollins Shoes 395,Books,Jeans,Reebok,40.0
ORD00226,CUST0103,2022-06-14,2022-06-19,Cancelled,Upi,Online,43995.03,8351.43,199,New York,LDN,35842.6,2022-06,2022,Iris  Smith,Other,Consumer,Pune,MH,46.0,PROD132,8.0,1284.45,34.2,6761.34,Prestige Football 126,Home & Kitchen,Cricket,Puma,26.02
ORD00227,CUST0535,2022-06-15,2022-06-18,Cancelled,Net Banking,Online,25497.61,6279.65,199,Hyderabad,RJ,19416.96,2022-06,2022,Rahul Smith,Male,Corporate,New York,NY,46.0,PROD112,6.0,4908.72,10.7,26300.92,Samsung Mobile 229,Electronics,Camera,Philips,53.15
ORD00228,CUST0621,2022-06-15,2022-06-20,Delivered,Cod,Online,24577.85,5523.65,149,Surat,RJ,19203.2,2022-06,2022,Iris Shah,Female,Consumer,Surat,GJ,63.0,PROD150,3.0,1475.7,15.7,3732.05,Samsung Furniture 477,Books,Decor,Samsung,54.62
ORD00228,CUST0621,2022-06-15,2022-06-20,Delivered,Cod,Online,24577.85,5523.65,149,Surat,RJ,19203.2,2022-06,2022,Iris Shah,Female,Consumer,Surat,GJ,63.0,PROD188,6.0,2266.35,4.4,12999.78,Puma Swimming 432,Books,Running,Puma,48.2
ORD00229,CUST0818,2022-06-16,2022-06-19,Pending,Credit Card,Online,38496.27,11897.12,49,Hyderabad,ON,26648.15,2022-06,2022,Sneha Brown,Other,Home Office,Mumbai,MH,24.0,PROD118,6.0,2290.78,35.9,8810.34,Philips Tablet 619,Books,Camera,Samsung,55.89
ORD00230,CUST0387,2022-06-17,2022-06-24,Cancelled,Credit Card,Mobile App,45729.56,111.14,149,Chennai,TS,45767.42,2022-06,2022,Diana Harris,Other,Corporate,Jaipur,RJ,60.0,PROD134,1.0,4192.43,0.0,4192.43,Sony History 898,Clothing,Fiction,Lg,46.08
ORD00230,CUST0387,2022-06-17,2022-06-24,Cancelled,Credit Card,Mobile App,45729.56,111.14,149,Chennai,TS,45767.42,2022-06,2022,Diana Harris,Other,Corporate,Jaipur,RJ,60.0,PROD014,9.0,194.82,27.4,1272.95,Sony Science 117,Electronics,Science,Reebok,39.2
ORD00231,CUST0161,2022-06-18,2022-06-23,Delivered,Cod,Mobile App,13194.48,2138.69,99,Kolkata,GJ,11154.79,2022-06,2022,Amit Miller,Female,Corporate,Mumbai,MH,46.0,,,,,,,,,,
ORD00232,CUST0149,2022-06-18,2022-06-22,Cancelled,Net Banking,Mobile App,34803.26,7455.72,49,Chennai,TS,27396.54,2022-06,2022,Diana Anderson,Male,Home Office,Sydney,NSW,28.0,PROD196,7.0,1585.34,6.7,10353.86,Harpercollins Cookware 952,Books,Cookware,Samsung,48.35
ORD00232,CUST0149,2022-06-18,2022-06-22,Cancelled,Net Banking,Mobile App,34803.26,7455.72,49,Chennai,TS,27396.54,2022-06,2022,Diana Anderson,Male,Home Office,Sydney,NSW,28.0,PROD139,6.0,4371.8,34.0,17312.33,Penguin Jeans 977,Home & Kitchen,Jacket,Nike,42.7
ORD00232,CUST0149,2022-06-18,2022-06-22,Cancelled,Net Banking,Mobile App,34803.26,7455.72,49,Chennai,TS,27396.54,2022-06,2022,Diana Anderson,Male,Home Office,Sydney,NSW,28.0,PROD064,2.0,517.28,26.6,759.37,Apple Laptop 953,Clothing,Camera,Harpercollins,39.99
ORD00233,CUST0345,2022-06-19,2022-06-25,Returned,Credit Card,In-Store,38577.03,14777.18,99,Bangalore,NY,23898.85,2022-06,2022,,,,,,,PROD095,4.0,1045.21,30.0,2926.59,Lg Saree 263,Sports,Dress,Prestige,49.5
ORD00233,CUST0345,2022-06-19,2022-06-25,Returned,Credit Card,In-Store,38577.03,14777.18,99,Bangalore,NY,23898.85,2022-06,2022,,,,,,,PROD003,2.0,1473.04,10.8,2627.9,Samsung Camera 763,Electronics,Mobile,Nike,43.08
ORD00233,CUST0345,2022-06-19,2022-06-25,Returned,Credit Card,In-Store,38577.03,14777.18,99,Bangalore,NY,23898.85,2022-06,2022,,,,,,,PROD047,6.0,1014.07,0.6,6047.91,Puma Cookware 294,Sports,Appliances,Prestige,37.79
ORD00234,CUST0159,2022-06-20,2022-06-22,Cancelled,Cod,In-Store,34647.22,1565.43,99,Ahmedabad,GJ,33180.79,2022-06,2022,Charlie Miller,Female,Corporate,Delhi,DL,46.0,PROD108,3.0,4058.21,31.6,8327.45,Samsung Saree 374,Electronics,Jacket,Philips,52.83
ORD00234,CUST0159,2022-06-20,2022-06-22,Cancelled,Cod,In-Store,34647.22,1565.43,99,Ahmedabad,GJ,33180.79,2022-06,2022,Charlie Miller,Female,Corporate,Delhi,DL,46.0,PROD045,9.0,3616.19,9.2,29551.5,Nike Headphones 607,Home & Kitchen,Laptop,Reebok,11.65
ORD00234,CUST0159,2022-06-20,2022-06-22,Cancelled,Cod,In-Store,34647.22,1565.43,99,Ahmedabad,GJ,33180.79,2022-06,2022,Charlie Miller,Female,Corporate,Delhi,DL,46.0,PROD051,8.0,1120.95,26.2,6618.09,Harpercollins Fiction 843,Electronics,Comics,Adidas,47.6
ORD00235,CUST0464,2022-06-20,2022-06-25,Shipped,Upi,In-Store,20985.48,224.83,149,Mumbai,GJ,20909.65,2022-06,2022,Mia Johnson,Female,Home Office,Bangalore,KA,18.0,PROD048,3.0,2961.03,36.3,5658.53,Adidas Jacket 176,Home & Kitchen,Jeans,Apple,57.33
ORD00235,CUST0464,2022-06-20,2022-06-25,Shipped,Upi,In-Store,20985.48,224.83,149,Mumbai,GJ,20909.65,2022-06,2022,Mia Johnson,Female,Home Office,Bangalore,KA,18.0,PROD144,3.0,4466.53,6.7,12501.82,Penguin Camera 300,Sports,Mobile,Samsung,50.16
ORD00237,CUST0336,2022-06-22,2022-06-27,Shipped,Cod,Mobile App,26572.05,10188.68,99,Kolkata,ON,16482.37,2022-06,2022,Mia Lee,Male,Corporate,New York,NY,20.0,PROD099,5.0,2533.91,30.3,8830.68,Reebok Cricket 803,Sports,Cycling,Puma,51.59
ORD00237,CUST0336,2022-06-22,2022-06-27,Shipped,Cod,Mobile App,26572.05,10188.68,99,Kolkata,ON,16482.37,2022-06,2022,Mia Lee,Male,Corporate,New York,NY,20.0,PROD015,2.0,3209.66,20.4,5109.78,Nike Jacket 551,Electronics,Jacket,Apple,10.71
ORD00238,CUST0648,2022-06-23,2022-06-28,Cancelled,Cod,Mobile App,37150.71,4130.21,49,Delhi,WB,33069.5,2022-06,2022,Steve Wilson,Other,Consumer,New York,NY,46.0,PROD182,6.0,2412.58,3.2,14012.26,Samsung Running 478,Electronics,Football,Adidas,51.49
ORD00239,CUST0414,2022-06-23,2022-06-25,Returned,Credit Card,Mobile App,39162.22,10867.33,0,Hyderabad,TN,28294.89,2022-06,2022,Peter Moore,Female,Corporate,London,LDN,61.0,,,,,,,,,,
ORD00240,CUST0058,2022-06-24,2022-06-26,Cancelled,Credit Card,Online,20772.84,4171.17,0,Kolkata,ON,16601.67,2022-06,2022,Nick Harris,Female,Consumer,Kolkata,WB,46.0,PROD168,10.0,633.22,100.0,0.0,Apple Tablet 908,Clothing,Laptop,Samsung,50.92
ORD00241,CUST0005,2022-06-25,2022-06-28,Returned,Cod,Mobile App,32080.57,8511.92,0,Pune,MH,23568.65,2022-06,2022,Rachel Miller,Female,Consumer,Mumbai,MH,46.0,PROD124,1.0,3906.68,10.6,3492.57,Sony Science 562,Electronics,Self-Help,Harpercollins,42.34
ORD00241,CUST0005,2022-06-25,2022-06-28,Returned,Cod,Mobile App,32080.57,8511.92,0,Pune,MH,23568.65,2022-06,2022,Rachel Miller,Female,Consumer,Mumbai,MH,46.0,PROD170,2.0,3254.39,1.2,6430.67,Adidas Shoes 686,Home & Kitchen,Shoes,Prestige,52.73
ORD00241,CUST0005,2022-06-25,2022-06-28,Returned,Cod,Mobile App,32080.57,8511.92,0,Pune,MH,23568.65,2022-06,2022,Rachel Miller,Female,Consumer,Mumbai,MH,46.0,PROD167,2.0,3242.07,35.4,4188.75,Penguin Saree 689,Home & Kitchen,T-Shirt,Apple,49.15
ORD00241,CUST0005,2022-06-25,2022-06-28,Returned,Cod,Mobile App,32080.57,8511.92,0,Pune,MH,23568.65,2022-06,2022,Rachel Miller,Female,Consumer,Mumbai,MH,46.0,PROD148,6.0,4428.88,39.5,16076.83,Samsung Jacket 758,Home & Kitchen,Jeans,Apple,47.56
ORD00242,CUST0170,2022-06-26,2022-06-29,Pending,Cod,Mobile App,29036.93,8776.18,0,Chennai,GJ,20260.75,2022-06,2022,Rahul  Brown,Female,Home Office,Ahmedabad,GJ,46.0,PROD140,5.0,2917.65,13.6,12604.25,Harpercollins Decor 546,Sports,Decor,Reebok,57.57
ORD00243,CUST0131,2022-06-26,2022-06-29,Shipped,Credit Card,In-Store,12704.63,3925.22,49,Hyderabad,WB,8828.41,2022-06,2022,Arjun Wilson,Male,Consumer,Surat,GJ,46.0,,,,,,,,,,
ORD00244,CUST0256,2022-06-27,2022-06-30,Cancelled,Upi,In-Store,4748.37,2.8,149,Toronto,RJ,4894.57,2022-06,2022,Amit Thomas,Female,Home Office,Surat,GJ,42.0,,,,,,,,,,
ORD00245,CUST0039,2022-06-28,2022-07-05,Delivered,Cod,Online,2814.52,674.45,49,Hyderabad,WB,2189.07,2022-06,2022,Uma Walker,Other,Home Office,Ahmedabad,GJ,46.0,PROD030,8.0,1067.2,20.6,6778.85,Penguin Yoga 168,Electronics,Running,Nike,55.16
ORD00245,CUST0039,2022-06-28,2022-07-05,Delivered,Cod,Online,2814.52,674.45,49,Hyderabad,WB,2189.07,2022-06,2022,Uma Walker,Other,Home Office,Ahmedabad,GJ,46.0,PROD088,1.0,3808.89,39.9,2289.14,Reebok Furniture 514,Home & Kitchen,Appliances,Prestige,15.84
ORD00246,CUST0133,2022-06-28,2022-07-01,Returned,Debit Card,In-Store,22368.7,428.8,0,Bangalore,LDN,21939.9,2022-06,2022,Henry Thomas,Male,Corporate,New York,NY,48.0,PROD133,6.0,2031.54,30.8,8434.95,Nike Swimming 562,Books,Football,Puma,14.61
ORD00247,CUST0230,2022-06-29,2022-07-02,Delivered,Credit Card,In-Store,25927.31,9315.73,0,Mumbai,WB,16611.58,2022-06,2022,Leo Martin,Female,Corporate,Jaipur,RJ,46.0,PROD014,4.0,2624.49,4.0,10078.04,Sony Science 117,Electronics,Science,Reebok,39.2
ORD00248,CUST0919,2022-06-30,2022-07-03,Delivered,Net Banking,Online,26481.74,6362.38,149,Mumbai,KA,20268.36,2022-06,2022,Grace Martin,Female,Consumer,Jaipur,RJ,33.0,PROD041,2.0,524.55,1.8,1030.22,Nike Cookware 488,Books,Cookware,Samsung,33.81
ORD00250,CUST0294,2022-07-01,2022-07-05,Cancelled,Debit Card,Online,33059.62,254.43,49,Bangalore,DL,32854.19,2022-07,2022,Frank Smith,Other,Corporate,Chennai,TN,18.0,PROD126,5.0,4109.22,0.0,20546.1,Reebok Cricket 811,Electronics,Cycling,Philips,41.97
ORD00250,CUST0294,2022-07-01,2022-07-05,Cancelled,Debit Card,Online,33059.62,254.43,49,Bangalore,DL,32854.19,2022-07,2022,Frank Smith,Other,Corporate,Chennai,TN,18.0,PROD197,2.0,2874.81,0.4,5726.62,Apple Cycling 713,Books,Cricket,Samsung,43.22
ORD00251,CUST0040,2022-02-07,2022-02-10,Pending,Upi,Mobile App,48300.45,18381.4,49,Delhi,TN,29968.05,2022-02,2022,Wendy  Harris,Other,Consumer,Delhi,DL,59.0,,,,,,,,,,
ORD00253,CUST0392,2022-07-04,2022-07-06,Returned,Credit Card,In-Store,35989.69,12733.99,149,Jaipur,MH,23404.7,2022-07,2022,Alice  Jones,Female,Corporate,Sydney,NSW,23.0,PROD144,2.0,4822.15,5.5,9113.86,Penguin Camera 300,Sports,Mobile,Samsung,50.16
ORD00253,CUST0392,2022-07-04,2022-07-06,Returned,Credit Card,In-Store,35989.69,12733.99,149,Jaipur,MH,23404.7,2022-07,2022,Alice  Jones,Female,Corporate,Sydney,NSW,23.0,PROD035,6.0,896.84,6.0,5058.18,Adidas Tablet 510,Books,Headphones,Nike,75.82
ORD00254,CUST0762,2022-07-04,2022-07-08,Returned,Net Banking,In-Store,23665.17,3709.88,0,Kolkata,ON,19955.29,2022-07,2022,Karen White,Other,Corporate,Sydney,NSW,46.0,PROD037,4.0,4506.88,39.6,10888.62,Nike Laptop 575,Sports,Camera,Harpercollins,17.99
ORD00255,CUST0480,2022-07-05,2022-07-09,Returned,Debit Card,In-Store,42049.53,4038.57,0,Ahmedabad,MH,38010.96,2022-07,2022,Tina Wilson,Female,Home Office,Chennai,TN,49.0,PROD158,7.0,3807.17,14.7,22732.61,Nike Yoga 654,Home & Kitchen,Football,Samsung,56.49
ORD00255,CUST0480,2022-07-05,2022-07-09,Returned,Debit Card,In-Store,42049.53,4038.57,0,Ahmedabad,MH,38010.96,2022-07,2022,Tina Wilson,Female,Home Office,Chennai,TN,49.0,PROD183,3.0,1666.25,7.3,4633.84,Apple Non-Fiction 981,Clothing,Comics,Philips,58.04
ORD00256,CUST0463,2022-07-06,2022-07-09,Returned,Upi,Mobile App,40242.79,16004.81,149,Hyderabad,GJ,24386.98,2022-07,2022,Eve  Davis,Male,Consumer,New York,NY,61.0,PROD021,10.0,3867.0,3.0,37509.9,Nike Decor 240,Sports,Bedding,Apple,58.93
ORD00256,CUST0463,2022-07-06,2022-07-09,Returned,Upi,Mobile App,40242.79,16004.81,149,Hyderabad,GJ,24386.98,2022-07,2022,Eve  Davis,Male,Consumer,New York,NY,61.0,PROD198,6.0,2836.15,26.0,12592.51,Reebok Football 148,Clothing,Football,Nike,59.52
ORD00256,CUST0463,2022-07-06,2022-07-09,Returned,Upi,Mobile App,40242.79,16004.81,149,Hyderabad,GJ,24386.98,2022-07,2022,Eve  Davis,Male,Consumer,New York,NY,61.0,PROD027,4.0,2094.63,6.0,7875.81,Harpercollins Saree 716,Home & Kitchen,Saree,Apple,18.1
ORD00256,CUST0463,2022-07-06,2022-07-09,Returned,Upi,Mobile App,40242.79,16004.81,149,Hyderabad,GJ,24386.98,2022-07,2022,Eve  Davis,Male,Consumer,New York,NY,61.0,PROD193,1.0,1077.07,5.2,1021.06,Adidas Yoga 743,Electronics,Running,Philips,46.63
ORD00257,CUST0874,2022-07-07,2022-07-09,Returned,Wallet,In-Store,13301.67,1432.98,99,Ahmedabad,MH,11967.69,2022-07,2022,Frank Shah,Female,Corporate,Ahmedabad,GJ,64.0,PROD071,1.0,79.22,16.5,66.15,Harpercollins Camera 448,Electronics,Smartwatch,Samsung,47.49
ORD00257,CUST0874,2022-07-07,2022-07-09,Returned,Wallet,In-Store,13301.67,1432.98,99,Ahmedabad,MH,11967.69,2022-07,2022,Frank Shah,Female,Corporate,Ahmedabad,GJ,64.0,PROD091,8.0,3702.17,23.0,22805.37,Samsung Fiction 485,Clothing,Self-Help,Apple,40.0
ORD00258,CUST0869,2022-07-07,2022-07-12,Returned,Wallet,Online,32582.94,8366.32,99,London,DL,24315.62,2022-07,2022,Mia Brown,Other,Corporate,Jaipur,RJ,46.0,,,,,,,,,,
ORD00259,CUST1000,2022-08-07,2022-07-15,Delivered,Upi,In-Store,43764.74,15755.14,0,Delhi,GJ,28009.6,2022-08,2022,Tina Patel,Female,Home Office,Ahmedabad,GJ,46.0,PROD123,4.0,412.32,7.3,1528.88,Apple Comics 186,Home & Kitchen,History,Nike,48.14
ORD00259,CUST1000,2022-08-07,2022-07-15,Delivered,Upi,In-Store,43764.74,15755.14,0,Delhi,GJ,28009.6,2022-08,2022,Tina Patel,Female,Home Office,Ahmedabad,GJ,46.0,PROD029,6.0,2001.76,37.0,7566.65,Puma Shoes 790,Books,Jacket,Samsung,-14.06
ORD00260,CUST0977,2022-07-09,2022-07-10,Pending,Wallet,In-Store,14832.23,3927.12,49,Sydney,ON,10954.11,2022-07,2022,Alice Brown,Male,Corporate,Surat,GJ,27.0,PROD144,4.0,995.43,6.9,3706.98,Penguin Camera 300,Sports,Mobile,Samsung,50.16
ORD00260,CUST0977,2022-07-09,2022-07-10,Pending,Wallet,In-Store,14832.23,3927.12,49,Sydney,ON,10954.11,2022-07,2022,Alice Brown,Male,Corporate,Surat,GJ,27.0,PROD028,5.0,4321.01,15.1,18342.69,Apple Science 123,Clothing,History,Samsung,55.38
ORD00261,CUST0105,2022-09-07,2022-07-16,Returned,Upi,Online,18759.36,3060.19,0,Pune,NSW,15699.17,2022-09,2022,,,,,,,PROD181,7.0,3723.27,24.0,19807.8,Lg Self-Help 722,Clothing,Comics,Harpercollins,55.84
ORD00261,CUST0105,2022-09-07,2022-07-16,Returned,Upi,Online,18759.36,3060.19,0,Pune,NSW,15699.17,2022-09,2022,,,,,,,PROD152,10.0,3607.3,16.8,30012.74,Nike Fiction 779,Sports,Non-Fiction,Sony,30.74
ORD00261,CUST0105,2022-09-07,2022-07-16,Returned,Upi,Online,18759.36,3060.19,0,Pune,NSW,15699.17,2022-09,2022,,,,,,,PROD018,5.0,2850.12,37.5,8906.62,Philips Lighting 243,Home & Kitchen,Furniture,Apple,41.07
ORD00261,CUST0105,2022-09-07,2022-07-16,Returned,Upi,Online,18759.36,3060.19,0,Pune,NSW,15699.17,2022-09,2022,,,,,,,PROD122,9.0,1102.49,32.5,6697.63,Penguin Camera 744,Clothing,Mobile,Adidas,52.36
ORD00261,CUST0105,2022-09-07,2022-07-16,Returned,Upi,Online,18759.36,3060.19,0,Pune,NSW,15699.17,2022-09,2022,,,,,,,PROD080,5.0,2104.17,30.4,7322.51,Samsung Dress 334,Sports,Shoes,Apple,33.19
ORD00262,CUST0189,2022-07-10,2022-07-16,Returned,Upi,In-Store,7894.88,703.68,99,Bangalore,TS,7290.2,2022-07,2022,Mia Johnson,Female,Consumer,Delhi,DL,45.0,PROD191,3.0,3308.53,35.4,6411.93,Prestige Dress 944,Home & Kitchen,Jeans,Apple,48.89
ORD00263,CUST0369,2022-07-11,2022-07-13,Returned,Credit Card,Online,45482.69,10367.8,149,Mumbai,RJ,35263.89,2022-07,2022,Rachel Shah,Other,Home Office,Pune,MH,46.0,,,,,,,,,,
ORD00265,CUST0676,2022-12-07,2022-07-19,Delivered,Debit Card,Online,15980.43,5397.94,99,Pune,LDN,10681.49,2022-12,2022,Zoe Thomas,Other,Home Office,Jaipur,RJ,20.0,PROD171,7.0,369.37,20.7,2050.37,Nike Cricket 448,Clothing,Cycling,Lg,54.33
ORD00265,CUST0676,2022-12-07,2022-07-19,Delivered,Debit Card,Online,15980.43,5397.94,99,Pune,LDN,10681.49,2022-12,2022,Zoe Thomas,Other,Home Office,Jaipur,RJ,20.0,PROD068,6.0,1008.71,0.0,6052.26,Nike T-Shirt 743,Home & Kitchen,Jacket,Apple,49.93
ORD00266,CUST0378,2022-07-13,2022-07-16,Pending,Cod,Online,34950.22,5940.34,199,Delhi,MH,29208.88,2022-07,2022,Priya Taylor,Female,Home Office,Hyderabad,TS,33.0,,,,,,,,,,
ORD00267,CUST0532,2022-07-14,2022-07-19,Shipped,Wallet,Online,40776.11,12881.55,99,New York,TS,27993.56,2022-07,2022,Henry Garcia,Female,Corporate,Bangalore,KA,46.0,,,,,,,,,,
ORD00268,CUST0578,2022-07-15,2022-07-16,Returned,Cod,Mobile App,43697.83,14456.45,99,Surat,LDN,29340.38,2022-07,2022,Peter Brown,Male,Home Office,Mumbai,MH,64.0,PROD199,8.0,3447.17,20.5,21924.0,Adidas Swimming 953,Home & Kitchen,Cricket,Adidas,9.45
ORD00268,CUST0578,2022-07-15,2022-07-16,Returned,Cod,Mobile App,43697.83,14456.45,99,Surat,LDN,29340.38,2022-07,2022,Peter Brown,Male,Home Office,Mumbai,MH,64.0,PROD004,7.0,1619.12,9.7,10234.46,Sony Cookware 400,Clothing,Furniture,Puma,43.32
ORD00269,CUST0755,2022-07-15,2022-07-16,Pending,Cod,In-Store,27384.54,1301.93,199,Delhi,KA,26281.61,2022-07,2022,,,,,,,PROD049,3.0,2450.92,31.9,5007.23,Nike Smartwatch 658,Books,Mobile,Philips,29.78
ORD00271,CUST0846,2022-07-17,2022-07-18,Pending,Cod,Mobile App,48040.44,4435.5,0,Jaipur,MH,43604.94,2022-07,2022,Henry White,Female,Home Office,Surat,GJ,23.0,,,,,,,,,,
ORD00272,CUST0269,2022-07-17,2022-07-18,Shipped,Debit Card,In-Store,30255.52,7563.03,199,Pune,GJ,22891.49,2022-07,2022,Nick Martin,Other,Corporate,Chennai,TN,31.0,PROD107,1.0,4490.67,7.8,4140.4,Penguin Shoes 647,Electronics,Jeans,Harpercollins,43.39
ORD00272,CUST0269,2022-07-17,2022-07-18,Shipped,Debit Card,In-Store,30255.52,7563.03,199,Pune,GJ,22891.49,2022-07,2022,Nick Martin,Other,Corporate,Chennai,TN,31.0,PROD045,1.0,1164.49,35.8,747.6,Nike Headphones 607,Home & Kitchen,Laptop,Reebok,11.65
ORD00272,CUST0269,2022-07-17,2022-07-18,Shipped,Debit Card,In-Store,30255.52,7563.03,199,Pune,GJ,22891.49,2022-07,2022,Nick Martin,Other,Corporate,Chennai,TN,31.0,PROD073,6.0,1442.69,9.1,7868.43,Philips Running 721,Sports,Yoga,Nike,52.7
ORD00273,CUST0105,2022-07-18,2022-07-24,Delivered,Debit Card,Mobile App,6554.45,1524.5,199,New York,MH,5228.95,2022-07,2022,,,,,,,PROD082,10.0,4365.97,31.5,29906.89,Samsung Lighting 904,Books,Furniture,Nike,29.28
ORD00273,CUST0105,2022-07-18,2022-07-24,Delivered,Debit Card,Mobile App,6554.45,1524.5,199,New York,MH,5228.95,2022-07,2022,,,,,,,PROD094,7.0,1798.42,12.1,11065.68,Adidas Comics 457,Sports,Self-Help,Philips,53.91
ORD00273,CUST0105,2022-07-18,2022-07-24,Delivered,Debit Card,Mobile App,6554.45,1524.5,199,New York,MH,5228.95,2022-07,2022,,,,,,,PROD163,7.0,4757.97,22.2,25911.9,Puma Furniture 243,Clothing,Cookware,Penguin,49.39
ORD00274,CUST0946,2022-07-19,2022-07-20,Returned,Cod,Mobile App,42780.44,11406.59,49,New York,MH,31422.85,2022-07,2022,Iris Davis,Female,Home Office,Jaipur,RJ,22.0,PROD194,3.0,3873.58,31.3,7983.45,Harpercollins Fiction 998,Electronics,Self-Help,Philips,26.4
ORD00274,CUST0946,2022-07-19,2022-07-20,Returned,Cod,Mobile App,42780.44,11406.59,49,New York,MH,31422.85,2022-07,2022,Iris Davis,Female,Home Office,Jaipur,RJ,22.0,PROD170,8.0,2424.49,31.4,13305.6,Adidas Shoes 686,Home & Kitchen,Shoes,Prestige,52.73
ORD00275,CUST0529,2022-07-20,2022-07-23,Cancelled,Cod,In-Store,12902.96,3121.65,149,Mumbai,DL,9930.31,2022-07,2022,Eve Miller,Female,Corporate,Hyderabad,TS,46.0,,,,,,,,,,
ORD00276,CUST0872,2022-07-20,2022-07-21,Returned,Debit Card,In-Store,28227.41,1454.4,149,Toronto,TN,26922.01,2022-07,2022,Peter Thompson,Other,Consumer,Hyderabad,TS,46.0,,,,,,,,,,
ORD00277,CUST0645,2022-07-21,2022-07-24,Pending,Wallet,Online,22739.87,8472.11,199,Pune,NSW,14466.76,2022-07,2022,Eve Williams,Female,Consumer,Ahmedabad,GJ,29.0,PROD194,6.0,284.81,39.0,1042.4,Harpercollins Fiction 998,Electronics,Self-Help,Philips,26.4
ORD00277,CUST0645,2022-07-21,2022-07-24,Pending,Wallet,Online,22739.87,8472.11,199,Pune,NSW,14466.76,2022-07,2022,Eve Williams,Female,Consumer,Ahmedabad,GJ,29.0,PROD113,3.0,2076.25,16.1,5225.92,Nike Laptop 971,Home & Kitchen,Tablet,Lg,26.98
ORD00278,CUST0170,2022-07-22,2022-07-26,Delivered,Upi,Mobile App,17303.16,4223.86,199,Kolkata,NSW,13278.3,2022-07,2022,Rahul  Brown,Female,Home Office,Ahmedabad,GJ,46.0,PROD051,5.0,4159.25,13.1,18071.94,Harpercollins Fiction 843,Electronics,Comics,Adidas,47.6
ORD00278,CUST0170,2022-07-22,2022-07-26,Delivered,Upi,Mobile App,17303.16,4223.86,199,Kolkata,NSW,13278.3,2022-07,2022,Rahul  Brown,Female,Home Office,Ahmedabad,GJ,46.0,PROD172,1.0,704.76,33.5,468.67,Puma Football 366,Books,Swimming,Nike,33.7
ORD00278,CUST0170,2022-07-22,2022-07-26,Delivered,Upi,Mobile App,17303.16,4223.86,199,Kolkata,NSW,13278.3,2022-07,2022,Rahul  Brown,Female,Home Office,Ahmedabad,GJ,46.0,PROD110,6.0,1755.37,17.2,8720.68,Harpercollins Shoes 395,Books,Jeans,Reebok,40.0
ORD00278,CUST0170,2022-07-22,2022-07-26,Delivered,Upi,Mobile App,17303.16,4223.86,199,Kolkata,NSW,13278.3,2022-07,2022,Rahul  Brown,Female,Home Office,Ahmedabad,GJ,46.0,PROD192,5.0,2581.9,29.0,9165.74,Sony Non-Fiction 107,Books,Non-Fiction,Samsung,39.21
ORD00279,CUST0791,2022-07-23,2022-07-30,Returned,Upi,Mobile App,32899.48,2030.82,199,Pune,NSW,31067.66,2022-07,2022,Yara Smith,Male,Corporate,Delhi,DL,46.0,PROD044,5.0,4086.77,13.5,17675.28,Penguin Saree 425,Sports,Jeans,Adidas,45.75
ORD00279,CUST0791,2022-07-23,2022-07-30,Returned,Upi,Mobile App,32899.48,2030.82,199,Pune,NSW,31067.66,2022-07,2022,Yara Smith,Male,Corporate,Delhi,DL,46.0,PROD134,9.0,1955.01,27.3,12791.63,Sony History 898,Clothing,Fiction,Lg,46.08
ORD00279,CUST0791,2022-07-23,2022-07-30,Returned,Upi,Mobile App,32899.48,2030.82,199,Pune,NSW,31067.66,2022-07,2022,Yara Smith,Male,Corporate,Delhi,DL,46.0,PROD096,3.0,4847.85,15.3,12318.39,Apple Lighting 795,Books,Bedding,Apple,37.49
ORD00280,CUST0883,2022-07-23,2022-07-28,Shipped,Cod,Mobile App,12472.62,1599.57,199,New York,TN,11072.05,2022-07,2022,Grace Smith,Other,Corporate,Jaipur,RJ,63.0,PROD083,3.0,2055.62,0.1,6160.69,Philips Swimming 657,Books,Football,Philips,59.17
ORD00281,CUST0520,2022-07-24,2022-07-29,Shipped,Debit Card,In-Store,20050.88,4128.62,149,Delhi,LDN,16071.26,2022-07,2022,Amit  Thompson,Female,Corporate,Chennai,TN,56.0,,,,,,,,,,
ORD00282,CUST0904,2022-07-25,2022-07-28,Delivered,Cod,Mobile App,45826.59,7952.35,99,Chennai,MH,37973.24,2022-07,2022,Uma Davis,Male,Home Office,Delhi,DL,41.0,PROD049,1.0,3269.54,31.9,2226.56,Nike Smartwatch 658,Books,Mobile,Philips,29.78
ORD00282,CUST0904,2022-07-25,2022-07-28,Delivered,Cod,Mobile App,45826.59,7952.35,99,Chennai,MH,37973.24,2022-07,2022,Uma Davis,Male,Home Office,Delhi,DL,41.0,PROD076,4.0,4987.3,21.2,15719.97,Apple Swimming 348,Books,Cricket,Apple,56.86
ORD00282,CUST0904,2022-07-25,2022-07-28,Delivered,Cod,Mobile App,45826.59,7952.35,99,Chennai,MH,37973.24,2022-07,2022,Uma Davis,Male,Home Office,Delhi,DL,41.0,PROD167,10.0,1504.73,7.9,13858.56,Penguin Saree 689,Home & Kitchen,T-Shirt,Apple,49.15
ORD00283,CUST0931,2022-07-25,2022-07-27,Returned,Net Banking,Mobile App,8716.06,1824.3,99,Chennai,LDN,6990.76,2022-07,2022,Victor Johnson,Other,Consumer,Kolkata,WB,46.0,PROD178,10.0,382.43,15.6,3227.71,Nike Camera 275,Sports,Camera,Samsung,44.67
ORD00283,CUST0931,2022-07-25,2022-07-27,Returned,Net Banking,Mobile App,8716.06,1824.3,99,Chennai,LDN,6990.76,2022-07,2022,Victor Johnson,Other,Consumer,Kolkata,WB,46.0,PROD092,4.0,2588.04,15.2,8778.63,Penguin Mobile 186,Electronics,Mobile,Harpercollins,35.83
ORD00284,CUST0013,2022-07-26,2022-07-30,Cancelled,Credit Card,In-Store,4872.72,390.09,199,Pune,MH,4681.63,2022-07,2022,Iris Harris,Female,Corporate,Pune,MH,46.0,PROD131,5.0,54.6,18.3,223.04,Adidas Camera 887,Clothing,Headphones,Adidas,50.24
ORD00284,CUST0013,2022-07-26,2022-07-30,Cancelled,Credit Card,In-Store,4872.72,390.09,199,Pune,MH,4681.63,2022-07,2022,Iris Harris,Female,Corporate,Pune,MH,46.0,PROD023,2.0,1118.8,34.0,1476.82,Samsung T-Shirt 863,Clothing,Shoes,Harpercollins,44.46
ORD00284,CUST0013,2022-07-26,2022-07-30,Cancelled,Credit Card,In-Store,4872.72,390.09,199,Pune,MH,4681.63,2022-07,2022,Iris Harris,Female,Corporate,Pune,MH,46.0,PROD089,8.0,4959.49,9.2,36025.74,Penguin Football 980,Electronics,Football,Nike,31.17
ORD00285,CUST0345,2022-07-27,2022-08-01,Delivered,Debit Card,Mobile App,30014.58,0.0,49,Sydney,GJ,30063.58,2022-07,2022,,,,,,,PROD064,3.0,1746.82,31.0,3615.92,Apple Laptop 953,Clothing,Camera,Harpercollins,39.99
ORD00285,CUST0345,2022-07-27,2022-08-01,Delivered,Debit Card,Mobile App,30014.58,0.0,49,Sydney,GJ,30063.58,2022-07,2022,,,,,,,PROD037,8.0,3252.41,22.3,20216.98,Nike Laptop 575,Sports,Camera,Harpercollins,17.99
ORD00285,CUST0345,2022-07-27,2022-08-01,Delivered,Debit Card,Mobile App,30014.58,0.0,49,Sydney,GJ,30063.58,2022-07,2022,,,,,,,PROD082,3.0,3339.47,100.0,0.0,Samsung Lighting 904,Books,Furniture,Nike,29.28
ORD00286,CUST0072,2022-07-28,2022-07-31,Returned,Debit Card,Online,14550.68,289.09,149,Jaipur,DL,14410.59,2022-07,2022,Quinn  Anderson,Female,Consumer,Mumbai,MH,57.0,PROD029,6.0,3781.27,35.9,14542.76,Puma Shoes 790,Books,Jacket,Samsung,-14.06
ORD00286,CUST0072,2022-07-28,2022-07-31,Returned,Debit Card,Online,14550.68,289.09,149,Jaipur,DL,14410.59,2022-07,2022,Quinn  Anderson,Female,Consumer,Mumbai,MH,57.0,PROD110,3.0,2324.18,100.0,0.0,Harpercollins Shoes 395,Books,Jeans,Reebok,40.0
ORD00287,CUST0423,2022-07-28,2022-07-31,Cancelled,Credit Card,Mobile App,30885.29,9228.44,0,Pune,MH,21656.85,2022-07,2022,Rahul Johnson,Other,Corporate,Delhi,DL,43.0,PROD134,10.0,817.33,12.9,7118.94,Sony History 898,Clothing,Fiction,Lg,46.08
ORD00287,CUST0423,2022-07-28,2022-07-31,Cancelled,Credit Card,Mobile App,30885.29,9228.44,0,Pune,MH,21656.85,2022-07,2022,Rahul Johnson,Other,Corporate,Delhi,DL,43.0,PROD176,10.0,1085.24,17.3,8974.93,Nike Jacket 282,Electronics,Shoes,Puma,11.71
ORD00287,CUST0423,2022-07-28,2022-07-31,Cancelled,Credit Card,Mobile App,30885.29,9228.44,0,Pune,MH,21656.85,2022-07,2022,Rahul Johnson,Other,Corporate,Delhi,DL,43.0,PROD131,3.0,1524.47,29.7,3215.11,Adidas Camera 887,Clothing,Headphones,Adidas,50.24
ORD00287,CUST0423,2022-07-28,2022-07-31,Cancelled,Credit Card,Mobile App,30885.29,9228.44,0,Pune,MH,21656.85,2022-07,2022,Rahul Johnson,Other,Corporate,Delhi,DL,43.0,PROD120,8.0,1040.34,0.7,8264.46,Sony Shoes 445,Electronics,Saree,Nike,17.95
ORD00288,CUST0413,2022-07-29,2022-08-02,Cancelled,Cod,Online,32637.96,2961.29,0,Mumbai,TS,29676.67,2022-07,2022,Quinn Martin,Other,Home Office,London,LDN,46.0,PROD141,7.0,1322.75,0.8,9185.18,Penguin Jacket 835,Clothing,Jacket,Prestige,56.67
ORD00288,CUST0413,2022-07-29,2022-08-02,Cancelled,Cod,Online,32637.96,2961.29,0,Mumbai,TS,29676.67,2022-07,2022,Quinn Martin,Other,Home Office,London,LDN,46.0,PROD067,1.0,3971.03,5.1,3768.51,Harpercollins Shoes 947,Electronics,Saree,Harpercollins,26.88
ORD00290,CUST0045,2022-07-31,2022-08-02,Cancelled,Debit Card,In-Store,24835.74,1513.05,199,Delhi,GJ,23521.69,2022-07,2022,Rahul Miller,Other,Corporate,Hyderabad,TS,42.0,PROD042,5.0,424.92,39.6,1283.26,Apple Furniture 868,Books,Appliances,Apple,59.18
ORD00290,CUST0045,2022-07-31,2022-08-02,Cancelled,Debit Card,In-Store,24835.74,1513.05,199,Delhi,GJ,23521.69,2022-07,2022,Rahul Miller,Other,Corporate,Hyderabad,TS,42.0,PROD018,3.0,1680.15,24.0,3830.74,Philips Lighting 243,Home & Kitchen,Furniture,Apple,41.07
ORD00290,CUST0045,2022-07-31,2022-08-02,Cancelled,Debit Card,In-Store,24835.74,1513.05,199,Delhi,GJ,23521.69,2022-07,2022,Rahul Miller,Other,Corporate,Hyderabad,TS,42.0,PROD119,3.0,3239.59,0.0,9718.77,Sony Appliances 233,Clothing,Appliances,Reebok,12.98
ORD00291,CUST0727,2022-07-31,2022-08-07,Delivered,Debit Card,In-Store,30683.59,5336.23,99,New York,WB,25446.36,2022-07,2022,Grace Williams,Female,Consumer,Kolkata,WB,46.0,PROD117,5.0,3823.47,33.0,12808.62,Philips Shoes 833,Home & Kitchen,Jacket,Penguin,53.82
ORD00291,CUST0727,2022-07-31,2022-08-07,Delivered,Debit Card,In-Store,30683.59,5336.23,99,New York,WB,25446.36,2022-07,2022,Grace Williams,Female,Consumer,Kolkata,WB,46.0,PROD021,1.0,1410.03,21.1,1112.51,Nike Decor 240,Sports,Bedding,Apple,58.93
ORD00291,CUST0727,2022-07-31,2022-08-07,Delivered,Debit Card,In-Store,30683.59,5336.23,99,New York,WB,25446.36,2022-07,2022,Grace Williams,Female,Consumer,Kolkata,WB,46.0,PROD022,9.0,1462.24,16.9,10936.09,Lg Cookware 668,Home & Kitchen,Furniture,Philips,32.34
ORD00292,CUST0556,2022-01-08,2022-08-02,Returned,Cod,In-Store,8072.47,0.0,49,Hyderabad,TN,8121.47,2022-01,2022,Iris Garcia,Female,Home Office,Bangalore,KA,40.0,PROD001,1.0,3226.11,32.4,2180.85,Lg Laptop 149,Home & Kitchen,Smartwatch,Sony,54.08
ORD00292,CUST0556,2022-01-08,2022-08-02,Returned,Cod,In-Store,8072.47,0.0,49,Hyderabad,TN,8121.47,2022-01,2022,Iris Garcia,Female,Home Office,Bangalore,KA,40.0,PROD061,5.0,4581.47,35.4,14798.15,Nike Headphones 858,Home & Kitchen,Mobile,Apple,45.42
ORD00293,CUST0821,2022-02-08,2022-02-11,Delivered,Credit Card,Online,48484.09,12585.78,0,Chennai,NY,35898.31,2022-02,2022,Zoe Miller,Male,Home Office,London,LDN,33.0,,,,,,,,,,
ORD00294,CUST0118,2022-08-03,2022-08-06,Pending,Credit Card,Online,41599.38,515.5,149,Bangalore,LDN,41232.88,2022-08,2022,Jack Martin,Other,Corporate,Sydney,NSW,44.0,PROD195,5.0,3761.69,20.0,15046.76,Prestige Swimming 944,Home & Kitchen,Cycling,Prestige,19.96
ORD00294,CUST0118,2022-08-03,2022-08-06,Pending,Credit Card,Online,41599.38,515.5,149,Bangalore,LDN,41232.88,2022-08,2022,Jack Martin,Other,Corporate,Sydney,NSW,44.0,PROD076,7.0,180.78,10.4,1133.85,Apple Swimming 348,Books,Cricket,Apple,56.86
ORD00295,CUST0871,2022-08-03,2022-08-10,Returned,Net Banking,In-Store,47126.23,1928.5,99,Sydney,MH,45296.73,2022-08,2022,Xander  Harris,Other,Consumer,Chennai,TN,46.0,PROD018,5.0,2791.33,20.0,11165.32,Philips Lighting 243,Home & Kitchen,Furniture,Apple,41.07
ORD00295,CUST0871,2022-08-03,2022-08-10,Returned,Net Banking,In-Store,47126.23,1928.5,99,Sydney,MH,45296.73,2022-08,2022,Xander  Harris,Other,Consumer,Chennai,TN,46.0,PROD064,3.0,2140.55,31.5,4398.83,Apple Laptop 953,Clothing,Camera,Harpercollins,39.99
ORD00295,CUST0871,2022-08-03,2022-08-10,Returned,Net Banking,In-Store,47126.23,1928.5,99,Sydney,MH,45296.73,2022-08,2022,Xander  Harris,Other,Consumer,Chennai,TN,46.0,PROD021,3.0,1690.23,26.0,3752.31,Nike Decor 240,Sports,Bedding,Apple,58.93
ORD00295,CUST0871,2022-08-03,2022-08-10,Returned,Net Banking,In-Store,47126.23,1928.5,99,Sydney,MH,45296.73,2022-08,2022,Xander  Harris,Other,Consumer,Chennai,TN,46.0,PROD112,5.0,3311.1,17.2,13707.95,Samsung Mobile 229,Electronics,Camera,Philips,53.15
ORD00296,CUST0185,2022-04-08,2022-08-08,Returned,Credit Card,Online,6342.61,2378.97,199,Bangalore,DL,4162.64,2022-04,2022,Bob Harris,Female,Corporate,New York,NY,46.0,PROD117,6.0,3931.72,28.3,16914.26,Philips Shoes 833,Home & Kitchen,Jacket,Penguin,53.82
ORD00296,CUST0185,2022-04-08,2022-08-08,Returned,Credit Card,Online,6342.61,2378.97,199,Bangalore,DL,4162.64,2022-04,2022,Bob Harris,Female,Corporate,New York,NY,46.0,PROD022,2.0,2859.09,9.0,5203.54,Lg Cookware 668,Home & Kitchen,Furniture,Philips,32.34
ORD00297,CUST0223,2022-08-05,2022-08-06,Shipped,Debit Card,Online,1794.37,708.95,99,London,LDN,1184.42,2022-08,2022,Frank Smith,Other,Corporate,Ahmedabad,GJ,46.0,,,,,,,,,,
ORD00298,CUST0594,2022-08-05,2022-08-07,Delivered,Debit Card,Mobile App,315.26,59.76,99,Surat,LDN,354.5,2022-08,2022,Yara Jones,Other,Corporate,Surat,GJ,37.0,PROD020,7.0,3696.98,33.2,17287.08,Apple Jacket 787,Electronics,T-Shirt,Adidas,17.13
ORD00298,CUST0594,2022-08-05,2022-08-07,Delivered,Debit Card,Mobile App,315.26,59.76,99,Surat,LDN,354.5,2022-08,2022,Yara Jones,Other,Corporate,Surat,GJ,37.0,PROD187,6.0,456.25,29.5,1929.94,Reebok Decor 369,Sports,Bedding,Philips,54.59
ORD00298,CUST0594,2022-08-05,2022-08-07,Delivered,Debit Card,Mobile App,315.26,59.76,99,Surat,LDN,354.5,2022-08,2022,Yara Jones,Other,Corporate,Surat,GJ,37.0,PROD120,10.0,4888.76,39.1,29772.55,Sony Shoes 445,Electronics,Saree,Nike,17.95
ORD00299,CUST0131,2022-06-08,2022-08-09,Cancelled,Cod,In-Store,22483.64,3673.75,0,Jaipur,DL,18809.89,2022-06,2022,Arjun Wilson,Male,Consumer,Surat,GJ,46.0,,,,,,,,,,
ORD00300,CUST0500,2022-07-08,2022-08-14,Delivered,Wallet,Online,16726.96,0.0,99,Sydney,MH,16825.96,2022-07,2022,Mia  Wilson,Female,Corporate,Sydney,NSW,29.0,PROD025,5.0,3745.44,23.4,14345.04,Prestige Jacket 493,Home & Kitchen,Shoes,Nike,18.62
ORD00300,CUST0500,2022-07-08,2022-08-14,Delivered,Wallet,Online,16726.96,0.0,99,Sydney,MH,16825.96,2022-07,2022,Mia  Wilson,Female,Corporate,Sydney,NSW,29.0,PROD076,9.0,3688.8,0.5,33033.2,Apple Swimming 348,Books,Cricket,Apple,56.86
ORD00301,CUST0540,2022-08-08,2022-08-11,Pending,Upi,Mobile App,39790.59,4891.91,99,Ahmedabad,GJ,34997.68,2022-08,2022,Mia  Johnson,Female,Home Office,New York,NY,39.0,,,,,,,,,,
ORD00302,CUST0567,2022-08-08,2022-08-12,Cancelled,Credit Card,In-Store,11354.36,329.47,49,Kolkata,WB,11073.89,2022-08,2022,Priya White,Female,Corporate,Jaipur,RJ,30.0,PROD098,7.0,4873.01,2.9,33121.85,Samsung Science 652,Books,Fiction,Apple,45.81
ORD00302,CUST0567,2022-08-08,2022-08-12,Cancelled,Credit Card,In-Store,11354.36,329.47,49,Kolkata,WB,11073.89,2022-08,2022,Priya White,Female,Corporate,Jaipur,RJ,30.0,PROD181,3.0,2187.78,17.2,5434.45,Lg Self-Help 722,Clothing,Comics,Harpercollins,55.84
ORD00303,CUST0301,2022-08-09,2022-08-16,Cancelled,Credit Card,In-Store,42535.97,1649.26,0,Kolkata,GJ,40886.71,2022-08,2022,Uma  Shah,Other,Corporate,London,LDN,51.0,PROD035,7.0,2450.44,19.9,13739.62,Adidas Tablet 510,Books,Headphones,Nike,75.82
ORD00304,CUST0790,2022-10-08,2022-10-11,Pending,Wallet,In-Store,32153.94,942.43,99,London,TS,31310.51,2022-10,2022,Sneha  Miller,Other,Consumer,Kolkata,WB,46.0,PROD087,2.0,3885.82,3.5,7499.63,Samsung Headphones 981,Sports,Tablet,Samsung,56.65
ORD00305,CUST0283,2022-08-11,2022-08-15,Delivered,Wallet,Online,37902.71,11549.64,49,Chennai,MH,26402.07,2022-08,2022,Amit Harris,Female,Home Office,London,LDN,59.0,,,,,,,,,,
ORD00306,CUST0498,2022-11-08,2022-08-13,Shipped,Wallet,In-Store,16742.94,4165.74,199,Bangalore,DL,12776.2,2022-11,2022,Eve Lee,Female,Corporate,Hyderabad,TS,46.0,PROD154,4.0,4776.01,30.8,13220.0,Puma Jacket 845,Books,Jeans,Apple,30.08
ORD00306,CUST0498,2022-11-08,2022-08-13,Shipped,Wallet,In-Store,16742.94,4165.74,199,Bangalore,DL,12776.2,2022-11,2022,Eve Lee,Female,Corporate,Hyderabad,TS,46.0,PROD066,1.0,819.26,0.2,817.62,Nike Headphones 940,Books,Mobile,Apple,50.19
ORD00307,CUST0651,2022-08-12,2022-08-15,Cancelled,Cod,Mobile App,9993.97,1935.95,49,Sydney,NY,8107.02,2022-08,2022,Olivia Wilson,Male,Corporate,Bangalore,KA,69.0,PROD050,5.0,2210.96,36.1,7064.02,Sony Dress 370,Home & Kitchen,Jacket,Penguin,46.17
ORD00307,CUST0651,2022-08-12,2022-08-15,Cancelled,Cod,Mobile App,9993.97,1935.95,49,Sydney,NY,8107.02,2022-08,2022,Olivia Wilson,Male,Corporate,Bangalore,KA,69.0,PROD150,1.0,4068.31,35.0,2644.4,Samsung Furniture 477,Books,Decor,Samsung,54.62
ORD00308,CUST0629,2022-08-13,2022-08-15,Shipped,Credit Card,In-Store,36614.94,11868.59,99,Ahmedabad,TN,24845.35,2022-08,2022,Victor Jackson,Male,Home Office,Sydney,NSW,46.0,PROD049,6.0,2420.52,22.5,11255.42,Nike Smartwatch 658,Books,Mobile,Philips,29.78
ORD00308,CUST0629,2022-08-13,2022-08-15,Shipped,Credit Card,In-Store,36614.94,11868.59,99,Ahmedabad,TN,24845.35,2022-08,2022,Victor Jackson,Male,Home Office,Sydney,NSW,46.0,PROD002,9.0,4467.67,12.8,35062.27,Apple History 640,Sports,History,Adidas,48.12
ORD00308,CUST0629,2022-08-13,2022-08-15,Shipped,Credit Card,In-Store,36614.94,11868.59,99,Ahmedabad,TN,24845.35,2022-08,2022,Victor Jackson,Male,Home Office,Sydney,NSW,46.0,PROD169,10.0,2447.4,29.8,17180.75,Puma Jeans 987,Books,Dress,Harpercollins,30.55
ORD00310,CUST0598,2022-08-14,2022-08-21,Pending,Cod,Online,47942.57,7977.31,49,Surat,ON,40014.26,2022-08,2022,Leo Thompson,Other,Consumer,Mumbai,MH,46.0,,,,,,,,,,
ORD00311,CUST0571,2022-08-15,2022-08-19,Cancelled,Upi,In-Store,3377.88,1308.83,0,London,WB,2069.05,2022-08,2022,Iris Taylor,Male,Consumer,Ahmedabad,GJ,52.0,PROD161,7.0,314.89,4.6,2102.84,Sony Jeans 636,Sports,Saree,Puma,14.22
ORD00311,CUST0571,2022-08-15,2022-08-19,Cancelled,Upi,In-Store,3377.88,1308.83,0,London,WB,2069.05,2022-08,2022,Iris Taylor,Male,Consumer,Ahmedabad,GJ,52.0,PROD156,3.0,1194.43,22.4,2780.63,Reebok Decor 139,Books,Appliances,Sony,54.53
ORD00311,CUST0571,2022-08-15,2022-08-19,Cancelled,Upi,In-Store,3377.88,1308.83,0,London,WB,2069.05,2022-08,2022,Iris Taylor,Male,Consumer,Ahmedabad,GJ,52.0,PROD151,4.0,233.22,27.2,679.14,Samsung Appliances 375,Books,Decor,Samsung,40.0
ORD00312,CUST0391,2022-08-16,2022-08-17,Returned,Credit Card,In-Store,16135.5,5017.44,199,London,TN,11317.06,2022-08,2022,Uma Taylor,Other,Corporate,Sydney,NSW,29.0,PROD186,2.0,2145.75,36.3,2733.69,Lg Laptop 761,Clothing,Smartwatch,Lg,18.86
ORD00312,CUST0391,2022-08-16,2022-08-17,Returned,Credit Card,In-Store,16135.5,5017.44,199,London,TN,11317.06,2022-08,2022,Uma Taylor,Other,Corporate,Sydney,NSW,29.0,PROD072,9.0,3126.48,33.6,18683.84,Philips History 903,Electronics,History,Prestige,10.66
ORD00313,CUST0819,2022-08-16,2022-08-20,Cancelled,Cod,In-Store,1802.39,662.5,199,Mumbai,WB,1338.89,2022-08,2022,Yara Jackson,Male,Home Office,Mumbai,MH,46.0,PROD039,7.0,4026.2,26.1,20827.53,Nike Jeans 794,Electronics,Saree,Lg,52.75
ORD00313,CUST0819,2022-08-16,2022-08-20,Cancelled,Cod,In-Store,1802.39,662.5,199,Mumbai,WB,1338.89,2022-08,2022,Yara Jackson,Male,Home Office,Mumbai,MH,46.0,PROD007,10.0,422.38,23.2,3243.88,Samsung Jacket 517,Clothing,Jacket,Apple,29.64
ORD00313,CUST0819,2022-08-16,2022-08-20,Cancelled,Cod,In-Store,1802.39,662.5,199,Mumbai,WB,1338.89,2022-08,2022,Yara Jackson,Male,Home Office,Mumbai,MH,46.0,PROD065,3.0,4848.25,6.2,13642.98,Nike Running 194,Books,Swimming,Reebok,30.97
ORD00313,CUST0819,2022-08-16,2022-08-20,Cancelled,Cod,In-Store,1802.39,662.5,199,Mumbai,WB,1338.89,2022-08,2022,Yara Jackson,Male,Home Office,Mumbai,MH,46.0,PROD027,8.0,4962.88,16.7,33072.63,Harpercollins Saree 716,Home & Kitchen,Saree,Apple,18.1
ORD00314,CUST0199,2022-08-17,2022-08-20,Returned,Net Banking,Online,4582.44,1274.06,49,Toronto,ON,3357.38,2022-08,2022,Peter Thomas,Other,Home Office,Toronto,ON,46.0,PROD122,9.0,3711.22,10.3,29960.68,Penguin Camera 744,Clothing,Mobile,Adidas,52.36
ORD00314,CUST0199,2022-08-17,2022-08-20,Returned,Net Banking,Online,4582.44,1274.06,49,Toronto,ON,3357.38,2022-08,2022,Peter Thomas,Other,Home Office,Toronto,ON,46.0,PROD020,9.0,359.63,23.2,2485.76,Apple Jacket 787,Electronics,T-Shirt,Adidas,17.13
ORD00315,CUST0427,2022-08-18,2022-08-22,Delivered,Credit Card,Mobile App,4015.0,564.79,49,Hyderabad,MH,3499.21,2022-08,2022,Frank Garcia,Female,Home Office,Jaipur,RJ,52.0,,,,,,,,,,
ORD00316,CUST0085,2022-08-19,2022-08-20,Pending,Cod,In-Store,40715.76,9093.37,99,Bangalore,LDN,31721.39,2022-08,2022,Tina Anderson,Male,Home Office,Chennai,TN,46.0,PROD187,7.0,4935.6,13.0,30057.8,Reebok Decor 369,Sports,Bedding,Philips,54.59
ORD00316,CUST0085,2022-08-19,2022-08-20,Pending,Cod,In-Store,40715.76,9093.37,99,Bangalore,LDN,31721.39,2022-08,2022,Tina Anderson,Male,Home Office,Chennai,TN,46.0,PROD125,6.0,2743.57,30.5,11440.69,Prestige Self-Help 619,Electronics,Self-Help,Philips,28.66
ORD00316,CUST0085,2022-08-19,2022-08-20,Pending,Cod,In-Store,40715.76,9093.37,99,Bangalore,LDN,31721.39,2022-08,2022,Tina Anderson,Male,Home Office,Chennai,TN,46.0,PROD089,4.0,4674.48,34.4,12265.84,Penguin Football 980,Electronics,Football,Nike,31.17
ORD00317,CUST0335,2022-08-19,2022-08-21,Cancelled,Cod,Online,27275.99,862.51,0,Chennai,GJ,26413.48,2022-08,2022,Xander Brown,Male,Home Office,Bangalore,KA,27.0,,,,,,,,,,
ORD00318,CUST0144,2022-08-20,2022-08-26,Delivered,Net Banking,In-Store,13102.54,3764.69,199,Chennai,MH,9536.85,2022-08,2022,Pooja Patel,Male,Consumer,Hyderabad,TS,46.0,PROD016,4.0,4140.68,3.9,15916.77,Reebok Decor 388,Home & Kitchen,Furniture,Lg,43.56
ORD00319,CUST0486,2022-08-21,2022-08-22,Pending,Upi,In-Store,30153.64,1410.87,149,Jaipur,NSW,28891.77,2022-08,2022,Steve  Brown,Other,Corporate,Ahmedabad,GJ,19.0,PROD030,1.0,3176.13,0.0,3176.13,Penguin Yoga 168,Electronics,Running,Nike,55.16
ORD00319,CUST0486,2022-08-21,2022-08-22,Pending,Upi,In-Store,30153.64,1410.87,149,Jaipur,NSW,28891.77,2022-08,2022,Steve  Brown,Other,Corporate,Ahmedabad,GJ,19.0,PROD087,5.0,2378.13,23.1,9143.91,Samsung Headphones 981,Sports,Tablet,Samsung,56.65
ORD00319,CUST0486,2022-08-21,2022-08-22,Pending,Upi,In-Store,30153.64,1410.87,149,Jaipur,NSW,28891.77,2022-08,2022,Steve  Brown,Other,Corporate,Ahmedabad,GJ,19.0,PROD157,4.0,4935.46,16.5,16484.44,Samsung Comics 227,Electronics,Fiction,Samsung,49.37
ORD00320,CUST0401,2022-08-22,2022-08-29,Shipped,Upi,Online,23692.46,479.33,0,Delhi,MH,23213.13,2022-08,2022,Peter Garcia,Female,Corporate,Mumbai,MH,38.0,,,,,,,,,,
ORD00322,CUST0331,2022-08-23,2022-08-26,Pending,Cod,In-Store,13886.94,102.07,49,Kolkata,MH,13833.87,2022-08,2022,Leo Williams,Other,Home Office,Mumbai,MH,46.0,PROD123,9.0,3503.51,5.3,29860.42,Apple Comics 186,Home & Kitchen,History,Nike,48.14
ORD00322,CUST0331,2022-08-23,2022-08-26,Pending,Cod,In-Store,13886.94,102.07,49,Kolkata,MH,13833.87,2022-08,2022,Leo Williams,Other,Home Office,Mumbai,MH,46.0,PROD125,5.0,1284.29,34.2,4225.31,Prestige Self-Help 619,Electronics,Self-Help,Philips,28.66
ORD00324,CUST0565,2022-08-24,2022-08-25,Shipped,Net Banking,In-Store,19743.45,1266.1,0,London,DL,18477.35,2022-08,2022,Xander Shah,Male,Consumer,London,LDN,47.0,PROD028,6.0,534.09,17.5,2643.75,Apple Science 123,Clothing,History,Samsung,55.38
ORD00324,CUST0565,2022-08-24,2022-08-25,Shipped,Net Banking,In-Store,19743.45,1266.1,0,London,DL,18477.35,2022-08,2022,Xander Shah,Male,Consumer,London,LDN,47.0,PROD168,1.0,3334.63,3.2,3227.92,Apple Tablet 908,Clothing,Laptop,Samsung,50.92
ORD00324,CUST0565,2022-08-24,2022-08-25,Shipped,Net Banking,In-Store,19743.45,1266.1,0,London,DL,18477.35,2022-08,2022,Xander Shah,Male,Consumer,London,LDN,47.0,PROD090,6.0,3491.81,9.6,18939.58,Samsung T-Shirt 473,Sports,Shoes,Samsung,56.49
ORD00325,CUST0830,2022-08-25,2022-09-01,Cancelled,Cod,In-Store,41056.31,9109.29,99,Toronto,GJ,32046.02,2022-08,2022,Sneha Jones,Other,Corporate,Pune,MH,46.0,,,,,,,,,,
ORD00327,CUST0877,2022-08-27,2022-08-28,Delivered,Wallet,Mobile App,30443.22,4115.27,149,Surat,GJ,26476.95,2022-08,2022,Bob  Thomas,Other,Corporate,Chennai,TN,46.0,PROD132,5.0,3555.6,37.1,11182.36,Prestige Football 126,Home & Kitchen,Cricket,Puma,26.02
ORD00328,CUST0879,2022-08-27,2022-09-02,Delivered,Cod,In-Store,30055.63,10422.71,49,Delhi,KA,19681.92,2022-08,2022,Victor  Thomas,Other,Home Office,London,LDN,61.0,,,,,,,,,,
ORD00329,CUST0289,2022-08-28,2022-08-31,Pending,Wallet,Online,10084.37,3761.63,199,London,KA,6521.74,2022-08,2022,Steve  Garcia,Other,Consumer,London,LDN,56.0,PROD110,10.0,921.81,29.7,6480.32,Harpercollins Shoes 395,Books,Jeans,Reebok,40.0
ORD00330,CUST0311,2022-08-29,2022-08-31,Cancelled,Wallet,Online,42515.21,8556.4,199,Sydney,TN,34157.81,2022-08,2022,Victor Taylor,Other,Corporate,Ahmedabad,GJ,46.0,PROD147,8.0,2872.45,30.2,16039.76,Lg Appliances 636,Books,Bedding,Penguin,31.75
ORD00330,CUST0311,2022-08-29,2022-08-31,Cancelled,Wallet,Online,42515.21,8556.4,199,Sydney,TN,34157.81,2022-08,2022,Victor Taylor,Other,Corporate,Ahmedabad,GJ,46.0,PROD198,1.0,2410.25,2.2,2357.22,Reebok Football 148,Clothing,Football,Nike,59.52
ORD00330,CUST0311,2022-08-29,2022-08-31,Cancelled,Wallet,Online,42515.21,8556.4,199,Sydney,TN,34157.81,2022-08,2022,Victor Taylor,Other,Corporate,Ahmedabad,GJ,46.0,PROD107,9.0,1312.59,19.7,9486.09,Penguin Shoes 647,Electronics,Jeans,Harpercollins,43.39
ORD00330,CUST0311,2022-08-29,2022-08-31,Cancelled,Wallet,Online,42515.21,8556.4,199,Sydney,TN,34157.81,2022-08,2022,Victor Taylor,Other,Corporate,Ahmedabad,GJ,46.0,PROD136,10.0,3131.69,16.5,26149.61,Philips Appliances 779,Sports,Furniture,Penguin,44.03
ORD00331,CUST0311,2022-08-30,2022-09-03,Cancelled,Wallet,Online,42037.54,8195.34,199,Ahmedabad,TS,34041.2,2022-08,2022,Victor Taylor,Other,Corporate,Ahmedabad,GJ,46.0,PROD015,7.0,2513.19,1.1,17398.81,Nike Jacket 551,Electronics,Jacket,Apple,10.71
ORD00331,CUST0311,2022-08-30,2022-09-03,Cancelled,Wallet,Online,42037.54,8195.34,199,Ahmedabad,TS,34041.2,2022-08,2022,Victor Taylor,Other,Corporate,Ahmedabad,GJ,46.0,PROD086,1.0,4662.26,3.2,4513.07,Reebok Cycling 816,Electronics,Running,Reebok,32.19
ORD00332,CUST0160,2022-08-30,2022-09-01,Cancelled,Credit Card,Mobile App,24200.1,9378.23,199,Mumbai,KA,15020.87,2022-08,2022,,,,,,,PROD114,1.0,446.13,12.5,390.36,Lg Laptop 719,Sports,Tablet,Prestige,25.99
ORD00333,CUST0016,2022-08-31,2022-09-06,Shipped,Credit Card,Online,35810.37,8587.11,199,Mumbai,WB,27422.26,2022-08,2022,Arjun Martin,Female,Consumer,Chennai,TN,46.0,PROD145,4.0,2583.02,23.3,7924.71,Reebok Smartwatch 139,Books,Headphones,Sony,11.99
ORD00333,CUST0016,2022-08-31,2022-09-06,Shipped,Credit Card,Online,35810.37,8587.11,199,Mumbai,WB,27422.26,2022-08,2022,Arjun Martin,Female,Consumer,Chennai,TN,46.0,PROD088,5.0,3575.14,0.0,17875.7,Reebok Furniture 514,Home & Kitchen,Appliances,Prestige,15.84
ORD00333,CUST0016,2022-08-31,2022-09-06,Shipped,Credit Card,Online,35810.37,8587.11,199,Mumbai,WB,27422.26,2022-08,2022,Arjun Martin,Female,Consumer,Chennai,TN,46.0,PROD104,1.0,811.6,8.9,739.37,Harpercollins Jeans 435,Electronics,Saree,Nike,50.01
ORD00333,CUST0016,2022-08-31,2022-09-06,Shipped,Credit Card,Online,35810.37,8587.11,199,Mumbai,WB,27422.26,2022-08,2022,Arjun Martin,Female,Consumer,Chennai,TN,46.0,PROD186,7.0,912.12,36.8,4035.22,Lg Laptop 761,Clothing,Smartwatch,Lg,18.86
ORD00334,CUST0149,2022-01-09,2022-09-03,Returned,Credit Card,In-Store,41134.0,10352.63,99,Pune,NSW,30880.37,2022-01,2022,Diana Anderson,Male,Home Office,Sydney,NSW,28.0,PROD036,5.0,657.69,0.0,3288.45,Apple Headphones 657,Clothing,Laptop,Philips,40.54
ORD00335,CUST0164,2022-09-01,2022-09-07,Pending,Credit Card,Mobile App,10064.64,3446.77,49,Bangalore,LDN,6666.87,2022-09,2022,,,,,,,,,,,,,,,,
ORD00336,CUST0819,2022-09-02,2022-09-05,Pending,Net Banking,Online,4902.8,1053.34,199,Bangalore,GJ,4048.46,2022-09,2022,Yara Jackson,Male,Home Office,Mumbai,MH,46.0,PROD185,7.0,672.14,13.0,4093.33,Philips Headphones 478,Home & Kitchen,Smartwatch,Lg,39.49
ORD00336,CUST0819,2022-09-02,2022-09-05,Pending,Net Banking,Online,4902.8,1053.34,199,Bangalore,GJ,4048.46,2022-09,2022,Yara Jackson,Male,Home Office,Mumbai,MH,46.0,PROD145,2.0,3685.55,14.4,6309.66,Reebok Smartwatch 139,Books,Headphones,Sony,11.99
ORD00337,CUST0266,2022-03-09,2022-09-06,Cancelled,Credit Card,Mobile App,8234.17,1315.3,49,Surat,NSW,6967.87,2022-03,2022,Arjun Walker,Female,Home Office,New York,NY,46.0,PROD100,9.0,526.08,36.7,2997.08,Sony History 683,Sports,Comics,Puma,56.77
ORD00337,CUST0266,2022-03-09,2022-09-06,Cancelled,Credit Card,Mobile App,8234.17,1315.3,49,Surat,NSW,6967.87,2022-03,2022,Arjun Walker,Female,Home Office,New York,NY,46.0,PROD147,3.0,321.07,9.7,869.78,Lg Appliances 636,Books,Bedding,Penguin,31.75
ORD00338,CUST0711,2022-09-04,2022-09-05,Cancelled,Debit Card,Mobile App,32844.27,424.99,149,Delhi,RJ,32568.28,2022-09,2022,Jack  Moore,Male,Corporate,London,LDN,41.0,PROD089,5.0,806.74,0.4,4017.57,Penguin Football 980,Electronics,Football,Nike,31.17
ORD00339,CUST0569,2022-09-04,2022-09-11,Cancelled,Debit Card,Mobile App,8030.72,58.11,49,Jaipur,ON,8021.61,2022-09,2022,Henry Lee,Female,Home Office,London,LDN,24.0,PROD156,1.0,2709.91,28.1,1948.43,Reebok Decor 139,Books,Appliances,Sony,54.53
ORD00339,CUST0569,2022-09-04,2022-09-11,Cancelled,Debit Card,Mobile App,8030.72,58.11,49,Jaipur,ON,8021.61,2022-09,2022,Henry Lee,Female,Home Office,London,LDN,24.0,PROD050,7.0,3261.58,22.7,17648.41,Sony Dress 370,Home & Kitchen,Jacket,Penguin,46.17
ORD00340,CUST0153,2022-09-05,2022-09-06,Delivered,Wallet,In-Store,449.82,85.9,99,Hyderabad,ON,462.92,2022-09,2022,Leo Harris,Female,Consumer,New York,NY,46.0,PROD161,10.0,693.76,30.0,4856.32,Sony Jeans 636,Sports,Saree,Puma,14.22
ORD00341,CUST0258,2022-09-06,2022-09-08,Returned,Credit Card,In-Store,24064.36,6720.92,0,Pune,GJ,17343.44,2022-09,2022,Arjun Williams,Other,Consumer,Jaipur,RJ,28.0,PROD170,7.0,218.33,29.2,1082.04,Adidas Shoes 686,Home & Kitchen,Shoes,Prestige,52.73
ORD00342,CUST0550,2022-09-07,2022-09-10,Delivered,Upi,Online,33977.69,1869.95,49,Ahmedabad,NSW,32156.74,2022-09,2022,Mia  Williams,Female,Consumer,Delhi,DL,56.0,PROD124,10.0,4954.59,3.4,47861.34,Sony Science 562,Electronics,Self-Help,Harpercollins,42.34
ORD00344,CUST0857,2022-09-08,2022-09-12,Cancelled,Upi,Online,28871.3,4864.52,149,New York,LDN,24155.78,2022-09,2022,Charlie Johnson,Female,Consumer,New York,NY,46.0,PROD113,10.0,4869.29,2.2,47621.66,Nike Laptop 971,Home & Kitchen,Tablet,Lg,26.98
ORD00345,CUST0403,2022-09-09,2022-09-12,Shipped,Upi,Mobile App,6700.3,1092.0,49,Toronto,TN,5657.3,2022-09,2022,Karen  Thompson,Male,Home Office,Kolkata,WB,56.0,PROD167,9.0,2288.37,16.9,17114.72,Penguin Saree 689,Home & Kitchen,T-Shirt,Apple,49.15
ORD00345,CUST0403,2022-09-09,2022-09-12,Shipped,Upi,Mobile App,6700.3,1092.0,49,Toronto,TN,5657.3,2022-09,2022,Karen  Thompson,Male,Home Office,Kolkata,WB,56.0,PROD087,3.0,1625.57,0.0,4876.71,Samsung Headphones 981,Sports,Tablet,Samsung,56.65
ORD00345,CUST0403,2022-09-09,2022-09-12,Shipped,Upi,Mobile App,6700.3,1092.0,49,Toronto,TN,5657.3,2022-09,2022,Karen  Thompson,Male,Home Office,Kolkata,WB,56.0,PROD006,10.0,4741.88,11.2,42107.89,Apple Appliances 429,Home & Kitchen,Lighting,Apple,42.16
ORD00346,CUST0196,2022-09-10,2022-09-11,Returned,Net Banking,Online,18858.75,20.94,49,Sydney,NSW,18886.81,2022-09,2022,Bob  Miller,Other,Consumer,Surat,GJ,38.0,PROD037,10.0,296.94,37.9,1844.0,Nike Laptop 575,Sports,Camera,Harpercollins,17.99
ORD00346,CUST0196,2022-09-10,2022-09-11,Returned,Net Banking,Online,18858.75,20.94,49,Sydney,NSW,18886.81,2022-09,2022,Bob  Miller,Other,Consumer,Surat,GJ,38.0,PROD142,3.0,186.63,27.5,405.92,Apple Non-Fiction 957,Clothing,Comics,Nike,53.25
ORD00348,CUST0073,2022-11-09,2022-09-13,Returned,Credit Card,Mobile App,27820.65,4990.18,49,Surat,KA,22879.47,2022-11,2022,Wendy Martin,Other,Consumer,Sydney,NSW,34.0,PROD102,9.0,1576.26,16.1,11902.34,Penguin Appliances 888,Clothing,Lighting,Nike,22.48
ORD00348,CUST0073,2022-11-09,2022-09-13,Returned,Credit Card,Mobile App,27820.65,4990.18,49,Surat,KA,22879.47,2022-11,2022,Wendy Martin,Other,Consumer,Sydney,NSW,34.0,PROD189,4.0,3798.71,3.2,14708.61,Samsung Shoes 428,Books,Shoes,Apple,40.01
ORD00349,CUST0251,2022-09-12,2022-09-17,Delivered,Wallet,Online,2516.09,934.1,0,Sydney,TN,1581.99,2022-09,2022,,,,,,,PROD200,1.0,2749.92,3.0,2667.42,Philips Yoga 695,Clothing,Yoga,Philips,54.73
ORD00350,CUST0890,2022-09-12,2022-09-18,Pending,Upi,Mobile App,19850.91,3445.9,0,Toronto,NY,16405.01,2022-09,2022,Uma  Davis,Other,Home Office,New York,NY,46.0,PROD083,4.0,794.05,8.2,2915.75,Philips Swimming 657,Books,Football,Philips,59.17
ORD00351,CUST0473,2022-09-13,2022-09-16,Cancelled,Cod,Online,26592.0,0.0,149,Kolkata,NSW,26741.0,2022-09,2022,Iris Thomas,Male,Home Office,Hyderabad,TS,46.0,PROD184,3.0,3536.1,100.0,0.0,Penguin Fiction 673,Home & Kitchen,Comics,Apple,55.75
ORD00351,CUST0473,2022-09-13,2022-09-16,Cancelled,Cod,Online,26592.0,0.0,149,Kolkata,NSW,26741.0,2022-09,2022,Iris Thomas,Male,Home Office,Hyderabad,TS,46.0,PROD042,5.0,3041.23,15.1,12910.02,Apple Furniture 868,Books,Appliances,Apple,59.18
ORD00352,CUST0241,2022-09-14,2022-09-20,Delivered,Upi,Online,29429.64,128.89,49,Pune,RJ,29349.75,2022-09,2022,Yara Shah,Female,Consumer,Mumbai,MH,27.0,PROD070,6.0,4254.36,29.1,18098.05,Nike Lighting 275,Clothing,Cookware,Puma,51.4
ORD00352,CUST0241,2022-09-14,2022-09-20,Delivered,Upi,Online,29429.64,128.89,49,Pune,RJ,29349.75,2022-09,2022,Yara Shah,Female,Consumer,Mumbai,MH,27.0,PROD021,4.0,3164.45,27.4,9189.56,Nike Decor 240,Sports,Bedding,Apple,58.93
ORD00353,CUST0474,2022-09-15,2022-09-18,Delivered,Debit Card,Online,49422.99,1160.5,49,Surat,DL,48311.49,2022-09,2022,Charlie Shah,Male,Consumer,Delhi,DL,39.0,PROD119,4.0,2035.7,32.8,5471.96,Sony Appliances 233,Clothing,Appliances,Reebok,12.98
ORD00355,CUST0308,2022-09-16,2022-09-18,Cancelled,Net Banking,Online,47143.61,14274.63,199,Mumbai,RJ,33067.98,2022-09,2022,Victor  Patel,Other,Home Office,Jaipur,RJ,46.0,PROD015,3.0,442.83,7.1,1234.17,Nike Jacket 551,Electronics,Jacket,Apple,10.71
ORD00355,CUST0308,2022-09-16,2022-09-18,Cancelled,Net Banking,Online,47143.61,14274.63,199,Mumbai,RJ,33067.98,2022-09,2022,Victor  Patel,Other,Home Office,Jaipur,RJ,46.0,PROD133,1.0,73.11,19.6,58.78,Nike Swimming 562,Books,Football,Puma,14.61
ORD00355,CUST0308,2022-09-16,2022-09-18,Cancelled,Net Banking,Online,47143.61,14274.63,199,Mumbai,RJ,33067.98,2022-09,2022,Victor  Patel,Other,Home Office,Jaipur,RJ,46.0,PROD136,3.0,3339.63,27.6,7253.68,Philips Appliances 779,Sports,Furniture,Penguin,44.03
ORD00355,CUST0308,2022-09-16,2022-09-18,Cancelled,Net Banking,Online,47143.61,14274.63,199,Mumbai,RJ,33067.98,2022-09,2022,Victor  Patel,Other,Home Office,Jaipur,RJ,46.0,PROD095,8.0,2382.57,100.0,0.0,Lg Saree 263,Sports,Dress,Prestige,49.5
ORD00356,CUST0376,2022-09-17,2022-09-18,Shipped,Credit Card,Online,11640.13,522.01,49,Pune,DL,11167.12,2022-09,2022,Diana  Johnson,Other,Corporate,New York,NY,46.0,,,,,,,,,,
ORD00357,CUST0043,2022-09-18,2022-09-21,Pending,Cod,Online,31201.72,6657.78,0,Sydney,GJ,24543.94,2022-09,2022,Jack Jones,Female,Home Office,Kolkata,WB,21.0,,,,,,,,,,
ORD00358,CUST0232,2022-09-18,2022-09-20,Shipped,Net Banking,Mobile App,17505.96,5705.04,149,Bangalore,DL,11949.92,2022-09,2022,Diana Davis,Male,Home Office,Pune,MH,46.0,,,,,,,,,,
ORD00359,CUST0966,2022-09-19,2022-09-22,Delivered,Cod,Online,12963.7,1417.47,199,Ahmedabad,ON,11745.23,2022-09,2022,Victor Garcia,Other,Corporate,Sydney,NSW,46.0,PROD180,5.0,381.99,1.8,1875.57,Apple Comics 327,Electronics,Science,Apple,59.6
ORD00359,CUST0966,2022-09-19,2022-09-22,Delivered,Cod,Online,12963.7,1417.47,199,Ahmedabad,ON,11745.23,2022-09,2022,Victor Garcia,Other,Corporate,Sydney,NSW,46.0,PROD090,6.0,3422.72,14.4,17579.09,Samsung T-Shirt 473,Sports,Shoes,Samsung,56.49
ORD00359,CUST0966,2022-09-19,2022-09-22,Delivered,Cod,Online,12963.7,1417.47,199,Ahmedabad,ON,11745.23,2022-09,2022,Victor Garcia,Other,Corporate,Sydney,NSW,46.0,PROD146,9.0,2959.37,5.9,25062.9,Samsung Comics 644,Books,Comics,Samsung,20.71
ORD00360,CUST0076,2022-09-20,2022-09-26,Cancelled,Wallet,Online,14362.92,3199.12,199,Mumbai,NSW,11362.8,2022-09,2022,Henry  Anderson,Female,Consumer,Delhi,DL,59.0,PROD169,7.0,2273.81,0.0,15916.67,Puma Jeans 987,Books,Dress,Harpercollins,30.55
ORD00360,CUST0076,2022-09-20,2022-09-26,Cancelled,Wallet,Online,14362.92,3199.12,199,Mumbai,NSW,11362.8,2022-09,2022,Henry  Anderson,Female,Consumer,Delhi,DL,59.0,PROD015,9.0,474.96,29.6,3009.35,Nike Jacket 551,Electronics,Jacket,Apple,10.71
ORD00361,CUST0858,2022-09-20,2022-09-23,Pending,Credit Card,Online,16535.95,3398.43,0,London,RJ,13137.52,2022-09,2022,Nick Jones,Female,Consumer,Sydney,NSW,69.0,PROD051,6.0,3499.72,36.3,13375.93,Harpercollins Fiction 843,Electronics,Comics,Adidas,47.6
ORD00361,CUST0858,2022-09-20,2022-09-23,Pending,Credit Card,Online,16535.95,3398.43,0,London,RJ,13137.52,2022-09,2022,Nick Jones,Female,Consumer,Sydney,NSW,69.0,PROD007,2.0,937.78,2.8,1823.04,Samsung Jacket 517,Clothing,Jacket,Apple,29.64
ORD00362,CUST0856,2022-09-21,2022-09-27,Pending,Wallet,Mobile App,6126.7,1343.03,149,Bangalore,NSW,4932.67,2022-09,2022,Nick Moore,Female,Consumer,Surat,GJ,46.0,PROD130,8.0,1462.81,14.6,9993.92,Reebok Lighting 589,Home & Kitchen,Furniture,Harpercollins,45.86
ORD00362,CUST0856,2022-09-21,2022-09-27,Pending,Wallet,Mobile App,6126.7,1343.03,149,Bangalore,NSW,4932.67,2022-09,2022,Nick Moore,Female,Consumer,Surat,GJ,46.0,PROD094,10.0,3556.93,6.0,33435.14,Adidas Comics 457,Sports,Self-Help,Philips,53.91
ORD00363,CUST0893,2022-09-22,2022-09-24,Cancelled,Wallet,Online,10646.93,3774.61,99,Pune,GJ,6971.32,2022-09,2022,Zoe Taylor,Female,Corporate,Chennai,TN,24.0,PROD056,4.0,3045.96,32.0,8285.01,Sony Tablet 154,Sports,Camera,Nike,46.2
ORD00363,CUST0893,2022-09-22,2022-09-24,Cancelled,Wallet,Online,10646.93,3774.61,99,Pune,GJ,6971.32,2022-09,2022,Zoe Taylor,Female,Corporate,Chennai,TN,24.0,PROD168,8.0,1469.51,22.4,9122.72,Apple Tablet 908,Clothing,Laptop,Samsung,50.92
ORD00363,CUST0893,2022-09-22,2022-09-24,Cancelled,Wallet,Online,10646.93,3774.61,99,Pune,GJ,6971.32,2022-09,2022,Zoe Taylor,Female,Corporate,Chennai,TN,24.0,PROD078,10.0,3927.17,30.6,27254.56,Penguin Football 656,Books,Yoga,Nike,24.36
ORD00364,CUST0113,2022-09-23,2022-09-28,Delivered,Upi,Online,20366.61,7062.78,199,Surat,NY,13502.83,2022-09,2022,Priya Jackson,Female,Corporate,Surat,GJ,54.0,PROD029,2.0,3473.45,39.6,4195.93,Puma Shoes 790,Books,Jacket,Samsung,-14.06
ORD00364,CUST0113,2022-09-23,2022-09-28,Delivered,Upi,Online,20366.61,7062.78,199,Surat,NY,13502.83,2022-09,2022,Priya Jackson,Female,Corporate,Surat,GJ,54.0,PROD083,8.0,4996.24,20.9,31616.21,Philips Swimming 657,Books,Football,Philips,59.17
ORD00365,CUST0936,2022-09-23,2022-09-28,Delivered,Credit Card,Mobile App,6255.06,1542.58,0,Surat,LDN,4712.48,2022-09,2022,Alice Smith,Female,Corporate,Bangalore,KA,46.0,PROD109,3.0,1093.96,23.1,2523.77,Adidas Lighting 738,Electronics,Bedding,Samsung,54.83
ORD00365,CUST0936,2022-09-23,2022-09-28,Delivered,Credit Card,Mobile App,6255.06,1542.58,0,Surat,LDN,4712.48,2022-09,2022,Alice Smith,Female,Corporate,Bangalore,KA,46.0,PROD087,1.0,1511.61,37.4,946.27,Samsung Headphones 981,Sports,Tablet,Samsung,56.65
ORD00366,CUST0546,2022-09-24,2022-09-27,Shipped,Wallet,In-Store,702.37,272.38,149,Kolkata,GJ,578.99,2022-09,2022,Leo Williams,Male,Consumer,Jaipur,RJ,46.0,PROD072,7.0,4884.48,38.8,20925.11,Philips History 903,Electronics,History,Prestige,10.66
ORD00366,CUST0546,2022-09-24,2022-09-27,Shipped,Wallet,In-Store,702.37,272.38,149,Kolkata,GJ,578.99,2022-09,2022,Leo Williams,Male,Consumer,Jaipur,RJ,46.0,PROD193,7.0,3064.47,5.0,20378.73,Adidas Yoga 743,Electronics,Running,Philips,46.63
ORD00366,CUST0546,2022-09-24,2022-09-27,Shipped,Wallet,In-Store,702.37,272.38,149,Kolkata,GJ,578.99,2022-09,2022,Leo Williams,Male,Consumer,Jaipur,RJ,46.0,PROD129,1.0,124.63,25.9,92.35,Nike Decor 511,Home & Kitchen,Decor,Sony,54.86
ORD00366,CUST0546,2022-09-24,2022-09-27,Shipped,Wallet,In-Store,702.37,272.38,149,Kolkata,GJ,578.99,2022-09,2022,Leo Williams,Male,Consumer,Jaipur,RJ,46.0,PROD034,10.0,1480.2,9.5,13395.81,Lg Smartwatch 275,Sports,Laptop,Samsung,38.13
ORD00366,CUST0546,2022-09-24,2022-09-27,Shipped,Wallet,In-Store,702.37,272.38,149,Kolkata,GJ,578.99,2022-09,2022,Leo Williams,Male,Consumer,Jaipur,RJ,46.0,PROD150,7.0,97.57,21.9,533.42,Samsung Furniture 477,Books,Decor,Samsung,54.62
ORD00367,CUST0033,2022-09-25,2022-09-28,Returned,Net Banking,In-Store,7063.03,1530.59,0,Delhi,ON,5532.44,2022-09,2022,,,,,,,PROD064,2.0,4722.4,10.9,8415.32,Apple Laptop 953,Clothing,Camera,Harpercollins,39.99
ORD00368,CUST0713,2022-09-26,2022-09-29,Returned,Cod,In-Store,43198.27,2665.56,149,Delhi,TN,40681.71,2022-09,2022,Zoe Jackson,Other,Consumer,Jaipur,RJ,39.0,PROD198,2.0,1215.96,8.4,2227.64,Reebok Football 148,Clothing,Football,Nike,59.52
ORD00368,CUST0713,2022-09-26,2022-09-29,Returned,Cod,In-Store,43198.27,2665.56,149,Delhi,TN,40681.71,2022-09,2022,Zoe Jackson,Other,Consumer,Jaipur,RJ,39.0,PROD020,6.0,3100.87,14.3,15944.67,Apple Jacket 787,Electronics,T-Shirt,Adidas,17.13
ORD00370,CUST0390,2022-09-27,2022-09-28,Pending,Wallet,Online,3643.21,1391.55,0,Hyderabad,NSW,2251.66,2022-09,2022,Eve  Harris,Female,Home Office,Kolkata,WB,46.0,PROD181,10.0,3060.1,28.0,22032.72,Lg Self-Help 722,Clothing,Comics,Harpercollins,55.84
ORD00370,CUST0390,2022-09-27,2022-09-28,Pending,Wallet,Online,3643.21,1391.55,0,Hyderabad,NSW,2251.66,2022-09,2022,Eve  Harris,Female,Home Office,Kolkata,WB,46.0,PROD171,10.0,1711.93,38.7,10494.13,Nike Cricket 448,Clothing,Cycling,Lg,54.33
ORD00371,CUST0696,2022-09-28,2022-10-03,Returned,Wallet,In-Store,36319.2,13817.68,149,Chennai,TS,22650.52,2022-09,2022,Iris Lee,Other,Corporate,New York,NY,59.0,PROD060,2.0,3221.53,39.0,3930.27,Penguin Laptop 245,Home & Kitchen,Mobile,Reebok,56.7
ORD00371,CUST0696,2022-09-28,2022-10-03,Returned,Wallet,In-Store,36319.2,13817.68,149,Chennai,TS,22650.52,2022-09,2022,Iris Lee,Other,Corporate,New York,NY,59.0,PROD121,1.0,4223.22,33.0,2829.56,Apple Saree 724,Electronics,T-Shirt,Adidas,41.47
ORD00372,CUST0390,2022-09-29,2022-10-02,Returned,Debit Card,Mobile App,21220.01,2944.16,149,Pune,NY,18424.85,2022-09,2022,Eve  Harris,Female,Home Office,Kolkata,WB,46.0,,,,,,,,,,
ORD00373,CUST0647,2022-09-29,2022-10-05,Delivered,Credit Card,Mobile App,9044.21,1093.34,49,Jaipur,GJ,7999.87,2022-09,2022,Frank Taylor,Female,Corporate,Chennai,TN,46.0,,,,,,,,,,
ORD00374,CUST0602,2022-09-30,2022-10-01,Cancelled,Wallet,In-Store,22172.65,2353.39,149,Sydney,LDN,19968.26,2022-09,2022,Pooja  Patel,Female,Home Office,Bangalore,KA,61.0,PROD087,2.0,495.45,34.3,651.02,Samsung Headphones 981,Sports,Tablet,Samsung,56.65
ORD00374,CUST0602,2022-09-30,2022-10-01,Cancelled,Wallet,In-Store,22172.65,2353.39,149,Sydney,LDN,19968.26,2022-09,2022,Pooja  Patel,Female,Home Office,Bangalore,KA,61.0,PROD146,10.0,1473.07,19.5,11858.21,Samsung Comics 644,Books,Comics,Samsung,20.71
ORD00374,CUST0602,2022-09-30,2022-10-01,Cancelled,Wallet,In-Store,22172.65,2353.39,149,Sydney,LDN,19968.26,2022-09,2022,Pooja  Patel,Female,Home Office,Bangalore,KA,61.0,PROD119,9.0,1284.56,5.3,10948.3,Sony Appliances 233,Clothing,Appliances,Reebok,12.98
ORD00375,CUST0832,2022-10-01,2022-10-05,Pending,Credit Card,In-Store,18331.81,711.82,99,Chennai,NY,17718.99,2022-10,2022,Sneha Wilson,Other,Consumer,Chennai,TN,49.0,PROD135,6.0,2951.56,34.9,11528.79,Apple Shoes 165,Sports,Dress,Adidas,31.77
ORD00375,CUST0832,2022-10-01,2022-10-05,Pending,Credit Card,In-Store,18331.81,711.82,99,Chennai,NY,17718.99,2022-10,2022,Sneha Wilson,Other,Consumer,Chennai,TN,49.0,PROD047,1.0,965.18,19.0,781.8,Puma Cookware 294,Sports,Appliances,Prestige,37.79
ORD00375,CUST0832,2022-10-01,2022-10-05,Pending,Credit Card,In-Store,18331.81,711.82,99,Chennai,NY,17718.99,2022-10,2022,Sneha Wilson,Other,Consumer,Chennai,TN,49.0,PROD122,6.0,268.97,16.6,1345.93,Penguin Camera 744,Clothing,Mobile,Adidas,52.36
ORD00376,CUST0125,2022-01-10,2022-10-07,Pending,Cod,Online,23430.16,509.97,149,Mumbai,NSW,23069.19,2022-01,2022,Sneha Williams,Other,Corporate,Ahmedabad,GJ,46.0,PROD066,7.0,2148.3,23.7,11474.07,Nike Headphones 940,Books,Mobile,Apple,50.19
ORD00376,CUST0125,2022-01-10,2022-10-07,Pending,Cod,Online,23430.16,509.97,149,Mumbai,NSW,23069.19,2022-01,2022,Sneha Williams,Other,Corporate,Ahmedabad,GJ,46.0,PROD189,5.0,61.22,0.0,306.1,Samsung Shoes 428,Books,Shoes,Apple,40.01
ORD00376,CUST0125,2022-01-10,2022-10-07,Pending,Cod,Online,23430.16,509.97,149,Mumbai,NSW,23069.19,2022-01,2022,Sneha Williams,Other,Corporate,Ahmedabad,GJ,46.0,PROD125,4.0,3418.55,16.5,11417.96,Prestige Self-Help 619,Electronics,Self-Help,Philips,28.66
ORD00376,CUST0125,2022-01-10,2022-10-07,Pending,Cod,Online,23430.16,509.97,149,Mumbai,NSW,23069.19,2022-01,2022,Sneha Williams,Other,Corporate,Ahmedabad,GJ,46.0,PROD111,4.0,1113.25,0.0,4453.0,Samsung Shoes 988,Sports,T-Shirt,Nike,58.48
ORD00377,CUST0943,2022-10-02,2022-10-08,Cancelled,Debit Card,In-Store,4089.6,1051.82,199,Hyderabad,LDN,3236.78,2022-10,2022,Peter Martin,Female,Corporate,Chennai,TN,46.0,PROD110,3.0,3841.47,0.0,11524.41,Harpercollins Shoes 395,Books,Jeans,Reebok,40.0
ORD00377,CUST0943,2022-10-02,2022-10-08,Cancelled,Debit Card,In-Store,4089.6,1051.82,199,Hyderabad,LDN,3236.78,2022-10,2022,Peter Martin,Female,Corporate,Chennai,TN,46.0,PROD179,3.0,2264.79,16.8,5652.92,Puma Camera 326,Clothing,Headphones,Apple,38.11
ORD00377,CUST0943,2022-10-02,2022-10-08,Cancelled,Debit Card,In-Store,4089.6,1051.82,199,Hyderabad,LDN,3236.78,2022-10,2022,Peter Martin,Female,Corporate,Chennai,TN,46.0,PROD193,1.0,986.07,0.8,978.18,Adidas Yoga 743,Electronics,Running,Philips,46.63
ORD00378,CUST0270,2022-10-03,2022-10-06,Returned,Debit Card,In-Store,21792.89,6482.03,99,Sydney,MH,15409.86,2022-10,2022,Jack Lee,Female,Home Office,Delhi,DL,64.0,PROD002,8.0,4846.73,22.6,30010.95,Apple History 640,Sports,History,Adidas,48.12
ORD00379,CUST0807,2022-10-04,2022-10-11,Pending,Net Banking,In-Store,10818.92,1428.52,0,Mumbai,KA,9390.4,2022-10,2022,Grace White,Female,Consumer,Bangalore,KA,42.0,,,,,,,,,,
ORD00380,CUST0125,2022-10-04,2022-10-08,Pending,Credit Card,Online,16181.23,3930.57,99,New York,NSW,12349.66,2022-10,2022,Sneha Williams,Other,Corporate,Ahmedabad,GJ,46.0,,,,,,,,,,
ORD00381,CUST0619,2022-10-05,2022-10-12,Shipped,Cod,In-Store,19859.8,7585.22,99,Ahmedabad,DL,12373.58,2022-10,2022,Quinn Anderson,Female,Home Office,Delhi,DL,47.0,PROD132,6.0,2115.03,16.6,10583.61,Prestige Football 126,Home & Kitchen,Cricket,Puma,26.02
ORD00381,CUST0619,2022-10-05,2022-10-12,Shipped,Cod,In-Store,19859.8,7585.22,99,Ahmedabad,DL,12373.58,2022-10,2022,Quinn Anderson,Female,Home Office,Delhi,DL,47.0,PROD151,6.0,1228.66,31.2,5071.91,Samsung Appliances 375,Books,Decor,Samsung,40.0
ORD00381,CUST0619,2022-10-05,2022-10-12,Shipped,Cod,In-Store,19859.8,7585.22,99,Ahmedabad,DL,12373.58,2022-10,2022,Quinn Anderson,Female,Home Office,Delhi,DL,47.0,PROD042,5.0,4868.74,37.0,15336.53,Apple Furniture 868,Books,Appliances,Apple,59.18
ORD00382,CUST0781,2022-10-06,2022-10-09,Returned,Credit Card,In-Store,9368.2,910.17,149,Ahmedabad,DL,8607.03,2022-10,2022,Sneha Shah,Female,Consumer,London,LDN,46.0,PROD109,7.0,145.67,28.7,727.04,Adidas Lighting 738,Electronics,Bedding,Samsung,54.83
ORD00382,CUST0781,2022-10-06,2022-10-09,Returned,Credit Card,In-Store,9368.2,910.17,149,Ahmedabad,DL,8607.03,2022-10,2022,Sneha Shah,Female,Consumer,London,LDN,46.0,PROD134,3.0,3103.66,18.4,7597.76,Sony History 898,Clothing,Fiction,Lg,46.08
ORD00383,CUST0255,2022-10-07,2022-10-09,Shipped,Net Banking,Online,4526.24,480.43,0,London,KA,4045.81,2022-10,2022,Eve  Harris,Female,Corporate,Bangalore,KA,24.0,PROD031,2.0,3450.35,39.1,4202.53,Adidas Non-Fiction 307,Electronics,Self-Help,Prestige,49.23
ORD00383,CUST0255,2022-10-07,2022-10-09,Shipped,Net Banking,Online,4526.24,480.43,0,London,KA,4045.81,2022-10,2022,Eve  Harris,Female,Corporate,Bangalore,KA,24.0,PROD084,2.0,4211.62,13.9,7252.41,Philips Comics 538,Electronics,Non-Fiction,Reebok,22.29
ORD00384,CUST0686,2022-10-07,2022-10-08,Returned,Cod,In-Store,9361.87,95.62,99,London,GJ,9365.25,2022-10,2022,Uma  Jones,Female,Corporate,Chennai,TN,25.0,PROD069,8.0,4194.96,36.3,21377.52,Adidas Bedding 631,Clothing,Furniture,Nike,13.52
ORD00384,CUST0686,2022-10-07,2022-10-08,Returned,Cod,In-Store,9361.87,95.62,99,London,GJ,9365.25,2022-10,2022,Uma  Jones,Female,Corporate,Chennai,TN,25.0,PROD189,4.0,2718.34,33.8,7198.16,Samsung Shoes 428,Books,Shoes,Apple,40.01
ORD00384,CUST0686,2022-10-07,2022-10-08,Returned,Cod,In-Store,9361.87,95.62,99,London,GJ,9365.25,2022-10,2022,Uma  Jones,Female,Corporate,Chennai,TN,25.0,PROD115,10.0,2603.67,9.9,23459.07,Philips Running 335,Home & Kitchen,Yoga,Philips,15.67
ORD00385,CUST0588,2022-10-08,2022-10-11,Delivered,Cod,Mobile App,9563.72,3126.88,199,London,LDN,6635.84,2022-10,2022,Pooja  Walker,Male,Corporate,Toronto,ON,46.0,PROD176,10.0,909.51,3.8,8749.49,Nike Jacket 282,Electronics,Shoes,Puma,11.71
ORD00385,CUST0588,2022-10-08,2022-10-11,Delivered,Cod,Mobile App,9563.72,3126.88,199,London,LDN,6635.84,2022-10,2022,Pooja  Walker,Male,Corporate,Toronto,ON,46.0,PROD171,4.0,428.69,13.9,1476.41,Nike Cricket 448,Clothing,Cycling,Lg,54.33
ORD00385,CUST0588,2022-10-08,2022-10-11,Delivered,Cod,Mobile App,9563.72,3126.88,199,London,LDN,6635.84,2022-10,2022,Pooja  Walker,Male,Corporate,Toronto,ON,46.0,PROD032,6.0,3738.3,29.3,15857.87,Reebok Football 191,Electronics,Football,Harpercollins,59.46
ORD00385,CUST0588,2022-10-08,2022-10-11,Delivered,Cod,Mobile App,9563.72,3126.88,199,London,LDN,6635.84,2022-10,2022,Pooja  Walker,Male,Corporate,Toronto,ON,46.0,PROD095,7.0,947.42,25.4,4947.43,Lg Saree 263,Sports,Dress,Prestige,49.5
ORD00385,CUST0588,2022-10-08,2022-10-11,Delivered,Cod,Mobile App,9563.72,3126.88,199,London,LDN,6635.84,2022-10,2022,Pooja  Walker,Male,Corporate,Toronto,ON,46.0,PROD176,6.0,224.37,18.7,1094.48,Nike Jacket 282,Electronics,Shoes,Puma,11.71
ORD00386,CUST0419,2022-10-09,2022-10-11,Delivered,Cod,Online,34162.36,2874.19,149,Pune,MH,31437.17,2022-10,2022,Diana Brown,Female,Corporate,Delhi,DL,43.0,PROD130,6.0,888.89,7.6,4928.01,Reebok Lighting 589,Home & Kitchen,Furniture,Harpercollins,45.86
ORD00386,CUST0419,2022-10-09,2022-10-11,Delivered,Cod,Online,34162.36,2874.19,149,Pune,MH,31437.17,2022-10,2022,Diana Brown,Female,Corporate,Delhi,DL,43.0,PROD187,4.0,4412.3,2.8,17155.02,Reebok Decor 369,Sports,Bedding,Philips,54.59
ORD00387,CUST0007,2022-10-09,2022-10-14,Returned,Cod,In-Store,43442.0,16013.75,99,Delhi,GJ,27527.25,2022-10,2022,,,,,,,,,,,,,,,,
ORD00388,CUST0393,2022-10-10,2022-10-11,Cancelled,Cod,Online,19799.68,6366.74,149,Chennai,WB,13581.94,2022-10,2022,Zoe Miller,Other,Corporate,Surat,GJ,46.0,PROD065,6.0,3651.96,22.6,16959.7,Nike Running 194,Books,Swimming,Reebok,30.97
ORD00388,CUST0393,2022-10-10,2022-10-11,Cancelled,Cod,Online,19799.68,6366.74,149,Chennai,WB,13581.94,2022-10,2022,Zoe Miller,Other,Corporate,Surat,GJ,46.0,PROD113,6.0,1712.29,25.3,7674.48,Nike Laptop 971,Home & Kitchen,Tablet,Lg,26.98
ORD00389,CUST0088,2022-11-10,2022-10-16,Delivered,Net Banking,Mobile App,32671.77,3375.48,149,Mumbai,TN,29445.29,2022-11,2022,Yara  Smith,Male,Consumer,Pune,MH,46.0,PROD062,6.0,3075.67,3.1,17881.95,Samsung Cycling 783,Home & Kitchen,Football,Adidas,26.61
ORD00389,CUST0088,2022-11-10,2022-10-16,Delivered,Net Banking,Mobile App,32671.77,3375.48,149,Mumbai,TN,29445.29,2022-11,2022,Yara  Smith,Male,Consumer,Pune,MH,46.0,PROD149,9.0,2649.51,16.3,19958.76,Nike Appliances 740,Clothing,Decor,Nike,17.17
ORD00389,CUST0088,2022-11-10,2022-10-16,Delivered,Net Banking,Mobile App,32671.77,3375.48,149,Mumbai,TN,29445.29,2022-11,2022,Yara  Smith,Male,Consumer,Pune,MH,46.0,PROD181,4.0,1783.23,34.0,4707.73,Lg Self-Help 722,Clothing,Comics,Harpercollins,55.84
ORD00389,CUST0088,2022-11-10,2022-10-16,Delivered,Net Banking,Mobile App,32671.77,3375.48,149,Mumbai,TN,29445.29,2022-11,2022,Yara  Smith,Male,Consumer,Pune,MH,46.0,PROD111,2.0,2266.45,31.5,3105.04,Samsung Shoes 988,Sports,T-Shirt,Nike,58.48
ORD00390,CUST0026,2022-10-12,2022-10-14,Delivered,Upi,Mobile App,46659.3,2976.0,199,Kolkata,ON,43882.3,2022-10,2022,,,,,,,PROD200,7.0,467.08,9.2,2968.76,Philips Yoga 695,Clothing,Yoga,Philips,54.73
ORD00390,CUST0026,2022-10-12,2022-10-14,Delivered,Upi,Mobile App,46659.3,2976.0,199,Kolkata,ON,43882.3,2022-10,2022,,,,,,,PROD194,3.0,4583.87,36.6,8718.52,Harpercollins Fiction 998,Electronics,Self-Help,Philips,26.4
ORD00392,CUST0466,2022-10-13,2022-10-14,Delivered,Credit Card,In-Store,49579.61,1294.2,199,Mumbai,GJ,48484.41,2022-10,2022,Quinn Davis,Other,Corporate,Hyderabad,TS,46.0,PROD017,2.0,2165.4,23.3,3321.72,Puma Furniture 159,Clothing,Lighting,Apple,25.19
ORD00392,CUST0466,2022-10-13,2022-10-14,Delivered,Credit Card,In-Store,49579.61,1294.2,199,Mumbai,GJ,48484.41,2022-10,2022,Quinn Davis,Other,Corporate,Hyderabad,TS,46.0,PROD097,7.0,3145.49,35.6,14179.87,Apple Appliances 474,Home & Kitchen,Lighting,Apple,35.67
ORD00392,CUST0466,2022-10-13,2022-10-14,Delivered,Credit Card,In-Store,49579.61,1294.2,199,Mumbai,GJ,48484.41,2022-10,2022,Quinn Davis,Other,Corporate,Hyderabad,TS,46.0,PROD072,10.0,1671.84,23.0,12873.17,Philips History 903,Electronics,History,Prestige,10.66
ORD00393,CUST0954,2022-10-14,2022-10-17,Pending,Credit Card,In-Store,8841.84,986.4,49,Surat,NSW,7904.44,2022-10,2022,Charlie  Patel,Male,Corporate,Kolkata,WB,46.0,PROD101,6.0,3432.02,8.5,18841.79,Nike Comics 174,Clothing,Comics,Apple,16.78
ORD00394,CUST0802,2022-10-15,2022-10-22,Delivered,Credit Card,In-Store,33026.16,7987.71,199,Toronto,TN,25237.45,2022-10,2022,Pooja Harris,Female,Home Office,Jaipur,RJ,55.0,PROD118,1.0,4325.88,8.4,3962.51,Philips Tablet 619,Books,Camera,Samsung,55.89
ORD00394,CUST0802,2022-10-15,2022-10-22,Delivered,Credit Card,In-Store,33026.16,7987.71,199,Toronto,TN,25237.45,2022-10,2022,Pooja Harris,Female,Home Office,Jaipur,RJ,55.0,PROD158,4.0,119.34,27.4,346.56,Nike Yoga 654,Home & Kitchen,Football,Samsung,56.49
ORD00394,CUST0802,2022-10-15,2022-10-22,Delivered,Credit Card,In-Store,33026.16,7987.71,199,Toronto,TN,25237.45,2022-10,2022,Pooja Harris,Female,Home Office,Jaipur,RJ,55.0,PROD175,9.0,4660.33,21.0,33134.95,Penguin Dress 839,Books,Shoes,Sony,51.37
ORD00395,CUST0807,2022-10-15,2022-10-18,Pending,Upi,Online,40004.8,7733.27,99,Bangalore,DL,32370.53,2022-10,2022,Grace White,Female,Consumer,Bangalore,KA,42.0,,,,,,,,,,
ORD00396,CUST0095,2022-10-16,2022-10-21,Delivered,Upi,Mobile App,13509.58,1848.63,149,Bangalore,DL,11809.95,2022-10,2022,,,,,,,,,,,,,,,,
ORD00397,CUST0895,2022-10-17,2022-10-20,Delivered,Wallet,Mobile App,16248.01,3694.11,199,Delhi,TS,12752.9,2022-10,2022,Henry Walker,Other,Corporate,Toronto,ON,49.0,PROD092,1.0,1706.46,27.8,1232.06,Penguin Mobile 186,Electronics,Mobile,Harpercollins,35.83
ORD00398,CUST0514,2022-10-18,2022-10-19,Shipped,Wallet,Mobile App,47973.98,2385.59,0,Kolkata,GJ,45588.39,2022-10,2022,Alice Thompson,Female,Corporate,Delhi,DL,46.0,PROD150,5.0,3471.22,9.5,15707.27,Samsung Furniture 477,Books,Decor,Samsung,54.62
ORD00399,CUST0582,2022-10-18,2022-10-22,Shipped,Wallet,Mobile App,14288.87,1405.2,49,Jaipur,NSW,12932.67,2022-10,2022,Jack Johnson,Male,Corporate,Kolkata,WB,46.0,PROD112,7.0,577.83,22.8,3122.59,Samsung Mobile 229,Electronics,Camera,Philips,53.15
ORD00399,CUST0582,2022-10-18,2022-10-22,Shipped,Wallet,Mobile App,14288.87,1405.2,49,Jaipur,NSW,12932.67,2022-10,2022,Jack Johnson,Male,Corporate,Kolkata,WB,46.0,PROD154,2.0,4335.61,12.0,7630.67,Puma Jacket 845,Books,Jeans,Apple,30.08
ORD00400,CUST0854,2022-10-19,2022-10-24,Pending,Wallet,In-Store,49645.47,14391.35,49,Surat,TN,35303.12,2022-10,2022,Wendy Brown,Other,Corporate,Toronto,ON,46.0,PROD143,5.0,1056.76,2.5,5151.7,Apple Mobile 427,Sports,Laptop,Prestige,43.6
ORD00400,CUST0854,2022-10-19,2022-10-24,Pending,Wallet,In-Store,49645.47,14391.35,49,Surat,TN,35303.12,2022-10,2022,Wendy Brown,Other,Corporate,Toronto,ON,46.0,PROD042,3.0,1832.41,31.8,3749.11,Apple Furniture 868,Books,Appliances,Apple,59.18
ORD00400,CUST0854,2022-10-19,2022-10-24,Pending,Wallet,In-Store,49645.47,14391.35,49,Surat,TN,35303.12,2022-10,2022,Wendy Brown,Other,Corporate,Toronto,ON,46.0,PROD023,4.0,4146.3,13.4,14362.78,Samsung T-Shirt 863,Clothing,Shoes,Harpercollins,44.46
ORD00401,CUST0763,2022-10-20,2022-10-26,Returned,Debit Card,Online,23425.23,2045.9,0,Ahmedabad,TN,21379.33,2022-10,2022,Tina Garcia,Other,Consumer,Sydney,NSW,28.0,PROD029,5.0,2809.21,10.6,12557.17,Puma Shoes 790,Books,Jacket,Samsung,-14.06
ORD00401,CUST0763,2022-10-20,2022-10-26,Returned,Debit Card,Online,23425.23,2045.9,0,Ahmedabad,TN,21379.33,2022-10,2022,Tina Garcia,Other,Consumer,Sydney,NSW,28.0,PROD048,10.0,1805.54,11.0,16069.31,Adidas Jacket 176,Home & Kitchen,Jeans,Apple,57.33
ORD00401,CUST0763,2022-10-20,2022-10-26,Returned,Debit Card,Online,23425.23,2045.9,0,Ahmedabad,TN,21379.33,2022-10,2022,Tina Garcia,Other,Consumer,Sydney,NSW,28.0,PROD186,2.0,3688.12,24.1,5598.57,Lg Laptop 761,Clothing,Smartwatch,Lg,18.86
ORD00401,CUST0763,2022-10-20,2022-10-26,Returned,Debit Card,Online,23425.23,2045.9,0,Ahmedabad,TN,21379.33,2022-10,2022,Tina Garcia,Other,Consumer,Sydney,NSW,28.0,PROD193,1.0,3940.46,38.0,2443.09,Adidas Yoga 743,Electronics,Running,Philips,46.63
ORD00401,CUST0763,2022-10-20,2022-10-26,Returned,Debit Card,Online,23425.23,2045.9,0,Ahmedabad,TN,21379.33,2022-10,2022,Tina Garcia,Other,Consumer,Sydney,NSW,28.0,PROD032,7.0,1810.72,32.9,8504.95,Reebok Football 191,Electronics,Football,Harpercollins,59.46
ORD00401,CUST0763,2022-10-20,2022-10-26,Returned,Debit Card,Online,23425.23,2045.9,0,Ahmedabad,TN,21379.33,2022-10,2022,Tina Garcia,Other,Consumer,Sydney,NSW,28.0,PROD033,5.0,4369.28,33.7,14484.16,Nike Furniture 421,Sports,Appliances,Nike,54.4
ORD00402,CUST0128,2022-10-20,2022-10-23,Shipped,Cod,In-Store,35022.19,473.08,149,Hyderabad,DL,34698.11,2022-10,2022,Karen  Lee,Female,Corporate,Jaipur,RJ,70.0,PROD053,5.0,4689.9,11.0,20870.06,Samsung Non-Fiction 984,Books,Non-Fiction,Harpercollins,58.1
ORD00402,CUST0128,2022-10-20,2022-10-23,Shipped,Cod,In-Store,35022.19,473.08,149,Hyderabad,DL,34698.11,2022-10,2022,Karen  Lee,Female,Corporate,Jaipur,RJ,70.0,PROD072,8.0,4296.15,26.8,25158.25,Philips History 903,Electronics,History,Prestige,10.66
ORD00402,CUST0128,2022-10-20,2022-10-23,Shipped,Cod,In-Store,35022.19,473.08,149,Hyderabad,DL,34698.11,2022-10,2022,Karen  Lee,Female,Corporate,Jaipur,RJ,70.0,PROD042,9.0,3103.63,25.4,20837.77,Apple Furniture 868,Books,Appliances,Apple,59.18
ORD00402,CUST0128,2022-10-20,2022-10-23,Shipped,Cod,In-Store,35022.19,473.08,149,Hyderabad,DL,34698.11,2022-10,2022,Karen  Lee,Female,Corporate,Jaipur,RJ,70.0,PROD027,7.0,1577.5,30.1,7718.71,Harpercollins Saree 716,Home & Kitchen,Saree,Apple,18.1
ORD00402,CUST0128,2022-10-20,2022-10-23,Shipped,Cod,In-Store,35022.19,473.08,149,Hyderabad,DL,34698.11,2022-10,2022,Karen  Lee,Female,Corporate,Jaipur,RJ,70.0,PROD025,2.0,2921.27,36.2,3727.54,Prestige Jacket 493,Home & Kitchen,Shoes,Nike,18.62
ORD00402,CUST0128,2022-10-20,2022-10-23,Shipped,Cod,In-Store,35022.19,473.08,149,Hyderabad,DL,34698.11,2022-10,2022,Karen  Lee,Female,Corporate,Jaipur,RJ,70.0,PROD003,8.0,2598.79,29.3,14698.76,Samsung Camera 763,Electronics,Mobile,Nike,43.08
ORD00404,CUST0105,2022-10-22,2022-10-26,Shipped,Wallet,Mobile App,11978.21,3821.39,99,Toronto,RJ,8255.82,2022-10,2022,,,,,,,PROD074,7.0,1719.87,26.0,8908.93,Reebok Non-Fiction 876,Home & Kitchen,Comics,Philips,40.32
ORD00404,CUST0105,2022-10-22,2022-10-26,Shipped,Wallet,Mobile App,11978.21,3821.39,99,Toronto,RJ,8255.82,2022-10,2022,,,,,,,PROD090,9.0,472.65,26.1,3143.6,Samsung T-Shirt 473,Sports,Shoes,Samsung,56.49
ORD00404,CUST0105,2022-10-22,2022-10-26,Shipped,Wallet,Mobile App,11978.21,3821.39,99,Toronto,RJ,8255.82,2022-10,2022,,,,,,,PROD053,10.0,1664.81,8.9,15166.42,Samsung Non-Fiction 984,Books,Non-Fiction,Harpercollins,58.1
ORD00404,CUST0105,2022-10-22,2022-10-26,Shipped,Wallet,Mobile App,11978.21,3821.39,99,Toronto,RJ,8255.82,2022-10,2022,,,,,,,PROD110,7.0,3367.8,11.9,20769.22,Harpercollins Shoes 395,Books,Jeans,Reebok,40.0
ORD00406,CUST0595,2022-10-23,2022-10-28,Returned,Cod,Online,32051.63,10142.23,99,Sydney,WB,22008.4,2022-10,2022,Xander Walker,Other,Home Office,Jaipur,RJ,39.0,PROD037,4.0,1757.93,13.3,6096.5,Nike Laptop 575,Sports,Camera,Harpercollins,17.99
ORD00407,CUST0824,2022-10-24,2022-10-27,Delivered,Cod,Online,24853.34,183.94,149,Ahmedabad,KA,24818.4,2022-10,2022,Charlie Martin,Female,Home Office,Delhi,DL,68.0,PROD017,2.0,1353.38,32.0,1840.6,Puma Furniture 159,Clothing,Lighting,Apple,25.19
ORD00408,CUST0819,2022-10-25,2022-10-27,Returned,Wallet,Mobile App,25366.34,4343.0,149,Delhi,TN,21172.34,2022-10,2022,Yara Jackson,Male,Home Office,Mumbai,MH,46.0,PROD097,9.0,122.22,22.5,852.48,Apple Appliances 474,Home & Kitchen,Lighting,Apple,35.67
ORD00408,CUST0819,2022-10-25,2022-10-27,Returned,Wallet,Mobile App,25366.34,4343.0,149,Delhi,TN,21172.34,2022-10,2022,Yara Jackson,Male,Home Office,Mumbai,MH,46.0,PROD132,6.0,1802.9,4.4,10341.43,Prestige Football 126,Home & Kitchen,Cricket,Puma,26.02
ORD00410,CUST0129,2022-10-26,2022-10-29,Pending,Credit Card,Online,20301.41,6535.84,99,Ahmedabad,NSW,13864.57,2022-10,2022,Xander Anderson,Female,Consumer,Jaipur,RJ,55.0,PROD097,8.0,3150.36,23.1,19381.01,Apple Appliances 474,Home & Kitchen,Lighting,Apple,35.67
ORD00411,CUST0752,2022-10-27,2022-10-29,Shipped,Wallet,Mobile App,47197.45,16670.86,99,Chennai,WB,30625.59,2022-10,2022,Arjun Jackson,Female,Consumer,Pune,MH,24.0,PROD130,7.0,653.6,16.7,3811.14,Reebok Lighting 589,Home & Kitchen,Furniture,Harpercollins,45.86
ORD00411,CUST0752,2022-10-27,2022-10-29,Shipped,Wallet,Mobile App,47197.45,16670.86,99,Chennai,WB,30625.59,2022-10,2022,Arjun Jackson,Female,Consumer,Pune,MH,24.0,PROD112,3.0,968.35,37.2,1824.37,Samsung Mobile 229,Electronics,Camera,Philips,53.15
ORD00411,CUST0752,2022-10-27,2022-10-29,Shipped,Wallet,Mobile App,47197.45,16670.86,99,Chennai,WB,30625.59,2022-10,2022,Arjun Jackson,Female,Consumer,Pune,MH,24.0,PROD173,5.0,1767.96,10.3,7929.3,Apple Appliances 796,Home & Kitchen,Appliances,Nike,53.5
ORD00412,CUST0323,2022-10-28,2022-11-02,Shipped,Wallet,In-Store,14207.95,2545.02,99,Sydney,LDN,11761.93,2022-10,2022,Eve Jackson,Female,Consumer,Pune,MH,46.0,PROD026,4.0,878.95,16.1,2949.76,Nike Cricket 264,Clothing,Running,Apple,32.24
ORD00412,CUST0323,2022-10-28,2022-11-02,Shipped,Wallet,In-Store,14207.95,2545.02,99,Sydney,LDN,11761.93,2022-10,2022,Eve Jackson,Female,Consumer,Pune,MH,46.0,PROD008,7.0,1460.21,39.8,6153.32,Samsung Furniture 983,Sports,Bedding,Harpercollins,66.39
ORD00412,CUST0323,2022-10-28,2022-11-02,Shipped,Wallet,In-Store,14207.95,2545.02,99,Sydney,LDN,11761.93,2022-10,2022,Eve Jackson,Female,Consumer,Pune,MH,46.0,PROD033,8.0,4041.23,16.9,26866.1,Nike Furniture 421,Sports,Appliances,Nike,54.4
ORD00412,CUST0323,2022-10-28,2022-11-02,Shipped,Wallet,In-Store,14207.95,2545.02,99,Sydney,LDN,11761.93,2022-10,2022,Eve Jackson,Female,Consumer,Pune,MH,46.0,PROD070,8.0,1760.41,38.7,8633.05,Nike Lighting 275,Clothing,Cookware,Puma,51.4
ORD00413,CUST0868,2022-10-28,2022-11-01,Pending,Cod,Mobile App,10522.4,2200.1,49,Bangalore,ON,8371.3,2022-10,2022,Yara Wilson,Other,Corporate,Surat,GJ,47.0,PROD018,9.0,1117.97,30.0,7043.21,Philips Lighting 243,Home & Kitchen,Furniture,Apple,41.07
ORD00413,CUST0868,2022-10-28,2022-11-01,Pending,Cod,Mobile App,10522.4,2200.1,49,Bangalore,ON,8371.3,2022-10,2022,Yara Wilson,Other,Corporate,Surat,GJ,47.0,PROD013,2.0,3518.12,2.9,6832.19,Lg Mobile 752,Clothing,Smartwatch,Apple,46.62
ORD00414,CUST0971,2022-10-29,2022-11-04,Shipped,Upi,In-Store,28579.57,5537.64,199,Mumbai,MH,23240.93,2022-10,2022,Peter Taylor,Other,Consumer,Kolkata,WB,49.0,PROD118,10.0,4398.29,39.7,26521.69,Philips Tablet 619,Books,Camera,Samsung,55.89
ORD00414,CUST0971,2022-10-29,2022-11-04,Shipped,Upi,In-Store,28579.57,5537.64,199,Mumbai,MH,23240.93,2022-10,2022,Peter Taylor,Other,Consumer,Kolkata,WB,49.0,PROD185,2.0,2400.5,10.0,4320.9,Philips Headphones 478,Home & Kitchen,Smartwatch,Lg,39.49
ORD00415,CUST0388,2022-10-30,2022-11-03,Cancelled,Debit Card,Online,42121.47,10078.1,0,Hyderabad,ON,32043.37,2022-10,2022,Rachel Moore,Female,Consumer,Toronto,ON,37.0,,,,,,,,,,
ORD00416,CUST0980,2022-10-31,2022-11-07,Returned,Upi,In-Store,25353.7,348.68,199,Chennai,GJ,25204.02,2022-10,2022,Eve Wilson,Female,Corporate,New York,NY,54.0,PROD033,6.0,4077.83,12.8,21335.21,Nike Furniture 421,Sports,Appliances,Nike,54.4
ORD00416,CUST0980,2022-10-31,2022-11-07,Returned,Upi,In-Store,25353.7,348.68,199,Chennai,GJ,25204.02,2022-10,2022,Eve Wilson,Female,Corporate,New York,NY,54.0,PROD096,5.0,4641.03,0.0,23205.15,Apple Lighting 795,Books,Bedding,Apple,37.49
ORD00416,CUST0980,2022-10-31,2022-11-07,Returned,Upi,In-Store,25353.7,348.68,199,Chennai,GJ,25204.02,2022-10,2022,Eve Wilson,Female,Corporate,New York,NY,54.0,PROD159,1.0,3409.94,10.1,3065.54,Nike Saree 450,Books,Dress,Penguin,11.02
ORD00416,CUST0980,2022-10-31,2022-11-07,Returned,Upi,In-Store,25353.7,348.68,199,Chennai,GJ,25204.02,2022-10,2022,Eve Wilson,Female,Corporate,New York,NY,54.0,PROD043,6.0,1367.02,14.6,7004.61,Puma Mobile 944,Clothing,Headphones,Sony,23.91
ORD00416,CUST0980,2022-10-31,2022-11-07,Returned,Upi,In-Store,25353.7,348.68,199,Chennai,GJ,25204.02,2022-10,2022,Eve Wilson,Female,Corporate,New York,NY,54.0,PROD141,5.0,299.91,29.8,1052.68,Penguin Jacket 835,Clothing,Jacket,Prestige,56.67
ORD00417,CUST0674,2022-10-31,2022-11-07,Cancelled,Wallet,In-Store,808.88,91.27,49,Delhi,TS,766.61,2022-10,2022,Amit Garcia,Other,Corporate,Mumbai,MH,31.0,,,,,,,,,,
ORD00418,CUST0693,2022-11-01,2022-11-03,Returned,Credit Card,Mobile App,43632.43,5176.53,49,Surat,NY,38504.9,2022-11,2022,,,,,,,PROD171,7.0,1512.15,10.4,9484.2,Nike Cricket 448,Clothing,Cycling,Lg,54.33
ORD00418,CUST0693,2022-11-01,2022-11-03,Returned,Credit Card,Mobile App,43632.43,5176.53,49,Surat,NY,38504.9,2022-11,2022,,,,,,,PROD071,3.0,3306.32,19.8,7955.01,Harpercollins Camera 448,Electronics,Smartwatch,Samsung,47.49
ORD00418,CUST0693,2022-11-01,2022-11-03,Returned,Credit Card,Mobile App,43632.43,5176.53,49,Surat,NY,38504.9,2022-11,2022,,,,,,,PROD076,7.0,3375.69,38.0,14650.49,Apple Swimming 348,Books,Cricket,Apple,56.86
ORD00418,CUST0693,2022-11-01,2022-11-03,Returned,Credit Card,Mobile App,43632.43,5176.53,49,Surat,NY,38504.9,2022-11,2022,,,,,,,PROD174,10.0,4371.58,35.9,28021.83,Nike Science 291,Sports,History,Harpercollins,39.93
ORD00419,CUST0614,2022-11-02,2022-11-03,Shipped,Upi,Mobile App,29564.83,10562.78,0,Bangalore,NSW,19002.05,2022-11,2022,Tina Patel,Female,Home Office,Delhi,DL,46.0,PROD010,2.0,3994.96,6.0,7510.52,Apple Camera 553,Electronics,Smartwatch,Samsung,40.0
ORD00419,CUST0614,2022-11-02,2022-11-03,Shipped,Upi,Mobile App,29564.83,10562.78,0,Bangalore,NSW,19002.05,2022-11,2022,Tina Patel,Female,Home Office,Delhi,DL,46.0,PROD150,4.0,969.54,30.6,2691.44,Samsung Furniture 477,Books,Decor,Samsung,54.62
ORD00419,CUST0614,2022-11-02,2022-11-03,Shipped,Upi,Mobile App,29564.83,10562.78,0,Bangalore,NSW,19002.05,2022-11,2022,Tina Patel,Female,Home Office,Delhi,DL,46.0,PROD084,6.0,4996.48,19.5,24133.0,Philips Comics 538,Electronics,Non-Fiction,Reebok,22.29
ORD00420,CUST0147,2022-03-11,2022-11-09,Pending,Upi,Mobile App,27447.83,7728.09,199,Ahmedabad,MH,19918.74,2022-03,2022,Jack Garcia,Male,Consumer,Pune,MH,40.0,PROD198,3.0,917.32,28.7,1962.15,Reebok Football 148,Clothing,Football,Nike,59.52
ORD00420,CUST0147,2022-03-11,2022-11-09,Pending,Upi,Mobile App,27447.83,7728.09,199,Ahmedabad,MH,19918.74,2022-03,2022,Jack Garcia,Male,Consumer,Pune,MH,40.0,PROD048,9.0,4366.8,12.8,34270.65,Adidas Jacket 176,Home & Kitchen,Jeans,Apple,57.33
ORD00421,CUST0910,2022-11-03,2022-11-06,Pending,Wallet,In-Store,43364.49,1809.68,199,Hyderabad,MH,41753.81,2022-11,2022,Eve Wilson,Female,Corporate,New York,NY,46.0,PROD108,8.0,4886.07,7.6,36117.83,Samsung Saree 374,Electronics,Jacket,Philips,52.83
ORD00422,CUST0312,2022-04-11,2022-11-11,Delivered,Upi,Mobile App,11476.12,74.75,0,Chennai,TN,11401.37,2022-04,2022,Bob Davis,Other,Corporate,London,LDN,41.0,PROD013,2.0,894.99,1.8,1757.76,Lg Mobile 752,Clothing,Smartwatch,Apple,46.62
ORD00422,CUST0312,2022-04-11,2022-11-11,Delivered,Upi,Mobile App,11476.12,74.75,0,Chennai,TN,11401.37,2022-04,2022,Bob Davis,Other,Corporate,London,LDN,41.0,PROD081,2.0,1275.31,38.6,1566.08,Harpercollins Headphones 856,Books,Camera,Prestige,53.87
ORD00423,CUST0744,2022-05-11,2022-11-09,Shipped,Cod,In-Store,37091.49,14654.26,49,Toronto,NSW,22486.23,2022-05,2022,Alice Shah,Male,Consumer,Hyderabad,TS,46.0,PROD095,8.0,3983.59,11.9,28076.34,Lg Saree 263,Sports,Dress,Prestige,49.5
ORD00423,CUST0744,2022-05-11,2022-11-09,Shipped,Cod,In-Store,37091.49,14654.26,49,Toronto,NSW,22486.23,2022-05,2022,Alice Shah,Male,Consumer,Hyderabad,TS,46.0,PROD183,3.0,558.26,0.5,1666.41,Apple Non-Fiction 981,Clothing,Comics,Philips,58.04
ORD00423,CUST0744,2022-05-11,2022-11-09,Shipped,Cod,In-Store,37091.49,14654.26,49,Toronto,NSW,22486.23,2022-05,2022,Alice Shah,Male,Consumer,Hyderabad,TS,46.0,PROD111,1.0,1948.79,36.6,1235.53,Samsung Shoes 988,Sports,T-Shirt,Nike,58.48
ORD00424,CUST0498,2022-05-11,2022-11-08,Delivered,Credit Card,Mobile App,29619.76,6291.88,99,Delhi,RJ,23426.88,2022-05,2022,Eve Lee,Female,Corporate,Hyderabad,TS,46.0,PROD079,5.0,4259.94,7.3,19744.82,Prestige Science 518,Sports,Non-Fiction,Apple,45.47
ORD00424,CUST0498,2022-05-11,2022-11-08,Delivered,Credit Card,Mobile App,29619.76,6291.88,99,Delhi,RJ,23426.88,2022-05,2022,Eve Lee,Female,Corporate,Hyderabad,TS,46.0,PROD136,7.0,4763.51,21.2,26275.52,Philips Appliances 779,Sports,Furniture,Penguin,44.03
ORD00424,CUST0498,2022-05-11,2022-11-08,Delivered,Credit Card,Mobile App,29619.76,6291.88,99,Delhi,RJ,23426.88,2022-05,2022,Eve Lee,Female,Corporate,Hyderabad,TS,46.0,PROD178,3.0,3425.99,33.6,6824.57,Nike Camera 275,Sports,Camera,Samsung,44.67
ORD00425,CUST0420,2022-11-06,2022-11-07,Delivered,Credit Card,Mobile App,41352.87,15369.11,49,Bangalore,DL,26032.76,2022-11,2022,Victor  Jones,Female,Home Office,Chennai,TN,46.0,PROD168,6.0,2972.53,5.9,16782.9,Apple Tablet 908,Clothing,Laptop,Samsung,50.92
ORD00425,CUST0420,2022-11-06,2022-11-07,Delivered,Credit Card,Mobile App,41352.87,15369.11,49,Bangalore,DL,26032.76,2022-11,2022,Victor  Jones,Female,Home Office,Chennai,TN,46.0,PROD189,6.0,4498.33,24.7,20323.45,Samsung Shoes 428,Books,Shoes,Apple,40.01
ORD00426,CUST0574,2022-07-11,2022-11-11,Pending,Debit Card,In-Store,37351.51,10399.9,0,Kolkata,RJ,26951.61,2022-07,2022,Yara  Walker,Female,Consumer,Ahmedabad,GJ,62.0,PROD195,3.0,4267.9,24.5,9666.79,Prestige Swimming 944,Home & Kitchen,Cycling,Prestige,19.96
ORD00426,CUST0574,2022-07-11,2022-11-11,Pending,Debit Card,In-Store,37351.51,10399.9,0,Kolkata,RJ,26951.61,2022-07,2022,Yara  Walker,Female,Consumer,Ahmedabad,GJ,62.0,PROD089,10.0,3433.25,5.1,32581.54,Penguin Football 980,Electronics,Football,Nike,31.17
ORD00426,CUST0574,2022-07-11,2022-11-11,Pending,Debit Card,In-Store,37351.51,10399.9,0,Kolkata,RJ,26951.61,2022-07,2022,Yara  Walker,Female,Consumer,Ahmedabad,GJ,62.0,PROD106,3.0,601.24,16.3,1509.71,Samsung Self-Help 140,Books,Non-Fiction,Apple,48.39
ORD00427,CUST0566,2022-11-08,2022-11-11,Shipped,Credit Card,In-Store,26365.14,9586.3,49,Kolkata,ON,16827.84,2022-11,2022,Karen Thompson,Male,Consumer,Pune,MH,46.0,PROD134,7.0,1340.62,0.0,9384.34,Sony History 898,Clothing,Fiction,Lg,46.08
ORD00428,CUST0686,2022-11-08,2022-11-14,Shipped,Debit Card,Online,27347.21,5284.34,99,Kolkata,MH,22161.87,2022-11,2022,Uma  Jones,Female,Corporate,Chennai,TN,25.0,PROD196,1.0,1739.38,3.3,1681.98,Harpercollins Cookware 952,Books,Cookware,Samsung,48.35
ORD00428,CUST0686,2022-11-08,2022-11-14,Shipped,Debit Card,Online,27347.21,5284.34,99,Kolkata,MH,22161.87,2022-11,2022,Uma  Jones,Female,Corporate,Chennai,TN,25.0,PROD165,9.0,1938.01,38.9,10657.12,Nike Appliances 352,Home & Kitchen,Furniture,Nike,38.62
ORD00428,CUST0686,2022-11-08,2022-11-14,Shipped,Debit Card,Online,27347.21,5284.34,99,Kolkata,MH,22161.87,2022-11,2022,Uma  Jones,Female,Corporate,Chennai,TN,25.0,PROD049,1.0,1759.2,7.1,1634.3,Nike Smartwatch 658,Books,Mobile,Philips,29.78
ORD00428,CUST0686,2022-11-08,2022-11-14,Shipped,Debit Card,Online,27347.21,5284.34,99,Kolkata,MH,22161.87,2022-11,2022,Uma  Jones,Female,Corporate,Chennai,TN,25.0,PROD125,6.0,2289.36,8.5,12568.59,Prestige Self-Help 619,Electronics,Self-Help,Philips,28.66
ORD00429,CUST0796,2022-11-09,2022-11-14,Pending,Upi,Online,14577.14,2261.98,0,Pune,TN,12315.16,2022-11,2022,Peter  Moore,Female,Consumer,Ahmedabad,GJ,46.0,PROD062,1.0,3187.86,30.4,2218.75,Samsung Cycling 783,Home & Kitchen,Football,Adidas,26.61
ORD00429,CUST0796,2022-11-09,2022-11-14,Pending,Upi,Online,14577.14,2261.98,0,Pune,TN,12315.16,2022-11,2022,Peter  Moore,Female,Consumer,Ahmedabad,GJ,46.0,PROD187,6.0,3560.67,13.0,18586.7,Reebok Decor 369,Sports,Bedding,Philips,54.59
ORD00431,CUST0297,2022-11-11,2022-11-12,Pending,Cod,Mobile App,15366.77,4595.24,199,Sydney,WB,10970.53,2022-11,2022,Iris  Thomas,Other,Home Office,Chennai,TN,46.0,PROD158,5.0,1025.03,6.5,4792.02,Nike Yoga 654,Home & Kitchen,Football,Samsung,56.49
ORD00431,CUST0297,2022-11-11,2022-11-12,Pending,Cod,Mobile App,15366.77,4595.24,199,Sydney,WB,10970.53,2022-11,2022,Iris  Thomas,Other,Home Office,Chennai,TN,46.0,PROD055,9.0,4863.54,2.6,42633.79,Samsung Laptop 541,Electronics,Smartwatch,Adidas,19.97
ORD00431,CUST0297,2022-11-11,2022-11-12,Pending,Cod,Mobile App,15366.77,4595.24,199,Sydney,WB,10970.53,2022-11,2022,Iris  Thomas,Other,Home Office,Chennai,TN,46.0,PROD046,3.0,3018.0,20.9,7161.71,Penguin Camera 453,Clothing,Headphones,Sony,56.85
ORD00431,CUST0297,2022-11-11,2022-11-12,Pending,Cod,Mobile App,15366.77,4595.24,199,Sydney,WB,10970.53,2022-11,2022,Iris  Thomas,Other,Home Office,Chennai,TN,46.0,PROD059,6.0,1402.19,1.8,8261.7,Apple History 581,Home & Kitchen,Science,Puma,28.87
ORD00431,CUST0297,2022-11-11,2022-11-12,Pending,Cod,Mobile App,15366.77,4595.24,199,Sydney,WB,10970.53,2022-11,2022,Iris  Thomas,Other,Home Office,Chennai,TN,46.0,PROD022,6.0,2970.83,1.5,17557.61,Lg Cookware 668,Home & Kitchen,Furniture,Philips,32.34
ORD00431,CUST0297,2022-11-11,2022-11-12,Pending,Cod,Mobile App,15366.77,4595.24,199,Sydney,WB,10970.53,2022-11,2022,Iris  Thomas,Other,Home Office,Chennai,TN,46.0,PROD176,9.0,2019.58,6.1,17067.47,Nike Jacket 282,Electronics,Shoes,Puma,11.71
ORD00432,CUST0065,2022-11-11,2022-11-12,Cancelled,Cod,Mobile App,48430.04,7582.5,99,Mumbai,TS,40946.54,2022-11,2022,Quinn Brown,Other,Consumer,Delhi,DL,69.0,PROD010,2.0,2132.09,34.1,2810.09,Apple Camera 553,Electronics,Smartwatch,Samsung,40.0
ORD00432,CUST0065,2022-11-11,2022-11-12,Cancelled,Cod,Mobile App,48430.04,7582.5,99,Mumbai,TS,40946.54,2022-11,2022,Quinn Brown,Other,Consumer,Delhi,DL,69.0,PROD175,7.0,2628.01,34.1,12123.01,Penguin Dress 839,Books,Shoes,Sony,51.37
ORD00433,CUST0993,2022-11-12,2022-11-14,Cancelled,Upi,Online,31214.25,7084.0,149,Bangalore,RJ,24279.25,2022-11,2022,Tina Anderson,Other,Home Office,Sydney,NSW,46.0,PROD044,3.0,3519.99,22.4,8194.54,Penguin Saree 425,Sports,Jeans,Adidas,45.75
ORD00433,CUST0993,2022-11-12,2022-11-14,Cancelled,Upi,Online,31214.25,7084.0,149,Bangalore,RJ,24279.25,2022-11,2022,Tina Anderson,Other,Home Office,Sydney,NSW,46.0,PROD104,4.0,347.38,27.4,1008.79,Harpercollins Jeans 435,Electronics,Saree,Nike,50.01
ORD00434,CUST0047,2022-11-13,2022-11-18,Delivered,Wallet,Mobile App,12147.95,18.01,199,Chennai,MH,12328.94,2022-11,2022,Rahul Miller,Female,Consumer,Pune,MH,60.0,PROD050,3.0,3903.61,0.0,11710.83,Sony Dress 370,Home & Kitchen,Jacket,Penguin,46.17
ORD00434,CUST0047,2022-11-13,2022-11-18,Delivered,Wallet,Mobile App,12147.95,18.01,199,Chennai,MH,12328.94,2022-11,2022,Rahul Miller,Female,Consumer,Pune,MH,60.0,PROD009,10.0,402.85,10.4,3609.54,Prestige Decor 300,Clothing,Bedding,Apple,14.3
ORD00434,CUST0047,2022-11-13,2022-11-18,Delivered,Wallet,Mobile App,12147.95,18.01,199,Chennai,MH,12328.94,2022-11,2022,Rahul Miller,Female,Consumer,Pune,MH,60.0,PROD001,7.0,1636.66,20.1,9153.84,Lg Laptop 149,Home & Kitchen,Smartwatch,Sony,54.08
ORD00435,CUST0226,2022-11-14,2022-11-19,Delivered,Cod,Online,10146.4,3263.02,0,Chennai,LDN,6883.38,2022-11,2022,,,,,,,PROD059,8.0,1104.89,13.6,7637.0,Apple History 581,Home & Kitchen,Science,Puma,28.87
ORD00435,CUST0226,2022-11-14,2022-11-19,Delivered,Cod,Online,10146.4,3263.02,0,Chennai,LDN,6883.38,2022-11,2022,,,,,,,PROD058,4.0,2366.18,5.7,8925.23,Prestige Science 951,Books,Fiction,Harpercollins,47.27
ORD00435,CUST0226,2022-11-14,2022-11-19,Delivered,Cod,Online,10146.4,3263.02,0,Chennai,LDN,6883.38,2022-11,2022,,,,,,,PROD061,9.0,1842.86,39.5,10034.37,Nike Headphones 858,Home & Kitchen,Mobile,Apple,45.42
ORD00436,CUST0269,2022-11-14,2022-11-16,Shipped,Wallet,In-Store,44014.84,0.0,149,Kolkata,DL,44163.84,2022-11,2022,Nick Martin,Other,Corporate,Chennai,TN,31.0,PROD124,1.0,2101.3,22.3,1632.71,Sony Science 562,Electronics,Self-Help,Harpercollins,42.34
ORD00436,CUST0269,2022-11-14,2022-11-16,Shipped,Wallet,In-Store,44014.84,0.0,149,Kolkata,DL,44163.84,2022-11,2022,Nick Martin,Other,Corporate,Chennai,TN,31.0,PROD023,5.0,3380.17,21.2,13317.87,Samsung T-Shirt 863,Clothing,Shoes,Harpercollins,44.46
ORD00436,CUST0269,2022-11-14,2022-11-16,Shipped,Wallet,In-Store,44014.84,0.0,149,Kolkata,DL,44163.84,2022-11,2022,Nick Martin,Other,Corporate,Chennai,TN,31.0,PROD102,4.0,856.77,16.4,2865.04,Penguin Appliances 888,Clothing,Lighting,Nike,22.48
ORD00436,CUST0269,2022-11-14,2022-11-16,Shipped,Wallet,In-Store,44014.84,0.0,149,Kolkata,DL,44163.84,2022-11,2022,Nick Martin,Other,Corporate,Chennai,TN,31.0,PROD031,6.0,3368.34,13.2,17542.31,Adidas Non-Fiction 307,Electronics,Self-Help,Prestige,49.23
ORD00436,CUST0269,2022-11-14,2022-11-16,Shipped,Wallet,In-Store,44014.84,0.0,149,Kolkata,DL,44163.84,2022-11,2022,Nick Martin,Other,Corporate,Chennai,TN,31.0,PROD155,6.0,3630.06,15.0,18513.31,Harpercollins Science 802,Electronics,Fiction,Apple,35.5
ORD00437,CUST0081,2022-11-15,2022-11-19,Returned,Wallet,Mobile App,16200.31,5837.74,149,Delhi,NY,10511.57,2022-11,2022,Victor Davis,Female,Consumer,Kolkata,WB,46.0,PROD163,8.0,2396.94,23.5,14669.27,Puma Furniture 243,Clothing,Cookware,Penguin,49.39
ORD00437,CUST0081,2022-11-15,2022-11-19,Returned,Wallet,Mobile App,16200.31,5837.74,149,Delhi,NY,10511.57,2022-11,2022,Victor Davis,Female,Consumer,Kolkata,WB,46.0,PROD006,3.0,4937.02,12.6,12944.87,Apple Appliances 429,Home & Kitchen,Lighting,Apple,42.16
ORD00438,CUST0288,2022-11-16,2022-11-19,Returned,Upi,In-Store,13961.37,2788.15,199,Kolkata,MH,11372.22,2022-11,2022,Nick Miller,Other,Consumer,Chennai,TN,46.0,,,,,,,,,,
ORD00439,CUST0096,2022-11-16,2022-11-19,Shipped,Net Banking,Online,37605.23,5392.2,149,Pune,MH,32362.03,2022-11,2022,,,,,,,PROD188,6.0,1855.79,38.5,6847.87,Puma Swimming 432,Books,Running,Puma,48.2
ORD00439,CUST0096,2022-11-16,2022-11-19,Shipped,Net Banking,Online,37605.23,5392.2,149,Pune,MH,32362.03,2022-11,2022,,,,,,,PROD067,6.0,4828.0,39.4,17554.61,Harpercollins Shoes 947,Electronics,Saree,Harpercollins,26.88
ORD00441,CUST0774,2022-11-18,2022-11-25,Delivered,Debit Card,Online,22375.9,4663.31,149,Jaipur,DL,17861.59,2022-11,2022,Victor  Jackson,Female,Consumer,Bangalore,KA,27.0,PROD011,8.0,3580.65,16.8,23832.81,Prestige History 742,Sports,Science,Harpercollins,52.96
ORD00441,CUST0774,2022-11-18,2022-11-25,Delivered,Debit Card,Online,22375.9,4663.31,149,Jaipur,DL,17861.59,2022-11,2022,Victor  Jackson,Female,Consumer,Bangalore,KA,27.0,PROD132,6.0,1356.4,18.9,6600.24,Prestige Football 126,Home & Kitchen,Cricket,Puma,26.02
ORD00441,CUST0774,2022-11-18,2022-11-25,Delivered,Debit Card,Online,22375.9,4663.31,149,Jaipur,DL,17861.59,2022-11,2022,Victor  Jackson,Female,Consumer,Bangalore,KA,27.0,PROD028,4.0,3824.1,8.4,14011.5,Apple Science 123,Clothing,History,Samsung,55.38
ORD00442,CUST0072,2022-11-19,2022-11-20,Cancelled,Credit Card,Mobile App,14629.39,336.42,0,Mumbai,RJ,14292.97,2022-11,2022,Quinn  Anderson,Female,Consumer,Mumbai,MH,57.0,PROD189,6.0,1518.6,17.2,7544.4,Samsung Shoes 428,Books,Shoes,Apple,40.01
ORD00442,CUST0072,2022-11-19,2022-11-20,Cancelled,Credit Card,Mobile App,14629.39,336.42,0,Mumbai,RJ,14292.97,2022-11,2022,Quinn  Anderson,Female,Consumer,Mumbai,MH,57.0,PROD037,8.0,2787.13,34.6,14582.26,Nike Laptop 575,Sports,Camera,Harpercollins,17.99
ORD00442,CUST0072,2022-11-19,2022-11-20,Cancelled,Credit Card,Mobile App,14629.39,336.42,0,Mumbai,RJ,14292.97,2022-11,2022,Quinn  Anderson,Female,Consumer,Mumbai,MH,57.0,PROD040,4.0,66.26,0.0,265.04,Apple Cricket 717,Electronics,Cycling,Prestige,55.93
ORD00443,CUST0529,2022-11-19,2022-11-24,Delivered,Net Banking,In-Store,16322.3,1004.84,99,Kolkata,KA,15416.46,2022-11,2022,Eve Miller,Female,Corporate,Hyderabad,TS,46.0,PROD095,9.0,1602.96,4.0,13849.57,Lg Saree 263,Sports,Dress,Prestige,49.5
ORD00444,CUST0107,2022-11-20,2022-11-26,Returned,Cod,Online,38515.03,0.0,149,Toronto,TS,38664.03,2022-11,2022,Eve  Thomas,Other,Corporate,Toronto,ON,46.0,PROD130,8.0,4429.31,0.7,35186.44,Reebok Lighting 589,Home & Kitchen,Furniture,Harpercollins,45.86
ORD00444,CUST0107,2022-11-20,2022-11-26,Returned,Cod,Online,38515.03,0.0,149,Toronto,TS,38664.03,2022-11,2022,Eve  Thomas,Other,Corporate,Toronto,ON,46.0,PROD044,2.0,2194.62,9.1,3989.82,Penguin Saree 425,Sports,Jeans,Adidas,45.75
ORD00445,CUST0114,2022-11-21,2022-11-23,Delivered,Net Banking,In-Store,10159.39,0.0,199,Bangalore,DL,10358.39,2022-11,2022,Rahul Garcia,Female,Corporate,Ahmedabad,GJ,46.0,PROD024,4.0,4825.81,13.1,16774.52,Apple History 842,Books,Fiction,Nike,43.62
ORD00445,CUST0114,2022-11-21,2022-11-23,Delivered,Net Banking,In-Store,10159.39,0.0,199,Bangalore,DL,10358.39,2022-11,2022,Rahul Garcia,Female,Corporate,Ahmedabad,GJ,46.0,PROD018,1.0,2701.72,8.8,2463.97,Philips Lighting 243,Home & Kitchen,Furniture,Apple,41.07
ORD00446,CUST0967,2022-11-22,2022-11-23,Delivered,Upi,Mobile App,41841.22,13733.66,0,Hyderabad,LDN,28107.56,2022-11,2022,Victor Johnson,Male,Home Office,Jaipur,RJ,43.0,PROD048,4.0,4482.19,9.2,16279.31,Adidas Jacket 176,Home & Kitchen,Jeans,Apple,57.33
ORD00446,CUST0967,2022-11-22,2022-11-23,Delivered,Upi,Mobile App,41841.22,13733.66,0,Hyderabad,LDN,28107.56,2022-11,2022,Victor Johnson,Male,Home Office,Jaipur,RJ,43.0,PROD141,8.0,4623.46,32.8,24855.72,Penguin Jacket 835,Clothing,Jacket,Prestige,56.67
ORD00446,CUST0967,2022-11-22,2022-11-23,Delivered,Upi,Mobile App,41841.22,13733.66,0,Hyderabad,LDN,28107.56,2022-11,2022,Victor Johnson,Male,Home Office,Jaipur,RJ,43.0,PROD024,7.0,3278.65,26.5,16868.65,Apple History 842,Books,Fiction,Nike,43.62
ORD00446,CUST0967,2022-11-22,2022-11-23,Delivered,Upi,Mobile App,41841.22,13733.66,0,Hyderabad,LDN,28107.56,2022-11,2022,Victor Johnson,Male,Home Office,Jaipur,RJ,43.0,PROD132,9.0,220.46,36.5,1259.93,Prestige Football 126,Home & Kitchen,Cricket,Puma,26.02
ORD00447,CUST0879,2022-11-22,2022-11-25,Delivered,Credit Card,Online,47920.74,7824.68,0,Ahmedabad,TS,40096.06,2022-11,2022,Victor  Thomas,Other,Home Office,London,LDN,61.0,PROD189,6.0,2320.8,4.7,13270.33,Samsung Shoes 428,Books,Shoes,Apple,40.01
ORD00447,CUST0879,2022-11-22,2022-11-25,Delivered,Credit Card,Online,47920.74,7824.68,0,Ahmedabad,TS,40096.06,2022-11,2022,Victor  Thomas,Other,Home Office,London,LDN,61.0,PROD147,3.0,1577.26,28.2,3397.42,Lg Appliances 636,Books,Bedding,Penguin,31.75
ORD00447,CUST0879,2022-11-22,2022-11-25,Delivered,Credit Card,Online,47920.74,7824.68,0,Ahmedabad,TS,40096.06,2022-11,2022,Victor  Thomas,Other,Home Office,London,LDN,61.0,PROD184,2.0,981.63,5.6,1853.32,Penguin Fiction 673,Home & Kitchen,Comics,Apple,55.75
ORD00448,CUST0876,2022-11-23,2022-11-29,Delivered,Cod,Online,46836.83,2882.96,49,Pune,MH,44002.87,2022-11,2022,Arjun Taylor,Female,Home Office,Hyderabad,TS,46.0,,,,,,,,,,
ORD00449,CUST0576,2022-11-24,2022-11-30,Returned,Cod,Mobile App,8750.59,2790.79,99,Pune,RJ,6058.8,2022-11,2022,Uma Martin,Female,Corporate,Kolkata,WB,56.0,PROD193,9.0,4085.25,0.9,36436.34,Adidas Yoga 743,Electronics,Running,Philips,46.63
ORD00449,CUST0576,2022-11-24,2022-11-30,Returned,Cod,Mobile App,8750.59,2790.79,99,Pune,RJ,6058.8,2022-11,2022,Uma Martin,Female,Corporate,Kolkata,WB,56.0,PROD093,3.0,4182.51,30.7,8695.44,Prestige Furniture 284,Electronics,Bedding,Samsung,9.26
ORD00449,CUST0576,2022-11-24,2022-11-30,Returned,Cod,Mobile App,8750.59,2790.79,99,Pune,RJ,6058.8,2022-11,2022,Uma Martin,Female,Corporate,Kolkata,WB,56.0,PROD173,7.0,787.22,9.9,4965.0,Apple Appliances 796,Home & Kitchen,Appliances,Nike,53.5
ORD00449,CUST0576,2022-11-24,2022-11-30,Returned,Cod,Mobile App,8750.59,2790.79,99,Pune,RJ,6058.8,2022-11,2022,Uma Martin,Female,Corporate,Kolkata,WB,56.0,PROD154,8.0,3355.01,15.9,22572.51,Puma Jacket 845,Books,Jeans,Apple,30.08
ORD00449,CUST0576,2022-11-24,2022-11-30,Returned,Cod,Mobile App,8750.59,2790.79,99,Pune,RJ,6058.8,2022-11,2022,Uma Martin,Female,Corporate,Kolkata,WB,56.0,PROD063,7.0,2319.09,15.2,13766.12,Penguin Mobile 291,Electronics,Camera,Prestige,50.83
ORD00450,CUST0649,2022-11-24,2022-11-27,Delivered,Wallet,Online,36820.64,3289.39,199,Pune,DL,33730.25,2022-11,2022,Frank  Jones,Male,Corporate,New York,NY,46.0,PROD044,3.0,3280.05,29.9,6897.95,Penguin Saree 425,Sports,Jeans,Adidas,45.75
ORD00452,CUST0320,2022-11-26,2022-11-29,Pending,Debit Card,In-Store,41201.26,7838.63,149,Kolkata,MH,33511.63,2022-11,2022,Pooja Patel,Female,Consumer,Delhi,DL,46.0,PROD187,4.0,3050.25,10.2,10956.5,Reebok Decor 369,Sports,Bedding,Philips,54.59
ORD00452,CUST0320,2022-11-26,2022-11-29,Pending,Debit Card,In-Store,41201.26,7838.63,149,Kolkata,MH,33511.63,2022-11,2022,Pooja Patel,Female,Consumer,Delhi,DL,46.0,PROD165,3.0,3398.62,6.2,9563.72,Nike Appliances 352,Home & Kitchen,Furniture,Nike,38.62
ORD00453,CUST0010,2022-11-27,2022-12-03,Shipped,Credit Card,Mobile App,44776.66,15719.11,49,Ahmedabad,KA,29106.55,2022-11,2022,Jack Thomas,Female,Corporate,Ahmedabad,GJ,46.0,PROD062,7.0,1725.24,26.5,8876.36,Samsung Cycling 783,Home & Kitchen,Football,Adidas,26.61
ORD00454,CUST0972,2022-11-27,2022-11-30,Cancelled,Credit Card,Mobile App,7727.54,830.64,49,Bangalore,RJ,6945.9,2022-11,2022,Olivia Miller,Female,Corporate,Surat,GJ,46.0,,,,,,,,,,
ORD00455,CUST0351,2022-11-28,2022-11-29,Delivered,Debit Card,In-Store,26378.68,3153.03,0,Mumbai,TS,23225.65,2022-11,2022,Rachel Anderson,Female,Home Office,Sydney,NSW,46.0,PROD037,3.0,2120.41,38.7,3899.43,Nike Laptop 575,Sports,Camera,Harpercollins,17.99
ORD00455,CUST0351,2022-11-28,2022-11-29,Delivered,Debit Card,In-Store,26378.68,3153.03,0,Mumbai,TS,23225.65,2022-11,2022,Rachel Anderson,Female,Home Office,Sydney,NSW,46.0,PROD013,2.0,1788.18,22.8,2760.95,Lg Mobile 752,Clothing,Smartwatch,Apple,46.62
ORD00456,CUST0944,2022-11-29,2022-12-05,Shipped,Upi,Online,38526.69,11585.62,149,New York,WB,27090.07,2022-11,2022,Frank Moore,Other,Home Office,Mumbai,MH,62.0,PROD184,5.0,4797.99,36.5,15233.62,Penguin Fiction 673,Home & Kitchen,Comics,Apple,55.75
ORD00456,CUST0944,2022-11-29,2022-12-05,Shipped,Upi,Online,38526.69,11585.62,149,New York,WB,27090.07,2022-11,2022,Frank Moore,Other,Home Office,Mumbai,MH,62.0,PROD031,8.0,600.74,10.8,4286.88,Adidas Non-Fiction 307,Electronics,Self-Help,Prestige,49.23
ORD00456,CUST0944,2022-11-29,2022-12-05,Shipped,Upi,Online,38526.69,11585.62,149,New York,WB,27090.07,2022-11,2022,Frank Moore,Other,Home Office,Mumbai,MH,62.0,PROD115,10.0,2318.33,36.5,14721.4,Philips Running 335,Home & Kitchen,Yoga,Philips,15.67
ORD00457,CUST0088,2022-11-30,2022-12-02,Delivered,Credit Card,Mobile App,49185.12,11273.96,149,Chennai,DL,38060.16,2022-11,2022,Yara  Smith,Male,Consumer,Pune,MH,46.0,PROD196,6.0,345.43,18.8,1682.93,Harpercollins Cookware 952,Books,Cookware,Samsung,48.35
ORD00458,CUST0715,2022-11-30,2022-12-03,Pending,Upi,Mobile App,28694.56,7768.54,99,Kolkata,WB,21025.02,2022-11,2022,,,,,,,PROD158,3.0,290.09,9.3,789.33,Nike Yoga 654,Home & Kitchen,Football,Samsung,56.49
ORD00460,CUST0238,2022-12-02,2022-12-05,Pending,Debit Card,Online,13586.22,3536.08,0,Ahmedabad,RJ,10050.14,2022-12,2022,Arjun  Harris,Male,Home Office,Kolkata,WB,43.0,PROD130,8.0,4333.46,0.0,34667.68,Reebok Lighting 589,Home & Kitchen,Furniture,Harpercollins,45.86
ORD00460,CUST0238,2022-12-02,2022-12-05,Pending,Debit Card,Online,13586.22,3536.08,0,Ahmedabad,RJ,10050.14,2022-12,2022,Arjun  Harris,Male,Home Office,Kolkata,WB,43.0,PROD074,6.0,1360.21,33.3,5443.56,Reebok Non-Fiction 876,Home & Kitchen,Comics,Philips,40.32
ORD00460,CUST0238,2022-12-02,2022-12-05,Pending,Debit Card,Online,13586.22,3536.08,0,Ahmedabad,RJ,10050.14,2022-12,2022,Arjun  Harris,Male,Home Office,Kolkata,WB,43.0,PROD114,3.0,4632.55,12.2,12202.14,Lg Laptop 719,Sports,Tablet,Prestige,25.99
ORD00461,CUST0161,2022-12-03,2022-12-10,Cancelled,Upi,Online,17753.33,3766.87,49,London,GJ,14035.46,2022-12,2022,Amit Miller,Female,Corporate,Mumbai,MH,46.0,PROD155,5.0,2205.05,12.0,9702.22,Harpercollins Science 802,Electronics,Fiction,Apple,35.5
ORD00461,CUST0161,2022-12-03,2022-12-10,Cancelled,Upi,Online,17753.33,3766.87,49,London,GJ,14035.46,2022-12,2022,Amit Miller,Female,Corporate,Mumbai,MH,46.0,PROD122,9.0,3025.4,39.8,16391.62,Penguin Camera 744,Clothing,Mobile,Adidas,52.36
ORD00461,CUST0161,2022-12-03,2022-12-10,Cancelled,Upi,Online,17753.33,3766.87,49,London,GJ,14035.46,2022-12,2022,Amit Miller,Female,Corporate,Mumbai,MH,46.0,PROD096,2.0,348.96,19.4,562.52,Apple Lighting 795,Books,Bedding,Apple,37.49
ORD00462,CUST0323,2022-03-12,2022-12-04,Returned,Wallet,Mobile App,42092.43,295.69,49,Mumbai,RJ,41845.74,2022-03,2022,Eve Jackson,Female,Consumer,Pune,MH,46.0,PROD014,2.0,2577.14,16.3,4314.13,Sony Science 117,Electronics,Science,Reebok,39.2
ORD00463,CUST0652,2022-12-04,2022-12-08,Returned,Cod,Online,11445.15,2579.83,149,Bangalore,GJ,9014.32,2022-12,2022,Grace Smith,Female,Consumer,Hyderabad,TS,46.0,PROD192,5.0,3135.19,3.4,15142.97,Sony Non-Fiction 107,Books,Non-Fiction,Samsung,39.21
ORD00463,CUST0652,2022-12-04,2022-12-08,Returned,Cod,Online,11445.15,2579.83,149,Bangalore,GJ,9014.32,2022-12,2022,Grace Smith,Female,Consumer,Hyderabad,TS,46.0,PROD109,4.0,693.51,2.1,2715.79,Adidas Lighting 738,Electronics,Bedding,Samsung,54.83
ORD00464,CUST0119,2022-12-05,2022-12-06,Cancelled,Wallet,Mobile App,26676.26,4911.38,199,Ahmedabad,NY,21963.88,2022-12,2022,Iris Thompson,Other,Consumer,Bangalore,KA,49.0,,,,,,,,,,
ORD00465,CUST0456,2022-12-05,2022-12-08,Cancelled,Upi,Mobile App,32849.67,876.35,149,London,ON,32122.32,2022-12,2022,Bob Patel,Female,Consumer,Hyderabad,TS,54.0,PROD096,1.0,3849.06,31.3,2644.3,Apple Lighting 795,Books,Bedding,Apple,37.49
ORD00465,CUST0456,2022-12-05,2022-12-08,Cancelled,Upi,Mobile App,32849.67,876.35,149,London,ON,32122.32,2022-12,2022,Bob Patel,Female,Consumer,Hyderabad,TS,54.0,PROD121,5.0,4219.45,38.1,13059.2,Apple Saree 724,Electronics,T-Shirt,Adidas,41.47
ORD00465,CUST0456,2022-12-05,2022-12-08,Cancelled,Upi,Mobile App,32849.67,876.35,149,London,ON,32122.32,2022-12,2022,Bob Patel,Female,Consumer,Hyderabad,TS,54.0,PROD117,4.0,4596.1,31.7,12556.55,Philips Shoes 833,Home & Kitchen,Jacket,Penguin,53.82
ORD00467,CUST0602,2022-12-07,2022-12-11,Pending,Debit Card,Mobile App,6543.91,1587.22,199,Delhi,TN,5155.69,2022-12,2022,Pooja  Patel,Female,Home Office,Bangalore,KA,61.0,PROD093,9.0,3175.75,8.1,26266.63,Prestige Furniture 284,Electronics,Bedding,Samsung,9.26
ORD00467,CUST0602,2022-12-07,2022-12-11,Pending,Debit Card,Mobile App,6543.91,1587.22,199,Delhi,TN,5155.69,2022-12,2022,Pooja  Patel,Female,Home Office,Bangalore,KA,61.0,PROD053,7.0,920.26,6.5,6023.1,Samsung Non-Fiction 984,Books,Non-Fiction,Harpercollins,58.1
ORD00467,CUST0602,2022-12-07,2022-12-11,Pending,Debit Card,Mobile App,6543.91,1587.22,199,Delhi,TN,5155.69,2022-12,2022,Pooja  Patel,Female,Home Office,Bangalore,KA,61.0,PROD104,4.0,505.35,7.0,1879.9,Harpercollins Jeans 435,Electronics,Saree,Nike,50.01
ORD00468,CUST0685,2022-12-08,2022-12-13,Shipped,Net Banking,Mobile App,40318.45,4458.47,199,Mumbai,KA,36058.98,2022-12,2022,Frank Lee,Female,Corporate,Sydney,NSW,46.0,PROD135,9.0,598.59,6.6,5031.75,Apple Shoes 165,Sports,Dress,Adidas,31.77
ORD00470,CUST0318,2022-12-09,2022-12-12,Returned,Cod,In-Store,27476.95,7874.14,99,Pune,DL,19701.81,2022-12,2022,Leo Thomas,Other,Corporate,Pune,MH,46.0,PROD147,8.0,4443.54,13.5,30749.3,Lg Appliances 636,Books,Bedding,Penguin,31.75
ORD00471,CUST0320,2022-12-10,2022-12-15,Returned,Wallet,Mobile App,24080.22,8939.46,49,London,TS,15189.76,2022-12,2022,Pooja Patel,Female,Consumer,Delhi,DL,46.0,,,,,,,,,,
ORD00472,CUST0462,2022-11-12,2022-12-18,Delivered,Cod,Mobile App,9704.24,9.66,149,Sydney,GJ,9843.58,2022-11,2022,Alice Thomas,Other,Consumer,Ahmedabad,GJ,46.0,PROD068,1.0,2463.94,38.9,1505.47,Nike T-Shirt 743,Home & Kitchen,Jacket,Apple,49.93
ORD00473,CUST0040,2022-11-12,2022-12-12,Returned,Cod,Mobile App,32894.44,8450.47,0,Sydney,GJ,24443.97,2022-11,2022,Wendy  Harris,Other,Consumer,Delhi,DL,59.0,PROD042,2.0,581.21,37.1,731.16,Apple Furniture 868,Books,Appliances,Apple,59.18
ORD00473,CUST0040,2022-11-12,2022-12-12,Returned,Cod,Mobile App,32894.44,8450.47,0,Sydney,GJ,24443.97,2022-11,2022,Wendy  Harris,Other,Consumer,Delhi,DL,59.0,PROD096,3.0,2968.67,11.4,7890.72,Apple Lighting 795,Books,Bedding,Apple,37.49
ORD00474,CUST0515,2022-12-12,2022-12-19,Shipped,Cod,In-Store,26528.59,9481.56,0,New York,GJ,17047.03,2022-12,2022,Olivia Garcia,Male,Corporate,Hyderabad,TS,26.0,PROD045,9.0,4697.11,39.1,25744.86,Nike Headphones 607,Home & Kitchen,Laptop,Reebok,11.65
ORD00475,CUST0370,2022-12-13,2022-12-18,Delivered,Debit Card,Mobile App,14815.56,869.27,149,Kolkata,GJ,14095.29,2022-12,2022,Mia White,Other,Corporate,Ahmedabad,GJ,20.0,,,,,,,,,,
ORD00476,CUST0425,2022-12-13,2022-12-15,Delivered,Cod,In-Store,28200.01,0.0,199,Jaipur,NSW,28399.01,2022-12,2022,Rahul White,Other,Consumer,New York,NY,46.0,PROD096,7.0,1226.13,31.9,5844.96,Apple Lighting 795,Books,Bedding,Apple,37.49
ORD00477,CUST0002,2022-12-14,2022-12-17,Cancelled,Upi,Online,46399.77,4372.09,149,Ahmedabad,NSW,42176.68,2022-12,2022,Steve Lee,Female,Consumer,Toronto,ON,62.0,PROD166,4.0,2838.67,3.1,11002.68,Prestige Non-Fiction 799,Books,Non-Fiction,Lg,32.2
ORD00477,CUST0002,2022-12-14,2022-12-17,Cancelled,Upi,Online,46399.77,4372.09,149,Ahmedabad,NSW,42176.68,2022-12,2022,Steve Lee,Female,Consumer,Toronto,ON,62.0,PROD130,10.0,1271.67,27.7,9194.17,Reebok Lighting 589,Home & Kitchen,Furniture,Harpercollins,45.86
ORD00477,CUST0002,2022-12-14,2022-12-17,Cancelled,Upi,Online,46399.77,4372.09,149,Ahmedabad,NSW,42176.68,2022-12,2022,Steve Lee,Female,Consumer,Toronto,ON,62.0,PROD134,2.0,310.95,23.1,478.24,Sony History 898,Clothing,Fiction,Lg,46.08
ORD00478,CUST0587,2022-12-15,2022-12-20,Pending,Net Banking,In-Store,23740.48,0.0,199,Mumbai,MH,23939.48,2022-12,2022,Iris Jones,Other,Consumer,Hyderabad,TS,18.0,PROD143,9.0,4680.91,8.7,38463.04,Apple Mobile 427,Sports,Laptop,Prestige,43.6
ORD00478,CUST0587,2022-12-15,2022-12-20,Pending,Net Banking,In-Store,23740.48,0.0,199,Mumbai,MH,23939.48,2022-12,2022,Iris Jones,Other,Consumer,Hyderabad,TS,18.0,PROD019,6.0,2578.81,6.1,14529.02,Philips Cycling 881,Books,Swimming,Nike,33.52
ORD00479,CUST0763,2022-12-16,2022-12-21,Cancelled,Wallet,In-Store,44206.78,4031.64,199,Kolkata,TN,40374.14,2022-12,2022,Tina Garcia,Other,Consumer,Sydney,NSW,28.0,PROD061,5.0,606.11,0.6,3012.37,Nike Headphones 858,Home & Kitchen,Mobile,Apple,45.42
ORD00479,CUST0763,2022-12-16,2022-12-21,Cancelled,Wallet,In-Store,44206.78,4031.64,199,Kolkata,TN,40374.14,2022-12,2022,Tina Garcia,Other,Consumer,Sydney,NSW,28.0,PROD021,4.0,743.29,35.7,1911.74,Nike Decor 240,Sports,Bedding,Apple,58.93
ORD00480,CUST0282,2022-12-16,2022-12-18,Shipped,Wallet,Online,39849.14,15596.85,99,Surat,NY,24351.29,2022-12,2022,,,,,,,PROD120,9.0,2680.82,6.4,22583.23,Sony Shoes 445,Electronics,Saree,Nike,17.95
ORD00480,CUST0282,2022-12-16,2022-12-18,Shipped,Wallet,Online,39849.14,15596.85,99,Surat,NY,24351.29,2022-12,2022,,,,,,,PROD068,10.0,2758.54,11.8,24330.32,Nike T-Shirt 743,Home & Kitchen,Jacket,Apple,49.93
ORD00482,CUST0049,2022-12-18,2022-12-21,Shipped,Cod,In-Store,14100.34,2628.39,149,Pune,MH,11620.95,2022-12,2022,Zoe  Smith,Female,Corporate,Pune,MH,46.0,PROD188,3.0,3800.8,6.3,10684.05,Puma Swimming 432,Books,Running,Puma,48.2
ORD00483,CUST0827,2022-12-19,2022-12-24,Pending,Net Banking,Online,3623.01,1146.41,149,Ahmedabad,TS,2625.6,2022-12,2022,Henry  Brown,Other,Corporate,Ahmedabad,GJ,46.0,PROD050,2.0,2584.85,19.1,4182.29,Sony Dress 370,Home & Kitchen,Jacket,Penguin,46.17
ORD00483,CUST0827,2022-12-19,2022-12-24,Pending,Net Banking,Online,3623.01,1146.41,149,Ahmedabad,TS,2625.6,2022-12,2022,Henry  Brown,Other,Corporate,Ahmedabad,GJ,46.0,PROD062,1.0,4735.07,36.8,2992.56,Samsung Cycling 783,Home & Kitchen,Football,Adidas,26.61
ORD00483,CUST0827,2022-12-19,2022-12-24,Pending,Net Banking,Online,3623.01,1146.41,149,Ahmedabad,TS,2625.6,2022-12,2022,Henry  Brown,Other,Corporate,Ahmedabad,GJ,46.0,PROD101,5.0,490.91,0.0,2454.55,Nike Comics 174,Clothing,Comics,Apple,16.78
ORD00483,CUST0827,2022-12-19,2022-12-24,Pending,Net Banking,Online,3623.01,1146.41,149,Ahmedabad,TS,2625.6,2022-12,2022,Henry  Brown,Other,Corporate,Ahmedabad,GJ,46.0,PROD039,7.0,1020.93,0.0,7146.51,Nike Jeans 794,Electronics,Saree,Lg,52.75
ORD00484,CUST0925,2022-12-19,2022-12-26,Shipped,Net Banking,In-Store,29708.09,919.69,199,Delhi,TN,28987.4,2022-12,2022,Iris Patel,Other,Consumer,Bangalore,KA,46.0,PROD186,9.0,3784.49,100.0,0.0,Lg Laptop 761,Clothing,Smartwatch,Lg,18.86
ORD00484,CUST0925,2022-12-19,2022-12-26,Shipped,Net Banking,In-Store,29708.09,919.69,199,Delhi,TN,28987.4,2022-12,2022,Iris Patel,Other,Consumer,Bangalore,KA,46.0,PROD082,10.0,175.85,18.3,1436.69,Samsung Lighting 904,Books,Furniture,Nike,29.28
ORD00484,CUST0925,2022-12-19,2022-12-26,Shipped,Net Banking,In-Store,29708.09,919.69,199,Delhi,TN,28987.4,2022-12,2022,Iris Patel,Other,Consumer,Bangalore,KA,46.0,PROD164,4.0,4378.41,25.1,13117.72,Lg Camera 401,Home & Kitchen,Camera,Nike,58.81
ORD00485,CUST0396,2022-12-20,2022-12-24,Returned,Upi,Online,42165.35,12631.84,149,Toronto,NY,29682.51,2022-12,2022,Frank Garcia,Male,Corporate,Hyderabad,TS,46.0,,,,,,,,,,
ORD00486,CUST0465,2022-12-21,2022-12-25,Delivered,Upi,In-Store,3333.62,658.87,0,Delhi,TS,2674.75,2022-12,2022,Iris  Brown,Other,Consumer,Jaipur,RJ,46.0,PROD079,1.0,2678.19,11.5,2370.2,Prestige Science 518,Sports,Non-Fiction,Apple,45.47
ORD00486,CUST0465,2022-12-21,2022-12-25,Delivered,Upi,In-Store,3333.62,658.87,0,Delhi,TS,2674.75,2022-12,2022,Iris  Brown,Other,Consumer,Jaipur,RJ,46.0,PROD131,7.0,4340.7,22.8,23457.14,Adidas Camera 887,Clothing,Headphones,Adidas,50.24
ORD00486,CUST0465,2022-12-21,2022-12-25,Delivered,Upi,In-Store,3333.62,658.87,0,Delhi,TS,2674.75,2022-12,2022,Iris  Brown,Other,Consumer,Jaipur,RJ,46.0,PROD089,7.0,3720.06,27.1,18983.47,Penguin Football 980,Electronics,Football,Nike,31.17
ORD00487,CUST0103,2022-12-22,2022-12-24,Pending,Cod,Mobile App,25545.4,6218.0,149,Bangalore,NY,19476.4,2022-12,2022,Iris  Smith,Other,Consumer,Pune,MH,46.0,,,,,,,,,,
ORD00488,CUST0304,2022-12-22,2022-12-29,Pending,Upi,Online,10583.88,1115.86,199,Delhi,GJ,9667.02,2022-12,2022,Rahul Brown,Other,Consumer,London,LDN,46.0,PROD046,5.0,940.5,14.6,4015.94,Penguin Camera 453,Clothing,Headphones,Sony,56.85
ORD00489,CUST0677,2022-12-23,2022-12-24,Pending,Wallet,Mobile App,1240.42,77.18,0,London,TS,1163.24,2022-12,2022,Olivia Garcia,Male,Corporate,Ahmedabad,GJ,22.0,PROD064,2.0,1591.06,16.2,2666.62,Apple Laptop 953,Clothing,Camera,Harpercollins,39.99
ORD00489,CUST0677,2022-12-23,2022-12-24,Pending,Wallet,Mobile App,1240.42,77.18,0,London,TS,1163.24,2022-12,2022,Olivia Garcia,Male,Corporate,Ahmedabad,GJ,22.0,PROD163,9.0,149.68,11.5,1192.2,Puma Furniture 243,Clothing,Cookware,Penguin,49.39
ORD00489,CUST0677,2022-12-23,2022-12-24,Pending,Wallet,Mobile App,1240.42,77.18,0,London,TS,1163.24,2022-12,2022,Olivia Garcia,Male,Corporate,Ahmedabad,GJ,22.0,PROD135,10.0,4865.96,38.4,29974.31,Apple Shoes 165,Sports,Dress,Adidas,31.77
ORD00490,CUST0838,2022-12-24,2022-12-31,Delivered,Credit Card,In-Store,7631.79,1812.33,0,Jaipur,TN,5819.46,2022-12,2022,Amit Anderson,Other,Corporate,Delhi,DL,53.0,PROD121,2.0,1489.58,34.8,1942.41,Apple Saree 724,Electronics,T-Shirt,Adidas,41.47
ORD00490,CUST0838,2022-12-24,2022-12-31,Delivered,Credit Card,In-Store,7631.79,1812.33,0,Jaipur,TN,5819.46,2022-12,2022,Amit Anderson,Other,Corporate,Delhi,DL,53.0,PROD123,6.0,2228.04,2.8,12993.93,Apple Comics 186,Home & Kitchen,History,Nike,48.14
ORD00491,CUST0516,2022-12-24,2022-12-27,Returned,Upi,Online,39338.93,9482.68,99,Delhi,LDN,29955.25,2022-12,2022,Olivia Thomas,Male,Corporate,Chennai,TN,46.0,PROD012,8.0,358.31,17.5,2364.85,Nike Fiction 847,Books,Self-Help,Lg,50.71
ORD00491,CUST0516,2022-12-24,2022-12-27,Returned,Upi,Online,39338.93,9482.68,99,Delhi,LDN,29955.25,2022-12,2022,Olivia Thomas,Male,Corporate,Chennai,TN,46.0,PROD089,4.0,1216.78,21.8,3806.09,Penguin Football 980,Electronics,Football,Nike,31.17
ORD00492,CUST0470,2022-12-25,2022-12-29,Pending,Wallet,In-Store,40383.28,1611.59,199,Sydney,TN,38970.69,2022-12,2022,Rahul Walker,Female,Consumer,Bangalore,KA,46.0,PROD051,7.0,557.6,5.6,3684.62,Harpercollins Fiction 843,Electronics,Comics,Adidas,47.6
ORD00492,CUST0470,2022-12-25,2022-12-29,Pending,Wallet,In-Store,40383.28,1611.59,199,Sydney,TN,38970.69,2022-12,2022,Rahul Walker,Female,Consumer,Bangalore,KA,46.0,PROD168,2.0,4112.1,29.6,5789.84,Apple Tablet 908,Clothing,Laptop,Samsung,50.92
ORD00493,CUST0540,2022-12-26,2023-01-01,Delivered,Cod,Online,32214.41,10918.55,0,Kolkata,TS,21295.86,2022-12,2022,Mia  Johnson,Female,Home Office,New York,NY,39.0,PROD047,5.0,3847.5,20.6,15274.58,Puma Cookware 294,Sports,Appliances,Prestige,37.79
ORD00495,CUST0071,2022-12-27,2022-12-30,Delivered,Net Banking,Online,38045.21,14696.47,0,Sydney,KA,23348.74,2022-12,2022,Xander Wilson,Male,Consumer,Chennai,TN,23.0,PROD067,8.0,2700.87,5.3,20461.79,Harpercollins Shoes 947,Electronics,Saree,Harpercollins,26.88
ORD00495,CUST0071,2022-12-27,2022-12-30,Delivered,Net Banking,Online,38045.21,14696.47,0,Sydney,KA,23348.74,2022-12,2022,Xander Wilson,Male,Consumer,Chennai,TN,23.0,PROD198,1.0,4171.26,30.6,2894.85,Reebok Football 148,Clothing,Football,Nike,59.52
ORD00496,CUST0023,2022-12-28,2023-01-02,Shipped,Credit Card,Online,29348.21,2576.14,49,London,DL,26821.07,2022-12,2022,Eve  Jackson,Male,Corporate,Sydney,NSW,20.0,PROD100,10.0,1092.44,21.9,8531.96,Sony History 683,Sports,Comics,Puma,56.77
ORD00496,CUST0023,2022-12-28,2023-01-02,Shipped,Credit Card,Online,29348.21,2576.14,49,London,DL,26821.07,2022-12,2022,Eve  Jackson,Male,Corporate,Sydney,NSW,20.0,PROD130,1.0,2140.67,37.7,1333.64,Reebok Lighting 589,Home & Kitchen,Furniture,Harpercollins,45.86
ORD00496,CUST0023,2022-12-28,2023-01-02,Shipped,Credit Card,Online,29348.21,2576.14,49,London,DL,26821.07,2022-12,2022,Eve  Jackson,Male,Corporate,Sydney,NSW,20.0,PROD131,1.0,4011.89,37.0,2527.49,Adidas Camera 887,Clothing,Headphones,Adidas,50.24
ORD00497,CUST0203,2022-12-29,2022-12-31,Shipped,Upi,In-Store,27708.63,9902.68,49,Surat,MH,17854.95,2022-12,2022,Zoe Harris,Male,Corporate,Hyderabad,TS,46.0,PROD013,3.0,724.95,11.2,1931.27,Lg Mobile 752,Clothing,Smartwatch,Apple,46.62
ORD00497,CUST0203,2022-12-29,2022-12-31,Shipped,Upi,In-Store,27708.63,9902.68,49,Surat,MH,17854.95,2022-12,2022,Zoe Harris,Male,Corporate,Hyderabad,TS,46.0,PROD093,6.0,1848.05,30.9,7662.02,Prestige Furniture 284,Electronics,Bedding,Samsung,9.26
ORD00497,CUST0203,2022-12-29,2022-12-31,Shipped,Upi,In-Store,27708.63,9902.68,49,Surat,MH,17854.95,2022-12,2022,Zoe Harris,Male,Corporate,Hyderabad,TS,46.0,PROD007,3.0,3468.11,8.6,9509.56,Samsung Jacket 517,Clothing,Jacket,Apple,29.64
ORD00498,CUST0108,2022-12-30,2023-01-03,Pending,Credit Card,Online,33171.41,11272.14,99,Chennai,WB,21998.27,2022-12,2022,Xander Thomas,Female,Home Office,Kolkata,WB,46.0,PROD169,4.0,2227.07,24.5,6725.75,Puma Jeans 987,Books,Dress,Harpercollins,30.55
ORD00499,CUST0269,2022-12-30,2022-12-31,Returned,Wallet,Online,2406.39,687.12,0,Toronto,MH,1719.27,2022-12,2022,Nick Martin,Other,Corporate,Chennai,TN,31.0,PROD001,8.0,1879.48,38.1,9307.18,Lg Laptop 149,Home & Kitchen,Smartwatch,Sony,54.08
ORD00499,CUST0269,2022-12-30,2022-12-31,Returned,Wallet,Online,2406.39,687.12,0,Toronto,MH,1719.27,2022-12,2022,Nick Martin,Other,Corporate,Chennai,TN,31.0,PROD048,4.0,564.35,5.3,2137.76,Adidas Jacket 176,Home & Kitchen,Jeans,Apple,57.33
ORD00499,CUST0269,2022-12-30,2022-12-31,Returned,Wallet,Online,2406.39,687.12,0,Toronto,MH,1719.27,2022-12,2022,Nick Martin,Other,Corporate,Chennai,TN,31.0,PROD045,2.0,1193.35,38.4,1470.21,Nike Headphones 607,Home & Kitchen,Laptop,Reebok,11.65
ORD00500,CUST0829,2022-12-31,2023-01-03,Delivered,Credit Card,Online,25600.52,4237.05,199,Bangalore,DL,21562.47,2022-12,2022,,,,,,,,,,,,,,,,
ORD00501,CUST0827,2023-01-01,2023-01-07,Shipped,Cod,Mobile App,49827.53,0.0,99,Chennai,NSW,49926.53,2023-01,2023,Henry  Brown,Other,Corporate,Ahmedabad,GJ,46.0,PROD151,1.0,3708.31,5.6,3500.64,Samsung Appliances 375,Books,Decor,Samsung,40.0
ORD00501,CUST0827,2023-01-01,2023-01-07,Shipped,Cod,Mobile App,49827.53,0.0,99,Chennai,NSW,49926.53,2023-01,2023,Henry  Brown,Other,Corporate,Ahmedabad,GJ,46.0,PROD096,1.0,2844.91,0.2,2839.22,Apple Lighting 795,Books,Bedding,Apple,37.49
ORD00502,CUST0363,2023-01-01,2023-01-04,Pending,Upi,In-Store,22168.73,6559.59,49,Pune,MH,15658.14,2023-01,2023,Eve White,Other,Home Office,Toronto,ON,68.0,,,,,,,,,,
ORD00504,CUST0933,2023-03-01,2023-01-05,Shipped,Debit Card,Mobile App,42223.47,5375.75,0,Toronto,MH,36847.72,2023-03,2023,Rahul Miller,Other,Home Office,Delhi,DL,46.0,PROD112,2.0,816.2,5.4,1544.25,Samsung Mobile 229,Electronics,Camera,Philips,53.15
ORD00504,CUST0933,2023-03-01,2023-01-05,Shipped,Debit Card,Mobile App,42223.47,5375.75,0,Toronto,MH,36847.72,2023-03,2023,Rahul Miller,Other,Home Office,Delhi,DL,46.0,PROD014,7.0,3796.08,30.7,18414.78,Sony Science 117,Electronics,Science,Reebok,39.2
ORD00505,CUST0400,2023-04-01,2023-01-11,Delivered,Debit Card,In-Store,26287.4,6496.85,49,Chennai,TS,19839.55,2023-04,2023,Eve Shah,Female,Home Office,New York,NY,26.0,,,,,,,,,,
ORD00506,CUST0279,2023-01-04,2023-01-09,Shipped,Wallet,Online,14079.82,251.82,99,Surat,NSW,13927.0,2023-01,2023,Steve White,Other,Corporate,Hyderabad,TS,30.0,PROD131,8.0,4019.76,6.9,29939.17,Adidas Camera 887,Clothing,Headphones,Adidas,50.24
ORD00506,CUST0279,2023-01-04,2023-01-09,Shipped,Wallet,Online,14079.82,251.82,99,Surat,NSW,13927.0,2023-01,2023,Steve White,Other,Corporate,Hyderabad,TS,30.0,PROD167,8.0,636.56,4.6,4858.23,Penguin Saree 689,Home & Kitchen,T-Shirt,Apple,49.15
ORD00506,CUST0279,2023-01-04,2023-01-09,Shipped,Wallet,Online,14079.82,251.82,99,Surat,NSW,13927.0,2023-01,2023,Steve White,Other,Corporate,Hyderabad,TS,30.0,PROD041,1.0,2494.66,22.4,1935.86,Nike Cookware 488,Books,Cookware,Samsung,33.81
ORD00507,CUST0323,2023-05-01,2023-01-11,Pending,Cod,Online,5323.06,162.57,0,Toronto,WB,5160.49,2023-05,2023,Eve Jackson,Female,Consumer,Pune,MH,46.0,PROD173,4.0,4564.54,12.6,15957.63,Apple Appliances 796,Home & Kitchen,Appliances,Nike,53.5
ORD00508,CUST0486,2023-06-01,2023-01-11,Delivered,Cod,In-Store,2665.17,980.51,0,Chennai,MH,1684.66,2023-06,2023,Steve  Brown,Other,Corporate,Ahmedabad,GJ,19.0,,,,,,,,,,
ORD00509,CUST0129,2023-01-07,2023-01-13,Delivered,Upi,Mobile App,48891.07,15513.7,0,Toronto,DL,33377.37,2023-01,2023,Xander Anderson,Female,Consumer,Jaipur,RJ,55.0,PROD116,9.0,2541.35,38.1,14157.86,Prestige Camera 543,Clothing,Camera,Nike,52.74
ORD00510,CUST0970,2023-01-07,2023-01-14,Cancelled,Debit Card,Online,22254.08,2886.79,149,London,MH,19516.29,2023-01,2023,Diana Shah,Male,Consumer,Hyderabad,TS,43.0,PROD067,9.0,4921.15,27.2,32243.37,Harpercollins Shoes 947,Electronics,Saree,Harpercollins,26.88
ORD00510,CUST0970,2023-01-07,2023-01-14,Cancelled,Debit Card,Online,22254.08,2886.79,149,London,MH,19516.29,2023-01,2023,Diana Shah,Male,Consumer,Hyderabad,TS,43.0,PROD185,1.0,1182.25,22.2,919.79,Philips Headphones 478,Home & Kitchen,Smartwatch,Lg,39.49
ORD00510,CUST0970,2023-01-07,2023-01-14,Cancelled,Debit Card,Online,22254.08,2886.79,149,London,MH,19516.29,2023-01,2023,Diana Shah,Male,Consumer,Hyderabad,TS,43.0,PROD092,3.0,2639.08,0.0,7917.24,Penguin Mobile 186,Electronics,Mobile,Harpercollins,35.83
ORD00510,CUST0970,2023-01-07,2023-01-14,Cancelled,Debit Card,Online,22254.08,2886.79,149,London,MH,19516.29,2023-01,2023,Diana Shah,Male,Consumer,Hyderabad,TS,43.0,PROD070,3.0,3728.62,13.0,9731.7,Nike Lighting 275,Clothing,Cookware,Puma,51.4
ORD00511,CUST0783,2023-08-01,2023-01-13,Returned,Cod,Online,30126.85,8961.59,199,Chennai,NY,21364.26,2023-08,2023,Tina  Thompson,Other,Consumer,Toronto,ON,51.0,PROD048,5.0,2938.67,8.0,13517.88,Adidas Jacket 176,Home & Kitchen,Jeans,Apple,57.33
ORD00511,CUST0783,2023-08-01,2023-01-13,Returned,Cod,Online,30126.85,8961.59,199,Chennai,NY,21364.26,2023-08,2023,Tina  Thompson,Other,Consumer,Toronto,ON,51.0,PROD188,7.0,601.59,37.1,2648.8,Puma Swimming 432,Books,Running,Puma,48.2
ORD00512,CUST0157,2023-01-09,2023-01-12,Cancelled,Upi,Mobile App,22571.68,4030.48,0,Mumbai,TS,18541.2,2023-01,2023,Wendy White,Male,Home Office,London,LDN,46.0,PROD077,9.0,808.0,18.7,5912.14,Nike Laptop 968,Home & Kitchen,Smartwatch,Adidas,58.83
ORD00513,CUST0469,2023-10-01,2023-01-13,Returned,Credit Card,In-Store,31976.6,3869.85,99,New York,DL,28205.75,2023-10,2023,Amit Moore,Other,Home Office,New York,NY,63.0,,,,,,,,,,
ORD00514,CUST0336,2023-01-10,2023-01-16,Returned,Cod,Online,13243.89,0.0,199,Sydney,TN,13442.89,2023-01,2023,Mia Lee,Male,Corporate,New York,NY,20.0,PROD100,1.0,1934.86,9.0,1760.72,Sony History 683,Sports,Comics,Puma,56.77
ORD00515,CUST0678,2023-01-11,2023-01-15,Returned,Wallet,In-Store,40988.2,6939.44,149,Pune,DL,34197.76,2023-01,2023,Olivia  Anderson,Male,Home Office,Kolkata,WB,32.0,PROD158,8.0,3032.83,31.8,16547.12,Nike Yoga 654,Home & Kitchen,Football,Samsung,56.49
ORD00515,CUST0678,2023-01-11,2023-01-15,Returned,Wallet,In-Store,40988.2,6939.44,149,Pune,DL,34197.76,2023-01,2023,Olivia  Anderson,Male,Home Office,Kolkata,WB,32.0,PROD188,3.0,4073.71,20.2,9752.46,Puma Swimming 432,Books,Running,Puma,48.2
ORD00515,CUST0678,2023-01-11,2023-01-15,Returned,Wallet,In-Store,40988.2,6939.44,149,Pune,DL,34197.76,2023-01,2023,Olivia  Anderson,Male,Home Office,Kolkata,WB,32.0,PROD154,1.0,2817.81,36.6,1786.49,Puma Jacket 845,Books,Jeans,Apple,30.08
ORD00516,CUST0484,2023-01-12,2023-01-15,Delivered,Cod,Mobile App,3413.04,297.52,49,Hyderabad,TN,3164.52,2023-01,2023,Tina  Anderson,Male,Consumer,Delhi,DL,57.0,PROD025,4.0,1700.78,13.6,5877.9,Prestige Jacket 493,Home & Kitchen,Shoes,Nike,18.62
ORD00516,CUST0484,2023-01-12,2023-01-15,Delivered,Cod,Mobile App,3413.04,297.52,49,Hyderabad,TN,3164.52,2023-01,2023,Tina  Anderson,Male,Consumer,Delhi,DL,57.0,PROD126,4.0,1973.97,8.4,7232.63,Reebok Cricket 811,Electronics,Cycling,Philips,41.97
ORD00516,CUST0484,2023-01-12,2023-01-15,Delivered,Cod,Mobile App,3413.04,297.52,49,Hyderabad,TN,3164.52,2023-01,2023,Tina  Anderson,Male,Consumer,Delhi,DL,57.0,PROD086,5.0,1313.58,12.5,5746.91,Reebok Cycling 816,Electronics,Running,Reebok,32.19
ORD00516,CUST0484,2023-01-12,2023-01-15,Delivered,Cod,Mobile App,3413.04,297.52,49,Hyderabad,TN,3164.52,2023-01,2023,Tina  Anderson,Male,Consumer,Delhi,DL,57.0,PROD084,9.0,2451.31,23.2,16943.45,Philips Comics 538,Electronics,Non-Fiction,Reebok,22.29
ORD00517,CUST0615,2023-01-12,2023-01-17,Pending,Debit Card,In-Store,37943.29,7680.21,49,Jaipur,MH,30312.08,2023-01,2023,Priya Wilson,Female,Consumer,Mumbai,MH,46.0,PROD036,5.0,2843.04,28.5,10163.87,Apple Headphones 657,Clothing,Laptop,Philips,40.54
ORD00518,CUST0276,2023-01-13,2023-01-16,Shipped,Credit Card,In-Store,47250.67,6918.47,49,Hyderabad,MH,40381.2,2023-01,2023,Charlie Moore,Other,Corporate,Delhi,DL,46.0,PROD064,1.0,1260.21,9.9,1135.45,Apple Laptop 953,Clothing,Camera,Harpercollins,39.99
ORD00518,CUST0276,2023-01-13,2023-01-16,Shipped,Credit Card,In-Store,47250.67,6918.47,49,Hyderabad,MH,40381.2,2023-01,2023,Charlie Moore,Other,Corporate,Delhi,DL,46.0,PROD118,6.0,4329.72,32.5,17535.37,Philips Tablet 619,Books,Camera,Samsung,55.89
ORD00519,CUST0810,2023-01-14,2023-01-21,Returned,Upi,Online,7450.38,1308.83,0,London,MH,6141.55,2023-01,2023,Rahul  Anderson,Female,Consumer,Surat,GJ,46.0,PROD122,8.0,2551.01,39.2,12408.11,Penguin Camera 744,Clothing,Mobile,Adidas,52.36
ORD00520,CUST0056,2023-01-15,2023-01-16,Pending,Wallet,In-Store,38723.76,3227.66,0,Surat,LDN,35496.1,2023-01,2023,Iris Anderson,Female,Home Office,Surat,GJ,46.0,PROD085,6.0,2238.98,21.3,10572.46,Puma Saree 221,Home & Kitchen,Dress,Puma,59.7
ORD00520,CUST0056,2023-01-15,2023-01-16,Pending,Wallet,In-Store,38723.76,3227.66,0,Surat,LDN,35496.1,2023-01,2023,Iris Anderson,Female,Home Office,Surat,GJ,46.0,PROD163,9.0,4885.46,3.6,42386.25,Puma Furniture 243,Clothing,Cookware,Penguin,49.39
ORD00521,CUST0466,2023-01-15,2023-01-22,Pending,Debit Card,Mobile App,16638.19,2451.06,99,London,GJ,14286.13,2023-01,2023,Quinn Davis,Other,Corporate,Hyderabad,TS,46.0,,,,,,,,,,
ORD00522,CUST0744,2023-01-16,2023-01-19,Shipped,Debit Card,In-Store,11415.76,799.33,0,Pune,GJ,10616.43,2023-01,2023,Alice Shah,Male,Consumer,Hyderabad,TS,46.0,PROD025,4.0,3028.05,5.9,11397.58,Prestige Jacket 493,Home & Kitchen,Shoes,Nike,18.62
ORD00522,CUST0744,2023-01-16,2023-01-19,Shipped,Debit Card,In-Store,11415.76,799.33,0,Pune,GJ,10616.43,2023-01,2023,Alice Shah,Male,Consumer,Hyderabad,TS,46.0,PROD184,6.0,902.01,0.0,5412.06,Penguin Fiction 673,Home & Kitchen,Comics,Apple,55.75
ORD00523,CUST0275,2023-01-17,2023-01-20,Shipped,Credit Card,Mobile App,18705.13,4115.06,99,Delhi,TS,14689.07,2023-01,2023,Rahul Williams,Male,Consumer,Chennai,TN,47.0,PROD181,7.0,878.31,9.3,5576.39,Lg Self-Help 722,Clothing,Comics,Harpercollins,55.84
ORD00524,CUST0028,2023-01-18,2023-01-25,Pending,Debit Card,In-Store,39875.14,382.26,149,Sydney,KA,39641.88,2023-01,2023,,,,,,,PROD140,10.0,2414.19,13.6,20858.6,Harpercollins Decor 546,Sports,Decor,Reebok,57.57
ORD00524,CUST0028,2023-01-18,2023-01-25,Pending,Debit Card,In-Store,39875.14,382.26,149,Sydney,KA,39641.88,2023-01,2023,,,,,,,PROD005,2.0,3685.98,39.0,4496.9,Prestige Decor 174,Electronics,Bedding,Prestige,48.78
ORD00524,CUST0028,2023-01-18,2023-01-25,Pending,Debit Card,In-Store,39875.14,382.26,149,Sydney,KA,39641.88,2023-01,2023,,,,,,,PROD157,4.0,1770.92,11.3,6283.22,Samsung Comics 227,Electronics,Fiction,Samsung,49.37
ORD00524,CUST0028,2023-01-18,2023-01-25,Pending,Debit Card,In-Store,39875.14,382.26,149,Sydney,KA,39641.88,2023-01,2023,,,,,,,PROD110,2.0,3050.77,4.4,5833.07,Harpercollins Shoes 395,Books,Jeans,Reebok,40.0
ORD00525,CUST0228,2023-01-18,2023-01-23,Shipped,Debit Card,Online,39755.99,13462.32,99,Sydney,MH,26392.67,2023-01,2023,Diana Walker,Female,Consumer,Hyderabad,TS,45.0,PROD173,3.0,1897.3,22.5,4411.22,Apple Appliances 796,Home & Kitchen,Appliances,Nike,53.5
ORD00525,CUST0228,2023-01-18,2023-01-23,Shipped,Debit Card,Online,39755.99,13462.32,99,Sydney,MH,26392.67,2023-01,2023,Diana Walker,Female,Consumer,Hyderabad,TS,45.0,PROD023,7.0,1985.01,36.3,8851.16,Samsung T-Shirt 863,Clothing,Shoes,Harpercollins,44.46
ORD00525,CUST0228,2023-01-18,2023-01-23,Shipped,Debit Card,Online,39755.99,13462.32,99,Sydney,MH,26392.67,2023-01,2023,Diana Walker,Female,Consumer,Hyderabad,TS,45.0,PROD176,4.0,4518.07,35.4,11674.69,Nike Jacket 282,Electronics,Shoes,Puma,11.71
ORD00526,CUST0220,2023-01-19,2023-01-22,Cancelled,Cod,Online,17334.31,4383.43,99,Kolkata,LDN,13049.88,2023-01,2023,Jack Anderson,Female,Consumer,Bangalore,KA,46.0,,,,,,,,,,
ORD00527,CUST0879,2023-01-20,2023-01-25,Cancelled,Credit Card,In-Store,46086.75,8978.73,199,Pune,GJ,37307.02,2023-01,2023,Victor  Thomas,Other,Home Office,London,LDN,61.0,PROD128,10.0,4293.18,31.2,29537.08,Lg Furniture 340,Electronics,Furniture,Samsung,54.16
ORD00528,CUST0960,2023-01-20,2023-01-27,Cancelled,Cod,In-Store,246.58,1.29,49,Ahmedabad,ON,294.29,2023-01,2023,Uma Wilson,Female,Corporate,Bangalore,KA,46.0,,,,,,,,,,
ORD00529,CUST0461,2023-01-21,2023-01-28,Cancelled,Cod,In-Store,33253.78,5380.32,199,Sydney,KA,28072.46,2023-01,2023,Grace Patel,Other,Consumer,Bangalore,KA,29.0,,,,,,,,,,
ORD00530,CUST0272,2023-01-22,2023-01-25,Returned,Credit Card,In-Store,14405.3,5753.09,49,Mumbai,NY,8701.21,2023-01,2023,Karen Johnson,Other,Corporate,Mumbai,MH,44.0,PROD111,7.0,1041.15,2.1,7135.0,Samsung Shoes 988,Sports,T-Shirt,Nike,58.48
ORD00531,CUST0265,2023-01-23,2023-01-25,Shipped,Debit Card,In-Store,13745.52,2636.46,0,Ahmedabad,NY,11109.06,2023-01,2023,Tina Moore,Female,Home Office,Mumbai,MH,54.0,,,,,,,,,,
ORD00532,CUST0634,2023-01-23,2023-01-27,Returned,Debit Card,Online,28166.39,7818.93,149,Surat,KA,20496.46,2023-01,2023,Arjun Williams,Other,Corporate,New York,NY,46.0,PROD002,6.0,121.69,18.0,598.71,Apple History 640,Sports,History,Adidas,48.12
ORD00532,CUST0634,2023-01-23,2023-01-27,Returned,Debit Card,Online,28166.39,7818.93,149,Surat,KA,20496.46,2023-01,2023,Arjun Williams,Other,Corporate,New York,NY,46.0,PROD169,7.0,3822.91,10.3,24004.05,Puma Jeans 987,Books,Dress,Harpercollins,30.55
ORD00532,CUST0634,2023-01-23,2023-01-27,Returned,Debit Card,Online,28166.39,7818.93,149,Surat,KA,20496.46,2023-01,2023,Arjun Williams,Other,Corporate,New York,NY,46.0,PROD190,9.0,1206.22,3.8,10443.45,Samsung Jacket 891,Home & Kitchen,Dress,Samsung,56.46
ORD00532,CUST0634,2023-01-23,2023-01-27,Returned,Debit Card,Online,28166.39,7818.93,149,Surat,KA,20496.46,2023-01,2023,Arjun Williams,Other,Corporate,New York,NY,46.0,PROD060,7.0,818.9,0.0,5732.3,Penguin Laptop 245,Home & Kitchen,Mobile,Reebok,56.7
ORD00533,CUST0643,2023-01-24,2023-01-28,Pending,Wallet,Mobile App,6510.23,2110.26,49,Hyderabad,NY,4448.97,2023-01,2023,Olivia Taylor,Other,Consumer,Jaipur,RJ,46.0,PROD196,8.0,680.01,6.4,5091.91,Harpercollins Cookware 952,Books,Cookware,Samsung,48.35
ORD00533,CUST0643,2023-01-24,2023-01-28,Pending,Wallet,Mobile App,6510.23,2110.26,49,Hyderabad,NY,4448.97,2023-01,2023,Olivia Taylor,Other,Consumer,Jaipur,RJ,46.0,PROD124,7.0,4231.78,5.2,28082.09,Sony Science 562,Electronics,Self-Help,Harpercollins,42.34
ORD00534,CUST0595,2023-01-25,2023-01-30,Returned,Cod,Online,31882.4,0.0,49,Chennai,TN,31931.4,2023-01,2023,Xander Walker,Other,Home Office,Jaipur,RJ,39.0,PROD154,3.0,2996.1,27.2,6543.48,Puma Jacket 845,Books,Jeans,Apple,30.08
ORD00534,CUST0595,2023-01-25,2023-01-30,Returned,Cod,Online,31882.4,0.0,49,Chennai,TN,31931.4,2023-01,2023,Xander Walker,Other,Home Office,Jaipur,RJ,39.0,PROD079,1.0,4339.8,36.2,2768.79,Prestige Science 518,Sports,Non-Fiction,Apple,45.47
ORD00534,CUST0595,2023-01-25,2023-01-30,Returned,Cod,Online,31882.4,0.0,49,Chennai,TN,31931.4,2023-01,2023,Xander Walker,Other,Home Office,Jaipur,RJ,39.0,PROD148,8.0,1968.82,6.0,14805.53,Samsung Jacket 758,Home & Kitchen,Jeans,Apple,47.56
ORD00535,CUST0629,2023-01-26,2023-01-29,Shipped,Net Banking,Online,21295.14,7263.7,99,Bangalore,GJ,14130.44,2023-01,2023,Victor Jackson,Male,Home Office,Sydney,NSW,46.0,,,,,,,,,,
ORD00536,CUST0944,2023-01-26,2023-01-29,Returned,Credit Card,Online,28799.38,7439.57,149,Sydney,MH,21508.81,2023-01,2023,Frank Moore,Other,Home Office,Mumbai,MH,62.0,PROD177,3.0,4669.14,24.4,10589.61,Nike Bedding 498,Sports,Decor,Nike,32.96
ORD00536,CUST0944,2023-01-26,2023-01-29,Returned,Credit Card,Online,28799.38,7439.57,149,Sydney,MH,21508.81,2023-01,2023,Frank Moore,Other,Home Office,Mumbai,MH,62.0,PROD023,10.0,2940.68,37.9,18261.62,Samsung T-Shirt 863,Clothing,Shoes,Harpercollins,44.46
ORD00536,CUST0944,2023-01-26,2023-01-29,Returned,Credit Card,Online,28799.38,7439.57,149,Sydney,MH,21508.81,2023-01,2023,Frank Moore,Other,Home Office,Mumbai,MH,62.0,PROD061,4.0,1153.67,14.5,3945.55,Nike Headphones 858,Home & Kitchen,Mobile,Apple,45.42
ORD00536,CUST0944,2023-01-26,2023-01-29,Returned,Credit Card,Online,28799.38,7439.57,149,Sydney,MH,21508.81,2023-01,2023,Frank Moore,Other,Home Office,Mumbai,MH,62.0,PROD128,8.0,4098.62,10.9,29214.96,Lg Furniture 340,Electronics,Furniture,Samsung,54.16
ORD00537,CUST0993,2023-01-27,2023-01-30,Pending,Wallet,Mobile App,27935.73,2107.56,149,Delhi,WB,25977.17,2023-01,2023,Tina Anderson,Other,Home Office,Sydney,NSW,46.0,PROD012,9.0,3879.13,15.4,29535.7,Nike Fiction 847,Books,Self-Help,Lg,50.71
ORD00537,CUST0993,2023-01-27,2023-01-30,Pending,Wallet,Mobile App,27935.73,2107.56,149,Delhi,WB,25977.17,2023-01,2023,Tina Anderson,Other,Home Office,Sydney,NSW,46.0,PROD110,9.0,3067.91,17.9,22668.79,Harpercollins Shoes 395,Books,Jeans,Reebok,40.0
ORD00537,CUST0993,2023-01-27,2023-01-30,Pending,Wallet,Mobile App,27935.73,2107.56,149,Delhi,WB,25977.17,2023-01,2023,Tina Anderson,Other,Home Office,Sydney,NSW,46.0,PROD150,6.0,3193.24,7.3,17760.8,Samsung Furniture 477,Books,Decor,Samsung,54.62
ORD00538,CUST0538,2023-01-28,2023-02-02,Shipped,Upi,Online,37338.12,14785.11,149,London,ON,22702.01,2023-01,2023,Charlie Taylor,Male,Consumer,Surat,GJ,46.0,PROD012,4.0,990.04,9.9,3568.1,Nike Fiction 847,Books,Self-Help,Lg,50.71
ORD00539,CUST0461,2023-01-29,2023-02-03,Delivered,Wallet,Online,7063.54,885.62,149,Jaipur,NSW,6326.92,2023-01,2023,Grace Patel,Other,Consumer,Bangalore,KA,29.0,PROD065,10.0,2129.95,15.7,17955.48,Nike Running 194,Books,Swimming,Reebok,30.97
ORD00540,CUST0004,2023-01-29,2023-02-01,Delivered,Cod,Online,40584.26,14962.92,49,Chennai,LDN,25670.34,2023-01,2023,Frank Patel,Other,Consumer,Ahmedabad,GJ,46.0,PROD027,10.0,2295.38,31.9,15631.54,Harpercollins Saree 716,Home & Kitchen,Saree,Apple,18.1
ORD00540,CUST0004,2023-01-29,2023-02-01,Delivered,Cod,Online,40584.26,14962.92,49,Chennai,LDN,25670.34,2023-01,2023,Frank Patel,Other,Consumer,Ahmedabad,GJ,46.0,PROD047,1.0,2140.33,20.5,1701.56,Puma Cookware 294,Sports,Appliances,Prestige,37.79
ORD00541,CUST0619,2023-01-30,2023-02-01,Cancelled,Upi,Online,6768.61,1892.36,49,Mumbai,GJ,4925.25,2023-01,2023,Quinn Anderson,Female,Home Office,Delhi,DL,47.0,PROD102,7.0,1985.67,14.6,11870.34,Penguin Appliances 888,Clothing,Lighting,Nike,22.48
ORD00542,CUST0966,2023-01-31,2023-02-02,Delivered,Cod,Online,2076.93,747.4,49,Bangalore,KA,1378.53,2023-01,2023,Victor Garcia,Other,Corporate,Sydney,NSW,46.0,PROD108,10.0,722.91,38.5,4445.9,Samsung Saree 374,Electronics,Jacket,Philips,52.83
ORD00542,CUST0966,2023-01-31,2023-02-02,Delivered,Cod,Online,2076.93,747.4,49,Bangalore,KA,1378.53,2023-01,2023,Victor Garcia,Other,Corporate,Sydney,NSW,46.0,PROD194,9.0,474.67,32.4,2887.89,Harpercollins Fiction 998,Electronics,Self-Help,Philips,26.4
ORD00543,CUST0236,2023-01-31,2023-02-05,Pending,Upi,In-Store,27730.96,9884.46,149,Hyderabad,NY,17995.5,2023-01,2023,Uma Shah,Other,Consumer,Kolkata,WB,46.0,PROD033,6.0,1585.81,0.0,9514.86,Nike Furniture 421,Sports,Appliances,Nike,54.4
ORD00544,CUST0253,2023-02-01,2023-02-08,Shipped,Net Banking,In-Store,4779.99,1652.43,199,Bangalore,DL,3326.56,2023-02,2023,Sneha Davis,Male,Consumer,Chennai,TN,46.0,,,,,,,,,,
ORD00545,CUST0624,2023-02-02,2023-02-09,Pending,Cod,Online,15291.01,0.0,0,Kolkata,GJ,15291.01,2023-02,2023,Rahul Walker,Other,Home Office,Hyderabad,TS,53.0,,,,,,,,,,
ORD00546,CUST0110,2023-02-03,2023-02-07,Pending,Cod,Mobile App,10643.31,3307.36,99,New York,WB,7434.95,2023-02,2023,Zoe Williams,Female,Corporate,London,LDN,40.0,PROD006,9.0,2724.42,18.9,19885.54,Apple Appliances 429,Home & Kitchen,Lighting,Apple,42.16
ORD00546,CUST0110,2023-02-03,2023-02-07,Pending,Cod,Mobile App,10643.31,3307.36,99,New York,WB,7434.95,2023-02,2023,Zoe Williams,Female,Corporate,London,LDN,40.0,PROD159,8.0,2053.09,9.1,14930.07,Nike Saree 450,Books,Dress,Penguin,11.02
ORD00546,CUST0110,2023-02-03,2023-02-07,Pending,Cod,Mobile App,10643.31,3307.36,99,New York,WB,7434.95,2023-02,2023,Zoe Williams,Female,Corporate,London,LDN,40.0,PROD031,7.0,761.72,21.0,4212.31,Adidas Non-Fiction 307,Electronics,Self-Help,Prestige,49.23
ORD00547,CUST0726,2023-02-03,2023-02-05,Shipped,Wallet,Mobile App,19833.1,2859.91,99,Hyderabad,ON,17072.19,2023-02,2023,Karen  Davis,Other,Corporate,Kolkata,WB,50.0,PROD020,1.0,3549.82,34.8,2314.48,Apple Jacket 787,Electronics,T-Shirt,Adidas,17.13
ORD00547,CUST0726,2023-02-03,2023-02-05,Shipped,Wallet,Mobile App,19833.1,2859.91,99,Hyderabad,ON,17072.19,2023-02,2023,Karen  Davis,Other,Corporate,Kolkata,WB,50.0,PROD162,10.0,4844.94,30.9,33478.54,Puma History 707,Home & Kitchen,Comics,Prestige,21.51
ORD00547,CUST0726,2023-02-03,2023-02-05,Shipped,Wallet,Mobile App,19833.1,2859.91,99,Hyderabad,ON,17072.19,2023-02,2023,Karen  Davis,Other,Corporate,Kolkata,WB,50.0,PROD045,6.0,1354.51,0.8,8062.04,Nike Headphones 607,Home & Kitchen,Laptop,Reebok,11.65
ORD00548,CUST0235,2023-04-02,2023-02-09,Delivered,Upi,In-Store,40696.45,1791.35,149,Kolkata,ON,39054.1,2023-04,2023,Grace Walker,Other,Home Office,Bangalore,KA,46.0,PROD174,7.0,2721.05,15.8,16037.87,Nike Science 291,Sports,History,Harpercollins,39.93
ORD00549,CUST0403,2023-02-05,2023-02-07,Delivered,Net Banking,Online,19042.54,506.41,199,London,DL,18735.13,2023-02,2023,Karen  Thompson,Male,Home Office,Kolkata,WB,56.0,PROD089,8.0,1256.98,7.8,9271.48,Penguin Football 980,Electronics,Football,Nike,31.17
ORD00550,CUST0766,2023-02-06,2023-02-07,Cancelled,Upi,Mobile App,45239.34,6901.57,199,Jaipur,LDN,38536.77,2023-02,2023,Rachel Davis,Female,Consumer,Pune,MH,46.0,,,,,,,,,,
ORD00551,CUST0993,2023-02-06,2023-02-12,Pending,Upi,Mobile App,37920.89,9698.02,149,Toronto,RJ,28371.87,2023-02,2023,Tina Anderson,Other,Home Office,Sydney,NSW,46.0,PROD140,4.0,3900.67,25.8,11577.19,Harpercollins Decor 546,Sports,Decor,Reebok,57.57
ORD00551,CUST0993,2023-02-06,2023-02-12,Pending,Upi,Mobile App,37920.89,9698.02,149,Toronto,RJ,28371.87,2023-02,2023,Tina Anderson,Other,Home Office,Sydney,NSW,46.0,PROD128,6.0,1647.38,22.5,7660.32,Lg Furniture 340,Electronics,Furniture,Samsung,54.16
ORD00552,CUST0630,2023-02-07,2023-02-09,Pending,Cod,In-Store,44051.85,0.0,99,Pune,ON,44150.85,2023-02,2023,Priya Thomas,Female,Consumer,Mumbai,MH,63.0,PROD002,3.0,3384.51,26.3,7483.15,Apple History 640,Sports,History,Adidas,48.12
ORD00552,CUST0630,2023-02-07,2023-02-09,Pending,Cod,In-Store,44051.85,0.0,99,Pune,ON,44150.85,2023-02,2023,Priya Thomas,Female,Consumer,Mumbai,MH,63.0,PROD183,5.0,1330.05,35.6,4282.76,Apple Non-Fiction 981,Clothing,Comics,Philips,58.04
ORD00553,CUST0296,2023-02-08,2023-02-12,Cancelled,Cod,Mobile App,16236.48,6317.96,99,New York,ON,10017.52,2023-02,2023,Henry Taylor,Female,Home Office,Toronto,ON,46.0,PROD143,7.0,1663.19,27.5,8440.69,Apple Mobile 427,Sports,Laptop,Prestige,43.6
ORD00554,CUST0092,2023-02-08,2023-02-15,Cancelled,Upi,In-Store,48940.61,16282.41,99,New York,GJ,32757.2,2023-02,2023,Mia Wilson,Other,Corporate,London,LDN,46.0,PROD183,10.0,574.46,19.8,4607.17,Apple Non-Fiction 981,Clothing,Comics,Philips,58.04
ORD00554,CUST0092,2023-02-08,2023-02-15,Cancelled,Upi,In-Store,48940.61,16282.41,99,New York,GJ,32757.2,2023-02,2023,Mia Wilson,Other,Corporate,London,LDN,46.0,PROD112,10.0,2602.78,34.7,16996.15,Samsung Mobile 229,Electronics,Camera,Philips,53.15
ORD00555,CUST0191,2023-02-09,2023-02-11,Pending,Upi,Online,12865.32,2826.9,149,Pune,ON,10187.42,2023-02,2023,Mia Smith,Male,Consumer,Chennai,TN,46.0,PROD067,2.0,2184.24,0.6,4342.27,Harpercollins Shoes 947,Electronics,Saree,Harpercollins,26.88
ORD00555,CUST0191,2023-02-09,2023-02-11,Pending,Upi,Online,12865.32,2826.9,149,Pune,ON,10187.42,2023-02,2023,Mia Smith,Male,Consumer,Chennai,TN,46.0,PROD137,8.0,2146.12,37.6,10713.43,Reebok Headphones 725,Sports,Smartwatch,Samsung,51.88
ORD00556,CUST0836,2023-02-10,2023-02-14,Pending,Credit Card,Mobile App,26843.59,6148.93,99,London,RJ,20793.66,2023-02,2023,Rahul  Anderson,Other,Home Office,Toronto,ON,28.0,PROD043,9.0,502.15,4.7,4306.94,Puma Mobile 944,Clothing,Headphones,Sony,23.91
ORD00556,CUST0836,2023-02-10,2023-02-14,Pending,Credit Card,Mobile App,26843.59,6148.93,99,London,RJ,20793.66,2023-02,2023,Rahul  Anderson,Other,Home Office,Toronto,ON,28.0,PROD141,9.0,1897.62,34.0,11271.86,Penguin Jacket 835,Clothing,Jacket,Prestige,56.67
ORD00557,CUST0646,2023-02-11,2023-02-17,Returned,Credit Card,Online,11747.91,1187.44,99,Delhi,GJ,10659.47,2023-02,2023,Wendy  Anderson,Female,Home Office,Bangalore,KA,47.0,PROD176,8.0,3755.69,27.6,21752.96,Nike Jacket 282,Electronics,Shoes,Puma,11.71
ORD00557,CUST0646,2023-02-11,2023-02-17,Returned,Credit Card,Online,11747.91,1187.44,99,Delhi,GJ,10659.47,2023-02,2023,Wendy  Anderson,Female,Home Office,Bangalore,KA,47.0,PROD025,9.0,2888.9,30.2,18148.07,Prestige Jacket 493,Home & Kitchen,Shoes,Nike,18.62
ORD00557,CUST0646,2023-02-11,2023-02-17,Returned,Credit Card,Online,11747.91,1187.44,99,Delhi,GJ,10659.47,2023-02,2023,Wendy  Anderson,Female,Home Office,Bangalore,KA,47.0,PROD154,9.0,2742.98,33.7,16367.36,Puma Jacket 845,Books,Jeans,Apple,30.08
ORD00558,CUST0415,2023-02-11,2023-02-12,Pending,Upi,In-Store,34818.25,5205.9,149,Surat,RJ,29761.35,2023-02,2023,Grace Moore,Female,Corporate,Kolkata,WB,44.0,PROD072,8.0,526.15,4.3,4028.2,Philips History 903,Electronics,History,Prestige,10.66
ORD00558,CUST0415,2023-02-11,2023-02-12,Pending,Upi,In-Store,34818.25,5205.9,149,Surat,RJ,29761.35,2023-02,2023,Grace Moore,Female,Corporate,Kolkata,WB,44.0,PROD036,9.0,1271.08,10.4,10249.99,Apple Headphones 657,Clothing,Laptop,Philips,40.54
ORD00558,CUST0415,2023-02-11,2023-02-12,Pending,Upi,In-Store,34818.25,5205.9,149,Surat,RJ,29761.35,2023-02,2023,Grace Moore,Female,Corporate,Kolkata,WB,44.0,PROD111,8.0,3649.54,30.4,20320.64,Samsung Shoes 988,Sports,T-Shirt,Nike,58.48
ORD00558,CUST0415,2023-02-11,2023-02-12,Pending,Upi,In-Store,34818.25,5205.9,149,Surat,RJ,29761.35,2023-02,2023,Grace Moore,Female,Corporate,Kolkata,WB,44.0,PROD129,9.0,2364.94,5.8,20049.96,Nike Decor 511,Home & Kitchen,Decor,Sony,54.86
ORD00559,CUST0987,2023-12-02,2023-12-05,Pending,Cod,In-Store,7525.96,279.35,99,Mumbai,GJ,7345.61,2023-12,2023,Leo  Shah,Male,Home Office,Pune,MH,46.0,PROD178,6.0,1409.14,30.7,5859.2,Nike Camera 275,Sports,Camera,Samsung,44.67
ORD00559,CUST0987,2023-12-02,2023-12-05,Pending,Cod,In-Store,7525.96,279.35,99,Mumbai,GJ,7345.61,2023-12,2023,Leo  Shah,Male,Home Office,Pune,MH,46.0,PROD015,8.0,164.36,30.6,912.53,Nike Jacket 551,Electronics,Jacket,Apple,10.71
ORD00559,CUST0987,2023-12-02,2023-12-05,Pending,Cod,In-Store,7525.96,279.35,99,Mumbai,GJ,7345.61,2023-12,2023,Leo  Shah,Male,Home Office,Pune,MH,46.0,PROD063,3.0,4085.98,24.1,9303.78,Penguin Mobile 291,Electronics,Camera,Prestige,50.83
ORD00559,CUST0987,2023-12-02,2023-12-05,Pending,Cod,In-Store,7525.96,279.35,99,Mumbai,GJ,7345.61,2023-12,2023,Leo  Shah,Male,Home Office,Pune,MH,46.0,PROD069,5.0,1905.74,27.4,6917.84,Adidas Bedding 631,Clothing,Furniture,Nike,13.52
ORD00559,CUST0987,2023-12-02,2023-12-05,Pending,Cod,In-Store,7525.96,279.35,99,Mumbai,GJ,7345.61,2023-12,2023,Leo  Shah,Male,Home Office,Pune,MH,46.0,PROD002,5.0,3409.78,22.3,13247.0,Apple History 640,Sports,History,Adidas,48.12
ORD00560,CUST0308,2023-02-13,2023-02-19,Delivered,Cod,Online,26346.56,4916.87,99,Bangalore,LDN,21528.69,2023-02,2023,Victor  Patel,Other,Home Office,Jaipur,RJ,46.0,PROD137,5.0,235.18,29.6,827.83,Reebok Headphones 725,Sports,Smartwatch,Samsung,51.88
ORD00560,CUST0308,2023-02-13,2023-02-19,Delivered,Cod,Online,26346.56,4916.87,99,Bangalore,LDN,21528.69,2023-02,2023,Victor  Patel,Other,Home Office,Jaipur,RJ,46.0,PROD006,7.0,218.22,0.2,1524.48,Apple Appliances 429,Home & Kitchen,Lighting,Apple,42.16
ORD00561,CUST0073,2023-02-14,2023-02-19,Delivered,Debit Card,Mobile App,34441.36,3988.49,199,London,RJ,30651.87,2023-02,2023,Wendy Martin,Other,Consumer,Sydney,NSW,34.0,PROD117,2.0,4057.01,38.7,4973.89,Philips Shoes 833,Home & Kitchen,Jacket,Penguin,53.82
ORD00561,CUST0073,2023-02-14,2023-02-19,Delivered,Debit Card,Mobile App,34441.36,3988.49,199,London,RJ,30651.87,2023-02,2023,Wendy Martin,Other,Consumer,Sydney,NSW,34.0,PROD200,9.0,1371.16,34.9,8033.63,Philips Yoga 695,Clothing,Yoga,Philips,54.73
ORD00561,CUST0073,2023-02-14,2023-02-19,Delivered,Debit Card,Mobile App,34441.36,3988.49,199,London,RJ,30651.87,2023-02,2023,Wendy Martin,Other,Consumer,Sydney,NSW,34.0,PROD126,9.0,962.34,31.7,5915.5,Reebok Cricket 811,Electronics,Cycling,Philips,41.97
ORD00561,CUST0073,2023-02-14,2023-02-19,Delivered,Debit Card,Mobile App,34441.36,3988.49,199,London,RJ,30651.87,2023-02,2023,Wendy Martin,Other,Consumer,Sydney,NSW,34.0,PROD090,10.0,1155.3,0.0,11553.0,Samsung T-Shirt 473,Sports,Shoes,Samsung,56.49
ORD00562,CUST0005,2023-02-14,2023-02-16,Returned,Upi,In-Store,24827.8,4324.47,0,Mumbai,NSW,20503.33,2023-02,2023,Rachel Miller,Female,Consumer,Mumbai,MH,46.0,,,,,,,,,,
ORD00563,CUST0854,2023-02-15,2023-02-18,Returned,Wallet,In-Store,26463.99,3958.76,0,Hyderabad,NSW,22505.23,2023-02,2023,Wendy Brown,Other,Corporate,Toronto,ON,46.0,PROD154,1.0,1728.56,11.6,1528.05,Puma Jacket 845,Books,Jeans,Apple,30.08
ORD00564,CUST0395,2023-02-16,2023-02-17,Cancelled,Net Banking,Online,26842.09,10361.36,0,Delhi,GJ,16480.73,2023-02,2023,Victor Johnson,Female,Home Office,Delhi,DL,46.0,PROD155,6.0,4203.31,28.6,18006.98,Harpercollins Science 802,Electronics,Fiction,Apple,35.5
ORD00565,CUST0018,2023-02-16,2023-02-19,Delivered,Upi,Online,16296.17,6116.4,99,Sydney,GJ,10278.77,2023-02,2023,Xander  Jackson,Male,Consumer,Mumbai,MH,46.0,PROD051,10.0,166.82,20.4,1327.89,Harpercollins Fiction 843,Electronics,Comics,Adidas,47.6
ORD00565,CUST0018,2023-02-16,2023-02-19,Delivered,Upi,Online,16296.17,6116.4,99,Sydney,GJ,10278.77,2023-02,2023,Xander  Jackson,Male,Consumer,Mumbai,MH,46.0,PROD086,7.0,2466.31,4.6,16470.02,Reebok Cycling 816,Electronics,Running,Reebok,32.19
ORD00565,CUST0018,2023-02-16,2023-02-19,Delivered,Upi,Online,16296.17,6116.4,99,Sydney,GJ,10278.77,2023-02,2023,Xander  Jackson,Male,Consumer,Mumbai,MH,46.0,PROD066,5.0,1940.82,1.0,9607.06,Nike Headphones 940,Books,Mobile,Apple,50.19
ORD00566,CUST0230,2023-02-17,2023-02-20,Pending,Wallet,Online,20686.38,5223.79,0,Toronto,WB,15462.59,2023-02,2023,Leo Martin,Female,Corporate,Jaipur,RJ,46.0,PROD162,4.0,3981.82,27.7,11515.42,Puma History 707,Home & Kitchen,Comics,Prestige,21.51
ORD00566,CUST0230,2023-02-17,2023-02-20,Pending,Wallet,Online,20686.38,5223.79,0,Toronto,WB,15462.59,2023-02,2023,Leo Martin,Female,Corporate,Jaipur,RJ,46.0,PROD061,9.0,2089.23,13.7,16227.05,Nike Headphones 858,Home & Kitchen,Mobile,Apple,45.42
ORD00567,CUST0172,2023-02-18,2023-02-21,Cancelled,Debit Card,Mobile App,27484.75,1069.9,199,New York,GJ,26613.85,2023-02,2023,Jack Garcia,Female,Corporate,Pune,MH,32.0,PROD029,3.0,150.61,19.2,365.08,Puma Shoes 790,Books,Jacket,Samsung,-14.06
ORD00567,CUST0172,2023-02-18,2023-02-21,Cancelled,Debit Card,Mobile App,27484.75,1069.9,199,New York,GJ,26613.85,2023-02,2023,Jack Garcia,Female,Corporate,Pune,MH,32.0,PROD062,6.0,4663.08,19.2,22606.61,Samsung Cycling 783,Home & Kitchen,Football,Adidas,26.61
ORD00567,CUST0172,2023-02-18,2023-02-21,Cancelled,Debit Card,Mobile App,27484.75,1069.9,199,New York,GJ,26613.85,2023-02,2023,Jack Garcia,Female,Corporate,Pune,MH,32.0,PROD066,4.0,4479.18,32.1,12165.45,Nike Headphones 940,Books,Mobile,Apple,50.19
ORD00568,CUST0437,2023-02-19,2023-02-23,Cancelled,Upi,In-Store,16072.17,1936.33,99,Delhi,LDN,14234.84,2023-02,2023,Tina Patel,Male,Consumer,Kolkata,WB,39.0,,,,,,,,,,
ORD00569,CUST0778,2023-02-19,2023-02-26,Pending,Debit Card,Online,20386.65,4468.07,0,Pune,GJ,15918.58,2023-02,2023,,,,,,,,,,,,,,,,
ORD00570,CUST0829,2023-02-20,2023-02-27,Pending,Cod,Online,28951.48,2292.06,0,London,MH,26659.42,2023-02,2023,,,,,,,,,,,,,,,,
ORD00573,CUST0240,2023-02-22,2023-03-01,Delivered,Upi,Online,16823.35,4679.41,99,Jaipur,TN,12242.94,2023-02,2023,Quinn Jackson,Male,Corporate,Pune,MH,37.0,PROD162,1.0,2533.46,8.5,2318.12,Puma History 707,Home & Kitchen,Comics,Prestige,21.51
ORD00573,CUST0240,2023-02-22,2023-03-01,Delivered,Upi,Online,16823.35,4679.41,99,Jaipur,TN,12242.94,2023-02,2023,Quinn Jackson,Male,Corporate,Pune,MH,37.0,PROD146,8.0,3486.48,34.6,18241.26,Samsung Comics 644,Books,Comics,Samsung,20.71
ORD00573,CUST0240,2023-02-22,2023-03-01,Delivered,Upi,Online,16823.35,4679.41,99,Jaipur,TN,12242.94,2023-02,2023,Quinn Jackson,Male,Corporate,Pune,MH,37.0,PROD018,1.0,1407.73,27.3,1023.42,Philips Lighting 243,Home & Kitchen,Furniture,Apple,41.07
ORD00573,CUST0240,2023-02-22,2023-03-01,Delivered,Upi,Online,16823.35,4679.41,99,Jaipur,TN,12242.94,2023-02,2023,Quinn Jackson,Male,Corporate,Pune,MH,37.0,PROD022,9.0,1454.44,6.0,12304.56,Lg Cookware 668,Home & Kitchen,Furniture,Philips,32.34
ORD00574,CUST0963,2023-02-23,2023-02-24,Shipped,Upi,Mobile App,14486.5,0.0,99,Mumbai,RJ,14585.5,2023-02,2023,Steve Davis,Other,Consumer,Jaipur,RJ,46.0,,,,,,,,,,
ORD00575,CUST0067,2023-02-24,2023-03-03,Cancelled,Credit Card,In-Store,24071.94,992.7,0,Toronto,GJ,23079.24,2023-02,2023,Tina Lee,Other,Corporate,Pune,MH,46.0,PROD127,8.0,3783.84,19.4,24398.2,Prestige Jacket 193,Books,T-Shirt,Adidas,54.91
ORD00575,CUST0067,2023-02-24,2023-03-03,Cancelled,Credit Card,In-Store,24071.94,992.7,0,Toronto,GJ,23079.24,2023-02,2023,Tina Lee,Other,Corporate,Pune,MH,46.0,PROD134,5.0,3311.45,31.5,11341.72,Sony History 898,Clothing,Fiction,Lg,46.08
ORD00576,CUST0720,2023-02-25,2023-03-04,Pending,Upi,Online,28362.85,216.62,149,Pune,GJ,28295.23,2023-02,2023,Amit  Jackson,Female,Corporate,Delhi,DL,46.0,PROD108,10.0,4979.05,1.7,48944.06,Samsung Saree 374,Electronics,Jacket,Philips,52.83
ORD00576,CUST0720,2023-02-25,2023-03-04,Pending,Upi,Online,28362.85,216.62,149,Pune,GJ,28295.23,2023-02,2023,Amit  Jackson,Female,Corporate,Delhi,DL,46.0,PROD121,9.0,4013.55,39.7,21781.54,Apple Saree 724,Electronics,T-Shirt,Adidas,41.47
ORD00577,CUST0662,2023-02-25,2023-03-01,Pending,Wallet,Mobile App,42455.35,8818.94,49,Delhi,NY,33685.41,2023-02,2023,Tina Lee,Female,Home Office,Delhi,DL,46.0,PROD167,7.0,587.18,28.5,2938.84,Penguin Saree 689,Home & Kitchen,T-Shirt,Apple,49.15
ORD00577,CUST0662,2023-02-25,2023-03-01,Pending,Wallet,Mobile App,42455.35,8818.94,49,Delhi,NY,33685.41,2023-02,2023,Tina Lee,Female,Home Office,Delhi,DL,46.0,PROD007,4.0,3259.51,6.4,12203.61,Samsung Jacket 517,Clothing,Jacket,Apple,29.64
ORD00578,CUST0570,2023-02-26,2023-03-02,Cancelled,Wallet,Mobile App,1964.18,778.77,49,Mumbai,DL,1234.41,2023-02,2023,Jack Harris,Female,Consumer,Pune,MH,46.0,PROD040,5.0,1694.27,13.7,7310.78,Apple Cricket 717,Electronics,Cycling,Prestige,55.93
ORD00579,CUST0047,2023-02-27,2023-03-03,Delivered,Credit Card,Mobile App,9291.04,654.46,99,Surat,KA,8735.58,2023-02,2023,Rahul Miller,Female,Consumer,Pune,MH,60.0,PROD162,4.0,1995.01,18.7,6487.77,Puma History 707,Home & Kitchen,Comics,Prestige,21.51
ORD00580,CUST0357,2023-02-27,2023-02-28,Shipped,Wallet,In-Store,4870.73,1292.21,199,Chennai,ON,3777.52,2023-02,2023,Henry Lee,Female,Home Office,Chennai,TN,46.0,PROD101,3.0,1779.73,29.8,3748.11,Nike Comics 174,Clothing,Comics,Apple,16.78
ORD00580,CUST0357,2023-02-27,2023-02-28,Shipped,Wallet,In-Store,4870.73,1292.21,199,Chennai,ON,3777.52,2023-02,2023,Henry Lee,Female,Home Office,Chennai,TN,46.0,PROD072,5.0,4044.64,23.1,15551.64,Philips History 903,Electronics,History,Prestige,10.66
ORD00581,CUST0501,2023-02-28,2023-03-06,Pending,Credit Card,In-Store,5782.2,480.47,199,Chennai,TN,5500.73,2023-02,2023,Amit Brown,Female,Corporate,Jaipur,RJ,46.0,PROD097,1.0,4672.0,23.2,3588.1,Apple Appliances 474,Home & Kitchen,Lighting,Apple,35.67
ORD00581,CUST0501,2023-02-28,2023-03-06,Pending,Credit Card,In-Store,5782.2,480.47,199,Chennai,TN,5500.73,2023-02,2023,Amit Brown,Female,Corporate,Jaipur,RJ,46.0,PROD023,4.0,1649.88,32.9,4428.28,Samsung T-Shirt 863,Clothing,Shoes,Harpercollins,44.46
ORD00582,CUST0948,2023-01-03,2023-03-07,Shipped,Credit Card,Online,5141.33,468.53,49,Hyderabad,GJ,4721.8,2023-01,2023,Pooja  Taylor,Other,Home Office,Mumbai,MH,46.0,,,,,,,,,,
ORD00583,CUST0971,2023-03-02,2023-03-09,Returned,Credit Card,Mobile App,47772.31,2230.85,49,Kolkata,RJ,45590.46,2023-03,2023,Peter Taylor,Other,Consumer,Kolkata,WB,49.0,PROD055,6.0,3998.29,22.1,18688.01,Samsung Laptop 541,Electronics,Smartwatch,Adidas,19.97
ORD00584,CUST0407,2023-02-03,2023-02-06,Cancelled,Credit Card,Online,12782.73,4256.16,149,Toronto,DL,8675.57,2023-02,2023,Grace Shah,Female,Corporate,Bangalore,KA,41.0,PROD110,8.0,3575.82,26.1,21140.25,Harpercollins Shoes 395,Books,Jeans,Reebok,40.0
ORD00585,CUST0248,2023-03-03,2023-03-06,Delivered,Upi,In-Store,10907.26,810.06,149,Pune,RJ,10246.2,2023-03,2023,Yara  Anderson,Female,Consumer,Kolkata,WB,46.0,PROD166,2.0,470.89,15.9,792.04,Prestige Non-Fiction 799,Books,Non-Fiction,Lg,32.2
ORD00585,CUST0248,2023-03-03,2023-03-06,Delivered,Upi,In-Store,10907.26,810.06,149,Pune,RJ,10246.2,2023-03,2023,Yara  Anderson,Female,Consumer,Kolkata,WB,46.0,PROD148,10.0,1098.9,22.8,8483.51,Samsung Jacket 758,Home & Kitchen,Jeans,Apple,47.56
ORD00586,CUST0090,2023-04-03,2023-04-06,Returned,Cod,In-Store,30509.65,5225.65,0,London,GJ,25284.0,2023-04,2023,,,,,,,,,,,,,,,,
ORD00587,CUST0702,2023-03-05,2023-03-09,Returned,Credit Card,Mobile App,21559.42,1667.2,49,Chennai,TN,19941.22,2023-03,2023,Olivia Shah,Male,Corporate,Mumbai,MH,46.0,PROD024,10.0,2778.17,3.9,26698.21,Apple History 842,Books,Fiction,Nike,43.62
ORD00587,CUST0702,2023-03-05,2023-03-09,Returned,Credit Card,Mobile App,21559.42,1667.2,49,Chennai,TN,19941.22,2023-03,2023,Olivia Shah,Male,Corporate,Mumbai,MH,46.0,PROD067,10.0,444.45,24.5,3355.6,Harpercollins Shoes 947,Electronics,Saree,Harpercollins,26.88
ORD00587,CUST0702,2023-03-05,2023-03-09,Returned,Credit Card,Mobile App,21559.42,1667.2,49,Chennai,TN,19941.22,2023-03,2023,Olivia Shah,Male,Corporate,Mumbai,MH,46.0,PROD024,5.0,894.1,15.5,3777.57,Apple History 842,Books,Fiction,Nike,43.62
ORD00588,CUST0857,2023-03-05,2023-03-11,Shipped,Wallet,Online,29208.83,4166.46,149,Chennai,GJ,25191.37,2023-03,2023,Charlie Johnson,Female,Consumer,New York,NY,46.0,PROD080,7.0,3041.03,38.1,13176.78,Samsung Dress 334,Sports,Shoes,Apple,33.19
ORD00588,CUST0857,2023-03-05,2023-03-11,Shipped,Wallet,Online,29208.83,4166.46,149,Chennai,GJ,25191.37,2023-03,2023,Charlie Johnson,Female,Consumer,New York,NY,46.0,PROD129,8.0,2992.98,11.3,21238.19,Nike Decor 511,Home & Kitchen,Decor,Sony,54.86
ORD00588,CUST0857,2023-03-05,2023-03-11,Shipped,Wallet,Online,29208.83,4166.46,149,Chennai,GJ,25191.37,2023-03,2023,Charlie Johnson,Female,Consumer,New York,NY,46.0,PROD188,9.0,4058.16,6.6,34112.89,Puma Swimming 432,Books,Running,Puma,48.2
ORD00588,CUST0857,2023-03-05,2023-03-11,Shipped,Wallet,Online,29208.83,4166.46,149,Chennai,GJ,25191.37,2023-03,2023,Charlie Johnson,Female,Consumer,New York,NY,46.0,PROD077,6.0,2093.24,0.0,12559.44,Nike Laptop 968,Home & Kitchen,Smartwatch,Adidas,58.83
ORD00589,CUST0038,2023-03-06,2023-03-08,Shipped,Net Banking,Online,23730.32,8589.53,49,Kolkata,GJ,15189.79,2023-03,2023,Tina Thompson,Female,Home Office,Delhi,DL,70.0,PROD143,2.0,2362.58,26.0,3496.62,Apple Mobile 427,Sports,Laptop,Prestige,43.6
ORD00589,CUST0038,2023-03-06,2023-03-08,Shipped,Net Banking,Online,23730.32,8589.53,49,Kolkata,GJ,15189.79,2023-03,2023,Tina Thompson,Female,Home Office,Delhi,DL,70.0,PROD023,4.0,1711.47,16.4,5723.16,Samsung T-Shirt 863,Clothing,Shoes,Harpercollins,44.46
ORD00590,CUST0084,2023-07-03,2023-03-14,Delivered,Cod,Online,31885.11,4598.13,199,Chennai,NY,27485.98,2023-07,2023,Wendy Johnson,Male,Home Office,Delhi,DL,46.0,PROD144,6.0,2923.97,38.9,10719.27,Penguin Camera 300,Sports,Mobile,Samsung,50.16
ORD00591,CUST0028,2023-03-07,2023-03-10,Cancelled,Net Banking,In-Store,20297.82,6287.43,99,Toronto,NY,14109.39,2023-03,2023,,,,,,,PROD025,5.0,3122.36,19.3,12598.72,Prestige Jacket 493,Home & Kitchen,Shoes,Nike,18.62
ORD00591,CUST0028,2023-03-07,2023-03-10,Cancelled,Net Banking,In-Store,20297.82,6287.43,99,Toronto,NY,14109.39,2023-03,2023,,,,,,,PROD023,10.0,4673.0,27.0,34112.9,Samsung T-Shirt 863,Clothing,Shoes,Harpercollins,44.46
ORD00591,CUST0028,2023-03-07,2023-03-10,Cancelled,Net Banking,In-Store,20297.82,6287.43,99,Toronto,NY,14109.39,2023-03,2023,,,,,,,PROD025,3.0,2135.91,36.2,4088.13,Prestige Jacket 493,Home & Kitchen,Shoes,Nike,18.62
ORD00591,CUST0028,2023-03-07,2023-03-10,Cancelled,Net Banking,In-Store,20297.82,6287.43,99,Toronto,NY,14109.39,2023-03,2023,,,,,,,PROD184,2.0,1000.31,13.7,1726.54,Penguin Fiction 673,Home & Kitchen,Comics,Apple,55.75
ORD00592,CUST0547,2023-03-08,2023-03-10,Returned,Wallet,In-Store,49093.64,7939.11,99,Chennai,ON,41253.53,2023-03,2023,Victor Thompson,Other,Corporate,Chennai,TN,58.0,,,,,,,,,,
ORD00593,CUST0618,2023-09-03,2023-03-16,Delivered,Wallet,Online,24447.47,8773.96,49,Mumbai,KA,15722.51,2023-09,2023,Xander Miller,Male,Consumer,New York,NY,46.0,PROD078,3.0,4892.77,23.2,11272.94,Penguin Football 656,Books,Yoga,Nike,24.36
ORD00593,CUST0618,2023-09-03,2023-03-16,Delivered,Wallet,Online,24447.47,8773.96,49,Mumbai,KA,15722.51,2023-09,2023,Xander Miller,Male,Consumer,New York,NY,46.0,PROD076,1.0,2437.76,29.0,1730.81,Apple Swimming 348,Books,Cricket,Apple,56.86
ORD00593,CUST0618,2023-09-03,2023-03-16,Delivered,Wallet,Online,24447.47,8773.96,49,Mumbai,KA,15722.51,2023-09,2023,Xander Miller,Male,Consumer,New York,NY,46.0,PROD026,2.0,4453.66,24.1,6760.66,Nike Cricket 264,Clothing,Running,Apple,32.24
ORD00593,CUST0618,2023-09-03,2023-03-16,Delivered,Wallet,Online,24447.47,8773.96,49,Mumbai,KA,15722.51,2023-09,2023,Xander Miller,Male,Consumer,New York,NY,46.0,PROD188,4.0,3804.99,29.7,10699.63,Puma Swimming 432,Books,Running,Puma,48.2
ORD00593,CUST0618,2023-09-03,2023-03-16,Delivered,Wallet,Online,24447.47,8773.96,49,Mumbai,KA,15722.51,2023-09,2023,Xander Miller,Male,Consumer,New York,NY,46.0,PROD055,4.0,2640.69,0.8,10478.26,Samsung Laptop 541,Electronics,Smartwatch,Adidas,19.97
ORD00593,CUST0618,2023-09-03,2023-03-16,Delivered,Wallet,Online,24447.47,8773.96,49,Mumbai,KA,15722.51,2023-09,2023,Xander Miller,Male,Consumer,New York,NY,46.0,PROD118,10.0,4325.71,6.5,40445.39,Philips Tablet 619,Books,Camera,Samsung,55.89
ORD00593,CUST0618,2023-09-03,2023-03-16,Delivered,Wallet,Online,24447.47,8773.96,49,Mumbai,KA,15722.51,2023-09,2023,Xander Miller,Male,Consumer,New York,NY,46.0,PROD099,7.0,478.86,38.8,2051.44,Reebok Cricket 803,Sports,Cycling,Puma,51.59
ORD00594,CUST0416,2023-03-10,2023-03-17,Pending,Upi,Online,32015.09,775.77,149,Pune,MH,31388.32,2023-03,2023,Amit Miller,Female,Corporate,Pune,MH,43.0,PROD014,6.0,1083.14,16.2,5446.03,Sony Science 117,Electronics,Science,Reebok,39.2
ORD00595,CUST0660,2023-10-03,2023-03-16,Returned,Debit Card,Mobile App,23689.35,9405.8,49,Ahmedabad,TS,14332.55,2023-10,2023,Victor Martin,Female,Corporate,London,LDN,46.0,PROD113,9.0,3488.44,1.7,30862.23,Nike Laptop 971,Home & Kitchen,Tablet,Lg,26.98
ORD00595,CUST0660,2023-10-03,2023-03-16,Returned,Debit Card,Mobile App,23689.35,9405.8,49,Ahmedabad,TS,14332.55,2023-10,2023,Victor Martin,Female,Corporate,London,LDN,46.0,PROD182,3.0,169.67,39.3,308.97,Samsung Running 478,Electronics,Football,Adidas,51.49
ORD00595,CUST0660,2023-10-03,2023-03-16,Returned,Debit Card,Mobile App,23689.35,9405.8,49,Ahmedabad,TS,14332.55,2023-10,2023,Victor Martin,Female,Corporate,London,LDN,46.0,PROD087,8.0,3283.14,23.5,20092.82,Samsung Headphones 981,Sports,Tablet,Samsung,56.65
ORD00595,CUST0660,2023-10-03,2023-03-16,Returned,Debit Card,Mobile App,23689.35,9405.8,49,Ahmedabad,TS,14332.55,2023-10,2023,Victor Martin,Female,Corporate,London,LDN,46.0,PROD107,4.0,3323.63,10.7,11872.01,Penguin Shoes 647,Electronics,Jeans,Harpercollins,43.39
ORD00596,CUST0341,2023-03-11,2023-03-12,Pending,Credit Card,In-Store,34928.66,2225.01,149,London,RJ,32852.65,2023-03,2023,Rachel Lee,Male,Corporate,Pune,MH,46.0,PROD085,6.0,2687.85,3.3,15594.91,Puma Saree 221,Home & Kitchen,Dress,Puma,59.7
ORD00596,CUST0341,2023-03-11,2023-03-12,Pending,Credit Card,In-Store,34928.66,2225.01,149,London,RJ,32852.65,2023-03,2023,Rachel Lee,Male,Corporate,Pune,MH,46.0,PROD017,1.0,3504.03,25.7,2603.49,Puma Furniture 159,Clothing,Lighting,Apple,25.19
ORD00596,CUST0341,2023-03-11,2023-03-12,Pending,Credit Card,In-Store,34928.66,2225.01,149,London,RJ,32852.65,2023-03,2023,Rachel Lee,Male,Corporate,Pune,MH,46.0,PROD006,1.0,1783.22,24.1,1353.46,Apple Appliances 429,Home & Kitchen,Lighting,Apple,42.16
ORD00596,CUST0341,2023-03-11,2023-03-12,Pending,Credit Card,In-Store,34928.66,2225.01,149,London,RJ,32852.65,2023-03,2023,Rachel Lee,Male,Corporate,Pune,MH,46.0,PROD013,6.0,2276.17,6.1,12823.94,Lg Mobile 752,Clothing,Smartwatch,Apple,46.62
ORD00597,CUST0303,2023-03-12,2023-03-16,Shipped,Cod,Online,46197.82,7277.2,99,Toronto,GJ,39019.62,2023-03,2023,Quinn Shah,Female,Corporate,Hyderabad,TS,46.0,PROD157,6.0,660.09,36.1,2530.79,Samsung Comics 227,Electronics,Fiction,Samsung,49.37
ORD00598,CUST0417,2023-03-13,2023-03-19,Delivered,Credit Card,Online,28103.53,7854.85,149,Pune,TN,20397.68,2023-03,2023,Peter Thompson,Other,Home Office,Chennai,TN,23.0,,,,,,,,,,
ORD00599,CUST0806,2023-03-13,2023-03-15,Returned,Cod,In-Store,38317.03,8451.88,99,London,MH,29964.15,2023-03,2023,Eve Walker,Male,Home Office,Hyderabad,TS,46.0,PROD007,6.0,3892.76,27.7,16886.79,Samsung Jacket 517,Clothing,Jacket,Apple,29.64
ORD00599,CUST0806,2023-03-13,2023-03-15,Returned,Cod,In-Store,38317.03,8451.88,99,London,MH,29964.15,2023-03,2023,Eve Walker,Male,Home Office,Hyderabad,TS,46.0,PROD035,5.0,1257.86,32.4,4251.57,Adidas Tablet 510,Books,Headphones,Nike,75.82
ORD00600,CUST0097,2023-03-14,2023-03-19,Shipped,Upi,Online,10207.14,3718.6,149,Hyderabad,TS,6637.54,2023-03,2023,Priya Wilson,Male,Corporate,Mumbai,MH,46.0,,,,,,,,,,
ORD00601,CUST0170,2023-03-15,2023-03-21,Delivered,Debit Card,In-Store,14960.73,2027.21,0,Chennai,MH,12933.52,2023-03,2023,Rahul  Brown,Female,Home Office,Ahmedabad,GJ,46.0,PROD024,10.0,1239.46,12.5,10845.28,Apple History 842,Books,Fiction,Nike,43.62
ORD00601,CUST0170,2023-03-15,2023-03-21,Delivered,Debit Card,In-Store,14960.73,2027.21,0,Chennai,MH,12933.52,2023-03,2023,Rahul  Brown,Female,Home Office,Ahmedabad,GJ,46.0,PROD097,8.0,4342.46,100.0,0.0,Apple Appliances 474,Home & Kitchen,Lighting,Apple,35.67
ORD00602,CUST0330,2023-03-16,2023-03-23,Shipped,Credit Card,Mobile App,32278.58,12059.43,49,Ahmedabad,DL,20268.15,2023-03,2023,Yara Brown,Male,Consumer,Pune,MH,38.0,PROD174,5.0,3101.84,13.9,13353.42,Nike Science 291,Sports,History,Harpercollins,39.93
ORD00602,CUST0330,2023-03-16,2023-03-23,Shipped,Credit Card,Mobile App,32278.58,12059.43,49,Ahmedabad,DL,20268.15,2023-03,2023,Yara Brown,Male,Consumer,Pune,MH,38.0,PROD143,2.0,4834.05,33.0,6477.63,Apple Mobile 427,Sports,Laptop,Prestige,43.6
ORD00602,CUST0330,2023-03-16,2023-03-23,Shipped,Credit Card,Mobile App,32278.58,12059.43,49,Ahmedabad,DL,20268.15,2023-03,2023,Yara Brown,Male,Consumer,Pune,MH,38.0,PROD110,3.0,3354.56,10.8,8976.8,Harpercollins Shoes 395,Books,Jeans,Reebok,40.0
ORD00603,CUST0232,2023-03-16,2023-03-22,Returned,Credit Card,Online,11307.82,1227.82,99,London,GJ,10179.0,2023-03,2023,Diana Davis,Male,Home Office,Pune,MH,46.0,PROD018,6.0,212.43,34.2,838.67,Philips Lighting 243,Home & Kitchen,Furniture,Apple,41.07
ORD00603,CUST0232,2023-03-16,2023-03-22,Returned,Credit Card,Online,11307.82,1227.82,99,London,GJ,10179.0,2023-03,2023,Diana Davis,Male,Home Office,Pune,MH,46.0,PROD103,8.0,111.64,0.7,886.87,Nike Furniture 174,Clothing,Appliances,Nike,31.46
ORD00605,CUST0039,2023-03-18,2023-03-24,Pending,Upi,Online,26966.16,3193.17,149,Mumbai,MH,23921.99,2023-03,2023,Uma Walker,Other,Home Office,Ahmedabad,GJ,46.0,PROD053,4.0,1131.79,16.0,3802.81,Samsung Non-Fiction 984,Books,Non-Fiction,Harpercollins,58.1
ORD00606,CUST0398,2023-03-18,2023-03-20,Returned,Credit Card,In-Store,30460.08,10836.71,199,Mumbai,MH,19822.37,2023-03,2023,Olivia Thomas,Female,Home Office,Jaipur,RJ,46.0,PROD004,3.0,3649.38,6.0,10291.25,Sony Cookware 400,Clothing,Furniture,Puma,43.32
ORD00607,CUST0954,2023-03-19,2023-03-25,Delivered,Wallet,In-Store,4899.46,1686.28,199,Surat,LDN,3412.18,2023-03,2023,Charlie  Patel,Male,Corporate,Kolkata,WB,46.0,PROD158,10.0,72.25,17.8,593.9,Nike Yoga 654,Home & Kitchen,Football,Samsung,56.49
ORD00608,CUST0296,2023-03-20,2023-03-22,Pending,Credit Card,Online,39102.42,10257.01,149,Sydney,RJ,28994.41,2023-03,2023,Henry Taylor,Female,Home Office,Toronto,ON,46.0,PROD186,4.0,2164.44,23.7,6605.87,Lg Laptop 761,Clothing,Smartwatch,Lg,18.86
ORD00609,CUST0022,2023-03-21,2023-03-26,Delivered,Upi,In-Store,24905.43,2074.32,49,Jaipur,WB,22880.11,2023-03,2023,Alice Thomas,Male,Consumer,Toronto,ON,46.0,PROD125,10.0,4577.75,23.9,34836.68,Prestige Self-Help 619,Electronics,Self-Help,Philips,28.66
ORD00610,CUST0063,2023-03-21,2023-03-22,Pending,Credit Card,Online,8385.7,2784.38,0,Hyderabad,RJ,5601.32,2023-03,2023,Bob Jackson,Female,Corporate,Sydney,NSW,41.0,PROD178,9.0,4518.17,10.6,36353.2,Nike Camera 275,Sports,Camera,Samsung,44.67
ORD00611,CUST0288,2023-03-22,2023-03-28,Cancelled,Net Banking,Mobile App,30715.87,0.0,199,Delhi,ON,30914.87,2023-03,2023,Nick Miller,Other,Consumer,Chennai,TN,46.0,,,,,,,,,,
ORD00612,CUST0452,2023-03-23,2023-03-30,Pending,Upi,In-Store,19391.21,2133.8,49,Kolkata,NSW,17306.41,2023-03,2023,Sneha Garcia,Male,Consumer,Surat,GJ,65.0,PROD071,8.0,2322.3,21.5,14584.04,Harpercollins Camera 448,Electronics,Smartwatch,Samsung,47.49
ORD00612,CUST0452,2023-03-23,2023-03-30,Pending,Upi,In-Store,19391.21,2133.8,49,Kolkata,NSW,17306.41,2023-03,2023,Sneha Garcia,Male,Consumer,Surat,GJ,65.0,PROD089,6.0,1379.41,25.1,6199.07,Penguin Football 980,Electronics,Football,Nike,31.17
ORD00613,CUST0298,2023-03-24,2023-03-26,Cancelled,Cod,Mobile App,48954.38,7798.08,49,Toronto,DL,41205.3,2023-03,2023,Rachel  Wilson,Female,Consumer,Pune,MH,46.0,PROD173,7.0,2068.93,5.7,13657.01,Apple Appliances 796,Home & Kitchen,Appliances,Nike,53.5
ORD00613,CUST0298,2023-03-24,2023-03-26,Cancelled,Cod,Mobile App,48954.38,7798.08,49,Toronto,DL,41205.3,2023-03,2023,Rachel  Wilson,Female,Consumer,Pune,MH,46.0,PROD084,4.0,2254.67,7.3,8360.32,Philips Comics 538,Electronics,Non-Fiction,Reebok,22.29
ORD00613,CUST0298,2023-03-24,2023-03-26,Cancelled,Cod,Mobile App,48954.38,7798.08,49,Toronto,DL,41205.3,2023-03,2023,Rachel  Wilson,Female,Consumer,Pune,MH,46.0,PROD056,9.0,1438.21,4.2,12400.25,Sony Tablet 154,Sports,Camera,Nike,46.2
ORD00614,CUST0974,2023-03-24,2023-03-29,Pending,Credit Card,In-Store,38685.72,6141.13,99,Hyderabad,NY,32643.59,2023-03,2023,Uma Harris,Male,Home Office,Jaipur,RJ,46.0,PROD041,10.0,3693.35,32.1,25077.85,Nike Cookware 488,Books,Cookware,Samsung,33.81
ORD00615,CUST0534,2023-03-25,2023-03-29,Returned,Cod,Online,37458.4,14855.93,49,Chennai,LDN,22651.47,2023-03,2023,Steve Garcia,Female,Corporate,Kolkata,WB,46.0,PROD038,8.0,2466.72,6.9,18372.13,Samsung Mobile 969,Clothing,Mobile,Philips,20.83
ORD00616,CUST0410,2023-03-26,2023-03-31,Pending,Cod,Mobile App,17289.19,2804.03,49,Ahmedabad,ON,14534.16,2023-03,2023,Priya Thomas,Male,Home Office,Mumbai,MH,30.0,PROD146,10.0,2328.31,21.7,18230.67,Samsung Comics 644,Books,Comics,Samsung,20.71
ORD00617,CUST0476,2023-03-26,2023-03-31,Pending,Credit Card,In-Store,37427.76,8759.28,199,Ahmedabad,GJ,28867.48,2023-03,2023,Iris Williams,Male,Corporate,Hyderabad,TS,65.0,PROD067,4.0,4653.95,2.7,18113.17,Harpercollins Shoes 947,Electronics,Saree,Harpercollins,26.88
ORD00617,CUST0476,2023-03-26,2023-03-31,Pending,Credit Card,In-Store,37427.76,8759.28,199,Ahmedabad,GJ,28867.48,2023-03,2023,Iris Williams,Male,Corporate,Hyderabad,TS,65.0,PROD138,7.0,915.57,27.1,4672.15,Penguin History 493,Home & Kitchen,Self-Help,Prestige,40.86
ORD00617,CUST0476,2023-03-26,2023-03-31,Pending,Credit Card,In-Store,37427.76,8759.28,199,Ahmedabad,GJ,28867.48,2023-03,2023,Iris Williams,Male,Corporate,Hyderabad,TS,65.0,PROD159,7.0,1282.62,10.9,7999.7,Nike Saree 450,Books,Dress,Penguin,11.02
ORD00618,CUST0614,2023-03-27,2023-03-31,Cancelled,Credit Card,Online,10840.05,3558.4,99,Mumbai,NSW,7380.65,2023-03,2023,Tina Patel,Female,Home Office,Delhi,DL,46.0,PROD118,3.0,3809.04,37.2,7176.23,Philips Tablet 619,Books,Camera,Samsung,55.89
ORD00618,CUST0614,2023-03-27,2023-03-31,Cancelled,Credit Card,Online,10840.05,3558.4,99,Mumbai,NSW,7380.65,2023-03,2023,Tina Patel,Female,Home Office,Delhi,DL,46.0,PROD143,6.0,353.79,24.8,1596.3,Apple Mobile 427,Sports,Laptop,Prestige,43.6
ORD00618,CUST0614,2023-03-27,2023-03-31,Cancelled,Credit Card,Online,10840.05,3558.4,99,Mumbai,NSW,7380.65,2023-03,2023,Tina Patel,Female,Home Office,Delhi,DL,46.0,PROD057,9.0,3535.41,26.0,23545.83,Adidas Jacket 309,Electronics,Jeans,Samsung,54.79
ORD00619,CUST0308,2023-03-28,2023-04-04,Cancelled,Wallet,In-Store,49674.45,2182.44,149,New York,LDN,47641.01,2023-03,2023,Victor  Patel,Other,Home Office,Jaipur,RJ,46.0,PROD064,9.0,1808.33,5.0,15461.22,Apple Laptop 953,Clothing,Camera,Harpercollins,39.99
ORD00620,CUST0898,2023-03-29,2023-04-05,Returned,Net Banking,In-Store,14677.37,2701.6,199,New York,TN,12174.77,2023-03,2023,Grace Harris,Female,Consumer,Pune,MH,39.0,PROD193,7.0,1986.49,9.4,12598.32,Adidas Yoga 743,Electronics,Running,Philips,46.63
ORD00621,CUST0575,2023-03-29,2023-03-30,Delivered,Upi,Online,1376.18,375.38,199,Bangalore,TS,1199.8,2023-03,2023,,,,,,,PROD156,7.0,568.91,6.5,3723.52,Reebok Decor 139,Books,Appliances,Sony,54.53
ORD00622,CUST0388,2023-03-30,2023-03-31,Pending,Credit Card,In-Store,30044.11,394.92,149,Delhi,DL,29798.19,2023-03,2023,Rachel Moore,Female,Consumer,Toronto,ON,37.0,,,,,,,,,,
ORD00623,CUST0794,2023-03-31,2023-04-03,Delivered,Upi,Mobile App,38690.53,426.21,149,Toronto,RJ,38413.32,2023-03,2023,Zoe Thomas,Male,Home Office,Ahmedabad,GJ,56.0,PROD062,8.0,1958.09,6.9,14583.85,Samsung Cycling 783,Home & Kitchen,Football,Adidas,26.61
ORD00623,CUST0794,2023-03-31,2023-04-03,Delivered,Upi,Mobile App,38690.53,426.21,149,Toronto,RJ,38413.32,2023-03,2023,Zoe Thomas,Male,Home Office,Ahmedabad,GJ,56.0,PROD100,2.0,3166.26,14.1,5439.63,Sony History 683,Sports,Comics,Puma,56.77
ORD00624,CUST0651,2023-01-04,2023-04-03,Returned,Credit Card,Mobile App,30121.43,8812.1,0,Ahmedabad,RJ,21309.33,2023-01,2023,Olivia Wilson,Male,Corporate,Bangalore,KA,69.0,PROD184,2.0,1358.15,14.7,2317.0,Penguin Fiction 673,Home & Kitchen,Comics,Apple,55.75
ORD00624,CUST0651,2023-01-04,2023-04-03,Returned,Credit Card,Mobile App,30121.43,8812.1,0,Ahmedabad,RJ,21309.33,2023-01,2023,Olivia Wilson,Male,Corporate,Bangalore,KA,69.0,PROD041,1.0,2327.0,7.6,2150.15,Nike Cookware 488,Books,Cookware,Samsung,33.81
ORD00624,CUST0651,2023-01-04,2023-04-03,Returned,Credit Card,Mobile App,30121.43,8812.1,0,Ahmedabad,RJ,21309.33,2023-01,2023,Olivia Wilson,Male,Corporate,Bangalore,KA,69.0,PROD190,4.0,1259.54,37.1,3169.0,Samsung Jacket 891,Home & Kitchen,Dress,Samsung,56.46
ORD00624,CUST0651,2023-01-04,2023-04-03,Returned,Credit Card,Mobile App,30121.43,8812.1,0,Ahmedabad,RJ,21309.33,2023-01,2023,Olivia Wilson,Male,Corporate,Bangalore,KA,69.0,PROD176,2.0,1218.91,33.2,1628.46,Nike Jacket 282,Electronics,Shoes,Puma,11.71
ORD00625,CUST0652,2023-01-04,2023-04-07,Returned,Wallet,In-Store,11398.43,1240.95,99,Mumbai,NY,10256.48,2023-01,2023,Grace Smith,Female,Consumer,Hyderabad,TS,46.0,PROD154,8.0,1297.44,28.0,7473.25,Puma Jacket 845,Books,Jeans,Apple,30.08
ORD00626,CUST0598,2023-04-02,2023-04-08,Shipped,Cod,Online,21021.18,4053.15,49,Sydney,MH,17017.03,2023-04,2023,Leo Thompson,Other,Consumer,Mumbai,MH,46.0,PROD158,3.0,4604.82,19.9,11065.38,Nike Yoga 654,Home & Kitchen,Football,Samsung,56.49
ORD00627,CUST0836,2023-04-03,2023-04-09,Delivered,Net Banking,Online,39748.84,4474.87,199,London,GJ,35472.97,2023-04,2023,Rahul  Anderson,Other,Home Office,Toronto,ON,28.0,PROD148,1.0,532.22,15.2,451.32,Samsung Jacket 758,Home & Kitchen,Jeans,Apple,47.56
ORD00627,CUST0836,2023-04-03,2023-04-09,Delivered,Net Banking,Online,39748.84,4474.87,199,London,GJ,35472.97,2023-04,2023,Rahul  Anderson,Other,Home Office,Toronto,ON,28.0,PROD165,6.0,3082.03,38.7,11335.71,Nike Appliances 352,Home & Kitchen,Furniture,Nike,38.62
ORD00627,CUST0836,2023-04-03,2023-04-09,Delivered,Net Banking,Online,39748.84,4474.87,199,London,GJ,35472.97,2023-04,2023,Rahul  Anderson,Other,Home Office,Toronto,ON,28.0,PROD126,3.0,1352.16,12.0,3569.7,Reebok Cricket 811,Electronics,Cycling,Philips,41.97
ORD00627,CUST0836,2023-04-03,2023-04-09,Delivered,Net Banking,Online,39748.84,4474.87,199,London,GJ,35472.97,2023-04,2023,Rahul  Anderson,Other,Home Office,Toronto,ON,28.0,PROD139,8.0,3050.72,19.4,19671.04,Penguin Jeans 977,Home & Kitchen,Jacket,Nike,42.7
ORD00627,CUST0836,2023-04-03,2023-04-09,Delivered,Net Banking,Online,39748.84,4474.87,199,London,GJ,35472.97,2023-04,2023,Rahul  Anderson,Other,Home Office,Toronto,ON,28.0,PROD169,7.0,2346.6,38.3,10134.97,Puma Jeans 987,Books,Dress,Harpercollins,30.55
ORD00627,CUST0836,2023-04-03,2023-04-09,Delivered,Net Banking,Online,39748.84,4474.87,199,London,GJ,35472.97,2023-04,2023,Rahul  Anderson,Other,Home Office,Toronto,ON,28.0,PROD075,7.0,2874.17,26.1,14868.08,Puma Football 995,Clothing,Swimming,Nike,27.65
ORD00628,CUST0532,2023-04-04,2023-04-08,Pending,Cod,Mobile App,4521.68,112.28,0,Hyderabad,GJ,4409.4,2023-04,2023,Henry Garcia,Female,Corporate,Bangalore,KA,46.0,,,,,,,,,,
ORD00629,CUST0606,2023-04-04,2023-04-09,Pending,Cod,Mobile App,10903.86,322.38,99,Ahmedabad,NY,10680.48,2023-04,2023,Charlie Williams,Male,Home Office,Ahmedabad,GJ,46.0,PROD050,7.0,1171.57,38.6,5035.41,Sony Dress 370,Home & Kitchen,Jacket,Penguin,46.17
ORD00629,CUST0606,2023-04-04,2023-04-09,Pending,Cod,Mobile App,10903.86,322.38,99,Ahmedabad,NY,10680.48,2023-04,2023,Charlie Williams,Male,Home Office,Ahmedabad,GJ,46.0,PROD177,10.0,2241.96,28.5,16030.01,Nike Bedding 498,Sports,Decor,Nike,32.96
ORD00629,CUST0606,2023-04-04,2023-04-09,Pending,Cod,Mobile App,10903.86,322.38,99,Ahmedabad,NY,10680.48,2023-04,2023,Charlie Williams,Male,Home Office,Ahmedabad,GJ,46.0,PROD001,1.0,653.38,27.6,473.05,Lg Laptop 149,Home & Kitchen,Smartwatch,Sony,54.08
ORD00630,CUST0279,2023-04-05,2023-04-09,Pending,Cod,Mobile App,20082.79,7834.86,199,Mumbai,WB,12446.93,2023-04,2023,Steve White,Other,Corporate,Hyderabad,TS,30.0,PROD045,10.0,1889.99,10.7,16877.61,Nike Headphones 607,Home & Kitchen,Laptop,Reebok,11.65
ORD00630,CUST0279,2023-04-05,2023-04-09,Pending,Cod,Mobile App,20082.79,7834.86,199,Mumbai,WB,12446.93,2023-04,2023,Steve White,Other,Corporate,Hyderabad,TS,30.0,PROD177,10.0,2376.61,24.4,17967.17,Nike Bedding 498,Sports,Decor,Nike,32.96
ORD00630,CUST0279,2023-04-05,2023-04-09,Pending,Cod,Mobile App,20082.79,7834.86,199,Mumbai,WB,12446.93,2023-04,2023,Steve White,Other,Corporate,Hyderabad,TS,30.0,PROD178,7.0,2429.82,7.4,15750.09,Nike Camera 275,Sports,Camera,Samsung,44.67
ORD00631,CUST0521,2023-04-06,2023-04-13,Delivered,Wallet,Mobile App,32918.95,10160.88,0,Delhi,ON,22758.07,2023-04,2023,Victor Martin,Male,Home Office,Toronto,ON,33.0,PROD131,3.0,4635.2,6.7,12973.92,Adidas Camera 887,Clothing,Headphones,Adidas,50.24
ORD00631,CUST0521,2023-04-06,2023-04-13,Delivered,Wallet,Mobile App,32918.95,10160.88,0,Delhi,ON,22758.07,2023-04,2023,Victor Martin,Male,Home Office,Toronto,ON,33.0,PROD185,6.0,3869.01,11.8,20474.8,Philips Headphones 478,Home & Kitchen,Smartwatch,Lg,39.49
ORD00631,CUST0521,2023-04-06,2023-04-13,Delivered,Wallet,Mobile App,32918.95,10160.88,0,Delhi,ON,22758.07,2023-04,2023,Victor Martin,Male,Home Office,Toronto,ON,33.0,PROD099,4.0,2222.14,19.3,7173.07,Reebok Cricket 803,Sports,Cycling,Puma,51.59
ORD00632,CUST0259,2023-04-06,2023-04-08,Shipped,Upi,Mobile App,46142.77,16493.86,0,Sydney,TS,29648.91,2023-04,2023,Olivia Anderson,Other,Consumer,Surat,GJ,45.0,PROD045,6.0,4285.88,38.2,15892.04,Nike Headphones 607,Home & Kitchen,Laptop,Reebok,11.65
ORD00632,CUST0259,2023-04-06,2023-04-08,Shipped,Upi,Mobile App,46142.77,16493.86,0,Sydney,TS,29648.91,2023-04,2023,Olivia Anderson,Other,Consumer,Surat,GJ,45.0,PROD051,2.0,3746.96,15.3,6347.35,Harpercollins Fiction 843,Electronics,Comics,Adidas,47.6
ORD00632,CUST0259,2023-04-06,2023-04-08,Shipped,Upi,Mobile App,46142.77,16493.86,0,Sydney,TS,29648.91,2023-04,2023,Olivia Anderson,Other,Consumer,Surat,GJ,45.0,PROD080,9.0,4659.3,1.5,41304.69,Samsung Dress 334,Sports,Shoes,Apple,33.19
ORD00632,CUST0259,2023-04-06,2023-04-08,Shipped,Upi,Mobile App,46142.77,16493.86,0,Sydney,TS,29648.91,2023-04,2023,Olivia Anderson,Other,Consumer,Surat,GJ,45.0,PROD039,8.0,2891.17,21.6,18133.42,Nike Jeans 794,Electronics,Saree,Lg,52.75
ORD00632,CUST0259,2023-04-06,2023-04-08,Shipped,Upi,Mobile App,46142.77,16493.86,0,Sydney,TS,29648.91,2023-04,2023,Olivia Anderson,Other,Consumer,Surat,GJ,45.0,PROD065,7.0,4818.91,21.9,26344.98,Nike Running 194,Books,Swimming,Reebok,30.97
ORD00633,CUST0530,2023-04-07,2023-04-13,Shipped,Credit Card,Online,44096.84,15049.65,0,Bangalore,LDN,29047.19,2023-04,2023,Wendy Shah,Female,Corporate,Surat,GJ,46.0,PROD186,9.0,4352.98,20.8,31028.04,Lg Laptop 761,Clothing,Smartwatch,Lg,18.86
ORD00633,CUST0530,2023-04-07,2023-04-13,Shipped,Credit Card,Online,44096.84,15049.65,0,Bangalore,LDN,29047.19,2023-04,2023,Wendy Shah,Female,Corporate,Surat,GJ,46.0,PROD155,4.0,1953.99,16.6,6518.51,Harpercollins Science 802,Electronics,Fiction,Apple,35.5
ORD00633,CUST0530,2023-04-07,2023-04-13,Shipped,Credit Card,Online,44096.84,15049.65,0,Bangalore,LDN,29047.19,2023-04,2023,Wendy Shah,Female,Corporate,Surat,GJ,46.0,PROD182,10.0,3575.92,37.3,22421.02,Samsung Running 478,Electronics,Football,Adidas,51.49
ORD00634,CUST0072,2023-04-08,2023-04-10,Pending,Upi,In-Store,1745.72,673.72,199,Pune,NY,1271.0,2023-04,2023,Quinn  Anderson,Female,Consumer,Mumbai,MH,57.0,PROD017,1.0,4180.97,10.1,3758.69,Puma Furniture 159,Clothing,Lighting,Apple,25.19
ORD00635,CUST0479,2023-09-04,2023-04-10,Returned,Cod,In-Store,7304.54,2789.67,49,London,MH,4563.87,2023-09,2023,Wendy Thomas,Other,Consumer,Mumbai,MH,46.0,PROD138,9.0,4166.54,100.0,0.0,Penguin History 493,Home & Kitchen,Self-Help,Prestige,40.86
ORD00636,CUST0013,2023-09-04,2023-04-12,Cancelled,Cod,In-Store,46733.29,5652.17,99,London,TN,41180.12,2023-09,2023,Iris Harris,Female,Corporate,Pune,MH,46.0,PROD076,3.0,3124.77,38.2,5793.32,Apple Swimming 348,Books,Cricket,Apple,56.86
ORD00636,CUST0013,2023-09-04,2023-04-12,Cancelled,Cod,In-Store,46733.29,5652.17,99,London,TN,41180.12,2023-09,2023,Iris Harris,Female,Corporate,Pune,MH,46.0,PROD134,3.0,216.4,12.2,570.0,Sony History 898,Clothing,Fiction,Lg,46.08
ORD00636,CUST0013,2023-09-04,2023-04-12,Cancelled,Cod,In-Store,46733.29,5652.17,99,London,TN,41180.12,2023-09,2023,Iris Harris,Female,Corporate,Pune,MH,46.0,PROD149,1.0,4149.75,3.9,3987.91,Nike Appliances 740,Clothing,Decor,Nike,17.17
ORD00637,CUST0920,2023-04-10,2023-04-13,Cancelled,Upi,Online,10555.54,833.81,149,Sydney,NY,9870.73,2023-04,2023,Karen Walker,Other,Corporate,Pune,MH,70.0,,,,,,,,,,
ORD00638,CUST0666,2023-11-04,2023-04-18,Returned,Credit Card,Online,49220.06,1893.37,199,Surat,NY,47525.69,2023-11,2023,,,,,,,PROD137,9.0,899.01,7.1,7516.62,Reebok Headphones 725,Sports,Smartwatch,Samsung,51.88
ORD00638,CUST0666,2023-11-04,2023-04-18,Returned,Credit Card,Online,49220.06,1893.37,199,Surat,NY,47525.69,2023-11,2023,,,,,,,PROD035,3.0,3224.13,3.5,9333.86,Adidas Tablet 510,Books,Headphones,Nike,75.82
ORD00638,CUST0666,2023-11-04,2023-04-18,Returned,Credit Card,Online,49220.06,1893.37,199,Surat,NY,47525.69,2023-11,2023,,,,,,,PROD012,6.0,978.2,2.3,5734.21,Nike Fiction 847,Books,Self-Help,Lg,50.71
ORD00638,CUST0666,2023-11-04,2023-04-18,Returned,Credit Card,Online,49220.06,1893.37,199,Surat,NY,47525.69,2023-11,2023,,,,,,,PROD070,6.0,1351.14,17.5,6688.14,Nike Lighting 275,Clothing,Cookware,Puma,51.4
ORD00638,CUST0666,2023-11-04,2023-04-18,Returned,Credit Card,Online,49220.06,1893.37,199,Surat,NY,47525.69,2023-11,2023,,,,,,,PROD157,1.0,3471.13,20.8,2749.13,Samsung Comics 227,Electronics,Fiction,Samsung,49.37
ORD00639,CUST0253,2023-04-12,2023-04-18,Pending,Upi,Online,19169.66,612.18,149,Bangalore,ON,18706.48,2023-04,2023,Sneha Davis,Male,Consumer,Chennai,TN,46.0,PROD142,7.0,4766.79,25.3,24925.54,Apple Non-Fiction 957,Clothing,Comics,Nike,53.25
ORD00639,CUST0253,2023-04-12,2023-04-18,Pending,Upi,Online,19169.66,612.18,149,Bangalore,ON,18706.48,2023-04,2023,Sneha Davis,Male,Consumer,Chennai,TN,46.0,PROD078,5.0,3414.26,39.2,10379.35,Penguin Football 656,Books,Yoga,Nike,24.36
ORD00639,CUST0253,2023-04-12,2023-04-18,Pending,Upi,Online,19169.66,612.18,149,Bangalore,ON,18706.48,2023-04,2023,Sneha Davis,Male,Consumer,Chennai,TN,46.0,PROD138,7.0,4387.58,39.5,18581.4,Penguin History 493,Home & Kitchen,Self-Help,Prestige,40.86
ORD00640,CUST0416,2023-12-04,2023-04-18,Pending,Wallet,Online,4411.88,874.46,49,Jaipur,DL,3586.42,2023-12,2023,Amit Miller,Female,Corporate,Pune,MH,43.0,PROD192,6.0,1559.8,11.8,8254.46,Sony Non-Fiction 107,Books,Non-Fiction,Samsung,39.21
ORD00641,CUST0828,2023-04-13,2023-04-19,Cancelled,Credit Card,Online,4978.28,1357.77,0,New York,MH,3620.51,2023-04,2023,Iris Harris,Female,Home Office,New York,NY,46.0,,,,,,,,,,
ORD00642,CUST0110,2023-04-14,2023-04-15,Returned,Wallet,Mobile App,23250.13,8067.16,49,Sydney,GJ,15231.97,2023-04,2023,Zoe Williams,Female,Corporate,London,LDN,40.0,PROD022,6.0,3596.7,18.5,17587.86,Lg Cookware 668,Home & Kitchen,Furniture,Philips,32.34
ORD00642,CUST0110,2023-04-14,2023-04-15,Returned,Wallet,Mobile App,23250.13,8067.16,49,Sydney,GJ,15231.97,2023-04,2023,Zoe Williams,Female,Corporate,London,LDN,40.0,PROD005,8.0,3981.99,15.6,26886.4,Prestige Decor 174,Electronics,Bedding,Prestige,48.78
ORD00642,CUST0110,2023-04-14,2023-04-15,Returned,Wallet,Mobile App,23250.13,8067.16,49,Sydney,GJ,15231.97,2023-04,2023,Zoe Williams,Female,Corporate,London,LDN,40.0,PROD194,6.0,1730.04,6.1,9747.05,Harpercollins Fiction 998,Electronics,Self-Help,Philips,26.4
ORD00642,CUST0110,2023-04-14,2023-04-15,Returned,Wallet,Mobile App,23250.13,8067.16,49,Sydney,GJ,15231.97,2023-04,2023,Zoe Williams,Female,Corporate,London,LDN,40.0,PROD055,1.0,2656.9,1.3,2622.36,Samsung Laptop 541,Electronics,Smartwatch,Adidas,19.97
ORD00643,CUST0026,2023-04-14,2023-04-17,Pending,Credit Card,Mobile App,40169.91,1418.24,0,Toronto,ON,38751.67,2023-04,2023,,,,,,,PROD159,6.0,694.93,13.9,3590.01,Nike Saree 450,Books,Dress,Penguin,11.02
ORD00644,CUST0055,2023-04-15,2023-04-16,Shipped,Upi,Mobile App,23022.89,5820.2,99,Chennai,MH,17301.69,2023-04,2023,Yara  Thomas,Female,Consumer,Ahmedabad,GJ,46.0,PROD014,4.0,71.7,26.0,212.23,Sony Science 117,Electronics,Science,Reebok,39.2
ORD00644,CUST0055,2023-04-15,2023-04-16,Shipped,Upi,Mobile App,23022.89,5820.2,99,Chennai,MH,17301.69,2023-04,2023,Yara  Thomas,Female,Consumer,Ahmedabad,GJ,46.0,PROD089,4.0,2866.24,3.5,11063.69,Penguin Football 980,Electronics,Football,Nike,31.17
ORD00644,CUST0055,2023-04-15,2023-04-16,Shipped,Upi,Mobile App,23022.89,5820.2,99,Chennai,MH,17301.69,2023-04,2023,Yara  Thomas,Female,Consumer,Ahmedabad,GJ,46.0,PROD088,7.0,2797.17,12.4,17152.25,Reebok Furniture 514,Home & Kitchen,Appliances,Prestige,15.84
ORD00644,CUST0055,2023-04-15,2023-04-16,Shipped,Upi,Mobile App,23022.89,5820.2,99,Chennai,MH,17301.69,2023-04,2023,Yara  Thomas,Female,Consumer,Ahmedabad,GJ,46.0,PROD081,10.0,1575.86,22.8,12165.64,Harpercollins Headphones 856,Books,Camera,Prestige,53.87
ORD00645,CUST0944,2023-04-16,2023-04-23,Cancelled,Cod,Mobile App,34890.3,10782.6,199,Sydney,RJ,24306.7,2023-04,2023,Frank Moore,Other,Home Office,Mumbai,MH,62.0,PROD118,8.0,1386.46,21.9,8662.6,Philips Tablet 619,Books,Camera,Samsung,55.89
ORD00646,CUST0914,2023-04-17,2023-04-21,Delivered,Cod,In-Store,42471.74,6260.38,149,Chennai,MH,36360.36,2023-04,2023,,,,,,,PROD190,4.0,3212.41,1.7,12631.2,Samsung Jacket 891,Home & Kitchen,Dress,Samsung,56.46
ORD00646,CUST0914,2023-04-17,2023-04-21,Delivered,Cod,In-Store,42471.74,6260.38,149,Chennai,MH,36360.36,2023-04,2023,,,,,,,PROD018,1.0,3965.27,1.9,3889.93,Philips Lighting 243,Home & Kitchen,Furniture,Apple,41.07
ORD00646,CUST0914,2023-04-17,2023-04-21,Delivered,Cod,In-Store,42471.74,6260.38,149,Chennai,MH,36360.36,2023-04,2023,,,,,,,PROD132,9.0,4848.54,37.8,27142.13,Prestige Football 126,Home & Kitchen,Cricket,Puma,26.02
ORD00648,CUST0818,2023-04-18,2023-04-21,Pending,Credit Card,Online,30771.84,1368.72,149,Sydney,TN,29552.12,2023-04,2023,Sneha Brown,Other,Home Office,Mumbai,MH,24.0,PROD152,8.0,3688.95,34.5,19330.1,Nike Fiction 779,Sports,Non-Fiction,Sony,30.74
ORD00648,CUST0818,2023-04-18,2023-04-21,Pending,Credit Card,Online,30771.84,1368.72,149,Sydney,TN,29552.12,2023-04,2023,Sneha Brown,Other,Home Office,Mumbai,MH,24.0,PROD130,9.0,2095.36,10.9,16802.69,Reebok Lighting 589,Home & Kitchen,Furniture,Harpercollins,45.86
ORD00649,CUST0480,2023-04-19,2023-04-25,Cancelled,Wallet,Mobile App,14384.78,1435.62,49,Surat,GJ,12998.16,2023-04,2023,Tina Wilson,Female,Home Office,Chennai,TN,49.0,PROD027,7.0,2656.72,14.0,15993.45,Harpercollins Saree 716,Home & Kitchen,Saree,Apple,18.1
ORD00649,CUST0480,2023-04-19,2023-04-25,Cancelled,Wallet,Mobile App,14384.78,1435.62,49,Surat,GJ,12998.16,2023-04,2023,Tina Wilson,Female,Home Office,Chennai,TN,49.0,PROD187,1.0,3454.75,24.2,2618.7,Reebok Decor 369,Sports,Bedding,Philips,54.59
ORD00649,CUST0480,2023-04-19,2023-04-25,Cancelled,Wallet,Mobile App,14384.78,1435.62,49,Surat,GJ,12998.16,2023-04,2023,Tina Wilson,Female,Home Office,Chennai,TN,49.0,PROD154,3.0,2083.0,33.9,4130.59,Puma Jacket 845,Books,Jeans,Apple,30.08
ORD00650,CUST0005,2023-04-20,2023-04-21,Pending,Upi,Online,2489.47,707.0,0,London,DL,1782.47,2023-04,2023,Rachel Miller,Female,Consumer,Mumbai,MH,46.0,PROD138,2.0,1310.89,3.4,2532.64,Penguin History 493,Home & Kitchen,Self-Help,Prestige,40.86
ORD00650,CUST0005,2023-04-20,2023-04-21,Pending,Upi,Online,2489.47,707.0,0,London,DL,1782.47,2023-04,2023,Rachel Miller,Female,Consumer,Mumbai,MH,46.0,PROD022,3.0,1328.75,34.5,2610.99,Lg Cookware 668,Home & Kitchen,Furniture,Philips,32.34
ORD00651,CUST0772,2023-04-20,2023-04-24,Shipped,Upi,In-Store,2664.82,636.16,149,Ahmedabad,ON,2177.66,2023-04,2023,Zoe Anderson,Female,Home Office,Bangalore,KA,46.0,,,,,,,,,,
ORD00652,CUST0074,2023-04-21,2023-04-28,Shipped,Credit Card,Mobile App,3414.82,748.35,99,Delhi,RJ,2765.47,2023-04,2023,Henry  Harris,Male,Consumer,Mumbai,MH,49.0,PROD176,5.0,4071.16,4.5,19439.79,Nike Jacket 282,Electronics,Shoes,Puma,11.71
ORD00652,CUST0074,2023-04-21,2023-04-28,Shipped,Credit Card,Mobile App,3414.82,748.35,99,Delhi,RJ,2765.47,2023-04,2023,Henry  Harris,Male,Consumer,Mumbai,MH,49.0,PROD023,9.0,4833.43,20.7,34496.19,Samsung T-Shirt 863,Clothing,Shoes,Harpercollins,44.46
ORD00653,CUST0456,2023-04-22,2023-04-29,Shipped,Upi,In-Store,8857.47,0.0,99,Ahmedabad,NY,8956.47,2023-04,2023,Bob Patel,Female,Consumer,Hyderabad,TS,54.0,PROD166,6.0,2580.23,3.3,14970.49,Prestige Non-Fiction 799,Books,Non-Fiction,Lg,32.2
ORD00654,CUST0498,2023-04-23,2023-04-26,Returned,Credit Card,Mobile App,18227.88,3547.57,0,New York,MH,14680.31,2023-04,2023,Eve Lee,Female,Corporate,Hyderabad,TS,46.0,PROD177,6.0,3014.15,10.5,16185.99,Nike Bedding 498,Sports,Decor,Nike,32.96
ORD00654,CUST0498,2023-04-23,2023-04-26,Returned,Credit Card,Mobile App,18227.88,3547.57,0,New York,MH,14680.31,2023-04,2023,Eve Lee,Female,Corporate,Hyderabad,TS,46.0,PROD140,7.0,4019.74,22.2,21891.5,Harpercollins Decor 546,Sports,Decor,Reebok,57.57
ORD00654,CUST0498,2023-04-23,2023-04-26,Returned,Credit Card,Mobile App,18227.88,3547.57,0,New York,MH,14680.31,2023-04,2023,Eve Lee,Female,Corporate,Hyderabad,TS,46.0,PROD107,5.0,859.48,24.7,3235.94,Penguin Shoes 647,Electronics,Jeans,Harpercollins,43.39
ORD00655,CUST0973,2023-04-23,2023-04-24,Shipped,Wallet,Online,27185.89,7664.1,99,Sydney,TN,19620.79,2023-04,2023,Yara Moore,Other,Home Office,Mumbai,MH,24.0,PROD129,1.0,430.06,13.8,370.71,Nike Decor 511,Home & Kitchen,Decor,Sony,54.86
ORD00656,CUST0979,2023-04-24,2023-04-26,Pending,Cod,Online,18008.51,2812.4,99,Sydney,NY,15295.11,2023-04,2023,Pooja Garcia,Other,Corporate,Hyderabad,TS,64.0,PROD054,3.0,2497.84,22.8,5785.0,Puma Yoga 622,Books,Swimming,Apple,14.74
ORD00656,CUST0979,2023-04-24,2023-04-26,Pending,Cod,Online,18008.51,2812.4,99,Sydney,NY,15295.11,2023-04,2023,Pooja Garcia,Other,Corporate,Hyderabad,TS,64.0,PROD006,7.0,3082.65,34.5,14133.95,Apple Appliances 429,Home & Kitchen,Lighting,Apple,42.16
ORD00657,CUST0784,2023-04-25,2023-04-30,Delivered,Debit Card,In-Store,29934.43,11748.21,0,Jaipur,WB,18186.22,2023-04,2023,Zoe Brown,Other,Corporate,Bangalore,KA,46.0,PROD030,3.0,3961.23,8.6,10861.69,Penguin Yoga 168,Electronics,Running,Nike,55.16
ORD00657,CUST0784,2023-04-25,2023-04-30,Delivered,Debit Card,In-Store,29934.43,11748.21,0,Jaipur,WB,18186.22,2023-04,2023,Zoe Brown,Other,Corporate,Bangalore,KA,46.0,PROD072,5.0,1938.3,3.9,9313.53,Philips History 903,Electronics,History,Prestige,10.66
ORD00658,CUST0883,2023-04-25,2023-04-29,Delivered,Wallet,Online,31470.54,9195.3,149,Pune,LDN,22424.24,2023-04,2023,Grace Smith,Other,Corporate,Jaipur,RJ,63.0,PROD152,2.0,2384.74,31.7,3257.55,Nike Fiction 779,Sports,Non-Fiction,Sony,30.74
ORD00658,CUST0883,2023-04-25,2023-04-29,Delivered,Wallet,Online,31470.54,9195.3,149,Pune,LDN,22424.24,2023-04,2023,Grace Smith,Other,Corporate,Jaipur,RJ,63.0,PROD187,1.0,2224.64,35.2,1441.57,Reebok Decor 369,Sports,Bedding,Philips,54.59
ORD00658,CUST0883,2023-04-25,2023-04-29,Delivered,Wallet,Online,31470.54,9195.3,149,Pune,LDN,22424.24,2023-04,2023,Grace Smith,Other,Corporate,Jaipur,RJ,63.0,PROD191,2.0,656.38,16.6,1094.84,Prestige Dress 944,Home & Kitchen,Jeans,Apple,48.89
ORD00659,CUST0228,2023-04-26,2023-04-30,Delivered,Cod,In-Store,45859.03,3819.27,99,Kolkata,KA,42138.76,2023-04,2023,Diana Walker,Female,Consumer,Hyderabad,TS,45.0,PROD176,8.0,2389.91,100.0,0.0,Nike Jacket 282,Electronics,Shoes,Puma,11.71
ORD00659,CUST0228,2023-04-26,2023-04-30,Delivered,Cod,In-Store,45859.03,3819.27,99,Kolkata,KA,42138.76,2023-04,2023,Diana Walker,Female,Consumer,Hyderabad,TS,45.0,PROD111,9.0,2925.76,19.8,21118.14,Samsung Shoes 988,Sports,T-Shirt,Nike,58.48
ORD00660,CUST0670,2023-04-27,2023-04-28,Cancelled,Upi,Mobile App,7367.66,2919.13,149,Jaipur,MH,4597.53,2023-04,2023,Wendy Wilson,Other,Corporate,Chennai,TN,46.0,PROD003,6.0,1008.89,32.5,4086.0,Samsung Camera 763,Electronics,Mobile,Nike,43.08
ORD00660,CUST0670,2023-04-27,2023-04-28,Cancelled,Upi,Mobile App,7367.66,2919.13,149,Jaipur,MH,4597.53,2023-04,2023,Wendy Wilson,Other,Corporate,Chennai,TN,46.0,PROD152,9.0,592.32,9.7,4813.78,Nike Fiction 779,Sports,Non-Fiction,Sony,30.74
ORD00661,CUST0493,2023-04-28,2023-05-05,Pending,Cod,Online,7887.51,0.0,99,Delhi,MH,7986.51,2023-04,2023,Priya  Martin,Female,Home Office,Mumbai,MH,46.0,,,,,,,,,,
ORD00662,CUST0321,2023-04-28,2023-05-01,Shipped,Debit Card,In-Store,43710.84,8329.73,0,Ahmedabad,TS,35381.11,2023-04,2023,Zoe Patel,Other,Consumer,Bangalore,KA,46.0,PROD187,10.0,4163.28,1.4,41049.94,Reebok Decor 369,Sports,Bedding,Philips,54.59
ORD00664,CUST0930,2023-04-30,2023-05-03,Shipped,Wallet,Mobile App,47790.47,8047.52,49,Surat,TS,39791.95,2023-04,2023,Eve Thomas,Male,Consumer,New York,NY,46.0,PROD048,6.0,860.23,4.1,4949.76,Adidas Jacket 176,Home & Kitchen,Jeans,Apple,57.33
ORD00664,CUST0930,2023-04-30,2023-05-03,Shipped,Wallet,Mobile App,47790.47,8047.52,49,Surat,TS,39791.95,2023-04,2023,Eve Thomas,Male,Consumer,New York,NY,46.0,PROD050,2.0,3524.99,29.8,4949.09,Sony Dress 370,Home & Kitchen,Jacket,Penguin,46.17
ORD00665,CUST0318,2023-05-01,2023-05-05,Delivered,Cod,In-Store,25646.37,0.0,0,Ahmedabad,GJ,25646.37,2023-05,2023,Leo Thomas,Other,Corporate,Pune,MH,46.0,PROD192,7.0,4603.39,36.9,20333.17,Sony Non-Fiction 107,Books,Non-Fiction,Samsung,39.21
ORD00666,CUST0610,2023-05-01,2023-05-04,Delivered,Upi,Mobile App,49025.23,8076.42,199,Pune,TN,41147.81,2023-05,2023,Rahul Jones,Other,Consumer,Jaipur,RJ,46.0,PROD035,5.0,555.94,39.9,1670.6,Adidas Tablet 510,Books,Headphones,Nike,75.82
ORD00666,CUST0610,2023-05-01,2023-05-04,Delivered,Upi,Mobile App,49025.23,8076.42,199,Pune,TN,41147.81,2023-05,2023,Rahul Jones,Other,Consumer,Jaipur,RJ,46.0,PROD178,6.0,1156.84,14.5,5934.59,Nike Camera 275,Sports,Camera,Samsung,44.67
ORD00667,CUST0203,2023-02-05,2023-05-05,Shipped,Upi,Mobile App,49414.95,15895.94,0,Mumbai,ON,33519.01,2023-02,2023,Zoe Harris,Male,Corporate,Hyderabad,TS,46.0,PROD140,9.0,869.61,15.5,6613.38,Harpercollins Decor 546,Sports,Decor,Reebok,57.57
ORD00667,CUST0203,2023-02-05,2023-05-05,Shipped,Upi,Mobile App,49414.95,15895.94,0,Mumbai,ON,33519.01,2023-02,2023,Zoe Harris,Male,Corporate,Hyderabad,TS,46.0,PROD177,3.0,3611.59,8.9,9870.48,Nike Bedding 498,Sports,Decor,Nike,32.96
ORD00668,CUST0829,2023-05-03,2023-05-04,Shipped,Wallet,In-Store,484.61,79.02,49,Pune,TN,454.59,2023-05,2023,,,,,,,PROD034,10.0,2486.08,8.9,22648.19,Lg Smartwatch 275,Sports,Laptop,Samsung,38.13
ORD00668,CUST0829,2023-05-03,2023-05-04,Shipped,Wallet,In-Store,484.61,79.02,49,Pune,TN,454.59,2023-05,2023,,,,,,,PROD192,4.0,3762.26,27.9,10850.36,Sony Non-Fiction 107,Books,Non-Fiction,Samsung,39.21
ORD00668,CUST0829,2023-05-03,2023-05-04,Shipped,Wallet,In-Store,484.61,79.02,49,Pune,TN,454.59,2023-05,2023,,,,,,,PROD179,10.0,2124.76,2.6,20695.16,Puma Camera 326,Clothing,Headphones,Apple,38.11
ORD00668,CUST0829,2023-05-03,2023-05-04,Shipped,Wallet,In-Store,484.61,79.02,49,Pune,TN,454.59,2023-05,2023,,,,,,,PROD010,3.0,1878.95,32.5,3804.87,Apple Camera 553,Electronics,Smartwatch,Samsung,40.0
ORD00668,CUST0829,2023-05-03,2023-05-04,Shipped,Wallet,In-Store,484.61,79.02,49,Pune,TN,454.59,2023-05,2023,,,,,,,PROD199,8.0,1982.66,2.2,15512.33,Adidas Swimming 953,Home & Kitchen,Cricket,Adidas,9.45
ORD00669,CUST0207,2023-03-05,2023-05-04,Cancelled,Wallet,Online,17623.6,5588.4,49,Surat,GJ,12084.2,2023-03,2023,Victor  Jackson,Female,Consumer,Hyderabad,TS,63.0,PROD089,1.0,1096.07,29.8,769.44,Penguin Football 980,Electronics,Football,Nike,31.17
ORD00670,CUST0836,2023-05-04,2023-05-09,Cancelled,Credit Card,Online,7489.35,524.22,49,Delhi,KA,7014.13,2023-05,2023,Rahul  Anderson,Other,Home Office,Toronto,ON,28.0,PROD076,1.0,4243.18,29.2,3004.17,Apple Swimming 348,Books,Cricket,Apple,56.86
ORD00670,CUST0836,2023-05-04,2023-05-09,Cancelled,Credit Card,Online,7489.35,524.22,49,Delhi,KA,7014.13,2023-05,2023,Rahul  Anderson,Other,Home Office,Toronto,ON,28.0,PROD128,7.0,3314.35,16.5,19372.38,Lg Furniture 340,Electronics,Furniture,Samsung,54.16
ORD00670,CUST0836,2023-05-04,2023-05-09,Cancelled,Credit Card,Online,7489.35,524.22,49,Delhi,KA,7014.13,2023-05,2023,Rahul  Anderson,Other,Home Office,Toronto,ON,28.0,PROD151,7.0,3103.27,15.0,18464.46,Samsung Appliances 375,Books,Decor,Samsung,40.0
ORD00670,CUST0836,2023-05-04,2023-05-09,Cancelled,Credit Card,Online,7489.35,524.22,49,Delhi,KA,7014.13,2023-05,2023,Rahul  Anderson,Other,Home Office,Toronto,ON,28.0,PROD001,1.0,569.03,37.6,355.07,Lg Laptop 149,Home & Kitchen,Smartwatch,Sony,54.08
ORD00671,CUST0957,2023-05-05,2023-05-08,Delivered,Credit Card,Online,23605.02,8179.88,199,Ahmedabad,GJ,15624.14,2023-05,2023,Victor Brown,Male,Home Office,Delhi,DL,46.0,PROD026,6.0,4356.97,6.2,24521.03,Nike Cricket 264,Clothing,Running,Apple,32.24
ORD00671,CUST0957,2023-05-05,2023-05-08,Delivered,Credit Card,Online,23605.02,8179.88,199,Ahmedabad,GJ,15624.14,2023-05,2023,Victor Brown,Male,Home Office,Delhi,DL,46.0,PROD137,5.0,1774.82,26.3,6540.21,Reebok Headphones 725,Sports,Smartwatch,Samsung,51.88
ORD00673,CUST0455,2023-05-06,2023-05-10,Shipped,Cod,Mobile App,37590.33,4029.33,199,Chennai,NY,33760.0,2023-05,2023,Victor Martin,Male,Consumer,Pune,MH,65.0,,,,,,,,,,
ORD00674,CUST0541,2023-05-07,2023-05-08,Shipped,Wallet,Mobile App,44506.35,1811.94,0,London,GJ,42694.41,2023-05,2023,Mia Jones,Other,Home Office,Toronto,ON,46.0,PROD106,6.0,3957.94,3.2,22987.72,Samsung Self-Help 140,Books,Non-Fiction,Apple,48.39
ORD00674,CUST0541,2023-05-07,2023-05-08,Shipped,Wallet,Mobile App,44506.35,1811.94,0,London,GJ,42694.41,2023-05,2023,Mia Jones,Other,Home Office,Toronto,ON,46.0,PROD082,10.0,1817.69,4.8,17304.41,Samsung Lighting 904,Books,Furniture,Nike,29.28
ORD00675,CUST0106,2023-05-08,2023-05-10,Shipped,Upi,In-Store,1582.09,539.81,99,Toronto,MH,1141.28,2023-05,2023,Rahul Patel,Male,Corporate,Toronto,ON,69.0,,,,,,,,,,
ORD00676,CUST0114,2023-05-09,2023-05-14,Returned,Upi,Online,47189.59,17510.09,49,Surat,TS,29728.5,2023-05,2023,Rahul Garcia,Female,Corporate,Ahmedabad,GJ,46.0,PROD116,7.0,3324.49,29.5,16406.36,Prestige Camera 543,Clothing,Camera,Nike,52.74
ORD00676,CUST0114,2023-05-09,2023-05-14,Returned,Upi,Online,47189.59,17510.09,49,Surat,TS,29728.5,2023-05,2023,Rahul Garcia,Female,Corporate,Ahmedabad,GJ,46.0,PROD021,7.0,3113.91,25.1,16326.23,Nike Decor 240,Sports,Bedding,Apple,58.93
ORD00676,CUST0114,2023-05-09,2023-05-14,Returned,Upi,Online,47189.59,17510.09,49,Surat,TS,29728.5,2023-05,2023,Rahul Garcia,Female,Corporate,Ahmedabad,GJ,46.0,PROD063,10.0,2886.23,8.7,26351.28,Penguin Mobile 291,Electronics,Camera,Prestige,50.83
ORD00676,CUST0114,2023-05-09,2023-05-14,Returned,Upi,Online,47189.59,17510.09,49,Surat,TS,29728.5,2023-05,2023,Rahul Garcia,Female,Corporate,Ahmedabad,GJ,46.0,PROD112,2.0,1451.44,6.4,2717.1,Samsung Mobile 229,Electronics,Camera,Philips,53.15
ORD00677,CUST0954,2023-05-09,2023-05-10,Pending,Credit Card,In-Store,6649.47,2196.03,149,Chennai,MH,4602.44,2023-05,2023,Charlie  Patel,Male,Corporate,Kolkata,WB,46.0,PROD126,1.0,4171.76,6.4,3904.77,Reebok Cricket 811,Electronics,Cycling,Philips,41.97
ORD00677,CUST0954,2023-05-09,2023-05-10,Pending,Credit Card,In-Store,6649.47,2196.03,149,Chennai,MH,4602.44,2023-05,2023,Charlie  Patel,Male,Corporate,Kolkata,WB,46.0,PROD191,6.0,243.31,4.7,1391.25,Prestige Dress 944,Home & Kitchen,Jeans,Apple,48.89
ORD00678,CUST0907,2023-10-05,2023-05-11,Returned,Upi,Mobile App,46806.81,6728.65,149,Mumbai,WB,40227.16,2023-10,2023,Nick Martin,Female,Corporate,New York,NY,46.0,PROD031,8.0,488.93,4.2,3747.16,Adidas Non-Fiction 307,Electronics,Self-Help,Prestige,49.23
ORD00678,CUST0907,2023-10-05,2023-05-11,Returned,Upi,Mobile App,46806.81,6728.65,149,Mumbai,WB,40227.16,2023-10,2023,Nick Martin,Female,Corporate,New York,NY,46.0,PROD191,5.0,770.77,23.3,2955.9,Prestige Dress 944,Home & Kitchen,Jeans,Apple,48.89
ORD00679,CUST0076,2023-05-11,2023-05-13,Delivered,Credit Card,In-Store,37982.63,7964.06,0,Toronto,TN,30018.57,2023-05,2023,Henry  Anderson,Female,Consumer,Delhi,DL,59.0,,,,,,,,,,
ORD00680,CUST0453,2023-12-05,2023-05-16,Shipped,Upi,Online,42589.22,404.25,99,London,RJ,42283.97,2023-12,2023,Priya Johnson,Male,Corporate,Toronto,ON,43.0,PROD126,2.0,3543.52,18.3,5790.11,Reebok Cricket 811,Electronics,Cycling,Philips,41.97
ORD00680,CUST0453,2023-12-05,2023-05-16,Shipped,Upi,Online,42589.22,404.25,99,London,RJ,42283.97,2023-12,2023,Priya Johnson,Male,Corporate,Toronto,ON,43.0,PROD022,6.0,2203.84,38.1,8185.06,Lg Cookware 668,Home & Kitchen,Furniture,Philips,32.34
ORD00680,CUST0453,2023-12-05,2023-05-16,Shipped,Upi,Online,42589.22,404.25,99,London,RJ,42283.97,2023-12,2023,Priya Johnson,Male,Corporate,Toronto,ON,43.0,PROD116,4.0,4485.81,21.7,14049.56,Prestige Camera 543,Clothing,Camera,Nike,52.74
ORD00681,CUST0110,2023-12-05,2023-05-16,Pending,Credit Card,Online,43349.42,16355.25,49,Delhi,MH,27043.17,2023-12,2023,Zoe Williams,Female,Corporate,London,LDN,40.0,PROD017,5.0,596.79,9.9,2688.54,Puma Furniture 159,Clothing,Lighting,Apple,25.19
ORD00681,CUST0110,2023-12-05,2023-05-16,Pending,Credit Card,Online,43349.42,16355.25,49,Delhi,MH,27043.17,2023-12,2023,Zoe Williams,Female,Corporate,London,LDN,40.0,PROD054,3.0,2875.78,23.9,6565.41,Puma Yoga 622,Books,Swimming,Apple,14.74
ORD00682,CUST0588,2023-05-13,2023-05-19,Pending,Wallet,In-Store,43592.19,2201.36,199,Mumbai,NSW,41589.83,2023-05,2023,Pooja  Walker,Male,Corporate,Toronto,ON,46.0,PROD002,10.0,1009.72,30.2,7047.85,Apple History 640,Sports,History,Adidas,48.12
ORD00682,CUST0588,2023-05-13,2023-05-19,Pending,Wallet,In-Store,43592.19,2201.36,199,Mumbai,NSW,41589.83,2023-05,2023,Pooja  Walker,Male,Corporate,Toronto,ON,46.0,PROD187,1.0,4869.19,2.2,4762.07,Reebok Decor 369,Sports,Bedding,Philips,54.59
ORD00683,CUST0721,2023-05-14,2023-05-19,Returned,Net Banking,Mobile App,32823.75,3780.13,199,New York,WB,29242.62,2023-05,2023,Grace Taylor,Other,Corporate,Surat,GJ,46.0,PROD122,3.0,2903.87,37.8,5418.62,Penguin Camera 744,Clothing,Mobile,Adidas,52.36
ORD00683,CUST0721,2023-05-14,2023-05-19,Returned,Net Banking,Mobile App,32823.75,3780.13,199,New York,WB,29242.62,2023-05,2023,Grace Taylor,Other,Corporate,Surat,GJ,46.0,PROD158,3.0,1687.33,19.5,4074.9,Nike Yoga 654,Home & Kitchen,Football,Samsung,56.49
ORD00683,CUST0721,2023-05-14,2023-05-19,Returned,Net Banking,Mobile App,32823.75,3780.13,199,New York,WB,29242.62,2023-05,2023,Grace Taylor,Other,Corporate,Surat,GJ,46.0,PROD066,3.0,1090.63,18.2,2676.41,Nike Headphones 940,Books,Mobile,Apple,50.19
ORD00686,CUST0853,2023-05-16,2023-05-17,Shipped,Upi,In-Store,24936.32,9104.02,0,Pune,KA,15832.3,2023-05,2023,Rahul Miller,Other,Home Office,Ahmedabad,GJ,46.0,PROD042,1.0,4244.47,15.8,3573.84,Apple Furniture 868,Books,Appliances,Apple,59.18
ORD00687,CUST0054,2023-05-17,2023-05-19,Pending,Credit Card,Online,27959.73,8646.37,49,Sydney,MH,19362.36,2023-05,2023,Victor  Jackson,Female,Consumer,Pune,MH,46.0,PROD072,2.0,3565.35,33.0,4777.57,Philips History 903,Electronics,History,Prestige,10.66
ORD00687,CUST0054,2023-05-17,2023-05-19,Pending,Credit Card,Online,27959.73,8646.37,49,Sydney,MH,19362.36,2023-05,2023,Victor  Jackson,Female,Consumer,Pune,MH,46.0,PROD072,10.0,187.27,27.2,1363.33,Philips History 903,Electronics,History,Prestige,10.66
ORD00687,CUST0054,2023-05-17,2023-05-19,Pending,Credit Card,Online,27959.73,8646.37,49,Sydney,MH,19362.36,2023-05,2023,Victor  Jackson,Female,Consumer,Pune,MH,46.0,PROD099,8.0,1881.38,0.0,15051.04,Reebok Cricket 803,Sports,Cycling,Puma,51.59
ORD00687,CUST0054,2023-05-17,2023-05-19,Pending,Credit Card,Online,27959.73,8646.37,49,Sydney,MH,19362.36,2023-05,2023,Victor  Jackson,Female,Consumer,Pune,MH,46.0,PROD069,5.0,3080.09,14.5,13167.38,Adidas Bedding 631,Clothing,Furniture,Nike,13.52
ORD00688,CUST0038,2023-05-17,2023-05-23,Returned,Cod,Mobile App,31066.2,11244.73,149,Surat,LDN,19970.47,2023-05,2023,Tina Thompson,Female,Home Office,Delhi,DL,70.0,PROD122,9.0,3780.41,33.1,22761.85,Penguin Camera 744,Clothing,Mobile,Adidas,52.36
ORD00689,CUST0285,2023-05-18,2023-05-21,Pending,Wallet,Mobile App,12053.58,3473.83,199,Delhi,GJ,8778.75,2023-05,2023,Quinn Anderson,Other,Home Office,Surat,GJ,54.0,PROD138,4.0,2807.64,3.4,10848.72,Penguin History 493,Home & Kitchen,Self-Help,Prestige,40.86
ORD00689,CUST0285,2023-05-18,2023-05-21,Pending,Wallet,Mobile App,12053.58,3473.83,199,Delhi,GJ,8778.75,2023-05,2023,Quinn Anderson,Other,Home Office,Surat,GJ,54.0,PROD080,5.0,1592.57,18.3,6505.65,Samsung Dress 334,Sports,Shoes,Apple,33.19
ORD00690,CUST0631,2023-05-19,2023-05-24,Cancelled,Upi,Online,16663.49,2154.01,99,Toronto,NY,14608.48,2023-05,2023,Rahul Smith,Other,Corporate,Delhi,DL,46.0,PROD075,10.0,892.33,34.4,5853.68,Puma Football 995,Clothing,Swimming,Nike,27.65
ORD00690,CUST0631,2023-05-19,2023-05-24,Cancelled,Upi,Online,16663.49,2154.01,99,Toronto,NY,14608.48,2023-05,2023,Rahul Smith,Other,Corporate,Delhi,DL,46.0,PROD052,7.0,3000.95,21.5,16490.22,Nike Self-Help 430,Sports,Comics,Samsung,34.06
ORD00690,CUST0631,2023-05-19,2023-05-24,Cancelled,Upi,Online,16663.49,2154.01,99,Toronto,NY,14608.48,2023-05,2023,Rahul Smith,Other,Corporate,Delhi,DL,46.0,PROD018,1.0,2900.46,30.0,2030.32,Philips Lighting 243,Home & Kitchen,Furniture,Apple,41.07
ORD00690,CUST0631,2023-05-19,2023-05-24,Cancelled,Upi,Online,16663.49,2154.01,99,Toronto,NY,14608.48,2023-05,2023,Rahul Smith,Other,Corporate,Delhi,DL,46.0,PROD071,3.0,1241.16,6.3,3488.9,Harpercollins Camera 448,Electronics,Smartwatch,Samsung,47.49
ORD00691,CUST0025,2023-05-20,2023-05-25,Delivered,Wallet,Online,29658.59,3630.94,0,Kolkata,DL,26027.65,2023-05,2023,Victor Moore,Other,Home Office,Mumbai,MH,46.0,PROD104,3.0,4945.59,10.0,13353.09,Harpercollins Jeans 435,Electronics,Saree,Nike,50.01
ORD00691,CUST0025,2023-05-20,2023-05-25,Delivered,Wallet,Online,29658.59,3630.94,0,Kolkata,DL,26027.65,2023-05,2023,Victor Moore,Other,Home Office,Mumbai,MH,46.0,PROD173,5.0,3504.58,32.5,11827.96,Apple Appliances 796,Home & Kitchen,Appliances,Nike,53.5
ORD00691,CUST0025,2023-05-20,2023-05-25,Delivered,Wallet,Online,29658.59,3630.94,0,Kolkata,DL,26027.65,2023-05,2023,Victor Moore,Other,Home Office,Mumbai,MH,46.0,PROD146,7.0,300.17,12.6,1836.44,Samsung Comics 644,Books,Comics,Samsung,20.71
ORD00691,CUST0025,2023-05-20,2023-05-25,Delivered,Wallet,Online,29658.59,3630.94,0,Kolkata,DL,26027.65,2023-05,2023,Victor Moore,Other,Home Office,Mumbai,MH,46.0,PROD151,10.0,1706.15,9.9,15372.41,Samsung Appliances 375,Books,Decor,Samsung,40.0
ORD00691,CUST0025,2023-05-20,2023-05-25,Delivered,Wallet,Online,29658.59,3630.94,0,Kolkata,DL,26027.65,2023-05,2023,Victor Moore,Other,Home Office,Mumbai,MH,46.0,PROD046,3.0,2123.7,16.4,5326.24,Penguin Camera 453,Clothing,Headphones,Sony,56.85
ORD00692,CUST0175,2023-05-20,2023-05-27,Cancelled,Upi,In-Store,28838.04,8496.5,149,Surat,ON,20490.54,2023-05,2023,Arjun Williams,Female,Consumer,Surat,GJ,46.0,PROD087,3.0,1646.85,8.9,4500.84,Samsung Headphones 981,Sports,Tablet,Samsung,56.65
ORD00692,CUST0175,2023-05-20,2023-05-27,Cancelled,Upi,In-Store,28838.04,8496.5,149,Surat,ON,20490.54,2023-05,2023,Arjun Williams,Female,Consumer,Surat,GJ,46.0,PROD149,4.0,3364.65,0.2,13431.68,Nike Appliances 740,Clothing,Decor,Nike,17.17
ORD00692,CUST0175,2023-05-20,2023-05-27,Cancelled,Upi,In-Store,28838.04,8496.5,149,Surat,ON,20490.54,2023-05,2023,Arjun Williams,Female,Consumer,Surat,GJ,46.0,PROD088,3.0,1979.06,34.4,3894.79,Reebok Furniture 514,Home & Kitchen,Appliances,Prestige,15.84
ORD00693,CUST0945,2023-05-21,2023-05-27,Delivered,Net Banking,Online,31917.88,8802.57,99,Toronto,MH,23214.31,2023-05,2023,Diana Patel,Female,Home Office,Surat,GJ,46.0,PROD038,10.0,2171.14,26.9,15871.03,Samsung Mobile 969,Clothing,Mobile,Philips,20.83
ORD00694,CUST0096,2023-05-22,2023-05-28,Returned,Net Banking,In-Store,40070.03,6878.43,149,Jaipur,TN,33340.6,2023-05,2023,,,,,,,PROD144,8.0,1829.33,1.3,14444.39,Penguin Camera 300,Sports,Mobile,Samsung,50.16
ORD00694,CUST0096,2023-05-22,2023-05-28,Returned,Net Banking,In-Store,40070.03,6878.43,149,Jaipur,TN,33340.6,2023-05,2023,,,,,,,PROD117,7.0,3579.25,24.7,18866.23,Philips Shoes 833,Home & Kitchen,Jacket,Penguin,53.82
ORD00695,CUST0275,2023-05-22,2023-05-27,Shipped,Credit Card,In-Store,16644.82,3060.63,49,Chennai,GJ,13633.19,2023-05,2023,Rahul Williams,Male,Consumer,Chennai,TN,47.0,,,,,,,,,,
ORD00696,CUST0294,2023-05-23,2023-05-26,Shipped,Wallet,Online,22258.2,384.9,149,Chennai,RJ,22022.3,2023-05,2023,Frank Smith,Other,Corporate,Chennai,TN,18.0,PROD058,4.0,3281.37,34.7,8570.94,Prestige Science 951,Books,Fiction,Harpercollins,47.27
ORD00696,CUST0294,2023-05-23,2023-05-26,Shipped,Wallet,Online,22258.2,384.9,149,Chennai,RJ,22022.3,2023-05,2023,Frank Smith,Other,Corporate,Chennai,TN,18.0,PROD164,7.0,4353.72,18.0,24990.35,Lg Camera 401,Home & Kitchen,Camera,Nike,58.81
ORD00697,CUST0301,2023-05-24,2023-05-29,Delivered,Credit Card,Online,4752.35,423.28,199,London,NY,4528.07,2023-05,2023,Uma  Shah,Other,Corporate,London,LDN,51.0,PROD170,2.0,701.99,35.3,908.38,Adidas Shoes 686,Home & Kitchen,Shoes,Prestige,52.73
ORD00698,CUST0089,2023-05-25,2023-05-31,Shipped,Upi,Online,27636.67,1547.8,49,New York,TS,26137.87,2023-05,2023,Peter Shah,Other,Home Office,Sydney,NSW,46.0,PROD006,6.0,4694.15,27.7,20363.22,Apple Appliances 429,Home & Kitchen,Lighting,Apple,42.16
ORD00698,CUST0089,2023-05-25,2023-05-31,Shipped,Upi,Online,27636.67,1547.8,49,New York,TS,26137.87,2023-05,2023,Peter Shah,Other,Home Office,Sydney,NSW,46.0,PROD098,1.0,1945.23,35.5,1254.67,Samsung Science 652,Books,Fiction,Apple,45.81
ORD00698,CUST0089,2023-05-25,2023-05-31,Shipped,Upi,Online,27636.67,1547.8,49,New York,TS,26137.87,2023-05,2023,Peter Shah,Other,Home Office,Sydney,NSW,46.0,PROD142,6.0,1980.74,35.6,7653.58,Apple Non-Fiction 957,Clothing,Comics,Nike,53.25
ORD00698,CUST0089,2023-05-25,2023-05-31,Shipped,Upi,Online,27636.67,1547.8,49,New York,TS,26137.87,2023-05,2023,Peter Shah,Other,Home Office,Sydney,NSW,46.0,PROD138,4.0,2482.65,38.4,6117.25,Penguin History 493,Home & Kitchen,Self-Help,Prestige,40.86
ORD00698,CUST0089,2023-05-25,2023-05-31,Shipped,Upi,Online,27636.67,1547.8,49,New York,TS,26137.87,2023-05,2023,Peter Shah,Other,Home Office,Sydney,NSW,46.0,PROD091,6.0,2446.6,8.7,13402.47,Samsung Fiction 485,Clothing,Self-Help,Apple,40.0
ORD00698,CUST0089,2023-05-25,2023-05-31,Shipped,Upi,Online,27636.67,1547.8,49,New York,TS,26137.87,2023-05,2023,Peter Shah,Other,Home Office,Sydney,NSW,46.0,PROD102,7.0,3673.64,39.4,15583.58,Penguin Appliances 888,Clothing,Lighting,Nike,22.48
ORD00699,CUST0968,2023-05-25,2023-05-26,Returned,Cod,Mobile App,9803.12,2834.62,199,Delhi,KA,7167.5,2023-05,2023,Peter Smith,Male,Consumer,Surat,GJ,46.0,PROD126,5.0,2999.4,10.8,13377.32,Reebok Cricket 811,Electronics,Cycling,Philips,41.97
ORD00699,CUST0968,2023-05-25,2023-05-26,Returned,Cod,Mobile App,9803.12,2834.62,199,Delhi,KA,7167.5,2023-05,2023,Peter Smith,Male,Consumer,Surat,GJ,46.0,PROD051,5.0,4490.47,29.2,15896.26,Harpercollins Fiction 843,Electronics,Comics,Adidas,47.6
ORD00699,CUST0968,2023-05-25,2023-05-26,Returned,Cod,Mobile App,9803.12,2834.62,199,Delhi,KA,7167.5,2023-05,2023,Peter Smith,Male,Consumer,Surat,GJ,46.0,PROD041,1.0,730.36,3.3,706.26,Nike Cookware 488,Books,Cookware,Samsung,33.81
ORD00700,CUST0996,2023-05-26,2023-05-27,Returned,Credit Card,Online,42459.09,5023.1,99,Ahmedabad,MH,37534.99,2023-05,2023,Peter Martin,Other,Corporate,Toronto,ON,54.0,PROD077,1.0,3532.31,0.0,3532.31,Nike Laptop 968,Home & Kitchen,Smartwatch,Adidas,58.83
ORD00700,CUST0996,2023-05-26,2023-05-27,Returned,Credit Card,Online,42459.09,5023.1,99,Ahmedabad,MH,37534.99,2023-05,2023,Peter Martin,Other,Corporate,Toronto,ON,54.0,PROD017,2.0,2809.89,0.3,5602.92,Puma Furniture 159,Clothing,Lighting,Apple,25.19
ORD00700,CUST0996,2023-05-26,2023-05-27,Returned,Credit Card,Online,42459.09,5023.1,99,Ahmedabad,MH,37534.99,2023-05,2023,Peter Martin,Other,Corporate,Toronto,ON,54.0,PROD067,2.0,911.69,8.9,1661.1,Harpercollins Shoes 947,Electronics,Saree,Harpercollins,26.88
ORD00701,CUST0830,2023-05-27,2023-05-30,Shipped,Credit Card,Mobile App,42998.1,3101.88,0,Surat,NY,39896.22,2023-05,2023,Sneha Jones,Other,Corporate,Pune,MH,46.0,PROD192,4.0,2810.24,16.1,9431.17,Sony Non-Fiction 107,Books,Non-Fiction,Samsung,39.21
ORD00702,CUST0366,2023-05-28,2023-06-01,Returned,Net Banking,In-Store,12095.38,681.4,99,Chennai,MH,11512.98,2023-05,2023,Iris Moore,Female,Home Office,Hyderabad,TS,46.0,PROD152,10.0,3002.86,16.8,24983.8,Nike Fiction 779,Sports,Non-Fiction,Sony,30.74
ORD00702,CUST0366,2023-05-28,2023-06-01,Returned,Net Banking,In-Store,12095.38,681.4,99,Chennai,MH,11512.98,2023-05,2023,Iris Moore,Female,Home Office,Hyderabad,TS,46.0,PROD156,10.0,4737.47,19.7,38041.88,Reebok Decor 139,Books,Appliances,Sony,54.53
ORD00703,CUST0343,2023-05-28,2023-05-31,Cancelled,Wallet,Online,337.89,4.31,0,Kolkata,MH,333.58,2023-05,2023,Mia  Moore,Male,Consumer,Surat,GJ,64.0,,,,,,,,,,
ORD00704,CUST0870,2023-05-29,2023-06-05,Returned,Debit Card,Mobile App,5619.49,744.01,49,Hyderabad,NY,4924.48,2023-05,2023,Peter  Jackson,Other,Consumer,Chennai,TN,45.0,,,,,,,,,,
ORD00705,CUST0607,2023-05-30,2023-05-31,Cancelled,Credit Card,Mobile App,5489.82,1173.89,99,New York,NY,4414.93,2023-05,2023,Nick Wilson,Female,Consumer,Toronto,ON,54.0,PROD199,1.0,3146.8,3.3,3042.96,Adidas Swimming 953,Home & Kitchen,Cricket,Adidas,9.45
ORD00706,CUST0434,2023-05-30,2023-06-01,Delivered,Cod,Mobile App,29289.46,337.35,49,Ahmedabad,MH,29001.11,2023-05,2023,Diana  Miller,Other,Corporate,Pune,MH,46.0,PROD163,7.0,4482.19,9.2,28488.8,Puma Furniture 243,Clothing,Cookware,Penguin,49.39
ORD00706,CUST0434,2023-05-30,2023-06-01,Delivered,Cod,Mobile App,29289.46,337.35,49,Ahmedabad,MH,29001.11,2023-05,2023,Diana  Miller,Other,Corporate,Pune,MH,46.0,PROD034,4.0,2530.3,20.9,8005.87,Lg Smartwatch 275,Sports,Laptop,Samsung,38.13
ORD00707,CUST0459,2023-05-31,2023-06-04,Cancelled,Wallet,In-Store,19003.3,1232.57,49,Mumbai,LDN,17819.73,2023-05,2023,Mia Jackson,Female,Corporate,Ahmedabad,GJ,54.0,PROD129,10.0,3694.79,100.0,0.0,Nike Decor 511,Home & Kitchen,Decor,Sony,54.86
ORD00707,CUST0459,2023-05-31,2023-06-04,Cancelled,Wallet,In-Store,19003.3,1232.57,49,Mumbai,LDN,17819.73,2023-05,2023,Mia Jackson,Female,Corporate,Ahmedabad,GJ,54.0,PROD161,5.0,1548.44,23.7,5907.3,Sony Jeans 636,Sports,Saree,Puma,14.22
ORD00708,CUST0287,2023-06-01,2023-06-06,Pending,Upi,Online,49837.79,4244.08,49,Jaipur,MH,45642.71,2023-06,2023,Wendy Davis,Female,Consumer,Delhi,DL,46.0,PROD118,3.0,2204.89,19.5,5324.81,Philips Tablet 619,Books,Camera,Samsung,55.89
ORD00708,CUST0287,2023-06-01,2023-06-06,Pending,Upi,Online,49837.79,4244.08,49,Jaipur,MH,45642.71,2023-06,2023,Wendy Davis,Female,Consumer,Delhi,DL,46.0,PROD121,10.0,3968.7,28.9,28217.46,Apple Saree 724,Electronics,T-Shirt,Adidas,41.47
ORD00708,CUST0287,2023-06-01,2023-06-06,Pending,Upi,Online,49837.79,4244.08,49,Jaipur,MH,45642.71,2023-06,2023,Wendy Davis,Female,Consumer,Delhi,DL,46.0,PROD186,10.0,1685.99,8.3,15460.53,Lg Laptop 761,Clothing,Smartwatch,Lg,18.86
ORD00708,CUST0287,2023-06-01,2023-06-06,Pending,Upi,Online,49837.79,4244.08,49,Jaipur,MH,45642.71,2023-06,2023,Wendy Davis,Female,Consumer,Delhi,DL,46.0,PROD141,6.0,4043.6,36.8,15333.33,Penguin Jacket 835,Clothing,Jacket,Prestige,56.67
ORD00709,CUST0233,2023-06-02,2023-06-06,Delivered,Upi,Mobile App,30029.21,4310.23,49,Surat,ON,25767.98,2023-06,2023,Tina Anderson,Other,Corporate,Kolkata,WB,46.0,PROD073,3.0,664.79,33.8,1320.27,Philips Running 721,Sports,Yoga,Nike,52.7
ORD00709,CUST0233,2023-06-02,2023-06-06,Delivered,Upi,Mobile App,30029.21,4310.23,49,Surat,ON,25767.98,2023-06,2023,Tina Anderson,Other,Corporate,Kolkata,WB,46.0,PROD121,6.0,1948.27,7.0,10871.35,Apple Saree 724,Electronics,T-Shirt,Adidas,41.47
ORD00710,CUST0238,2023-02-06,2023-06-06,Shipped,Cod,Mobile App,26937.24,8732.3,199,London,TN,18403.94,2023-02,2023,Arjun  Harris,Male,Home Office,Kolkata,WB,43.0,PROD163,1.0,2518.66,15.2,2135.82,Puma Furniture 243,Clothing,Cookware,Penguin,49.39
ORD00710,CUST0238,2023-02-06,2023-06-06,Shipped,Cod,Mobile App,26937.24,8732.3,199,London,TN,18403.94,2023-02,2023,Arjun  Harris,Male,Home Office,Kolkata,WB,43.0,PROD081,10.0,463.15,25.6,3445.84,Harpercollins Headphones 856,Books,Camera,Prestige,53.87
ORD00710,CUST0238,2023-02-06,2023-06-06,Shipped,Cod,Mobile App,26937.24,8732.3,199,London,TN,18403.94,2023-02,2023,Arjun  Harris,Male,Home Office,Kolkata,WB,43.0,PROD010,9.0,1012.0,14.8,7760.02,Apple Camera 553,Electronics,Smartwatch,Samsung,40.0
ORD00710,CUST0238,2023-02-06,2023-06-06,Shipped,Cod,Mobile App,26937.24,8732.3,199,London,TN,18403.94,2023-02,2023,Arjun  Harris,Male,Home Office,Kolkata,WB,43.0,PROD080,4.0,2464.0,18.4,8042.5,Samsung Dress 334,Sports,Shoes,Apple,33.19
ORD00711,CUST0239,2023-06-03,2023-06-04,Pending,Upi,Online,1110.76,367.95,199,Sydney,NY,941.81,2023-06,2023,,,,,,,PROD077,10.0,2556.9,28.5,18281.84,Nike Laptop 968,Home & Kitchen,Smartwatch,Adidas,58.83
ORD00711,CUST0239,2023-06-03,2023-06-04,Pending,Upi,Online,1110.76,367.95,199,Sydney,NY,941.81,2023-06,2023,,,,,,,PROD143,3.0,2392.69,15.9,6036.76,Apple Mobile 427,Sports,Laptop,Prestige,43.6
ORD00713,CUST0678,2023-06-05,2023-06-11,Cancelled,Upi,In-Store,14844.99,0.0,49,London,TS,14893.99,2023-06,2023,Olivia  Anderson,Male,Home Office,Kolkata,WB,32.0,PROD066,4.0,3682.32,14.2,12637.72,Nike Headphones 940,Books,Mobile,Apple,50.19
ORD00714,CUST0532,2023-06-05,2023-06-12,Shipped,Wallet,Mobile App,20422.82,4424.19,49,Hyderabad,TS,16047.63,2023-06,2023,Henry Garcia,Female,Corporate,Bangalore,KA,46.0,PROD008,8.0,2263.43,37.2,11371.47,Samsung Furniture 983,Sports,Bedding,Harpercollins,66.39
ORD00714,CUST0532,2023-06-05,2023-06-12,Shipped,Wallet,Mobile App,20422.82,4424.19,49,Hyderabad,TS,16047.63,2023-06,2023,Henry Garcia,Female,Corporate,Bangalore,KA,46.0,PROD134,2.0,1234.93,8.2,2267.33,Sony History 898,Clothing,Fiction,Lg,46.08
ORD00715,CUST0311,2023-06-06,2023-06-10,Pending,Debit Card,In-Store,12112.82,853.19,149,Mumbai,ON,11408.63,2023-06,2023,Victor Taylor,Other,Corporate,Ahmedabad,GJ,46.0,PROD199,8.0,3481.48,21.4,21891.55,Adidas Swimming 953,Home & Kitchen,Cricket,Adidas,9.45
ORD00715,CUST0311,2023-06-06,2023-06-10,Pending,Debit Card,In-Store,12112.82,853.19,149,Mumbai,ON,11408.63,2023-06,2023,Victor Taylor,Other,Corporate,Ahmedabad,GJ,46.0,PROD016,4.0,4957.01,26.3,14613.27,Reebok Decor 388,Home & Kitchen,Furniture,Lg,43.56
ORD00716,CUST0680,2023-06-07,2023-06-13,Shipped,Upi,Mobile App,42936.05,14327.12,149,Kolkata,NSW,28757.93,2023-06,2023,Amit  Thompson,Female,Consumer,Delhi,DL,31.0,PROD081,2.0,3454.67,4.4,6605.33,Harpercollins Headphones 856,Books,Camera,Prestige,53.87
ORD00716,CUST0680,2023-06-07,2023-06-13,Shipped,Upi,Mobile App,42936.05,14327.12,149,Kolkata,NSW,28757.93,2023-06,2023,Amit  Thompson,Female,Consumer,Delhi,DL,31.0,PROD200,9.0,734.32,21.7,5174.75,Philips Yoga 695,Clothing,Yoga,Philips,54.73
ORD00717,CUST0579,2023-06-08,2023-06-09,Delivered,Wallet,Mobile App,17812.07,235.24,49,Pune,MH,17625.83,2023-06,2023,Charlie Shah,Other,Corporate,Jaipur,RJ,37.0,PROD050,7.0,3313.8,13.5,20065.06,Sony Dress 370,Home & Kitchen,Jacket,Penguin,46.17
ORD00717,CUST0579,2023-06-08,2023-06-09,Delivered,Wallet,Mobile App,17812.07,235.24,49,Pune,MH,17625.83,2023-06,2023,Charlie Shah,Other,Corporate,Jaipur,RJ,37.0,PROD074,8.0,321.58,0.0,2572.64,Reebok Non-Fiction 876,Home & Kitchen,Comics,Philips,40.32
ORD00718,CUST0748,2023-06-08,2023-06-11,Pending,Cod,Online,7928.88,143.22,199,London,GJ,7984.66,2023-06,2023,Zoe Smith,Female,Corporate,New York,NY,46.0,PROD113,1.0,458.9,29.5,323.52,Nike Laptop 971,Home & Kitchen,Tablet,Lg,26.98
ORD00718,CUST0748,2023-06-08,2023-06-11,Pending,Cod,Online,7928.88,143.22,199,London,GJ,7984.66,2023-06,2023,Zoe Smith,Female,Corporate,New York,NY,46.0,PROD200,4.0,2730.43,35.4,7055.43,Philips Yoga 695,Clothing,Yoga,Philips,54.73
ORD00720,CUST0719,2023-06-10,2023-06-11,Pending,Upi,Online,5401.52,517.16,49,Toronto,RJ,4933.36,2023-06,2023,,,,,,,PROD190,8.0,3875.77,10.3,27812.53,Samsung Jacket 891,Home & Kitchen,Dress,Samsung,56.46
ORD00721,CUST0948,2023-10-06,2023-06-15,Pending,Wallet,Mobile App,24521.51,4778.88,199,New York,LDN,19941.63,2023-10,2023,Pooja  Taylor,Other,Home Office,Mumbai,MH,46.0,PROD005,5.0,4466.94,20.0,17867.76,Prestige Decor 174,Electronics,Bedding,Prestige,48.78
ORD00721,CUST0948,2023-10-06,2023-06-15,Pending,Wallet,Mobile App,24521.51,4778.88,199,New York,LDN,19941.63,2023-10,2023,Pooja  Taylor,Other,Home Office,Mumbai,MH,46.0,PROD041,7.0,4541.64,5.5,30042.95,Nike Cookware 488,Books,Cookware,Samsung,33.81
ORD00722,CUST0351,2023-06-11,2023-06-16,Shipped,Wallet,Mobile App,1181.78,335.03,99,Hyderabad,GJ,945.75,2023-06,2023,Rachel Anderson,Female,Home Office,Sydney,NSW,46.0,PROD183,6.0,547.45,21.8,2568.64,Apple Non-Fiction 981,Clothing,Comics,Philips,58.04
ORD00723,CUST0384,2023-06-12,2023-06-15,Delivered,Credit Card,Mobile App,9291.87,1265.6,99,Sydney,NY,8125.27,2023-06,2023,Xander  Harris,Female,Consumer,Hyderabad,TS,28.0,PROD131,5.0,4537.79,3.6,21872.15,Adidas Camera 887,Clothing,Headphones,Adidas,50.24
ORD00724,CUST0963,2023-06-13,2023-06-16,Pending,Credit Card,Mobile App,37024.1,5241.09,199,Pune,WB,31982.01,2023-06,2023,Steve Davis,Other,Consumer,Jaipur,RJ,46.0,PROD003,2.0,4465.12,26.5,6563.73,Samsung Camera 763,Electronics,Mobile,Nike,43.08
ORD00724,CUST0963,2023-06-13,2023-06-16,Pending,Credit Card,Mobile App,37024.1,5241.09,199,Pune,WB,31982.01,2023-06,2023,Steve Davis,Other,Consumer,Jaipur,RJ,46.0,PROD054,4.0,2253.4,7.3,8355.61,Puma Yoga 622,Books,Swimming,Apple,14.74
ORD00725,CUST0166,2023-06-13,2023-06-14,Returned,Wallet,In-Store,29010.42,7213.72,49,Sydney,GJ,21845.7,2023-06,2023,Amit Jackson,Other,Consumer,Ahmedabad,GJ,65.0,PROD176,7.0,4205.5,21.7,23050.35,Nike Jacket 282,Electronics,Shoes,Puma,11.71
ORD00725,CUST0166,2023-06-13,2023-06-14,Returned,Wallet,In-Store,29010.42,7213.72,49,Sydney,GJ,21845.7,2023-06,2023,Amit Jackson,Other,Consumer,Ahmedabad,GJ,65.0,PROD167,10.0,1527.93,33.0,10237.13,Penguin Saree 689,Home & Kitchen,T-Shirt,Apple,49.15
ORD00726,CUST0235,2023-06-14,2023-06-15,Delivered,Net Banking,Mobile App,39003.84,11341.64,49,Bangalore,GJ,27711.2,2023-06,2023,Grace Walker,Other,Home Office,Bangalore,KA,46.0,PROD200,2.0,1151.19,35.6,1482.73,Philips Yoga 695,Clothing,Yoga,Philips,54.73
ORD00726,CUST0235,2023-06-14,2023-06-15,Delivered,Net Banking,Mobile App,39003.84,11341.64,49,Bangalore,GJ,27711.2,2023-06,2023,Grace Walker,Other,Home Office,Bangalore,KA,46.0,PROD179,1.0,3269.31,38.9,1997.55,Puma Camera 326,Clothing,Headphones,Apple,38.11
ORD00727,CUST0582,2023-06-15,2023-06-19,Returned,Credit Card,Online,48122.42,12528.95,149,London,LDN,35742.47,2023-06,2023,Jack Johnson,Male,Corporate,Kolkata,WB,46.0,PROD037,3.0,3659.34,5.7,10352.27,Nike Laptop 575,Sports,Camera,Harpercollins,17.99
ORD00727,CUST0582,2023-06-15,2023-06-19,Returned,Credit Card,Online,48122.42,12528.95,149,London,LDN,35742.47,2023-06,2023,Jack Johnson,Male,Corporate,Kolkata,WB,46.0,PROD009,2.0,809.35,28.8,1152.51,Prestige Decor 300,Clothing,Bedding,Apple,14.3
ORD00727,CUST0582,2023-06-15,2023-06-19,Returned,Credit Card,Online,48122.42,12528.95,149,London,LDN,35742.47,2023-06,2023,Jack Johnson,Male,Corporate,Kolkata,WB,46.0,PROD076,4.0,3412.66,8.4,12503.99,Apple Swimming 348,Books,Cricket,Apple,56.86
ORD00728,CUST0112,2023-06-16,2023-06-20,Cancelled,Credit Card,Mobile App,38442.14,4380.31,149,Pune,RJ,34210.83,2023-06,2023,Pooja Miller,Female,Consumer,Bangalore,KA,46.0,PROD182,5.0,1672.52,5.6,7894.29,Samsung Running 478,Electronics,Football,Adidas,51.49
ORD00728,CUST0112,2023-06-16,2023-06-20,Cancelled,Credit Card,Mobile App,38442.14,4380.31,149,Pune,RJ,34210.83,2023-06,2023,Pooja Miller,Female,Consumer,Bangalore,KA,46.0,PROD188,5.0,985.68,25.4,3676.59,Puma Swimming 432,Books,Running,Puma,48.2
ORD00728,CUST0112,2023-06-16,2023-06-20,Cancelled,Credit Card,Mobile App,38442.14,4380.31,149,Pune,RJ,34210.83,2023-06,2023,Pooja Miller,Female,Consumer,Bangalore,KA,46.0,PROD097,1.0,3121.38,20.7,2475.25,Apple Appliances 474,Home & Kitchen,Lighting,Apple,35.67
ORD00728,CUST0112,2023-06-16,2023-06-20,Cancelled,Credit Card,Mobile App,38442.14,4380.31,149,Pune,RJ,34210.83,2023-06,2023,Pooja Miller,Female,Consumer,Bangalore,KA,46.0,PROD195,7.0,2955.46,29.4,14605.88,Prestige Swimming 944,Home & Kitchen,Cycling,Prestige,19.96
ORD00729,CUST0492,2023-06-16,2023-06-23,Cancelled,Wallet,Mobile App,41909.55,7442.09,0,Surat,NSW,34467.46,2023-06,2023,Diana Shah,Other,Home Office,Sydney,NSW,44.0,PROD179,10.0,4013.98,20.6,31871.0,Puma Camera 326,Clothing,Headphones,Apple,38.11
ORD00729,CUST0492,2023-06-16,2023-06-23,Cancelled,Wallet,Mobile App,41909.55,7442.09,0,Surat,NSW,34467.46,2023-06,2023,Diana Shah,Other,Home Office,Sydney,NSW,44.0,PROD056,2.0,4072.43,27.7,5888.73,Sony Tablet 154,Sports,Camera,Nike,46.2
ORD00729,CUST0492,2023-06-16,2023-06-23,Cancelled,Wallet,Mobile App,41909.55,7442.09,0,Surat,NSW,34467.46,2023-06,2023,Diana Shah,Other,Home Office,Sydney,NSW,44.0,PROD005,7.0,2175.61,27.8,10995.53,Prestige Decor 174,Electronics,Bedding,Prestige,48.78
ORD00730,CUST0795,2023-06-17,2023-06-22,Shipped,Net Banking,Mobile App,17701.91,4798.49,0,Chennai,RJ,12903.42,2023-06,2023,Charlie Miller,Female,Home Office,Kolkata,WB,46.0,PROD150,5.0,4911.12,20.2,19595.37,Samsung Furniture 477,Books,Decor,Samsung,54.62
ORD00731,CUST0697,2023-06-18,2023-06-25,Cancelled,Net Banking,Online,48704.34,8336.39,149,Sydney,RJ,40516.95,2023-06,2023,Tina Wilson,Other,Home Office,Surat,GJ,46.0,PROD161,1.0,3039.97,0.5,3024.77,Sony Jeans 636,Sports,Saree,Puma,14.22
ORD00731,CUST0697,2023-06-18,2023-06-25,Cancelled,Net Banking,Online,48704.34,8336.39,149,Sydney,RJ,40516.95,2023-06,2023,Tina Wilson,Other,Home Office,Surat,GJ,46.0,PROD094,8.0,599.6,23.3,3679.15,Adidas Comics 457,Sports,Self-Help,Philips,53.91
ORD00732,CUST0028,2023-06-18,2023-06-23,Returned,Upi,Mobile App,17295.58,0.0,149,Pune,ON,17444.58,2023-06,2023,,,,,,,PROD106,6.0,1778.03,16.1,8950.6,Samsung Self-Help 140,Books,Non-Fiction,Apple,48.39
ORD00733,CUST0839,2023-06-19,2023-06-23,Delivered,Upi,Mobile App,8090.04,280.05,99,Ahmedabad,GJ,7908.99,2023-06,2023,Rachel Jackson,Male,Home Office,Bangalore,KA,53.0,PROD063,9.0,1447.66,28.3,9341.75,Penguin Mobile 291,Electronics,Camera,Prestige,50.83
ORD00734,CUST0217,2023-06-20,2023-06-23,Pending,Credit Card,In-Store,33142.83,10567.97,199,Mumbai,KA,22773.86,2023-06,2023,Grace Thomas,Male,Home Office,Chennai,TN,36.0,PROD021,9.0,2437.71,18.6,17858.66,Nike Decor 240,Sports,Bedding,Apple,58.93
ORD00734,CUST0217,2023-06-20,2023-06-23,Pending,Credit Card,In-Store,33142.83,10567.97,199,Mumbai,KA,22773.86,2023-06,2023,Grace Thomas,Male,Home Office,Chennai,TN,36.0,PROD102,3.0,1911.16,25.9,4248.51,Penguin Appliances 888,Clothing,Lighting,Nike,22.48
ORD00734,CUST0217,2023-06-20,2023-06-23,Pending,Credit Card,In-Store,33142.83,10567.97,199,Mumbai,KA,22773.86,2023-06,2023,Grace Thomas,Male,Home Office,Chennai,TN,36.0,PROD001,2.0,3794.81,37.6,4735.92,Lg Laptop 149,Home & Kitchen,Smartwatch,Sony,54.08
ORD00735,CUST0745,2023-06-21,2023-06-28,Returned,Net Banking,Mobile App,3555.45,161.95,149,New York,NY,3542.5,2023-06,2023,Karen Thompson,Other,Home Office,Mumbai,MH,46.0,PROD068,5.0,624.25,23.2,2397.12,Nike T-Shirt 743,Home & Kitchen,Jacket,Apple,49.93
ORD00735,CUST0745,2023-06-21,2023-06-28,Returned,Net Banking,Mobile App,3555.45,161.95,149,New York,NY,3542.5,2023-06,2023,Karen Thompson,Other,Home Office,Mumbai,MH,46.0,PROD171,3.0,4155.53,16.5,10409.6,Nike Cricket 448,Clothing,Cycling,Lg,54.33
ORD00736,CUST0240,2023-06-21,2023-06-27,Shipped,Net Banking,Online,22145.77,3422.69,149,Ahmedabad,LDN,18872.08,2023-06,2023,Quinn Jackson,Male,Corporate,Pune,MH,37.0,PROD136,10.0,4876.01,33.7,32327.95,Philips Appliances 779,Sports,Furniture,Penguin,44.03
ORD00736,CUST0240,2023-06-21,2023-06-27,Shipped,Net Banking,Online,22145.77,3422.69,149,Ahmedabad,LDN,18872.08,2023-06,2023,Quinn Jackson,Male,Corporate,Pune,MH,37.0,PROD102,6.0,3855.77,11.5,20474.14,Penguin Appliances 888,Clothing,Lighting,Nike,22.48
ORD00736,CUST0240,2023-06-21,2023-06-27,Shipped,Net Banking,Online,22145.77,3422.69,149,Ahmedabad,LDN,18872.08,2023-06,2023,Quinn Jackson,Male,Corporate,Pune,MH,37.0,PROD141,3.0,4883.53,23.7,11178.4,Penguin Jacket 835,Clothing,Jacket,Prestige,56.67
ORD00737,CUST0369,2023-06-22,2023-06-25,Pending,Cod,Mobile App,12379.11,748.53,149,Sydney,LDN,11779.58,2023-06,2023,Rachel Shah,Other,Home Office,Pune,MH,46.0,PROD007,5.0,3714.75,16.3,15546.23,Samsung Jacket 517,Clothing,Jacket,Apple,29.64
ORD00737,CUST0369,2023-06-22,2023-06-25,Pending,Cod,Mobile App,12379.11,748.53,149,Sydney,LDN,11779.58,2023-06,2023,Rachel Shah,Other,Home Office,Pune,MH,46.0,PROD187,2.0,4935.16,2.4,9633.43,Reebok Decor 369,Sports,Bedding,Philips,54.59
ORD00738,CUST0250,2023-06-23,2023-06-28,Pending,Upi,In-Store,7850.09,2728.71,149,Kolkata,KA,5270.38,2023-06,2023,Rachel  Taylor,Other,Corporate,Kolkata,WB,46.0,PROD057,5.0,1509.82,30.5,5246.62,Adidas Jacket 309,Electronics,Jeans,Samsung,54.79
ORD00738,CUST0250,2023-06-23,2023-06-28,Pending,Upi,In-Store,7850.09,2728.71,149,Kolkata,KA,5270.38,2023-06,2023,Rachel  Taylor,Other,Corporate,Kolkata,WB,46.0,PROD147,2.0,3069.61,1.0,6077.83,Lg Appliances 636,Books,Bedding,Penguin,31.75
ORD00738,CUST0250,2023-06-23,2023-06-28,Pending,Upi,In-Store,7850.09,2728.71,149,Kolkata,KA,5270.38,2023-06,2023,Rachel  Taylor,Other,Corporate,Kolkata,WB,46.0,PROD152,4.0,272.56,8.9,993.21,Nike Fiction 779,Sports,Non-Fiction,Sony,30.74
ORD00740,CUST0002,2023-06-24,2023-06-26,Shipped,Cod,Online,4248.01,0.0,199,Pune,DL,4447.01,2023-06,2023,Steve Lee,Female,Consumer,Toronto,ON,62.0,PROD006,2.0,2346.68,8.1,4313.2,Apple Appliances 429,Home & Kitchen,Lighting,Apple,42.16
ORD00741,CUST0898,2023-06-25,2023-06-28,Shipped,Wallet,In-Store,46954.09,4598.52,99,Mumbai,ON,42454.57,2023-06,2023,Grace Harris,Female,Consumer,Pune,MH,39.0,PROD089,6.0,1489.31,2.9,8676.72,Penguin Football 980,Electronics,Football,Nike,31.17
ORD00742,CUST0960,2023-06-26,2023-06-28,Delivered,Credit Card,In-Store,37641.84,8501.02,49,Surat,MH,29189.82,2023-06,2023,Uma Wilson,Female,Corporate,Bangalore,KA,46.0,PROD081,7.0,571.51,21.2,3152.45,Harpercollins Headphones 856,Books,Camera,Prestige,53.87
ORD00742,CUST0960,2023-06-26,2023-06-28,Delivered,Credit Card,In-Store,37641.84,8501.02,49,Surat,MH,29189.82,2023-06,2023,Uma Wilson,Female,Corporate,Bangalore,KA,46.0,PROD149,9.0,2745.0,0.0,24705.0,Nike Appliances 740,Clothing,Decor,Nike,17.17
ORD00742,CUST0960,2023-06-26,2023-06-28,Delivered,Credit Card,In-Store,37641.84,8501.02,49,Surat,MH,29189.82,2023-06,2023,Uma Wilson,Female,Corporate,Bangalore,KA,46.0,PROD082,4.0,3231.48,15.9,10870.7,Samsung Lighting 904,Books,Furniture,Nike,29.28
ORD00742,CUST0960,2023-06-26,2023-06-28,Delivered,Credit Card,In-Store,37641.84,8501.02,49,Surat,MH,29189.82,2023-06,2023,Uma Wilson,Female,Corporate,Bangalore,KA,46.0,PROD035,6.0,298.16,4.4,1710.25,Adidas Tablet 510,Books,Headphones,Nike,75.82
ORD00743,CUST0776,2023-06-27,2023-07-01,Delivered,Upi,Mobile App,3750.16,214.81,149,Hyderabad,LDN,3684.35,2023-06,2023,Sneha Thomas,Other,Consumer,New York,NY,46.0,PROD003,5.0,2303.72,37.3,7222.16,Samsung Camera 763,Electronics,Mobile,Nike,43.08
ORD00743,CUST0776,2023-06-27,2023-07-01,Delivered,Upi,Mobile App,3750.16,214.81,149,Hyderabad,LDN,3684.35,2023-06,2023,Sneha Thomas,Other,Consumer,New York,NY,46.0,PROD184,2.0,1812.87,39.6,2189.95,Penguin Fiction 673,Home & Kitchen,Comics,Apple,55.75
ORD00744,CUST0057,2023-06-27,2023-07-04,Shipped,Cod,Online,25160.02,3825.32,199,Kolkata,MH,21533.7,2023-06,2023,Steve Thomas,Female,Home Office,Mumbai,MH,51.0,,,,,,,,,,
ORD00745,CUST0319,2023-06-28,2023-07-04,Shipped,Net Banking,In-Store,37772.79,8089.01,99,Bangalore,GJ,29782.78,2023-06,2023,Arjun Thomas,Other,Consumer,New York,NY,46.0,PROD040,10.0,3475.26,39.8,20921.07,Apple Cricket 717,Electronics,Cycling,Prestige,55.93
ORD00745,CUST0319,2023-06-28,2023-07-04,Shipped,Net Banking,In-Store,37772.79,8089.01,99,Bangalore,GJ,29782.78,2023-06,2023,Arjun Thomas,Other,Consumer,New York,NY,46.0,PROD079,10.0,4917.7,2.2,48095.11,Prestige Science 518,Sports,Non-Fiction,Apple,45.47
ORD00745,CUST0319,2023-06-28,2023-07-04,Shipped,Net Banking,In-Store,37772.79,8089.01,99,Bangalore,GJ,29782.78,2023-06,2023,Arjun Thomas,Other,Consumer,New York,NY,46.0,PROD186,5.0,550.59,15.7,2320.74,Lg Laptop 761,Clothing,Smartwatch,Lg,18.86
ORD00746,CUST0633,2023-06-29,2023-07-02,Delivered,Upi,Mobile App,10165.1,2777.15,149,Sydney,ON,7536.95,2023-06,2023,Priya Davis,Other,Corporate,Surat,GJ,52.0,,,,,,,,,,
ORD00747,CUST0712,2023-06-29,2023-07-04,Returned,Upi,Mobile App,49273.04,17649.93,199,Mumbai,KA,31822.11,2023-06,2023,Victor  Wilson,Female,Consumer,London,LDN,57.0,PROD128,3.0,108.73,3.4,315.1,Lg Furniture 340,Electronics,Furniture,Samsung,54.16
ORD00747,CUST0712,2023-06-29,2023-07-04,Returned,Upi,Mobile App,49273.04,17649.93,199,Mumbai,KA,31822.11,2023-06,2023,Victor  Wilson,Female,Consumer,London,LDN,57.0,PROD135,5.0,1443.04,3.9,6933.81,Apple Shoes 165,Sports,Dress,Adidas,31.77
ORD00748,CUST0817,2023-06-30,2023-07-06,Delivered,Net Banking,Mobile App,38969.27,10401.66,0,Ahmedabad,NY,28567.61,2023-06,2023,Eve Smith,Other,Consumer,Delhi,DL,31.0,,,,,,,,,,
ORD00749,CUST0600,2023-07-01,2023-07-06,Delivered,Upi,Mobile App,8267.01,1415.21,99,Jaipur,NY,6950.8,2023-07,2023,Xander Wilson,Female,Consumer,Sydney,NSW,46.0,,,,,,,,,,
ORD00750,CUST0598,2023-02-07,2023-07-08,Pending,Upi,In-Store,39671.51,3496.31,99,New York,MH,36274.2,2023-02,2023,Leo Thompson,Other,Consumer,Mumbai,MH,46.0,PROD114,10.0,442.33,25.9,3277.67,Lg Laptop 719,Sports,Tablet,Prestige,25.99
ORD00750,CUST0598,2023-02-07,2023-07-08,Pending,Upi,In-Store,39671.51,3496.31,99,New York,MH,36274.2,2023-02,2023,Leo Thompson,Other,Consumer,Mumbai,MH,46.0,PROD166,8.0,2155.36,6.8,16070.36,Prestige Non-Fiction 799,Books,Non-Fiction,Lg,32.2
ORD00751,CUST0185,2023-02-07,2023-07-07,Delivered,Upi,In-Store,9235.63,1033.1,99,Pune,TS,8301.53,2023-02,2023,Bob Harris,Female,Corporate,New York,NY,46.0,PROD100,1.0,3755.62,16.1,3150.97,Sony History 683,Sports,Comics,Puma,56.77
ORD00751,CUST0185,2023-02-07,2023-07-07,Delivered,Upi,In-Store,9235.63,1033.1,99,Pune,TS,8301.53,2023-02,2023,Bob Harris,Female,Corporate,New York,NY,46.0,PROD199,8.0,433.93,22.1,2704.25,Adidas Swimming 953,Home & Kitchen,Cricket,Adidas,9.45
ORD00752,CUST0394,2023-07-03,2023-07-04,Shipped,Wallet,Online,12520.47,4758.69,99,Kolkata,MH,7860.78,2023-07,2023,Mia Davis,Other,Home Office,Ahmedabad,GJ,46.0,PROD113,2.0,1290.93,23.3,1980.29,Nike Laptop 971,Home & Kitchen,Tablet,Lg,26.98
ORD00752,CUST0394,2023-07-03,2023-07-04,Shipped,Wallet,Online,12520.47,4758.69,99,Kolkata,MH,7860.78,2023-07,2023,Mia Davis,Other,Home Office,Ahmedabad,GJ,46.0,PROD199,1.0,4620.34,8.0,4250.71,Adidas Swimming 953,Home & Kitchen,Cricket,Adidas,9.45
ORD00752,CUST0394,2023-07-03,2023-07-04,Shipped,Wallet,Online,12520.47,4758.69,99,Kolkata,MH,7860.78,2023-07,2023,Mia Davis,Other,Home Office,Ahmedabad,GJ,46.0,PROD029,10.0,4350.31,16.1,36499.1,Puma Shoes 790,Books,Jacket,Samsung,-14.06
ORD00753,CUST0642,2023-07-04,2023-07-05,Pending,Wallet,Mobile App,37593.41,9226.85,149,Bangalore,ON,28515.56,2023-07,2023,Rahul  Williams,Other,Home Office,Bangalore,KA,19.0,PROD195,9.0,78.75,3.0,687.49,Prestige Swimming 944,Home & Kitchen,Cycling,Prestige,19.96
ORD00753,CUST0642,2023-07-04,2023-07-05,Pending,Wallet,Mobile App,37593.41,9226.85,149,Bangalore,ON,28515.56,2023-07,2023,Rahul  Williams,Other,Home Office,Bangalore,KA,19.0,PROD072,10.0,1176.96,0.2,11746.06,Philips History 903,Electronics,History,Prestige,10.66
ORD00754,CUST0414,2023-05-07,2023-07-09,Cancelled,Net Banking,In-Store,14745.91,2511.88,49,New York,ON,12283.03,2023-05,2023,Peter Moore,Female,Corporate,London,LDN,61.0,PROD168,1.0,2831.96,27.7,2047.51,Apple Tablet 908,Clothing,Laptop,Samsung,50.92
ORD00754,CUST0414,2023-05-07,2023-07-09,Cancelled,Net Banking,In-Store,14745.91,2511.88,49,New York,ON,12283.03,2023-05,2023,Peter Moore,Female,Corporate,London,LDN,61.0,PROD150,10.0,1531.05,33.7,10150.86,Samsung Furniture 477,Books,Decor,Samsung,54.62
ORD00754,CUST0414,2023-05-07,2023-07-09,Cancelled,Net Banking,In-Store,14745.91,2511.88,49,New York,ON,12283.03,2023-05,2023,Peter Moore,Female,Corporate,London,LDN,61.0,PROD072,5.0,2724.19,19.8,10924.0,Philips History 903,Electronics,History,Prestige,10.66
ORD00756,CUST0220,2023-07-06,2023-07-09,Delivered,Credit Card,In-Store,15813.58,6063.39,199,Bangalore,TS,9949.19,2023-07,2023,Jack Anderson,Female,Consumer,Bangalore,KA,46.0,PROD114,2.0,2069.7,27.5,3001.06,Lg Laptop 719,Sports,Tablet,Prestige,25.99
ORD00756,CUST0220,2023-07-06,2023-07-09,Delivered,Credit Card,In-Store,15813.58,6063.39,199,Bangalore,TS,9949.19,2023-07,2023,Jack Anderson,Female,Consumer,Bangalore,KA,46.0,PROD199,9.0,3251.97,34.7,19111.83,Adidas Swimming 953,Home & Kitchen,Cricket,Adidas,9.45
ORD00757,CUST0737,2023-07-07,2023-07-10,Pending,Net Banking,Mobile App,16416.85,3505.54,99,Ahmedabad,GJ,13010.31,2023-07,2023,Nick Shah,Other,Consumer,Hyderabad,TS,68.0,PROD110,3.0,2788.51,31.2,5755.48,Harpercollins Shoes 395,Books,Jeans,Reebok,40.0
ORD00758,CUST0396,2023-07-07,2023-07-10,Delivered,Net Banking,Mobile App,33641.17,11658.25,49,Delhi,ON,22031.92,2023-07,2023,Frank Garcia,Male,Corporate,Hyderabad,TS,46.0,PROD004,5.0,2737.97,13.4,11855.41,Sony Cookware 400,Clothing,Furniture,Puma,43.32
ORD00758,CUST0396,2023-07-07,2023-07-10,Delivered,Net Banking,Mobile App,33641.17,11658.25,49,Delhi,ON,22031.92,2023-07,2023,Frank Garcia,Male,Corporate,Hyderabad,TS,46.0,PROD120,6.0,3325.71,21.6,15644.14,Sony Shoes 445,Electronics,Saree,Nike,17.95
ORD00758,CUST0396,2023-07-07,2023-07-10,Delivered,Net Banking,Mobile App,33641.17,11658.25,49,Delhi,ON,22031.92,2023-07,2023,Frank Garcia,Male,Corporate,Hyderabad,TS,46.0,PROD183,9.0,1133.99,29.5,7195.17,Apple Non-Fiction 981,Clothing,Comics,Philips,58.04
ORD00759,CUST0735,2023-08-07,2023-07-14,Delivered,Upi,Online,35577.0,2551.91,49,Surat,DL,33074.09,2023-08,2023,Yara  Smith,Male,Corporate,Bangalore,KA,27.0,,,,,,,,,,
ORD00760,CUST0115,2023-07-09,2023-07-12,Delivered,Credit Card,In-Store,30733.06,7183.01,49,New York,DL,23599.05,2023-07,2023,,,,,,,PROD001,6.0,2489.24,12.6,13053.57,Lg Laptop 149,Home & Kitchen,Smartwatch,Sony,54.08
ORD00761,CUST0981,2023-10-07,2023-07-12,Pending,Credit Card,Online,43336.99,1264.56,199,Sydney,ON,42271.43,2023-10,2023,,,,,,,PROD193,2.0,785.8,33.9,1038.83,Adidas Yoga 743,Electronics,Running,Philips,46.63
ORD00762,CUST0758,2023-07-10,2023-07-11,Delivered,Cod,Mobile App,39150.77,5813.86,0,Bangalore,KA,33336.91,2023-07,2023,Nick Shah,Female,Home Office,Mumbai,MH,46.0,PROD114,1.0,2131.45,0.4,2122.92,Lg Laptop 719,Sports,Tablet,Prestige,25.99
ORD00762,CUST0758,2023-07-10,2023-07-11,Delivered,Cod,Mobile App,39150.77,5813.86,0,Bangalore,KA,33336.91,2023-07,2023,Nick Shah,Female,Home Office,Mumbai,MH,46.0,PROD194,4.0,3592.61,28.7,10246.12,Harpercollins Fiction 998,Electronics,Self-Help,Philips,26.4
ORD00762,CUST0758,2023-07-10,2023-07-11,Delivered,Cod,Mobile App,39150.77,5813.86,0,Bangalore,KA,33336.91,2023-07,2023,Nick Shah,Female,Home Office,Mumbai,MH,46.0,PROD077,1.0,1811.03,2.6,1763.94,Nike Laptop 968,Home & Kitchen,Smartwatch,Adidas,58.83
ORD00763,CUST0629,2023-07-11,2023-07-14,Returned,Wallet,Mobile App,14706.1,2902.56,199,Kolkata,TS,12002.54,2023-07,2023,Victor Jackson,Male,Home Office,Sydney,NSW,46.0,PROD073,1.0,979.97,36.1,626.2,Philips Running 721,Sports,Yoga,Nike,52.7
ORD00763,CUST0629,2023-07-11,2023-07-14,Returned,Wallet,Mobile App,14706.1,2902.56,199,Kolkata,TS,12002.54,2023-07,2023,Victor Jackson,Male,Home Office,Sydney,NSW,46.0,PROD076,1.0,2655.36,6.0,2496.04,Apple Swimming 348,Books,Cricket,Apple,56.86
ORD00764,CUST0490,2023-07-12,2023-07-19,Returned,Cod,In-Store,42744.62,11423.59,0,Mumbai,WB,31321.03,2023-07,2023,Diana Harris,Other,Home Office,Pune,MH,46.0,PROD172,5.0,3589.16,13.2,15576.95,Puma Football 366,Books,Swimming,Nike,33.7
ORD00764,CUST0490,2023-07-12,2023-07-19,Returned,Cod,In-Store,42744.62,11423.59,0,Mumbai,WB,31321.03,2023-07,2023,Diana Harris,Other,Home Office,Pune,MH,46.0,PROD140,10.0,2563.92,39.4,15537.36,Harpercollins Decor 546,Sports,Decor,Reebok,57.57
ORD00765,CUST0664,2023-07-13,2023-07-15,Pending,Upi,Online,24688.06,5601.6,49,Toronto,DL,19135.46,2023-07,2023,Mia Brown,Female,Corporate,Mumbai,MH,46.0,PROD146,4.0,3340.63,1.9,13108.63,Samsung Comics 644,Books,Comics,Samsung,20.71
ORD00765,CUST0664,2023-07-13,2023-07-15,Pending,Upi,Online,24688.06,5601.6,49,Toronto,DL,19135.46,2023-07,2023,Mia Brown,Female,Corporate,Mumbai,MH,46.0,PROD129,6.0,3182.82,7.3,17702.84,Nike Decor 511,Home & Kitchen,Decor,Sony,54.86
ORD00765,CUST0664,2023-07-13,2023-07-15,Pending,Upi,Online,24688.06,5601.6,49,Toronto,DL,19135.46,2023-07,2023,Mia Brown,Female,Corporate,Mumbai,MH,46.0,PROD188,9.0,1956.92,36.6,11166.19,Puma Swimming 432,Books,Running,Puma,48.2
ORD00767,CUST0468,2023-07-14,2023-07-16,Cancelled,Cod,In-Store,26532.02,993.44,149,Sydney,GJ,25687.58,2023-07,2023,Arjun  Harris,Other,Consumer,Jaipur,RJ,24.0,PROD147,9.0,859.99,37.6,4829.7,Lg Appliances 636,Books,Bedding,Penguin,31.75
ORD00768,CUST0242,2023-07-15,2023-07-16,Returned,Credit Card,Online,47192.8,17886.02,49,New York,MH,29355.78,2023-07,2023,Henry Miller,Other,Consumer,Ahmedabad,GJ,53.0,PROD080,5.0,3632.01,22.2,14128.52,Samsung Dress 334,Sports,Shoes,Apple,33.19
ORD00769,CUST0107,2023-07-16,2023-07-18,Pending,Net Banking,Mobile App,44053.46,12218.94,199,New York,NY,32033.52,2023-07,2023,Eve  Thomas,Other,Corporate,Toronto,ON,46.0,,,,,,,,,,
ORD00770,CUST0466,2023-07-16,2023-07-19,Delivered,Upi,In-Store,3295.16,1215.95,149,Kolkata,GJ,2228.21,2023-07,2023,Quinn Davis,Other,Corporate,Hyderabad,TS,46.0,PROD069,7.0,2820.41,1.1,19525.7,Adidas Bedding 631,Clothing,Furniture,Nike,13.52
ORD00770,CUST0466,2023-07-16,2023-07-19,Delivered,Upi,In-Store,3295.16,1215.95,149,Kolkata,GJ,2228.21,2023-07,2023,Quinn Davis,Other,Corporate,Hyderabad,TS,46.0,PROD187,3.0,4215.64,23.1,9725.48,Reebok Decor 369,Sports,Bedding,Philips,54.59
ORD00770,CUST0466,2023-07-16,2023-07-19,Delivered,Upi,In-Store,3295.16,1215.95,149,Kolkata,GJ,2228.21,2023-07,2023,Quinn Davis,Other,Corporate,Hyderabad,TS,46.0,PROD098,4.0,4265.67,35.0,11090.74,Samsung Science 652,Books,Fiction,Apple,45.81
ORD00771,CUST0222,2023-07-17,2023-07-22,Shipped,Credit Card,In-Store,686.36,54.12,49,Toronto,RJ,681.24,2023-07,2023,Quinn Brown,Male,Home Office,Mumbai,MH,35.0,PROD109,9.0,3701.89,38.1,20623.23,Adidas Lighting 738,Electronics,Bedding,Samsung,54.83
ORD00772,CUST0985,2023-07-18,2023-07-20,Delivered,Cod,In-Store,39212.78,12673.76,149,London,LDN,26688.02,2023-07,2023,Iris  Brown,Male,Corporate,Hyderabad,TS,46.0,PROD049,10.0,1366.78,23.4,10469.53,Nike Smartwatch 658,Books,Mobile,Philips,29.78
ORD00772,CUST0985,2023-07-18,2023-07-20,Delivered,Cod,In-Store,39212.78,12673.76,149,London,LDN,26688.02,2023-07,2023,Iris  Brown,Male,Corporate,Hyderabad,TS,46.0,PROD097,8.0,4229.54,15.9,28456.35,Apple Appliances 474,Home & Kitchen,Lighting,Apple,35.67
ORD00774,CUST0890,2023-07-19,2023-07-20,Returned,Net Banking,Mobile App,36030.07,7465.32,199,Delhi,TS,28763.75,2023-07,2023,Uma  Davis,Other,Home Office,New York,NY,46.0,PROD051,1.0,4437.68,36.2,2831.24,Harpercollins Fiction 843,Electronics,Comics,Adidas,47.6
ORD00774,CUST0890,2023-07-19,2023-07-20,Returned,Net Banking,Mobile App,36030.07,7465.32,199,Delhi,TS,28763.75,2023-07,2023,Uma  Davis,Other,Home Office,New York,NY,46.0,PROD017,9.0,3241.65,18.3,23835.85,Puma Furniture 159,Clothing,Lighting,Apple,25.19
ORD00775,CUST0311,2023-07-20,2023-07-23,Pending,Net Banking,In-Store,40873.63,12641.97,199,Delhi,DL,28430.66,2023-07,2023,Victor Taylor,Other,Corporate,Ahmedabad,GJ,46.0,PROD059,6.0,362.47,0.0,2174.82,Apple History 581,Home & Kitchen,Science,Puma,28.87
ORD00776,CUST0782,2023-07-21,2023-07-26,Delivered,Net Banking,Mobile App,10704.56,3635.76,199,Jaipur,MH,7267.8,2023-07,2023,,,,,,,PROD190,8.0,833.87,3.2,6457.49,Samsung Jacket 891,Home & Kitchen,Dress,Samsung,56.46
ORD00776,CUST0782,2023-07-21,2023-07-26,Delivered,Net Banking,Mobile App,10704.56,3635.76,199,Jaipur,MH,7267.8,2023-07,2023,,,,,,,PROD086,5.0,4289.52,7.5,19839.03,Reebok Cycling 816,Electronics,Running,Reebok,32.19
ORD00777,CUST0438,2023-07-21,2023-07-24,Returned,Debit Card,Online,25524.49,9581.94,199,Kolkata,LDN,16141.55,2023-07,2023,Priya Smith,Female,Consumer,Hyderabad,TS,29.0,PROD098,10.0,4753.53,13.3,41213.11,Samsung Science 652,Books,Fiction,Apple,45.81
ORD00777,CUST0438,2023-07-21,2023-07-24,Returned,Debit Card,Online,25524.49,9581.94,199,Kolkata,LDN,16141.55,2023-07,2023,Priya Smith,Female,Consumer,Hyderabad,TS,29.0,PROD055,2.0,3765.99,33.3,5023.83,Samsung Laptop 541,Electronics,Smartwatch,Adidas,19.97
ORD00778,CUST0712,2023-07-22,2023-07-25,Returned,Cod,In-Store,37029.3,1270.76,49,Jaipur,TS,35807.54,2023-07,2023,Victor  Wilson,Female,Consumer,London,LDN,57.0,PROD191,1.0,3802.7,39.6,2296.83,Prestige Dress 944,Home & Kitchen,Jeans,Apple,48.89
ORD00778,CUST0712,2023-07-22,2023-07-25,Returned,Cod,In-Store,37029.3,1270.76,49,Jaipur,TS,35807.54,2023-07,2023,Victor  Wilson,Female,Consumer,London,LDN,57.0,PROD030,1.0,1180.52,1.2,1166.35,Penguin Yoga 168,Electronics,Running,Nike,55.16
ORD00778,CUST0712,2023-07-22,2023-07-25,Returned,Cod,In-Store,37029.3,1270.76,49,Jaipur,TS,35807.54,2023-07,2023,Victor  Wilson,Female,Consumer,London,LDN,57.0,PROD099,1.0,815.04,18.3,665.89,Reebok Cricket 803,Sports,Cycling,Puma,51.59
ORD00778,CUST0712,2023-07-22,2023-07-25,Returned,Cod,In-Store,37029.3,1270.76,49,Jaipur,TS,35807.54,2023-07,2023,Victor  Wilson,Female,Consumer,London,LDN,57.0,PROD059,3.0,166.14,9.6,450.57,Apple History 581,Home & Kitchen,Science,Puma,28.87
ORD00779,CUST0935,2023-07-23,2023-07-26,Pending,Cod,In-Store,32041.74,3245.12,99,Sydney,RJ,28895.62,2023-07,2023,Olivia  Jackson,Other,Home Office,Delhi,DL,62.0,PROD162,2.0,4033.72,15.0,6857.32,Puma History 707,Home & Kitchen,Comics,Prestige,21.51
ORD00779,CUST0935,2023-07-23,2023-07-26,Pending,Cod,In-Store,32041.74,3245.12,99,Sydney,RJ,28895.62,2023-07,2023,Olivia  Jackson,Other,Home Office,Delhi,DL,62.0,PROD077,5.0,3088.68,2.0,15134.53,Nike Laptop 968,Home & Kitchen,Smartwatch,Adidas,58.83
ORD00780,CUST0159,2023-07-24,2023-07-27,Returned,Net Banking,In-Store,30009.76,288.42,99,Sydney,WB,29820.34,2023-07,2023,Charlie Miller,Female,Corporate,Delhi,DL,46.0,PROD128,9.0,1981.87,9.2,16195.84,Lg Furniture 340,Electronics,Furniture,Samsung,54.16
ORD00780,CUST0159,2023-07-24,2023-07-27,Returned,Net Banking,In-Store,30009.76,288.42,99,Sydney,WB,29820.34,2023-07,2023,Charlie Miller,Female,Corporate,Delhi,DL,46.0,PROD038,8.0,968.42,37.9,4811.11,Samsung Mobile 969,Clothing,Mobile,Philips,20.83
ORD00780,CUST0159,2023-07-24,2023-07-27,Returned,Net Banking,In-Store,30009.76,288.42,99,Sydney,WB,29820.34,2023-07,2023,Charlie Miller,Female,Corporate,Delhi,DL,46.0,PROD179,5.0,622.15,28.3,2230.41,Puma Camera 326,Clothing,Headphones,Apple,38.11
ORD00781,CUST0280,2023-07-24,2023-07-29,Pending,Cod,Mobile App,35788.1,744.37,49,Mumbai,WB,35092.73,2023-07,2023,Karen Garcia,Female,Corporate,Chennai,TN,46.0,PROD176,3.0,1979.92,1.7,5838.78,Nike Jacket 282,Electronics,Shoes,Puma,11.71
ORD00781,CUST0280,2023-07-24,2023-07-29,Pending,Cod,Mobile App,35788.1,744.37,49,Mumbai,WB,35092.73,2023-07,2023,Karen Garcia,Female,Corporate,Chennai,TN,46.0,PROD037,10.0,238.95,9.6,2160.11,Nike Laptop 575,Sports,Camera,Harpercollins,17.99
ORD00781,CUST0280,2023-07-24,2023-07-29,Pending,Cod,Mobile App,35788.1,744.37,49,Mumbai,WB,35092.73,2023-07,2023,Karen Garcia,Female,Corporate,Chennai,TN,46.0,PROD082,3.0,1670.65,19.7,4024.6,Samsung Lighting 904,Books,Furniture,Nike,29.28
ORD00781,CUST0280,2023-07-24,2023-07-29,Pending,Cod,Mobile App,35788.1,744.37,49,Mumbai,WB,35092.73,2023-07,2023,Karen Garcia,Female,Corporate,Chennai,TN,46.0,PROD093,3.0,2471.05,2.9,7198.17,Prestige Furniture 284,Electronics,Bedding,Samsung,9.26
ORD00782,CUST0519,2023-07-25,2023-07-28,Delivered,Cod,In-Store,38203.53,1430.06,199,London,GJ,36972.47,2023-07,2023,Peter Thompson,Female,Consumer,Pune,MH,47.0,PROD141,4.0,490.36,30.4,1365.16,Penguin Jacket 835,Clothing,Jacket,Prestige,56.67
ORD00782,CUST0519,2023-07-25,2023-07-28,Delivered,Cod,In-Store,38203.53,1430.06,199,London,GJ,36972.47,2023-07,2023,Peter Thompson,Female,Consumer,Pune,MH,47.0,PROD131,8.0,3032.07,37.2,15233.12,Adidas Camera 887,Clothing,Headphones,Adidas,50.24
ORD00783,CUST0508,2023-07-26,2023-08-02,Cancelled,Wallet,Online,41261.02,15994.81,0,Delhi,DL,25266.21,2023-07,2023,Karen Moore,Female,Corporate,Hyderabad,TS,38.0,,,,,,,,,,
ORD00784,CUST0735,2023-07-26,2023-08-01,Returned,Credit Card,In-Store,14659.5,643.4,99,Mumbai,RJ,14115.1,2023-07,2023,Yara  Smith,Male,Corporate,Bangalore,KA,27.0,PROD100,6.0,3834.27,36.1,14700.59,Sony History 683,Sports,Comics,Puma,56.77
ORD00784,CUST0735,2023-07-26,2023-08-01,Returned,Credit Card,In-Store,14659.5,643.4,99,Mumbai,RJ,14115.1,2023-07,2023,Yara  Smith,Male,Corporate,Bangalore,KA,27.0,PROD011,10.0,4802.86,18.3,39239.37,Prestige History 742,Sports,Science,Harpercollins,52.96
ORD00784,CUST0735,2023-07-26,2023-08-01,Returned,Credit Card,In-Store,14659.5,643.4,99,Mumbai,RJ,14115.1,2023-07,2023,Yara  Smith,Male,Corporate,Bangalore,KA,27.0,PROD171,7.0,1185.39,14.2,7119.45,Nike Cricket 448,Clothing,Cycling,Lg,54.33
ORD00785,CUST0741,2023-07-27,2023-07-29,Shipped,Debit Card,Online,34577.06,9798.89,0,Surat,WB,24778.17,2023-07,2023,Sneha Harris,Male,Home Office,Kolkata,WB,46.0,PROD125,7.0,729.07,21.3,4016.45,Prestige Self-Help 619,Electronics,Self-Help,Philips,28.66
ORD00786,CUST0156,2023-07-28,2023-07-30,Delivered,Upi,In-Store,47587.77,13966.98,199,Toronto,TS,33819.79,2023-07,2023,Henry Brown,Male,Corporate,Chennai,TN,46.0,PROD059,10.0,2800.36,18.8,22738.92,Apple History 581,Home & Kitchen,Science,Puma,28.87
ORD00786,CUST0156,2023-07-28,2023-07-30,Delivered,Upi,In-Store,47587.77,13966.98,199,Toronto,TS,33819.79,2023-07,2023,Henry Brown,Male,Corporate,Chennai,TN,46.0,PROD036,9.0,2266.34,16.5,17031.55,Apple Headphones 657,Clothing,Laptop,Philips,40.54
ORD00786,CUST0156,2023-07-28,2023-07-30,Delivered,Upi,In-Store,47587.77,13966.98,199,Toronto,TS,33819.79,2023-07,2023,Henry Brown,Male,Corporate,Chennai,TN,46.0,PROD082,4.0,581.96,10.3,2088.07,Samsung Lighting 904,Books,Furniture,Nike,29.28
ORD00787,CUST0952,2023-07-29,2023-08-04,Returned,Wallet,Online,1882.54,192.23,0,Chennai,TS,1690.31,2023-07,2023,Yara Martin,Male,Home Office,Sydney,NSW,43.0,PROD051,5.0,4918.04,10.6,21983.64,Harpercollins Fiction 843,Electronics,Comics,Adidas,47.6
ORD00788,CUST0941,2023-07-29,2023-07-31,Pending,Upi,Mobile App,12175.32,1697.59,149,Kolkata,KA,10626.73,2023-07,2023,Peter  Thomas,Male,Corporate,Delhi,DL,46.0,,,,,,,,,,
ORD00789,CUST0201,2023-07-30,2023-08-04,Returned,Cod,Mobile App,34386.47,11466.35,49,Sydney,WB,22969.12,2023-07,2023,Frank Martin,Other,Consumer,Chennai,TN,46.0,PROD043,5.0,719.39,27.1,2622.18,Puma Mobile 944,Clothing,Headphones,Sony,23.91
ORD00789,CUST0201,2023-07-30,2023-08-04,Returned,Cod,Mobile App,34386.47,11466.35,49,Sydney,WB,22969.12,2023-07,2023,Frank Martin,Other,Consumer,Chennai,TN,46.0,PROD102,4.0,1746.14,35.0,4539.96,Penguin Appliances 888,Clothing,Lighting,Nike,22.48
ORD00789,CUST0201,2023-07-30,2023-08-04,Returned,Cod,Mobile App,34386.47,11466.35,49,Sydney,WB,22969.12,2023-07,2023,Frank Martin,Other,Consumer,Chennai,TN,46.0,PROD071,4.0,527.29,19.5,1697.87,Harpercollins Camera 448,Electronics,Smartwatch,Samsung,47.49
ORD00789,CUST0201,2023-07-30,2023-08-04,Returned,Cod,Mobile App,34386.47,11466.35,49,Sydney,WB,22969.12,2023-07,2023,Frank Martin,Other,Consumer,Chennai,TN,46.0,PROD056,9.0,3237.54,19.7,23397.7,Sony Tablet 154,Sports,Camera,Nike,46.2
ORD00789,CUST0201,2023-07-30,2023-08-04,Returned,Cod,Mobile App,34386.47,11466.35,49,Sydney,WB,22969.12,2023-07,2023,Frank Martin,Other,Consumer,Chennai,TN,46.0,PROD116,9.0,2108.67,1.0,18788.25,Prestige Camera 543,Clothing,Camera,Nike,52.74
ORD00790,CUST0812,2023-07-31,2023-08-06,Returned,Credit Card,In-Store,13794.58,3563.01,149,Mumbai,KA,10380.57,2023-07,2023,Quinn Smith,Female,Consumer,Pune,MH,20.0,PROD113,1.0,514.56,28.4,368.42,Nike Laptop 971,Home & Kitchen,Tablet,Lg,26.98
ORD00790,CUST0812,2023-07-31,2023-08-06,Returned,Credit Card,In-Store,13794.58,3563.01,149,Mumbai,KA,10380.57,2023-07,2023,Quinn Smith,Female,Consumer,Pune,MH,20.0,PROD022,3.0,4809.5,11.3,12798.08,Lg Cookware 668,Home & Kitchen,Furniture,Philips,32.34
ORD00791,CUST0765,2023-01-08,2023-08-05,Pending,Cod,Online,25333.72,1997.16,199,Surat,ON,23535.56,2023-01,2023,Sneha Martin,Other,Corporate,Chennai,TN,46.0,PROD113,6.0,1940.2,15.1,9883.38,Nike Laptop 971,Home & Kitchen,Tablet,Lg,26.98
ORD00791,CUST0765,2023-01-08,2023-08-05,Pending,Cod,Online,25333.72,1997.16,199,Surat,ON,23535.56,2023-01,2023,Sneha Martin,Other,Corporate,Chennai,TN,46.0,PROD145,10.0,2698.98,10.3,24209.85,Reebok Smartwatch 139,Books,Headphones,Sony,11.99
ORD00792,CUST0832,2023-01-08,2023-01-11,Delivered,Upi,Mobile App,20225.46,7535.17,149,New York,TS,12839.29,2023-01,2023,Sneha Wilson,Other,Consumer,Chennai,TN,49.0,PROD180,3.0,2869.09,18.7,6997.71,Apple Comics 327,Electronics,Science,Apple,59.6
ORD00792,CUST0832,2023-01-08,2023-01-11,Delivered,Upi,Mobile App,20225.46,7535.17,149,New York,TS,12839.29,2023-01,2023,Sneha Wilson,Other,Consumer,Chennai,TN,49.0,PROD017,10.0,4476.12,27.1,32630.91,Puma Furniture 159,Clothing,Lighting,Apple,25.19
ORD00792,CUST0832,2023-01-08,2023-01-11,Delivered,Upi,Mobile App,20225.46,7535.17,149,New York,TS,12839.29,2023-01,2023,Sneha Wilson,Other,Consumer,Chennai,TN,49.0,PROD025,2.0,3343.58,3.2,6473.17,Prestige Jacket 493,Home & Kitchen,Shoes,Nike,18.62
ORD00794,CUST0843,2023-03-08,2023-08-06,Shipped,Upi,Online,44440.01,14048.55,0,Surat,NSW,30391.46,2023-03,2023,Grace Brown,Male,Consumer,Kolkata,WB,46.0,PROD034,1.0,4502.59,23.6,3439.98,Lg Smartwatch 275,Sports,Laptop,Samsung,38.13
ORD00794,CUST0843,2023-03-08,2023-08-06,Shipped,Upi,Online,44440.01,14048.55,0,Surat,NSW,30391.46,2023-03,2023,Grace Brown,Male,Consumer,Kolkata,WB,46.0,PROD035,7.0,4405.3,21.5,24207.12,Adidas Tablet 510,Books,Headphones,Nike,75.82
ORD00794,CUST0843,2023-03-08,2023-08-06,Shipped,Upi,Online,44440.01,14048.55,0,Surat,NSW,30391.46,2023-03,2023,Grace Brown,Male,Consumer,Kolkata,WB,46.0,PROD116,3.0,1081.89,21.7,2541.36,Prestige Camera 543,Clothing,Camera,Nike,52.74
ORD00794,CUST0843,2023-03-08,2023-08-06,Shipped,Upi,Online,44440.01,14048.55,0,Surat,NSW,30391.46,2023-03,2023,Grace Brown,Male,Consumer,Kolkata,WB,46.0,PROD043,3.0,1490.65,39.3,2714.47,Puma Mobile 944,Clothing,Headphones,Sony,23.91
ORD00795,CUST0358,2023-08-04,2023-08-09,Returned,Debit Card,Online,34726.35,8971.04,49,Hyderabad,GJ,25804.31,2023-08,2023,Rachel Davis,Other,Consumer,Jaipur,RJ,46.0,PROD046,4.0,2277.12,36.1,5820.32,Penguin Camera 453,Clothing,Headphones,Sony,56.85
ORD00795,CUST0358,2023-08-04,2023-08-09,Returned,Debit Card,Online,34726.35,8971.04,49,Hyderabad,GJ,25804.31,2023-08,2023,Rachel Davis,Other,Consumer,Jaipur,RJ,46.0,PROD120,7.0,3772.71,39.6,15951.02,Sony Shoes 445,Electronics,Saree,Nike,17.95
ORD00796,CUST0867,2023-08-04,2023-08-11,Returned,Wallet,In-Store,4761.1,696.67,149,Sydney,MH,4213.43,2023-08,2023,Diana Shah,Female,Consumer,New York,NY,59.0,,,,,,,,,,
ORD00797,CUST0539,2023-08-05,2023-08-07,Pending,Cod,Online,48890.52,2206.39,199,Surat,LDN,46883.13,2023-08,2023,Bob Brown,Female,Corporate,Bangalore,KA,49.0,PROD098,1.0,1336.26,15.0,1135.82,Samsung Science 652,Books,Fiction,Apple,45.81
ORD00797,CUST0539,2023-08-05,2023-08-07,Pending,Cod,Online,48890.52,2206.39,199,Surat,LDN,46883.13,2023-08,2023,Bob Brown,Female,Corporate,Bangalore,KA,49.0,PROD166,5.0,3505.63,11.6,15494.88,Prestige Non-Fiction 799,Books,Non-Fiction,Lg,32.2
ORD00798,CUST0386,2023-06-08,2023-08-07,Delivered,Wallet,In-Store,19330.47,2754.58,199,Mumbai,TS,16774.89,2023-06,2023,Olivia Miller,Other,Home Office,Pune,MH,66.0,PROD184,1.0,3192.08,24.5,2410.02,Penguin Fiction 673,Home & Kitchen,Comics,Apple,55.75
ORD00798,CUST0386,2023-06-08,2023-08-07,Delivered,Wallet,In-Store,19330.47,2754.58,199,Mumbai,TS,16774.89,2023-06,2023,Olivia Miller,Other,Home Office,Pune,MH,66.0,PROD125,6.0,291.47,15.2,1483.0,Prestige Self-Help 619,Electronics,Self-Help,Philips,28.66
ORD00798,CUST0386,2023-06-08,2023-08-07,Delivered,Wallet,In-Store,19330.47,2754.58,199,Mumbai,TS,16774.89,2023-06,2023,Olivia Miller,Other,Home Office,Pune,MH,66.0,PROD068,9.0,3511.44,32.7,21268.79,Nike T-Shirt 743,Home & Kitchen,Jacket,Apple,49.93
ORD00799,CUST0879,2023-08-06,2023-08-10,Returned,Debit Card,Online,20749.78,3954.83,0,Sydney,GJ,16794.95,2023-08,2023,Victor  Thomas,Other,Home Office,London,LDN,61.0,PROD098,2.0,4245.35,35.0,5518.96,Samsung Science 652,Books,Fiction,Apple,45.81
ORD00799,CUST0879,2023-08-06,2023-08-10,Returned,Debit Card,Online,20749.78,3954.83,0,Sydney,GJ,16794.95,2023-08,2023,Victor  Thomas,Other,Home Office,London,LDN,61.0,PROD074,9.0,1091.99,19.7,7891.81,Reebok Non-Fiction 876,Home & Kitchen,Comics,Philips,40.32
ORD00799,CUST0879,2023-08-06,2023-08-10,Returned,Debit Card,Online,20749.78,3954.83,0,Sydney,GJ,16794.95,2023-08,2023,Victor  Thomas,Other,Home Office,London,LDN,61.0,PROD109,6.0,228.84,15.4,1161.59,Adidas Lighting 738,Electronics,Bedding,Samsung,54.83
ORD00800,CUST0338,2023-08-07,2023-08-11,Shipped,Upi,Mobile App,16708.69,6543.4,49,Jaipur,RJ,10214.29,2023-08,2023,Alice Jones,Other,Home Office,Sydney,NSW,46.0,,,,,,,,,,
ORD00801,CUST0994,2023-08-08,2023-08-11,Shipped,Credit Card,Online,32216.83,863.07,99,Delhi,WB,31452.76,2023-08,2023,Karen  Anderson,Other,Home Office,London,LDN,32.0,PROD097,2.0,659.06,23.7,1005.73,Apple Appliances 474,Home & Kitchen,Lighting,Apple,35.67
ORD00802,CUST0678,2023-08-09,2023-08-10,Returned,Wallet,Mobile App,7582.56,1121.06,99,New York,GJ,6560.5,2023-08,2023,Olivia  Anderson,Male,Home Office,Kolkata,WB,32.0,PROD122,9.0,2874.52,16.9,21498.54,Penguin Camera 744,Clothing,Mobile,Adidas,52.36
ORD00802,CUST0678,2023-08-09,2023-08-10,Returned,Wallet,Mobile App,7582.56,1121.06,99,New York,GJ,6560.5,2023-08,2023,Olivia  Anderson,Male,Home Office,Kolkata,WB,32.0,PROD144,3.0,1964.86,0.6,5859.21,Penguin Camera 300,Sports,Mobile,Samsung,50.16
ORD00803,CUST0250,2023-09-08,2023-08-16,Shipped,Credit Card,Online,28967.27,6874.13,199,Ahmedabad,DL,22292.14,2023-09,2023,Rachel  Taylor,Other,Corporate,Kolkata,WB,46.0,PROD164,2.0,3890.62,23.5,5952.65,Lg Camera 401,Home & Kitchen,Camera,Nike,58.81
ORD00803,CUST0250,2023-09-08,2023-08-16,Shipped,Credit Card,Online,28967.27,6874.13,199,Ahmedabad,DL,22292.14,2023-09,2023,Rachel  Taylor,Other,Corporate,Kolkata,WB,46.0,PROD072,2.0,2019.12,35.2,2616.78,Philips History 903,Electronics,History,Prestige,10.66
ORD00804,CUST0856,2023-08-10,2023-08-11,Delivered,Cod,Mobile App,20068.97,1140.13,149,Mumbai,DL,19077.84,2023-08,2023,Nick Moore,Female,Consumer,Surat,GJ,46.0,PROD072,9.0,2682.63,39.2,14679.35,Philips History 903,Electronics,History,Prestige,10.66
ORD00804,CUST0856,2023-08-10,2023-08-11,Delivered,Cod,Mobile App,20068.97,1140.13,149,Mumbai,DL,19077.84,2023-08,2023,Nick Moore,Female,Consumer,Surat,GJ,46.0,PROD092,9.0,3177.01,2.2,27964.04,Penguin Mobile 186,Electronics,Mobile,Harpercollins,35.83
ORD00804,CUST0856,2023-08-10,2023-08-11,Delivered,Cod,Mobile App,20068.97,1140.13,149,Mumbai,DL,19077.84,2023-08,2023,Nick Moore,Female,Consumer,Surat,GJ,46.0,PROD012,1.0,2948.08,11.5,2609.05,Nike Fiction 847,Books,Self-Help,Lg,50.71
ORD00805,CUST0637,2023-11-08,2023-08-16,Cancelled,Credit Card,Online,16824.04,291.49,99,Mumbai,ON,16631.55,2023-11,2023,Uma Thompson,Female,Corporate,London,LDN,46.0,PROD011,1.0,3220.44,28.7,2296.17,Prestige History 742,Sports,Science,Harpercollins,52.96
ORD00805,CUST0637,2023-11-08,2023-08-16,Cancelled,Credit Card,Online,16824.04,291.49,99,Mumbai,ON,16631.55,2023-11,2023,Uma Thompson,Female,Corporate,London,LDN,46.0,PROD132,2.0,3845.78,20.3,6130.17,Prestige Football 126,Home & Kitchen,Cricket,Puma,26.02
ORD00806,CUST0158,2023-08-12,2023-08-16,Pending,Credit Card,In-Store,21323.59,0.0,199,Sydney,MH,21522.59,2023-08,2023,Eve Lee,Other,Home Office,Delhi,DL,26.0,PROD155,8.0,828.56,39.5,4010.23,Harpercollins Science 802,Electronics,Fiction,Apple,35.5
ORD00806,CUST0158,2023-08-12,2023-08-16,Pending,Credit Card,In-Store,21323.59,0.0,199,Sydney,MH,21522.59,2023-08,2023,Eve Lee,Other,Home Office,Delhi,DL,26.0,PROD157,7.0,1714.36,12.7,10476.45,Samsung Comics 227,Electronics,Fiction,Samsung,49.37
ORD00806,CUST0158,2023-08-12,2023-08-16,Pending,Credit Card,In-Store,21323.59,0.0,199,Sydney,MH,21522.59,2023-08,2023,Eve Lee,Other,Home Office,Delhi,DL,26.0,PROD020,7.0,2536.4,14.7,15144.84,Apple Jacket 787,Electronics,T-Shirt,Adidas,17.13
ORD00806,CUST0158,2023-08-12,2023-08-16,Pending,Credit Card,In-Store,21323.59,0.0,199,Sydney,MH,21522.59,2023-08,2023,Eve Lee,Other,Home Office,Delhi,DL,26.0,PROD163,2.0,2684.6,6.6,5014.83,Puma Furniture 243,Clothing,Cookware,Penguin,49.39
ORD00807,CUST0887,2023-08-12,2023-08-19,Returned,Cod,In-Store,422.36,133.24,99,Chennai,DL,388.12,2023-08,2023,Arjun Martin,Female,Home Office,Delhi,DL,56.0,,,,,,,,,,
ORD00808,CUST0491,2023-08-13,2023-08-15,Delivered,Wallet,Mobile App,23155.09,4436.42,149,Bangalore,RJ,18867.67,2023-08,2023,Peter Patel,Female,Corporate,New York,NY,46.0,PROD135,7.0,3993.46,10.6,24991.07,Apple Shoes 165,Sports,Dress,Adidas,31.77
ORD00809,CUST0675,2023-08-14,2023-08-16,Delivered,Wallet,Mobile App,32402.71,3305.68,0,Ahmedabad,GJ,29097.03,2023-08,2023,Jack Taylor,Other,Home Office,Sydney,NSW,46.0,PROD051,9.0,4516.02,26.1,30036.05,Harpercollins Fiction 843,Electronics,Comics,Adidas,47.6
ORD00809,CUST0675,2023-08-14,2023-08-16,Delivered,Wallet,Mobile App,32402.71,3305.68,0,Ahmedabad,GJ,29097.03,2023-08,2023,Jack Taylor,Other,Home Office,Sydney,NSW,46.0,PROD131,5.0,1836.99,18.0,7531.66,Adidas Camera 887,Clothing,Headphones,Adidas,50.24
ORD00809,CUST0675,2023-08-14,2023-08-16,Delivered,Wallet,Mobile App,32402.71,3305.68,0,Ahmedabad,GJ,29097.03,2023-08,2023,Jack Taylor,Other,Home Office,Sydney,NSW,46.0,PROD066,9.0,2710.55,27.5,17686.34,Nike Headphones 940,Books,Mobile,Apple,50.19
ORD00810,CUST0832,2023-08-14,2023-08-15,Shipped,Cod,Online,35535.01,2339.72,49,London,GJ,33244.29,2023-08,2023,Sneha Wilson,Other,Consumer,Chennai,TN,49.0,,,,,,,,,,
ORD00812,CUST0567,2023-08-16,2023-08-18,Cancelled,Upi,Online,9603.13,3515.77,199,New York,MH,6286.36,2023-08,2023,Priya White,Female,Corporate,Jaipur,RJ,30.0,PROD026,2.0,3807.11,35.9,4880.72,Nike Cricket 264,Clothing,Running,Apple,32.24
ORD00812,CUST0567,2023-08-16,2023-08-18,Cancelled,Upi,Online,9603.13,3515.77,199,New York,MH,6286.36,2023-08,2023,Priya White,Female,Corporate,Jaipur,RJ,30.0,PROD086,7.0,2816.12,24.6,14863.48,Reebok Cycling 816,Electronics,Running,Reebok,32.19
ORD00813,CUST0465,2023-08-17,2023-08-20,Pending,Debit Card,Online,6340.58,1831.31,0,Bangalore,TN,4509.27,2023-08,2023,Iris  Brown,Other,Consumer,Jaipur,RJ,46.0,PROD113,5.0,3571.76,25.4,13322.66,Nike Laptop 971,Home & Kitchen,Tablet,Lg,26.98
ORD00813,CUST0465,2023-08-17,2023-08-20,Pending,Debit Card,Online,6340.58,1831.31,0,Bangalore,TN,4509.27,2023-08,2023,Iris  Brown,Other,Consumer,Jaipur,RJ,46.0,PROD137,6.0,654.32,8.8,3580.44,Reebok Headphones 725,Sports,Smartwatch,Samsung,51.88
ORD00813,CUST0465,2023-08-17,2023-08-20,Pending,Debit Card,Online,6340.58,1831.31,0,Bangalore,TN,4509.27,2023-08,2023,Iris  Brown,Other,Consumer,Jaipur,RJ,46.0,PROD198,8.0,4573.09,23.1,28133.65,Reebok Football 148,Clothing,Football,Nike,59.52
ORD00814,CUST0680,2023-08-17,2023-08-20,Returned,Wallet,Mobile App,11265.64,3898.04,49,Jaipur,TN,7416.6,2023-08,2023,Amit  Thompson,Female,Consumer,Delhi,DL,31.0,PROD105,2.0,2070.64,39.9,2488.91,Harpercollins History 567,Electronics,History,Samsung,58.21
ORD00815,CUST0095,2023-08-18,2023-08-19,Cancelled,Upi,In-Store,23510.22,8650.39,0,Mumbai,KA,14859.83,2023-08,2023,,,,,,,PROD178,3.0,1809.45,35.8,3485.0,Nike Camera 275,Sports,Camera,Samsung,44.67
ORD00815,CUST0095,2023-08-18,2023-08-19,Cancelled,Upi,In-Store,23510.22,8650.39,0,Mumbai,KA,14859.83,2023-08,2023,,,,,,,PROD049,3.0,4407.67,37.0,8330.5,Nike Smartwatch 658,Books,Mobile,Philips,29.78
ORD00816,CUST0268,2023-08-19,2023-08-25,Pending,Cod,Online,14695.22,1875.34,149,Pune,MH,12968.88,2023-08,2023,Frank Jones,Male,Consumer,Delhi,DL,56.0,PROD111,3.0,2114.42,23.5,4852.59,Samsung Shoes 988,Sports,T-Shirt,Nike,58.48
ORD00816,CUST0268,2023-08-19,2023-08-25,Pending,Cod,Online,14695.22,1875.34,149,Pune,MH,12968.88,2023-08,2023,Frank Jones,Male,Consumer,Delhi,DL,56.0,PROD142,9.0,326.18,0.0,2935.62,Apple Non-Fiction 957,Clothing,Comics,Nike,53.25
ORD00816,CUST0268,2023-08-19,2023-08-25,Pending,Cod,Online,14695.22,1875.34,149,Pune,MH,12968.88,2023-08,2023,Frank Jones,Male,Consumer,Delhi,DL,56.0,PROD072,2.0,4170.75,9.9,7515.69,Philips History 903,Electronics,History,Prestige,10.66
ORD00818,CUST0081,2023-08-20,2023-08-24,Shipped,Upi,In-Store,2497.69,141.43,99,Toronto,ON,2455.26,2023-08,2023,Victor Davis,Female,Consumer,Kolkata,WB,46.0,PROD116,10.0,718.05,36.6,4552.44,Prestige Camera 543,Clothing,Camera,Nike,52.74
ORD00818,CUST0081,2023-08-20,2023-08-24,Shipped,Upi,In-Store,2497.69,141.43,99,Toronto,ON,2455.26,2023-08,2023,Victor Davis,Female,Consumer,Kolkata,WB,46.0,PROD030,2.0,4170.98,31.4,5722.58,Penguin Yoga 168,Electronics,Running,Nike,55.16
ORD00819,CUST0948,2023-08-21,2023-08-28,Returned,Wallet,In-Store,14584.34,1263.62,0,New York,MH,13320.72,2023-08,2023,Pooja  Taylor,Other,Home Office,Mumbai,MH,46.0,PROD093,4.0,1390.77,16.3,4656.3,Prestige Furniture 284,Electronics,Bedding,Samsung,9.26
ORD00820,CUST0982,2023-08-22,2023-08-25,Returned,Upi,In-Store,42453.44,11746.69,149,New York,LDN,30855.75,2023-08,2023,Diana Anderson,Other,Corporate,Mumbai,MH,47.0,PROD199,4.0,762.67,35.4,1970.74,Adidas Swimming 953,Home & Kitchen,Cricket,Adidas,9.45
ORD00820,CUST0982,2023-08-22,2023-08-25,Returned,Upi,In-Store,42453.44,11746.69,149,New York,LDN,30855.75,2023-08,2023,Diana Anderson,Other,Corporate,Mumbai,MH,47.0,PROD047,1.0,3019.0,10.8,2692.95,Puma Cookware 294,Sports,Appliances,Prestige,37.79
ORD00821,CUST0248,2023-08-22,2023-08-24,Pending,Credit Card,Online,30990.27,11502.59,149,London,TS,19636.68,2023-08,2023,Yara  Anderson,Female,Consumer,Kolkata,WB,46.0,,,,,,,,,,
ORD00822,CUST0281,2023-08-23,2023-08-25,Shipped,Cod,Mobile App,29169.95,5539.22,149,Jaipur,NY,23779.73,2023-08,2023,Alice White,Other,Home Office,Surat,GJ,46.0,PROD039,6.0,632.18,26.1,2803.09,Nike Jeans 794,Electronics,Saree,Lg,52.75
ORD00823,CUST0591,2023-08-24,2023-08-27,Cancelled,Credit Card,In-Store,17558.36,2800.64,149,Ahmedabad,TS,14906.72,2023-08,2023,Amit Lee,Male,Home Office,Jaipur,RJ,46.0,PROD032,2.0,4537.4,14.3,7777.1,Reebok Football 191,Electronics,Football,Harpercollins,59.46
ORD00823,CUST0591,2023-08-24,2023-08-27,Cancelled,Credit Card,In-Store,17558.36,2800.64,149,Ahmedabad,TS,14906.72,2023-08,2023,Amit Lee,Male,Home Office,Jaipur,RJ,46.0,PROD174,4.0,4950.64,18.7,16099.48,Nike Science 291,Sports,History,Harpercollins,39.93
ORD00823,CUST0591,2023-08-24,2023-08-27,Cancelled,Credit Card,In-Store,17558.36,2800.64,149,Ahmedabad,TS,14906.72,2023-08,2023,Amit Lee,Male,Home Office,Jaipur,RJ,46.0,PROD147,7.0,213.24,20.3,1189.67,Lg Appliances 636,Books,Bedding,Penguin,31.75
ORD00824,CUST0206,2023-08-25,2023-08-27,Shipped,Wallet,Online,30509.06,8313.86,199,Ahmedabad,TN,22394.2,2023-08,2023,Bob Walker,Female,Consumer,New York,NY,46.0,PROD140,8.0,1904.55,13.4,13194.72,Harpercollins Decor 546,Sports,Decor,Reebok,57.57
ORD00824,CUST0206,2023-08-25,2023-08-27,Shipped,Wallet,Online,30509.06,8313.86,199,Ahmedabad,TN,22394.2,2023-08,2023,Bob Walker,Female,Consumer,New York,NY,46.0,PROD064,5.0,4405.06,8.4,20175.17,Apple Laptop 953,Clothing,Camera,Harpercollins,39.99
ORD00825,CUST0811,2023-08-25,2023-09-01,Shipped,Net Banking,In-Store,38971.04,250.63,199,Sydney,ON,38919.41,2023-08,2023,Karen Brown,Other,Corporate,Surat,GJ,46.0,PROD013,3.0,817.94,38.9,1499.28,Lg Mobile 752,Clothing,Smartwatch,Apple,46.62
ORD00825,CUST0811,2023-08-25,2023-09-01,Shipped,Net Banking,In-Store,38971.04,250.63,199,Sydney,ON,38919.41,2023-08,2023,Karen Brown,Other,Corporate,Surat,GJ,46.0,PROD014,3.0,3434.73,2.9,10005.37,Sony Science 117,Electronics,Science,Reebok,39.2
ORD00825,CUST0811,2023-08-25,2023-09-01,Shipped,Net Banking,In-Store,38971.04,250.63,199,Sydney,ON,38919.41,2023-08,2023,Karen Brown,Other,Corporate,Surat,GJ,46.0,PROD154,10.0,1956.68,11.7,17277.48,Puma Jacket 845,Books,Jeans,Apple,30.08
ORD00826,CUST0128,2023-08-26,2023-08-28,Delivered,Upi,In-Store,46814.84,15722.78,49,Ahmedabad,ON,31141.06,2023-08,2023,Karen  Lee,Female,Corporate,Jaipur,RJ,70.0,PROD105,9.0,2483.9,26.5,16431.0,Harpercollins History 567,Electronics,History,Samsung,58.21
ORD00827,CUST0917,2023-08-27,2023-08-30,Cancelled,Upi,Mobile App,35661.06,2799.77,149,Sydney,MH,33010.29,2023-08,2023,Tina Harris,Male,Corporate,Sydney,NSW,46.0,PROD134,10.0,3225.49,22.1,25126.57,Sony History 898,Clothing,Fiction,Lg,46.08
ORD00827,CUST0917,2023-08-27,2023-08-30,Cancelled,Upi,Mobile App,35661.06,2799.77,149,Sydney,MH,33010.29,2023-08,2023,Tina Harris,Male,Corporate,Sydney,NSW,46.0,PROD030,2.0,3130.14,36.1,4000.32,Penguin Yoga 168,Electronics,Running,Nike,55.16
ORD00828,CUST0784,2023-08-28,2023-08-29,Delivered,Net Banking,Online,9196.72,3081.96,199,Ahmedabad,GJ,6313.76,2023-08,2023,Zoe Brown,Other,Corporate,Bangalore,KA,46.0,PROD061,3.0,2951.27,5.4,8375.7,Nike Headphones 858,Home & Kitchen,Mobile,Apple,45.42
ORD00828,CUST0784,2023-08-28,2023-08-29,Delivered,Net Banking,Online,9196.72,3081.96,199,Ahmedabad,GJ,6313.76,2023-08,2023,Zoe Brown,Other,Corporate,Bangalore,KA,46.0,PROD155,1.0,1042.03,16.2,873.22,Harpercollins Science 802,Electronics,Fiction,Apple,35.5
ORD00828,CUST0784,2023-08-28,2023-08-29,Delivered,Net Banking,Online,9196.72,3081.96,199,Ahmedabad,GJ,6313.76,2023-08,2023,Zoe Brown,Other,Corporate,Bangalore,KA,46.0,PROD053,9.0,510.07,31.7,3135.4,Samsung Non-Fiction 984,Books,Non-Fiction,Harpercollins,58.1
ORD00828,CUST0784,2023-08-28,2023-08-29,Delivered,Net Banking,Online,9196.72,3081.96,199,Ahmedabad,GJ,6313.76,2023-08,2023,Zoe Brown,Other,Corporate,Bangalore,KA,46.0,PROD174,2.0,1926.74,6.2,3614.56,Nike Science 291,Sports,History,Harpercollins,39.93
ORD00828,CUST0784,2023-08-28,2023-08-29,Delivered,Net Banking,Online,9196.72,3081.96,199,Ahmedabad,GJ,6313.76,2023-08,2023,Zoe Brown,Other,Corporate,Bangalore,KA,46.0,PROD148,6.0,890.51,33.0,3579.85,Samsung Jacket 758,Home & Kitchen,Jeans,Apple,47.56
ORD00828,CUST0784,2023-08-28,2023-08-29,Delivered,Net Banking,Online,9196.72,3081.96,199,Ahmedabad,GJ,6313.76,2023-08,2023,Zoe Brown,Other,Corporate,Bangalore,KA,46.0,PROD069,3.0,705.42,11.9,1864.43,Adidas Bedding 631,Clothing,Furniture,Nike,13.52
ORD00830,CUST0940,2023-08-29,2023-09-05,Pending,Credit Card,Mobile App,33620.92,5666.25,0,Mumbai,KA,27954.67,2023-08,2023,Tina Johnson,Male,Home Office,Delhi,DL,46.0,PROD176,9.0,273.17,18.1,2013.54,Nike Jacket 282,Electronics,Shoes,Puma,11.71
ORD00832,CUST0400,2023-08-31,2023-09-02,Pending,Cod,Online,3555.22,1008.03,49,Hyderabad,NSW,2596.19,2023-08,2023,Eve Shah,Female,Home Office,New York,NY,26.0,PROD171,2.0,4005.09,1.7,7874.01,Nike Cricket 448,Clothing,Cycling,Lg,54.33
ORD00833,CUST0451,2023-08-31,2023-09-03,Returned,Wallet,Mobile App,1731.57,277.97,199,New York,WB,1652.6,2023-08,2023,Yara Harris,Other,Corporate,Ahmedabad,GJ,42.0,PROD113,7.0,4568.93,17.6,26353.59,Nike Laptop 971,Home & Kitchen,Tablet,Lg,26.98
ORD00833,CUST0451,2023-08-31,2023-09-03,Returned,Wallet,Mobile App,1731.57,277.97,199,New York,WB,1652.6,2023-08,2023,Yara Harris,Other,Corporate,Ahmedabad,GJ,42.0,PROD164,5.0,1203.03,26.8,4403.09,Lg Camera 401,Home & Kitchen,Camera,Nike,58.81
ORD00834,CUST0960,2023-09-01,2023-09-02,Returned,Wallet,Mobile App,13156.54,2466.73,99,Surat,NY,10788.81,2023-09,2023,Uma Wilson,Female,Corporate,Bangalore,KA,46.0,,,,,,,,,,
ORD00835,CUST0035,2023-02-09,2023-09-06,Delivered,Net Banking,Online,45933.84,3735.49,99,Ahmedabad,WB,42297.35,2023-02,2023,Steve White,Male,Consumer,Pune,MH,23.0,PROD119,6.0,3977.83,23.8,18186.64,Sony Appliances 233,Clothing,Appliances,Reebok,12.98
ORD00835,CUST0035,2023-02-09,2023-09-06,Delivered,Net Banking,Online,45933.84,3735.49,99,Ahmedabad,WB,42297.35,2023-02,2023,Steve White,Male,Consumer,Pune,MH,23.0,PROD111,4.0,4024.77,37.5,10061.92,Samsung Shoes 988,Sports,T-Shirt,Nike,58.48
ORD00836,CUST0441,2023-09-02,2023-09-08,Delivered,Cod,Online,10430.1,2052.63,0,Bangalore,ON,8377.47,2023-09,2023,Diana  Brown,Other,Consumer,Mumbai,MH,46.0,PROD060,4.0,275.02,38.2,679.85,Penguin Laptop 245,Home & Kitchen,Mobile,Reebok,56.7
ORD00837,CUST0007,2023-09-03,2023-09-09,Cancelled,Upi,Mobile App,28565.71,5393.13,0,London,RJ,23172.58,2023-09,2023,,,,,,,PROD113,8.0,3751.0,28.5,21455.72,Nike Laptop 971,Home & Kitchen,Tablet,Lg,26.98
ORD00837,CUST0007,2023-09-03,2023-09-09,Cancelled,Upi,Mobile App,28565.71,5393.13,0,London,RJ,23172.58,2023-09,2023,,,,,,,PROD041,10.0,1531.95,2.1,14997.79,Nike Cookware 488,Books,Cookware,Samsung,33.81
ORD00837,CUST0007,2023-09-03,2023-09-09,Cancelled,Upi,Mobile App,28565.71,5393.13,0,London,RJ,23172.58,2023-09,2023,,,,,,,PROD097,8.0,4968.95,29.6,27985.13,Apple Appliances 474,Home & Kitchen,Lighting,Apple,35.67
ORD00838,CUST0375,2023-09-04,2023-09-11,Returned,Cod,Online,48517.93,13796.18,149,Kolkata,GJ,34870.75,2023-09,2023,Priya Shah,Other,Corporate,Hyderabad,TS,46.0,PROD185,1.0,2577.09,16.5,2151.87,Philips Headphones 478,Home & Kitchen,Smartwatch,Lg,39.49
ORD00840,CUST0573,2023-09-05,2023-09-12,Shipped,Net Banking,In-Store,49746.24,9846.87,49,Bangalore,NSW,39948.37,2023-09,2023,Mia Anderson,Other,Corporate,Kolkata,WB,46.0,PROD014,10.0,1598.4,13.7,13794.19,Sony Science 117,Electronics,Science,Reebok,39.2
ORD00841,CUST0657,2023-09-06,2023-09-11,Cancelled,Wallet,In-Store,18306.87,5702.08,49,Delhi,GJ,12653.79,2023-09,2023,Mia Brown,Other,Consumer,Toronto,ON,46.0,,,,,,,,,,
ORD00842,CUST0104,2023-07-09,2023-09-14,Cancelled,Credit Card,Online,13267.09,4717.63,49,Delhi,NY,8598.46,2023-07,2023,Amit Brown,Female,Consumer,London,LDN,38.0,,,,,,,,,,
ORD00843,CUST0490,2023-09-08,2023-09-09,Shipped,Net Banking,In-Store,6513.93,6.81,0,Surat,TS,6507.12,2023-09,2023,Diana Harris,Other,Home Office,Pune,MH,46.0,PROD133,5.0,284.0,30.0,994.0,Nike Swimming 562,Books,Football,Puma,14.61
ORD00843,CUST0490,2023-09-08,2023-09-09,Shipped,Net Banking,In-Store,6513.93,6.81,0,Surat,TS,6507.12,2023-09,2023,Diana Harris,Other,Home Office,Pune,MH,46.0,PROD120,8.0,3158.85,28.8,17992.81,Sony Shoes 445,Electronics,Saree,Nike,17.95
ORD00844,CUST0894,2023-08-09,2023-09-13,Returned,Wallet,In-Store,32925.67,273.82,149,Pune,GJ,32800.85,2023-08,2023,Priya Jackson,Female,Corporate,Mumbai,MH,46.0,,,,,,,,,,
ORD00845,CUST0235,2023-09-09,2023-09-11,Returned,Upi,In-Store,33360.33,5030.61,0,Kolkata,ON,28329.72,2023-09,2023,Grace Walker,Other,Home Office,Bangalore,KA,46.0,PROD027,5.0,1637.85,30.0,5732.48,Harpercollins Saree 716,Home & Kitchen,Saree,Apple,18.1
ORD00846,CUST0845,2023-09-10,2023-09-16,Returned,Wallet,Online,28017.97,3787.14,49,New York,ON,24279.83,2023-09,2023,Steve Shah,Female,Home Office,Mumbai,MH,70.0,PROD169,8.0,1479.78,16.2,9920.45,Puma Jeans 987,Books,Dress,Harpercollins,30.55
ORD00848,CUST0474,2023-09-11,2023-09-13,Delivered,Upi,Online,34834.09,2760.91,49,Toronto,MH,32122.18,2023-09,2023,Charlie Shah,Male,Consumer,Delhi,DL,39.0,PROD034,5.0,1576.09,28.9,5603.0,Lg Smartwatch 275,Sports,Laptop,Samsung,38.13
ORD00849,CUST0623,2023-09-12,2023-09-19,Cancelled,Cod,Mobile App,32807.19,2848.59,199,London,ON,30157.6,2023-09,2023,Steve Martin,Other,Consumer,Sydney,NSW,42.0,PROD019,4.0,568.2,14.3,1947.79,Philips Cycling 881,Books,Swimming,Nike,33.52
ORD00849,CUST0623,2023-09-12,2023-09-19,Cancelled,Cod,Mobile App,32807.19,2848.59,199,London,ON,30157.6,2023-09,2023,Steve Martin,Other,Consumer,Sydney,NSW,42.0,PROD117,2.0,1896.97,35.8,2435.71,Philips Shoes 833,Home & Kitchen,Jacket,Penguin,53.82
ORD00850,CUST0129,2023-09-13,2023-09-16,Delivered,Net Banking,In-Store,10118.54,52.06,0,Surat,TN,10066.48,2023-09,2023,Xander Anderson,Female,Consumer,Jaipur,RJ,55.0,PROD080,10.0,1062.82,5.3,10064.91,Samsung Dress 334,Sports,Shoes,Apple,33.19
ORD00850,CUST0129,2023-09-13,2023-09-16,Delivered,Net Banking,In-Store,10118.54,52.06,0,Surat,TN,10066.48,2023-09,2023,Xander Anderson,Female,Consumer,Jaipur,RJ,55.0,PROD146,7.0,2587.44,17.6,14924.35,Samsung Comics 644,Books,Comics,Samsung,20.71
ORD00850,CUST0129,2023-09-13,2023-09-16,Delivered,Net Banking,In-Store,10118.54,52.06,0,Surat,TN,10066.48,2023-09,2023,Xander Anderson,Female,Consumer,Jaipur,RJ,55.0,PROD041,9.0,333.9,24.4,2271.86,Nike Cookware 488,Books,Cookware,Samsung,33.81
ORD00850,CUST0129,2023-09-13,2023-09-16,Delivered,Net Banking,In-Store,10118.54,52.06,0,Surat,TN,10066.48,2023-09,2023,Xander Anderson,Female,Consumer,Jaipur,RJ,55.0,PROD053,8.0,4957.44,7.0,36883.35,Samsung Non-Fiction 984,Books,Non-Fiction,Harpercollins,58.1
ORD00851,CUST0122,2023-09-13,2023-09-16,Cancelled,Net Banking,In-Store,2715.52,891.51,199,Kolkata,NY,2023.01,2023-09,2023,Iris  Lee,Other,Home Office,Sydney,NSW,63.0,PROD064,5.0,4591.7,0.8,22774.83,Apple Laptop 953,Clothing,Camera,Harpercollins,39.99
ORD00852,CUST0902,2023-09-14,2023-09-20,Delivered,Debit Card,Online,26099.95,7591.1,99,Hyderabad,ON,18607.85,2023-09,2023,Alice Williams,Female,Consumer,Jaipur,RJ,18.0,PROD079,4.0,3726.79,7.8,13744.4,Prestige Science 518,Sports,Non-Fiction,Apple,45.47
ORD00852,CUST0902,2023-09-14,2023-09-20,Delivered,Debit Card,Online,26099.95,7591.1,99,Hyderabad,ON,18607.85,2023-09,2023,Alice Williams,Female,Consumer,Jaipur,RJ,18.0,PROD076,6.0,847.07,14.3,4355.63,Apple Swimming 348,Books,Cricket,Apple,56.86
ORD00852,CUST0902,2023-09-14,2023-09-20,Delivered,Debit Card,Online,26099.95,7591.1,99,Hyderabad,ON,18607.85,2023-09,2023,Alice Williams,Female,Consumer,Jaipur,RJ,18.0,PROD054,4.0,1018.12,14.7,3473.83,Puma Yoga 622,Books,Swimming,Apple,14.74
ORD00852,CUST0902,2023-09-14,2023-09-20,Delivered,Debit Card,Online,26099.95,7591.1,99,Hyderabad,ON,18607.85,2023-09,2023,Alice Williams,Female,Consumer,Jaipur,RJ,18.0,PROD134,3.0,3654.53,0.0,10963.59,Sony History 898,Clothing,Fiction,Lg,46.08
ORD00853,CUST0735,2023-09-15,2023-09-19,Cancelled,Wallet,Mobile App,2338.26,492.65,49,Kolkata,MH,1894.61,2023-09,2023,Yara  Smith,Male,Corporate,Bangalore,KA,27.0,,,,,,,,,,
ORD00854,CUST0125,2023-09-16,2023-09-20,Shipped,Credit Card,In-Store,3317.0,721.45,199,Mumbai,TS,2794.55,2023-09,2023,Sneha Williams,Other,Corporate,Ahmedabad,GJ,46.0,PROD148,10.0,1536.15,31.9,10461.18,Samsung Jacket 758,Home & Kitchen,Jeans,Apple,47.56
ORD00854,CUST0125,2023-09-16,2023-09-20,Shipped,Credit Card,In-Store,3317.0,721.45,199,Mumbai,TS,2794.55,2023-09,2023,Sneha Williams,Other,Corporate,Ahmedabad,GJ,46.0,PROD120,5.0,2334.12,20.1,9324.81,Sony Shoes 445,Electronics,Saree,Nike,17.95
ORD00854,CUST0125,2023-09-16,2023-09-20,Shipped,Credit Card,In-Store,3317.0,721.45,199,Mumbai,TS,2794.55,2023-09,2023,Sneha Williams,Other,Corporate,Ahmedabad,GJ,46.0,PROD125,9.0,371.31,23.8,2546.44,Prestige Self-Help 619,Electronics,Self-Help,Philips,28.66
ORD00855,CUST0398,2023-09-16,2023-09-23,Pending,Net Banking,Mobile App,2623.56,776.15,0,Ahmedabad,ON,1847.41,2023-09,2023,Olivia Thomas,Female,Home Office,Jaipur,RJ,46.0,PROD120,10.0,4392.22,20.2,35049.92,Sony Shoes 445,Electronics,Saree,Nike,17.95
ORD00855,CUST0398,2023-09-16,2023-09-23,Pending,Net Banking,Mobile App,2623.56,776.15,0,Ahmedabad,ON,1847.41,2023-09,2023,Olivia Thomas,Female,Home Office,Jaipur,RJ,46.0,PROD036,4.0,1485.75,18.5,4843.54,Apple Headphones 657,Clothing,Laptop,Philips,40.54
ORD00856,CUST0140,2023-09-17,2023-09-18,Returned,Upi,Online,31704.53,5290.33,0,Ahmedabad,TN,26414.2,2023-09,2023,Tina Williams,Female,Home Office,Chennai,TN,49.0,PROD118,7.0,803.7,4.5,5372.73,Philips Tablet 619,Books,Camera,Samsung,55.89
ORD00856,CUST0140,2023-09-17,2023-09-18,Returned,Upi,Online,31704.53,5290.33,0,Ahmedabad,TN,26414.2,2023-09,2023,Tina Williams,Female,Home Office,Chennai,TN,49.0,PROD115,10.0,2285.77,5.8,21531.95,Philips Running 335,Home & Kitchen,Yoga,Philips,15.67
ORD00857,CUST0348,2023-09-18,2023-09-19,Delivered,Debit Card,Online,8602.64,3152.66,0,Chennai,RJ,5449.98,2023-09,2023,Pooja Thomas,Female,Home Office,Ahmedabad,GJ,46.0,PROD145,9.0,3014.15,9.2,24631.63,Reebok Smartwatch 139,Books,Headphones,Sony,11.99
ORD00857,CUST0348,2023-09-18,2023-09-19,Delivered,Debit Card,Online,8602.64,3152.66,0,Chennai,RJ,5449.98,2023-09,2023,Pooja Thomas,Female,Home Office,Ahmedabad,GJ,46.0,PROD043,8.0,1997.08,16.6,13324.52,Puma Mobile 944,Clothing,Headphones,Sony,23.91
ORD00857,CUST0348,2023-09-18,2023-09-19,Delivered,Debit Card,Online,8602.64,3152.66,0,Chennai,RJ,5449.98,2023-09,2023,Pooja Thomas,Female,Home Office,Ahmedabad,GJ,46.0,PROD171,8.0,1163.61,32.2,6311.42,Nike Cricket 448,Clothing,Cycling,Lg,54.33
ORD00858,CUST0026,2023-09-19,2023-09-20,Delivered,Wallet,Online,7102.49,389.52,149,New York,DL,6861.97,2023-09,2023,,,,,,,PROD063,6.0,379.77,11.7,2012.02,Penguin Mobile 291,Electronics,Camera,Prestige,50.83
ORD00858,CUST0026,2023-09-19,2023-09-20,Delivered,Wallet,Online,7102.49,389.52,149,New York,DL,6861.97,2023-09,2023,,,,,,,PROD120,8.0,2975.74,13.6,20568.31,Sony Shoes 445,Electronics,Saree,Nike,17.95
ORD00859,CUST0403,2023-09-19,2023-09-25,Pending,Cod,Online,49208.69,14979.76,99,Pune,ON,34327.93,2023-09,2023,Karen  Thompson,Male,Home Office,Kolkata,WB,56.0,,,,,,,,,,
ORD00860,CUST0715,2023-09-20,2023-09-23,Returned,Wallet,In-Store,49071.5,15096.43,0,Surat,GJ,33975.07,2023-09,2023,,,,,,,PROD181,7.0,4815.82,1.8,33103.95,Lg Self-Help 722,Clothing,Comics,Harpercollins,55.84
ORD00860,CUST0715,2023-09-20,2023-09-23,Returned,Wallet,In-Store,49071.5,15096.43,0,Surat,GJ,33975.07,2023-09,2023,,,,,,,PROD189,8.0,1982.36,25.3,11846.58,Samsung Shoes 428,Books,Shoes,Apple,40.01
ORD00860,CUST0715,2023-09-20,2023-09-23,Returned,Wallet,In-Store,49071.5,15096.43,0,Surat,GJ,33975.07,2023-09,2023,,,,,,,PROD197,1.0,1313.85,39.2,798.82,Apple Cycling 713,Books,Cricket,Samsung,43.22
ORD00863,CUST0571,2023-09-22,2023-09-24,Delivered,Wallet,Online,46500.44,11246.79,199,London,GJ,35452.65,2023-09,2023,Iris Taylor,Male,Consumer,Ahmedabad,GJ,52.0,PROD133,3.0,2535.66,24.9,5712.84,Nike Swimming 562,Books,Football,Puma,14.61
ORD00863,CUST0571,2023-09-22,2023-09-24,Delivered,Wallet,Online,46500.44,11246.79,199,London,GJ,35452.65,2023-09,2023,Iris Taylor,Male,Consumer,Ahmedabad,GJ,52.0,PROD180,2.0,1146.72,36.8,1449.45,Apple Comics 327,Electronics,Science,Apple,59.6
ORD00863,CUST0571,2023-09-22,2023-09-24,Delivered,Wallet,Online,46500.44,11246.79,199,London,GJ,35452.65,2023-09,2023,Iris Taylor,Male,Consumer,Ahmedabad,GJ,52.0,PROD036,9.0,363.31,16.8,2720.47,Apple Headphones 657,Clothing,Laptop,Philips,40.54
ORD00864,CUST0628,2023-09-23,2023-09-24,Returned,Wallet,Online,4823.76,1127.85,0,Toronto,LDN,3695.91,2023-09,2023,Sneha Taylor,Female,Home Office,Pune,MH,46.0,PROD199,1.0,3947.94,23.2,3032.02,Adidas Swimming 953,Home & Kitchen,Cricket,Adidas,9.45
ORD00864,CUST0628,2023-09-23,2023-09-24,Returned,Wallet,Online,4823.76,1127.85,0,Toronto,LDN,3695.91,2023-09,2023,Sneha Taylor,Female,Home Office,Pune,MH,46.0,PROD019,3.0,3805.91,15.9,9602.31,Philips Cycling 881,Books,Swimming,Nike,33.52
ORD00864,CUST0628,2023-09-23,2023-09-24,Returned,Wallet,Online,4823.76,1127.85,0,Toronto,LDN,3695.91,2023-09,2023,Sneha Taylor,Female,Home Office,Pune,MH,46.0,PROD100,5.0,4519.59,3.7,21761.83,Sony History 683,Sports,Comics,Puma,56.77
ORD00864,CUST0628,2023-09-23,2023-09-24,Returned,Wallet,Online,4823.76,1127.85,0,Toronto,LDN,3695.91,2023-09,2023,Sneha Taylor,Female,Home Office,Pune,MH,46.0,PROD147,3.0,982.8,4.1,2827.52,Lg Appliances 636,Books,Bedding,Penguin,31.75
ORD00865,CUST0193,2023-09-24,2023-09-29,Returned,Debit Card,Online,21167.32,1970.94,149,Surat,RJ,19345.38,2023-09,2023,Bob Lee,Female,Home Office,Kolkata,WB,44.0,PROD090,6.0,3112.01,27.3,13574.59,Samsung T-Shirt 473,Sports,Shoes,Samsung,56.49
ORD00866,CUST0957,2023-09-24,2023-09-26,Returned,Credit Card,In-Store,1536.2,447.63,149,New York,GJ,1237.57,2023-09,2023,Victor Brown,Male,Home Office,Delhi,DL,46.0,PROD129,8.0,4181.69,20.0,26762.82,Nike Decor 511,Home & Kitchen,Decor,Sony,54.86
ORD00866,CUST0957,2023-09-24,2023-09-26,Returned,Credit Card,In-Store,1536.2,447.63,149,New York,GJ,1237.57,2023-09,2023,Victor Brown,Male,Home Office,Delhi,DL,46.0,PROD191,2.0,2199.14,25.3,3285.52,Prestige Dress 944,Home & Kitchen,Jeans,Apple,48.89
ORD00866,CUST0957,2023-09-24,2023-09-26,Returned,Credit Card,In-Store,1536.2,447.63,149,New York,GJ,1237.57,2023-09,2023,Victor Brown,Male,Home Office,Delhi,DL,46.0,PROD088,2.0,3246.25,28.6,4635.64,Reebok Furniture 514,Home & Kitchen,Appliances,Prestige,15.84
ORD00867,CUST0898,2023-09-25,2023-10-02,Cancelled,Upi,Online,34534.95,1357.83,149,Delhi,GJ,33326.12,2023-09,2023,Grace Harris,Female,Consumer,Pune,MH,39.0,PROD131,9.0,2802.95,35.9,16170.22,Adidas Camera 887,Clothing,Headphones,Adidas,50.24
ORD00868,CUST0380,2023-09-26,2023-09-28,Shipped,Wallet,Mobile App,6350.74,1348.31,49,Surat,KA,5051.43,2023-09,2023,Rachel Martin,Female,Corporate,Ahmedabad,GJ,43.0,PROD055,2.0,2324.34,38.4,2863.59,Samsung Laptop 541,Electronics,Smartwatch,Adidas,19.97
ORD00868,CUST0380,2023-09-26,2023-09-28,Shipped,Wallet,Mobile App,6350.74,1348.31,49,Surat,KA,5051.43,2023-09,2023,Rachel Martin,Female,Corporate,Ahmedabad,GJ,43.0,PROD138,7.0,206.65,11.0,1287.43,Penguin History 493,Home & Kitchen,Self-Help,Prestige,40.86
ORD00870,CUST0270,2023-09-27,2023-09-29,Pending,Credit Card,Mobile App,43966.98,13758.44,49,Bangalore,WB,30257.54,2023-09,2023,Jack Lee,Female,Home Office,Delhi,DL,64.0,PROD084,5.0,2031.64,35.3,6572.36,Philips Comics 538,Electronics,Non-Fiction,Reebok,22.29
ORD00871,CUST0403,2023-09-28,2023-10-01,Returned,Credit Card,Online,29647.01,2182.91,149,Bangalore,NSW,27613.1,2023-09,2023,Karen  Thompson,Male,Home Office,Kolkata,WB,56.0,PROD126,10.0,4315.9,39.7,26024.88,Reebok Cricket 811,Electronics,Cycling,Philips,41.97
ORD00872,CUST0310,2023-09-29,2023-10-01,Delivered,Credit Card,Online,34587.38,154.86,49,Mumbai,GJ,34481.52,2023-09,2023,Sneha Williams,Other,Corporate,Surat,GJ,42.0,PROD175,2.0,3821.39,7.3,7084.86,Penguin Dress 839,Books,Shoes,Sony,51.37
ORD00872,CUST0310,2023-09-29,2023-10-01,Delivered,Credit Card,Online,34587.38,154.86,49,Mumbai,GJ,34481.52,2023-09,2023,Sneha Williams,Other,Corporate,Surat,GJ,42.0,PROD162,9.0,85.64,21.3,606.59,Puma History 707,Home & Kitchen,Comics,Prestige,21.51
ORD00872,CUST0310,2023-09-29,2023-10-01,Delivered,Credit Card,Online,34587.38,154.86,49,Mumbai,GJ,34481.52,2023-09,2023,Sneha Williams,Other,Corporate,Surat,GJ,42.0,PROD138,9.0,1992.03,22.9,13822.7,Penguin History 493,Home & Kitchen,Self-Help,Prestige,40.86
ORD00873,CUST0411,2023-09-29,2023-10-01,Cancelled,Cod,Mobile App,47485.16,18794.83,99,Pune,KA,28789.33,2023-09,2023,Bob Thomas,Other,Home Office,Chennai,TN,23.0,,,,,,,,,,
ORD00874,CUST0214,2023-09-30,2023-10-06,Delivered,Credit Card,In-Store,32077.11,0.0,199,Sydney,TS,32276.11,2023-09,2023,Quinn Anderson,Male,Consumer,Delhi,DL,53.0,PROD001,7.0,4674.64,38.5,20124.33,Lg Laptop 149,Home & Kitchen,Smartwatch,Sony,54.08
ORD00874,CUST0214,2023-09-30,2023-10-06,Delivered,Credit Card,In-Store,32077.11,0.0,199,Sydney,TS,32276.11,2023-09,2023,Quinn Anderson,Male,Consumer,Delhi,DL,53.0,PROD064,2.0,4241.42,16.7,7066.21,Apple Laptop 953,Clothing,Camera,Harpercollins,39.99
ORD00874,CUST0214,2023-09-30,2023-10-06,Delivered,Credit Card,In-Store,32077.11,0.0,199,Sydney,TS,32276.11,2023-09,2023,Quinn Anderson,Male,Consumer,Delhi,DL,53.0,PROD013,4.0,2991.78,8.0,11009.75,Lg Mobile 752,Clothing,Smartwatch,Apple,46.62
ORD00874,CUST0214,2023-09-30,2023-10-06,Delivered,Credit Card,In-Store,32077.11,0.0,199,Sydney,TS,32276.11,2023-09,2023,Quinn Anderson,Male,Consumer,Delhi,DL,53.0,PROD109,7.0,3655.56,35.3,16556.03,Adidas Lighting 738,Electronics,Bedding,Samsung,54.83
ORD00875,CUST0840,2023-01-10,2023-10-07,Pending,Credit Card,Mobile App,29080.93,2813.14,99,Sydney,GJ,26366.79,2023-01,2023,Karen  Garcia,Other,Corporate,London,LDN,43.0,,,,,,,,,,
ORD00876,CUST0607,2023-10-02,2023-10-04,Pending,Credit Card,In-Store,16240.6,4043.82,149,Sydney,MH,12345.78,2023-10,2023,Nick Wilson,Female,Consumer,Toronto,ON,54.0,,,,,,,,,,
ORD00877,CUST0548,2023-10-02,2023-10-08,Returned,Upi,Online,48729.12,16293.96,149,Delhi,TS,32584.16,2023-10,2023,Peter Wilson,Female,Corporate,Hyderabad,TS,46.0,PROD166,5.0,3819.62,18.1,15641.34,Prestige Non-Fiction 799,Books,Non-Fiction,Lg,32.2
ORD00877,CUST0548,2023-10-02,2023-10-08,Returned,Upi,Online,48729.12,16293.96,149,Delhi,TS,32584.16,2023-10,2023,Peter Wilson,Female,Corporate,Hyderabad,TS,46.0,PROD167,5.0,1968.86,28.2,7068.21,Penguin Saree 689,Home & Kitchen,T-Shirt,Apple,49.15
ORD00877,CUST0548,2023-10-02,2023-10-08,Returned,Upi,Online,48729.12,16293.96,149,Delhi,TS,32584.16,2023-10,2023,Peter Wilson,Female,Corporate,Hyderabad,TS,46.0,PROD131,2.0,3020.23,36.4,3841.73,Adidas Camera 887,Clothing,Headphones,Adidas,50.24
ORD00877,CUST0548,2023-10-02,2023-10-08,Returned,Upi,Online,48729.12,16293.96,149,Delhi,TS,32584.16,2023-10,2023,Peter Wilson,Female,Corporate,Hyderabad,TS,46.0,PROD176,1.0,1996.08,29.2,1413.22,Nike Jacket 282,Electronics,Shoes,Puma,11.71
ORD00877,CUST0548,2023-10-02,2023-10-08,Returned,Upi,Online,48729.12,16293.96,149,Delhi,TS,32584.16,2023-10,2023,Peter Wilson,Female,Corporate,Hyderabad,TS,46.0,PROD133,4.0,1702.32,11.2,6046.64,Nike Swimming 562,Books,Football,Puma,14.61
ORD00879,CUST0611,2023-10-04,2023-10-07,Shipped,Cod,In-Store,45930.96,17291.91,99,Pune,RJ,28738.05,2023-10,2023,Peter Thompson,Male,Consumer,Ahmedabad,GJ,46.0,PROD077,10.0,376.49,7.3,3490.06,Nike Laptop 968,Home & Kitchen,Smartwatch,Adidas,58.83
ORD00879,CUST0611,2023-10-04,2023-10-07,Shipped,Cod,In-Store,45930.96,17291.91,99,Pune,RJ,28738.05,2023-10,2023,Peter Thompson,Male,Consumer,Ahmedabad,GJ,46.0,PROD024,4.0,176.53,31.1,486.52,Apple History 842,Books,Fiction,Nike,43.62
ORD00879,CUST0611,2023-10-04,2023-10-07,Shipped,Cod,In-Store,45930.96,17291.91,99,Pune,RJ,28738.05,2023-10,2023,Peter Thompson,Male,Consumer,Ahmedabad,GJ,46.0,PROD012,1.0,1438.79,25.7,1069.02,Nike Fiction 847,Books,Self-Help,Lg,50.71
ORD00880,CUST0459,2023-10-05,2023-10-08,Shipped,Upi,Mobile App,44607.89,13930.3,99,Kolkata,DL,30776.59,2023-10,2023,Mia Jackson,Female,Corporate,Ahmedabad,GJ,54.0,PROD082,5.0,4179.67,3.2,20229.6,Samsung Lighting 904,Books,Furniture,Nike,29.28
ORD00880,CUST0459,2023-10-05,2023-10-08,Shipped,Upi,Mobile App,44607.89,13930.3,99,Kolkata,DL,30776.59,2023-10,2023,Mia Jackson,Female,Corporate,Ahmedabad,GJ,54.0,PROD028,7.0,3347.09,16.3,19610.6,Apple Science 123,Clothing,History,Samsung,55.38
ORD00880,CUST0459,2023-10-05,2023-10-08,Shipped,Upi,Mobile App,44607.89,13930.3,99,Kolkata,DL,30776.59,2023-10,2023,Mia Jackson,Female,Corporate,Ahmedabad,GJ,54.0,PROD124,1.0,3908.8,23.3,2998.05,Sony Science 562,Electronics,Self-Help,Harpercollins,42.34
ORD00881,CUST0016,2023-05-10,2023-10-09,Shipped,Credit Card,Online,28625.69,10916.66,49,Chennai,DL,17758.03,2023-05,2023,Arjun Martin,Female,Consumer,Chennai,TN,46.0,,,,,,,,,,
ORD00882,CUST0105,2023-06-10,2023-06-13,Delivered,Upi,In-Store,17688.73,2805.3,0,Sydney,NY,14883.43,2023-06,2023,,,,,,,,,,,,,,,,
ORD00883,CUST0962,2023-10-07,2023-10-08,Cancelled,Debit Card,In-Store,32449.53,10922.69,99,London,TN,21625.84,2023-10,2023,Arjun Jackson,Female,Consumer,Delhi,DL,46.0,PROD138,4.0,4056.14,9.2,14731.9,Penguin History 493,Home & Kitchen,Self-Help,Prestige,40.86
ORD00885,CUST0679,2023-08-10,2023-10-12,Shipped,Wallet,In-Store,13561.51,3818.95,49,Surat,DL,9791.56,2023-08,2023,Nick Shah,Other,Corporate,Mumbai,MH,46.0,PROD115,10.0,502.44,19.7,4034.59,Philips Running 335,Home & Kitchen,Yoga,Philips,15.67
ORD00885,CUST0679,2023-08-10,2023-10-12,Shipped,Wallet,In-Store,13561.51,3818.95,49,Surat,DL,9791.56,2023-08,2023,Nick Shah,Other,Corporate,Mumbai,MH,46.0,PROD062,7.0,4237.56,9.5,26844.94,Samsung Cycling 783,Home & Kitchen,Football,Adidas,26.61
ORD00886,CUST0644,2023-09-10,2023-09-13,Cancelled,Wallet,Online,41780.01,8210.19,149,London,RJ,33718.82,2023-09,2023,Quinn Patel,Male,Corporate,London,LDN,46.0,PROD176,4.0,2418.36,11.5,8560.99,Nike Jacket 282,Electronics,Shoes,Puma,11.71
ORD00886,CUST0644,2023-09-10,2023-09-13,Cancelled,Wallet,Online,41780.01,8210.19,149,London,RJ,33718.82,2023-09,2023,Quinn Patel,Male,Corporate,London,LDN,46.0,PROD107,5.0,1839.38,2.5,8966.98,Penguin Shoes 647,Electronics,Jeans,Harpercollins,43.39
ORD00886,CUST0644,2023-09-10,2023-09-13,Cancelled,Wallet,Online,41780.01,8210.19,149,London,RJ,33718.82,2023-09,2023,Quinn Patel,Male,Corporate,London,LDN,46.0,PROD110,7.0,3097.78,0.4,21597.72,Harpercollins Shoes 395,Books,Jeans,Reebok,40.0
ORD00887,CUST0662,2023-10-10,2023-10-12,Returned,Cod,Online,32163.77,9957.15,199,New York,WB,22405.62,2023-10,2023,Tina Lee,Female,Home Office,Delhi,DL,46.0,PROD070,2.0,2026.86,100.0,0.0,Nike Lighting 275,Clothing,Cookware,Puma,51.4
ORD00887,CUST0662,2023-10-10,2023-10-12,Returned,Cod,Online,32163.77,9957.15,199,New York,WB,22405.62,2023-10,2023,Tina Lee,Female,Home Office,Delhi,DL,46.0,PROD089,1.0,1826.12,10.7,1630.73,Penguin Football 980,Electronics,Football,Nike,31.17
ORD00888,CUST0336,2023-10-10,2023-10-14,Shipped,Credit Card,Online,36581.21,2193.78,0,Ahmedabad,ON,34387.43,2023-10,2023,Mia Lee,Male,Corporate,New York,NY,20.0,PROD152,1.0,120.78,39.7,72.83,Nike Fiction 779,Sports,Non-Fiction,Sony,30.74
ORD00888,CUST0336,2023-10-10,2023-10-14,Shipped,Credit Card,Online,36581.21,2193.78,0,Ahmedabad,ON,34387.43,2023-10,2023,Mia Lee,Male,Corporate,New York,NY,20.0,PROD068,7.0,3085.46,25.1,16177.07,Nike T-Shirt 743,Home & Kitchen,Jacket,Apple,49.93
ORD00888,CUST0336,2023-10-10,2023-10-14,Shipped,Credit Card,Online,36581.21,2193.78,0,Ahmedabad,ON,34387.43,2023-10,2023,Mia Lee,Male,Corporate,New York,NY,20.0,PROD069,6.0,1182.02,22.5,5496.39,Adidas Bedding 631,Clothing,Furniture,Nike,13.52
ORD00888,CUST0336,2023-10-10,2023-10-14,Shipped,Credit Card,Online,36581.21,2193.78,0,Ahmedabad,ON,34387.43,2023-10,2023,Mia Lee,Male,Corporate,New York,NY,20.0,PROD188,9.0,1689.25,39.4,9213.17,Puma Swimming 432,Books,Running,Puma,48.2
ORD00888,CUST0336,2023-10-10,2023-10-14,Shipped,Credit Card,Online,36581.21,2193.78,0,Ahmedabad,ON,34387.43,2023-10,2023,Mia Lee,Male,Corporate,New York,NY,20.0,PROD065,1.0,949.75,16.8,790.19,Nike Running 194,Books,Swimming,Reebok,30.97
ORD00888,CUST0336,2023-10-10,2023-10-14,Shipped,Credit Card,Online,36581.21,2193.78,0,Ahmedabad,ON,34387.43,2023-10,2023,Mia Lee,Male,Corporate,New York,NY,20.0,PROD175,9.0,2452.3,38.7,13529.34,Penguin Dress 839,Books,Shoes,Sony,51.37
ORD00888,CUST0336,2023-10-10,2023-10-14,Shipped,Credit Card,Online,36581.21,2193.78,0,Ahmedabad,ON,34387.43,2023-10,2023,Mia Lee,Male,Corporate,New York,NY,20.0,PROD138,10.0,4924.11,21.4,38703.5,Penguin History 493,Home & Kitchen,Self-Help,Prestige,40.86
ORD00889,CUST0370,2023-11-10,2023-10-13,Shipped,Net Banking,Mobile App,41797.1,604.03,99,Toronto,TS,41292.07,2023-11,2023,Mia White,Other,Corporate,Ahmedabad,GJ,20.0,PROD182,3.0,3500.76,31.8,7162.55,Samsung Running 478,Electronics,Football,Adidas,51.49
ORD00889,CUST0370,2023-11-10,2023-10-13,Shipped,Net Banking,Mobile App,41797.1,604.03,99,Toronto,TS,41292.07,2023-11,2023,Mia White,Other,Corporate,Ahmedabad,GJ,20.0,PROD163,4.0,1086.92,8.0,3999.87,Puma Furniture 243,Clothing,Cookware,Penguin,49.39
ORD00889,CUST0370,2023-11-10,2023-10-13,Shipped,Net Banking,Mobile App,41797.1,604.03,99,Toronto,TS,41292.07,2023-11,2023,Mia White,Other,Corporate,Ahmedabad,GJ,20.0,PROD137,4.0,1315.39,37.9,3267.43,Reebok Headphones 725,Sports,Smartwatch,Samsung,51.88
ORD00889,CUST0370,2023-11-10,2023-10-13,Shipped,Net Banking,Mobile App,41797.1,604.03,99,Toronto,TS,41292.07,2023-11,2023,Mia White,Other,Corporate,Ahmedabad,GJ,20.0,PROD133,1.0,1501.91,100.0,0.0,Nike Swimming 562,Books,Football,Puma,14.61
ORD00890,CUST0498,2023-12-10,2023-10-18,Cancelled,Upi,Mobile App,1245.59,329.62,199,Hyderabad,TN,1114.97,2023-12,2023,Eve Lee,Female,Corporate,Hyderabad,TS,46.0,PROD112,2.0,4576.91,23.0,7048.44,Samsung Mobile 229,Electronics,Camera,Philips,53.15
ORD00890,CUST0498,2023-12-10,2023-10-18,Cancelled,Upi,Mobile App,1245.59,329.62,199,Hyderabad,TN,1114.97,2023-12,2023,Eve Lee,Female,Corporate,Hyderabad,TS,46.0,PROD051,9.0,3706.45,35.4,21549.3,Harpercollins Fiction 843,Electronics,Comics,Adidas,47.6
ORD00891,CUST0006,2023-10-13,2023-10-19,Returned,Cod,In-Store,8186.34,2786.57,149,London,KA,5548.77,2023-10,2023,Xander Wilson,Female,Corporate,Hyderabad,TS,46.0,,,,,,,,,,
ORD00892,CUST0868,2023-10-13,2023-10-16,Cancelled,Wallet,Mobile App,31736.0,0.0,49,Jaipur,TN,31785.0,2023-10,2023,Yara Wilson,Other,Corporate,Surat,GJ,47.0,PROD194,9.0,3144.4,11.3,25101.75,Harpercollins Fiction 998,Electronics,Self-Help,Philips,26.4
ORD00892,CUST0868,2023-10-13,2023-10-16,Cancelled,Wallet,Mobile App,31736.0,0.0,49,Jaipur,TN,31785.0,2023-10,2023,Yara Wilson,Other,Corporate,Surat,GJ,47.0,PROD069,3.0,2770.56,7.2,7713.24,Adidas Bedding 631,Clothing,Furniture,Nike,13.52
ORD00892,CUST0868,2023-10-13,2023-10-16,Cancelled,Wallet,Mobile App,31736.0,0.0,49,Jaipur,TN,31785.0,2023-10,2023,Yara Wilson,Other,Corporate,Surat,GJ,47.0,PROD046,10.0,4735.63,20.5,37648.26,Penguin Camera 453,Clothing,Headphones,Sony,56.85
ORD00893,CUST0895,2023-10-14,2023-10-18,Delivered,Wallet,Online,31983.04,253.47,49,Toronto,DL,31778.57,2023-10,2023,Henry Walker,Other,Corporate,Toronto,ON,49.0,PROD023,4.0,4003.25,26.6,11753.54,Samsung T-Shirt 863,Clothing,Shoes,Harpercollins,44.46
ORD00893,CUST0895,2023-10-14,2023-10-18,Delivered,Wallet,Online,31983.04,253.47,49,Toronto,DL,31778.57,2023-10,2023,Henry Walker,Other,Corporate,Toronto,ON,49.0,PROD177,9.0,1217.98,2.1,10731.62,Nike Bedding 498,Sports,Decor,Nike,32.96
ORD00893,CUST0895,2023-10-14,2023-10-18,Delivered,Wallet,Online,31983.04,253.47,49,Toronto,DL,31778.57,2023-10,2023,Henry Walker,Other,Corporate,Toronto,ON,49.0,PROD025,5.0,3406.15,12.7,14867.84,Prestige Jacket 493,Home & Kitchen,Shoes,Nike,18.62
ORD00894,CUST0237,2023-10-15,2023-10-17,Returned,Wallet,Mobile App,45244.46,11785.43,149,New York,NSW,33608.03,2023-10,2023,Jack Shah,Female,Consumer,Jaipur,RJ,46.0,PROD198,1.0,173.79,18.3,141.99,Reebok Football 148,Clothing,Football,Nike,59.52
ORD00894,CUST0237,2023-10-15,2023-10-17,Returned,Wallet,Mobile App,45244.46,11785.43,149,New York,NSW,33608.03,2023-10,2023,Jack Shah,Female,Consumer,Jaipur,RJ,46.0,PROD039,2.0,4936.15,6.9,9191.11,Nike Jeans 794,Electronics,Saree,Lg,52.75
ORD00895,CUST0614,2023-10-16,2023-10-19,Cancelled,Debit Card,Mobile App,28753.46,4180.52,149,Surat,TS,24721.94,2023-10,2023,Tina Patel,Female,Home Office,Delhi,DL,46.0,PROD125,9.0,3143.89,39.1,17231.66,Prestige Self-Help 619,Electronics,Self-Help,Philips,28.66
ORD00895,CUST0614,2023-10-16,2023-10-19,Cancelled,Debit Card,Mobile App,28753.46,4180.52,149,Surat,TS,24721.94,2023-10,2023,Tina Patel,Female,Home Office,Delhi,DL,46.0,PROD197,1.0,3596.08,14.1,3089.03,Apple Cycling 713,Books,Cricket,Samsung,43.22
ORD00895,CUST0614,2023-10-16,2023-10-19,Cancelled,Debit Card,Mobile App,28753.46,4180.52,149,Surat,TS,24721.94,2023-10,2023,Tina Patel,Female,Home Office,Delhi,DL,46.0,PROD058,3.0,371.64,100.0,0.0,Prestige Science 951,Books,Fiction,Harpercollins,47.27
ORD00896,CUST0735,2023-10-16,2023-10-20,Pending,Credit Card,Mobile App,14485.19,144.17,99,Bangalore,MH,14440.02,2023-10,2023,Yara  Smith,Male,Corporate,Bangalore,KA,27.0,PROD036,8.0,4356.51,33.9,23037.22,Apple Headphones 657,Clothing,Laptop,Philips,40.54
ORD00896,CUST0735,2023-10-16,2023-10-20,Pending,Credit Card,Mobile App,14485.19,144.17,99,Bangalore,MH,14440.02,2023-10,2023,Yara  Smith,Male,Corporate,Bangalore,KA,27.0,PROD147,8.0,2508.43,24.7,15110.78,Lg Appliances 636,Books,Bedding,Penguin,31.75
ORD00896,CUST0735,2023-10-16,2023-10-20,Pending,Credit Card,Mobile App,14485.19,144.17,99,Bangalore,MH,14440.02,2023-10,2023,Yara  Smith,Male,Corporate,Bangalore,KA,27.0,PROD047,8.0,1442.37,11.2,10246.6,Puma Cookware 294,Sports,Appliances,Prestige,37.79
ORD00896,CUST0735,2023-10-16,2023-10-20,Pending,Credit Card,Mobile App,14485.19,144.17,99,Bangalore,MH,14440.02,2023-10,2023,Yara  Smith,Male,Corporate,Bangalore,KA,27.0,PROD153,9.0,851.72,30.9,5296.85,Nike Bedding 873,Clothing,Furniture,Nike,45.12
ORD00897,CUST0244,2023-10-17,2023-10-19,Shipped,Net Banking,Mobile App,4691.88,1204.88,99,Pune,LDN,3586.0,2023-10,2023,Mia  Patel,Other,Home Office,Pune,MH,46.0,PROD198,4.0,4648.88,4.6,17740.13,Reebok Football 148,Clothing,Football,Nike,59.52
ORD00897,CUST0244,2023-10-17,2023-10-19,Shipped,Net Banking,Mobile App,4691.88,1204.88,99,Pune,LDN,3586.0,2023-10,2023,Mia  Patel,Other,Home Office,Pune,MH,46.0,PROD141,3.0,4984.24,11.8,13188.3,Penguin Jacket 835,Clothing,Jacket,Prestige,56.67
ORD00898,CUST0257,2023-10-18,2023-10-19,Cancelled,Cod,Online,48055.45,7063.74,149,Mumbai,WB,41140.71,2023-10,2023,Bob Walker,Male,Consumer,Hyderabad,TS,28.0,PROD178,3.0,602.61,32.5,1220.29,Nike Camera 275,Sports,Camera,Samsung,44.67
ORD00898,CUST0257,2023-10-18,2023-10-19,Cancelled,Cod,Online,48055.45,7063.74,149,Mumbai,WB,41140.71,2023-10,2023,Bob Walker,Male,Consumer,Hyderabad,TS,28.0,PROD137,3.0,4094.87,34.4,8058.7,Reebok Headphones 725,Sports,Smartwatch,Samsung,51.88
ORD00899,CUST0678,2023-10-18,2023-10-24,Delivered,Wallet,In-Store,12860.04,3705.55,199,Mumbai,NSW,9353.49,2023-10,2023,Olivia  Anderson,Male,Home Office,Kolkata,WB,32.0,PROD007,2.0,3112.93,36.3,3965.87,Samsung Jacket 517,Clothing,Jacket,Apple,29.64
ORD00899,CUST0678,2023-10-18,2023-10-24,Delivered,Wallet,In-Store,12860.04,3705.55,199,Mumbai,NSW,9353.49,2023-10,2023,Olivia  Anderson,Male,Home Office,Kolkata,WB,32.0,PROD022,1.0,431.23,35.6,277.71,Lg Cookware 668,Home & Kitchen,Furniture,Philips,32.34
ORD00900,CUST0136,2023-10-19,2023-10-24,Returned,Upi,In-Store,18158.16,2207.52,99,Ahmedabad,MH,16049.64,2023-10,2023,Charlie Garcia,Female,Corporate,Pune,MH,55.0,PROD098,6.0,3221.08,12.4,16930.0,Samsung Science 652,Books,Fiction,Apple,45.81
ORD00900,CUST0136,2023-10-19,2023-10-24,Returned,Upi,In-Store,18158.16,2207.52,99,Ahmedabad,MH,16049.64,2023-10,2023,Charlie Garcia,Female,Corporate,Pune,MH,55.0,PROD002,9.0,3323.01,37.3,18751.75,Apple History 640,Sports,History,Adidas,48.12
ORD00901,CUST0487,2023-10-20,2023-10-23,Shipped,Cod,In-Store,3372.62,513.74,149,Pune,DL,3007.88,2023-10,2023,Xander Brown,Male,Consumer,Hyderabad,TS,65.0,PROD112,4.0,2495.1,100.0,0.0,Samsung Mobile 229,Electronics,Camera,Philips,53.15
ORD00901,CUST0487,2023-10-20,2023-10-23,Shipped,Cod,In-Store,3372.62,513.74,149,Pune,DL,3007.88,2023-10,2023,Xander Brown,Male,Consumer,Hyderabad,TS,65.0,PROD015,3.0,1783.46,21.7,4189.35,Nike Jacket 551,Electronics,Jacket,Apple,10.71
ORD00901,CUST0487,2023-10-20,2023-10-23,Shipped,Cod,In-Store,3372.62,513.74,149,Pune,DL,3007.88,2023-10,2023,Xander Brown,Male,Consumer,Hyderabad,TS,65.0,PROD112,8.0,1601.93,29.7,9009.25,Samsung Mobile 229,Electronics,Camera,Philips,53.15
ORD00902,CUST0713,2023-10-21,2023-10-24,Shipped,Upi,Mobile App,33166.73,5556.53,199,Delhi,RJ,27809.2,2023-10,2023,Zoe Jackson,Other,Consumer,Jaipur,RJ,39.0,PROD076,3.0,2533.44,34.1,5008.61,Apple Swimming 348,Books,Cricket,Apple,56.86
ORD00902,CUST0713,2023-10-21,2023-10-24,Shipped,Upi,Mobile App,33166.73,5556.53,199,Delhi,RJ,27809.2,2023-10,2023,Zoe Jackson,Other,Consumer,Jaipur,RJ,39.0,PROD192,4.0,571.75,20.4,1820.45,Sony Non-Fiction 107,Books,Non-Fiction,Samsung,39.21
ORD00903,CUST0861,2023-10-21,2023-10-24,Cancelled,Upi,Online,13456.63,1067.38,99,Kolkata,ON,12488.25,2023-10,2023,Grace Taylor,Male,Consumer,Pune,MH,46.0,PROD106,4.0,2131.86,24.5,6438.22,Samsung Self-Help 140,Books,Non-Fiction,Apple,48.39
ORD00903,CUST0861,2023-10-21,2023-10-24,Cancelled,Upi,Online,13456.63,1067.38,99,Kolkata,ON,12488.25,2023-10,2023,Grace Taylor,Male,Consumer,Pune,MH,46.0,PROD109,9.0,3885.25,31.2,24057.47,Adidas Lighting 738,Electronics,Bedding,Samsung,54.83
ORD00903,CUST0861,2023-10-21,2023-10-24,Cancelled,Upi,Online,13456.63,1067.38,99,Kolkata,ON,12488.25,2023-10,2023,Grace Taylor,Male,Consumer,Pune,MH,46.0,PROD177,3.0,4471.01,27.5,9724.45,Nike Bedding 498,Sports,Decor,Nike,32.96
ORD00904,CUST0102,2023-10-22,2023-10-28,Cancelled,Credit Card,Mobile App,33101.39,12271.73,199,Ahmedabad,DL,21028.66,2023-10,2023,Priya Garcia,Other,Consumer,Hyderabad,TS,25.0,PROD114,2.0,3640.7,36.1,4652.81,Lg Laptop 719,Sports,Tablet,Prestige,25.99
ORD00905,CUST0742,2023-10-23,2023-10-27,Delivered,Upi,Mobile App,42748.33,14228.78,49,London,KA,28568.55,2023-10,2023,Diana  Martin,Male,Consumer,Mumbai,MH,46.0,PROD084,1.0,846.95,5.4,801.21,Philips Comics 538,Electronics,Non-Fiction,Reebok,22.29
ORD00907,CUST0405,2023-10-24,2023-10-28,Cancelled,Debit Card,Mobile App,23690.84,4970.57,0,Toronto,MH,18720.27,2023-10,2023,Tina Taylor,Female,Consumer,Chennai,TN,46.0,PROD119,1.0,2847.06,33.0,1907.53,Sony Appliances 233,Clothing,Appliances,Reebok,12.98
ORD00908,CUST0408,2023-10-25,2023-10-31,Returned,Wallet,In-Store,14607.31,929.42,149,London,GJ,13826.89,2023-10,2023,Bob Harris,Female,Corporate,Pune,MH,46.0,PROD135,4.0,4527.67,12.3,15883.07,Apple Shoes 165,Sports,Dress,Adidas,31.77
ORD00908,CUST0408,2023-10-25,2023-10-31,Returned,Wallet,In-Store,14607.31,929.42,149,London,GJ,13826.89,2023-10,2023,Bob Harris,Female,Corporate,Pune,MH,46.0,PROD077,3.0,4022.72,12.9,10511.37,Nike Laptop 968,Home & Kitchen,Smartwatch,Adidas,58.83
ORD00908,CUST0408,2023-10-25,2023-10-31,Returned,Wallet,In-Store,14607.31,929.42,149,London,GJ,13826.89,2023-10,2023,Bob Harris,Female,Corporate,Pune,MH,46.0,PROD096,2.0,1899.82,24.8,2857.33,Apple Lighting 795,Books,Bedding,Apple,37.49
ORD00909,CUST0977,2023-10-26,2023-10-27,Cancelled,Wallet,Online,11000.31,3648.23,99,Jaipur,DL,7451.08,2023-10,2023,Alice Brown,Male,Corporate,Surat,GJ,27.0,PROD148,3.0,2053.57,26.3,4540.44,Samsung Jacket 758,Home & Kitchen,Jeans,Apple,47.56
ORD00910,CUST0766,2023-10-27,2023-10-30,Delivered,Wallet,Online,36467.13,14540.42,99,Kolkata,NSW,22025.71,2023-10,2023,Rachel Davis,Female,Consumer,Pune,MH,46.0,PROD130,2.0,4231.48,22.7,6541.87,Reebok Lighting 589,Home & Kitchen,Furniture,Harpercollins,45.86
ORD00910,CUST0766,2023-10-27,2023-10-30,Delivered,Wallet,Online,36467.13,14540.42,99,Kolkata,NSW,22025.71,2023-10,2023,Rachel Davis,Female,Consumer,Pune,MH,46.0,PROD141,1.0,1705.52,37.4,1067.66,Penguin Jacket 835,Clothing,Jacket,Prestige,56.67
ORD00910,CUST0766,2023-10-27,2023-10-30,Delivered,Wallet,Online,36467.13,14540.42,99,Kolkata,NSW,22025.71,2023-10,2023,Rachel Davis,Female,Consumer,Pune,MH,46.0,PROD120,1.0,567.79,36.7,359.41,Sony Shoes 445,Electronics,Saree,Nike,17.95
ORD00911,CUST0598,2023-10-27,2023-10-30,Delivered,Credit Card,In-Store,1286.58,372.62,99,New York,GJ,1012.96,2023-10,2023,Leo Thompson,Other,Consumer,Mumbai,MH,46.0,PROD090,5.0,3848.75,14.1,16530.38,Samsung T-Shirt 473,Sports,Shoes,Samsung,56.49
ORD00911,CUST0598,2023-10-27,2023-10-30,Delivered,Credit Card,In-Store,1286.58,372.62,99,New York,GJ,1012.96,2023-10,2023,Leo Thompson,Other,Consumer,Mumbai,MH,46.0,PROD187,3.0,3452.29,19.0,8389.06,Reebok Decor 369,Sports,Bedding,Philips,54.59
ORD00912,CUST0989,2023-10-28,2023-11-02,Pending,Net Banking,Online,49726.85,634.14,49,Ahmedabad,MH,49141.71,2023-10,2023,Peter Shah,Other,Home Office,Mumbai,MH,53.0,PROD170,8.0,4340.76,0.3,34621.9,Adidas Shoes 686,Home & Kitchen,Shoes,Prestige,52.73
ORD00912,CUST0989,2023-10-28,2023-11-02,Pending,Net Banking,Online,49726.85,634.14,49,Ahmedabad,MH,49141.71,2023-10,2023,Peter Shah,Other,Home Office,Mumbai,MH,53.0,PROD040,2.0,2875.12,24.7,4329.93,Apple Cricket 717,Electronics,Cycling,Prestige,55.93
ORD00914,CUST0371,2023-10-29,2023-11-04,Shipped,Cod,Mobile App,45896.52,13918.73,49,Pune,TN,32026.79,2023-10,2023,Bob Jones,Male,Corporate,Ahmedabad,GJ,40.0,PROD012,3.0,4004.95,14.6,10260.68,Nike Fiction 847,Books,Self-Help,Lg,50.71
ORD00914,CUST0371,2023-10-29,2023-11-04,Shipped,Cod,Mobile App,45896.52,13918.73,49,Pune,TN,32026.79,2023-10,2023,Bob Jones,Male,Corporate,Ahmedabad,GJ,40.0,PROD116,1.0,4474.34,0.0,4474.34,Prestige Camera 543,Clothing,Camera,Nike,52.74
ORD00915,CUST0330,2023-10-30,2023-10-31,Returned,Net Banking,Online,22397.15,8194.48,149,Jaipur,TS,14351.67,2023-10,2023,Yara Brown,Male,Consumer,Pune,MH,38.0,,,,,,,,,,
ORD00916,CUST0130,2023-10-31,2023-11-07,Pending,Wallet,In-Store,29555.5,3187.75,99,Delhi,TN,26466.75,2023-10,2023,Henry Jones,Female,Corporate,Chennai,TN,46.0,PROD133,9.0,2104.4,19.8,15189.56,Nike Swimming 562,Books,Football,Puma,14.61
ORD00916,CUST0130,2023-10-31,2023-11-07,Pending,Wallet,In-Store,29555.5,3187.75,99,Delhi,TN,26466.75,2023-10,2023,Henry Jones,Female,Corporate,Chennai,TN,46.0,PROD173,8.0,3067.44,10.2,22036.49,Apple Appliances 796,Home & Kitchen,Appliances,Nike,53.5
ORD00916,CUST0130,2023-10-31,2023-11-07,Pending,Wallet,In-Store,29555.5,3187.75,99,Delhi,TN,26466.75,2023-10,2023,Henry Jones,Female,Corporate,Chennai,TN,46.0,PROD191,9.0,1079.29,31.9,6614.97,Prestige Dress 944,Home & Kitchen,Jeans,Apple,48.89
ORD00917,CUST0619,2023-01-11,2023-11-08,Delivered,Credit Card,Online,338.88,76.21,0,Jaipur,ON,262.67,2023-01,2023,Quinn Anderson,Female,Home Office,Delhi,DL,47.0,PROD191,2.0,4322.29,9.7,7806.06,Prestige Dress 944,Home & Kitchen,Jeans,Apple,48.89
ORD00917,CUST0619,2023-01-11,2023-11-08,Delivered,Credit Card,Online,338.88,76.21,0,Jaipur,ON,262.67,2023-01,2023,Quinn Anderson,Female,Home Office,Delhi,DL,47.0,PROD177,9.0,401.23,21.9,2820.25,Nike Bedding 498,Sports,Decor,Nike,32.96
ORD00920,CUST0665,2023-11-03,2023-11-06,Pending,Wallet,Online,4801.24,402.76,49,Delhi,TN,4447.48,2023-11,2023,Iris Martin,Other,Consumer,Bangalore,KA,46.0,,,,,,,,,,
ORD00921,CUST0057,2023-04-11,2023-11-07,Delivered,Cod,Online,23253.36,2463.21,49,Ahmedabad,LDN,20839.15,2023-04,2023,Steve Thomas,Female,Home Office,Mumbai,MH,51.0,PROD087,5.0,695.74,10.5,3113.44,Samsung Headphones 981,Sports,Tablet,Samsung,56.65
ORD00922,CUST0338,2023-11-04,2023-11-10,Delivered,Wallet,Online,31059.98,10342.18,99,London,NSW,20816.8,2023-11,2023,Alice Jones,Other,Home Office,Sydney,NSW,46.0,PROD015,7.0,3815.75,13.4,23131.08,Nike Jacket 551,Electronics,Jacket,Apple,10.71
ORD00923,CUST0025,2023-11-05,2023-11-12,Delivered,Wallet,Online,36271.68,1459.14,49,Ahmedabad,KA,34861.54,2023-11,2023,Victor Moore,Other,Home Office,Mumbai,MH,46.0,,,,,,,,,,
ORD00924,CUST0637,2023-11-06,2023-11-11,Returned,Wallet,Mobile App,1556.71,618.8,49,Hyderabad,MH,986.91,2023-11,2023,Uma Thompson,Female,Corporate,London,LDN,46.0,PROD006,2.0,1868.68,0.0,3737.36,Apple Appliances 429,Home & Kitchen,Lighting,Apple,42.16
ORD00925,CUST0947,2023-11-06,2023-11-09,Cancelled,Cod,Mobile App,23089.88,2440.07,199,Jaipur,WB,20848.81,2023-11,2023,Xander Davis,Male,Home Office,Pune,MH,46.0,PROD071,9.0,527.21,7.9,4370.04,Harpercollins Camera 448,Electronics,Smartwatch,Samsung,47.49
ORD00925,CUST0947,2023-11-06,2023-11-09,Cancelled,Cod,Mobile App,23089.88,2440.07,199,Jaipur,WB,20848.81,2023-11,2023,Xander Davis,Male,Home Office,Pune,MH,46.0,PROD130,3.0,832.92,31.7,1706.65,Reebok Lighting 589,Home & Kitchen,Furniture,Harpercollins,45.86
ORD00925,CUST0947,2023-11-06,2023-11-09,Cancelled,Cod,Mobile App,23089.88,2440.07,199,Jaipur,WB,20848.81,2023-11,2023,Xander Davis,Male,Home Office,Pune,MH,46.0,PROD029,2.0,1444.37,38.8,1767.91,Puma Shoes 790,Books,Jacket,Samsung,-14.06
ORD00926,CUST0178,2023-11-07,2023-11-14,Pending,Credit Card,In-Store,45314.92,14611.78,99,Ahmedabad,ON,30802.14,2023-11,2023,Zoe Wilson,Female,Consumer,Jaipur,RJ,53.0,PROD149,8.0,3165.32,2.5,24689.5,Nike Appliances 740,Clothing,Decor,Nike,17.17
ORD00927,CUST0399,2023-08-11,2023-11-11,Returned,Net Banking,Mobile App,18237.52,1630.03,49,Hyderabad,NY,16656.49,2023-08,2023,Priya Moore,Female,Home Office,London,LDN,47.0,PROD141,3.0,2362.06,6.1,6653.92,Penguin Jacket 835,Clothing,Jacket,Prestige,56.67
ORD00927,CUST0399,2023-08-11,2023-11-11,Returned,Net Banking,Mobile App,18237.52,1630.03,49,Hyderabad,NY,16656.49,2023-08,2023,Priya Moore,Female,Home Office,London,LDN,47.0,PROD020,10.0,978.6,0.0,9786.0,Apple Jacket 787,Electronics,T-Shirt,Adidas,17.13
ORD00927,CUST0399,2023-08-11,2023-11-11,Returned,Net Banking,Mobile App,18237.52,1630.03,49,Hyderabad,NY,16656.49,2023-08,2023,Priya Moore,Female,Home Office,London,LDN,47.0,PROD032,2.0,4126.06,31.4,5660.95,Reebok Football 191,Electronics,Football,Harpercollins,59.46
ORD00927,CUST0399,2023-08-11,2023-11-11,Returned,Net Banking,Mobile App,18237.52,1630.03,49,Hyderabad,NY,16656.49,2023-08,2023,Priya Moore,Female,Home Office,London,LDN,47.0,PROD037,3.0,3792.84,14.8,9694.5,Nike Laptop 575,Sports,Camera,Harpercollins,17.99
ORD00928,CUST0055,2023-09-11,2023-11-10,Cancelled,Cod,Online,17493.22,2394.62,0,Ahmedabad,GJ,15098.6,2023-09,2023,Yara  Thomas,Female,Consumer,Ahmedabad,GJ,46.0,PROD113,1.0,80.35,34.4,52.71,Nike Laptop 971,Home & Kitchen,Tablet,Lg,26.98
ORD00929,CUST0008,2023-11-09,2023-11-16,Pending,Wallet,In-Store,48842.28,15594.1,0,Ahmedabad,TS,33248.18,2023-11,2023,Xander  Williams,Female,Home Office,Delhi,DL,48.0,PROD056,8.0,2669.64,36.8,13497.7,Sony Tablet 154,Sports,Camera,Nike,46.2
ORD00929,CUST0008,2023-11-09,2023-11-16,Pending,Wallet,In-Store,48842.28,15594.1,0,Ahmedabad,TS,33248.18,2023-11,2023,Xander  Williams,Female,Home Office,Delhi,DL,48.0,PROD186,8.0,4105.93,29.0,23321.68,Lg Laptop 761,Clothing,Smartwatch,Lg,18.86
ORD00930,CUST0050,2023-10-11,2023-10-14,Cancelled,Wallet,In-Store,4011.78,1068.04,99,Surat,MH,3042.74,2023-10,2023,Mia Martin,Other,Corporate,Kolkata,WB,46.0,PROD035,7.0,4389.42,12.0,27038.83,Adidas Tablet 510,Books,Headphones,Nike,75.82
ORD00930,CUST0050,2023-10-11,2023-10-14,Cancelled,Wallet,In-Store,4011.78,1068.04,99,Surat,MH,3042.74,2023-10,2023,Mia Martin,Other,Corporate,Kolkata,WB,46.0,PROD090,9.0,2571.15,15.9,19461.03,Samsung T-Shirt 473,Sports,Shoes,Samsung,56.49
ORD00930,CUST0050,2023-10-11,2023-10-14,Cancelled,Wallet,In-Store,4011.78,1068.04,99,Surat,MH,3042.74,2023-10,2023,Mia Martin,Other,Corporate,Kolkata,WB,46.0,PROD140,9.0,2484.48,11.0,19900.68,Harpercollins Decor 546,Sports,Decor,Reebok,57.57
ORD00930,CUST0050,2023-10-11,2023-10-14,Cancelled,Wallet,In-Store,4011.78,1068.04,99,Surat,MH,3042.74,2023-10,2023,Mia Martin,Other,Corporate,Kolkata,WB,46.0,PROD171,4.0,4553.99,28.8,12969.76,Nike Cricket 448,Clothing,Cycling,Lg,54.33
ORD00930,CUST0050,2023-10-11,2023-10-14,Cancelled,Wallet,In-Store,4011.78,1068.04,99,Surat,MH,3042.74,2023-10,2023,Mia Martin,Other,Corporate,Kolkata,WB,46.0,PROD138,5.0,468.45,19.1,1894.88,Penguin History 493,Home & Kitchen,Self-Help,Prestige,40.86
ORD00931,CUST0683,2023-11-11,2023-11-13,Shipped,Wallet,In-Store,37814.36,3326.45,149,Chennai,NSW,34636.91,2023-11,2023,Sneha Thomas,Other,Corporate,Ahmedabad,GJ,65.0,PROD138,4.0,977.46,38.7,2396.73,Penguin History 493,Home & Kitchen,Self-Help,Prestige,40.86
ORD00931,CUST0683,2023-11-11,2023-11-13,Shipped,Wallet,In-Store,37814.36,3326.45,149,Chennai,NSW,34636.91,2023-11,2023,Sneha Thomas,Other,Corporate,Ahmedabad,GJ,65.0,PROD107,5.0,1086.63,3.7,5232.12,Penguin Shoes 647,Electronics,Jeans,Harpercollins,43.39
ORD00932,CUST0083,2023-12-11,2023-11-16,Returned,Cod,In-Store,20952.16,3971.74,199,Pune,ON,17179.42,2023-12,2023,Olivia  Harris,Female,Home Office,Bangalore,KA,46.0,PROD116,1.0,424.73,5.9,399.67,Prestige Camera 543,Clothing,Camera,Nike,52.74
ORD00933,CUST0803,2023-12-11,2023-11-16,Pending,Credit Card,Mobile App,10069.84,1781.4,149,Sydney,ON,8437.44,2023-12,2023,Arjun Johnson,Male,Consumer,Toronto,ON,60.0,,,,,,,,,,
ORD00934,CUST0982,2023-11-13,2023-11-18,Shipped,Wallet,Online,42308.22,11301.38,149,Surat,LDN,31155.84,2023-11,2023,Diana Anderson,Other,Corporate,Mumbai,MH,47.0,PROD098,4.0,2897.86,4.5,11069.83,Samsung Science 652,Books,Fiction,Apple,45.81
ORD00934,CUST0982,2023-11-13,2023-11-18,Shipped,Wallet,Online,42308.22,11301.38,149,Surat,LDN,31155.84,2023-11,2023,Diana Anderson,Other,Corporate,Mumbai,MH,47.0,PROD094,4.0,522.99,35.8,1343.04,Adidas Comics 457,Sports,Self-Help,Philips,53.91
ORD00934,CUST0982,2023-11-13,2023-11-18,Shipped,Wallet,Online,42308.22,11301.38,149,Surat,LDN,31155.84,2023-11,2023,Diana Anderson,Other,Corporate,Mumbai,MH,47.0,PROD171,9.0,1144.97,28.1,7409.1,Nike Cricket 448,Clothing,Cycling,Lg,54.33
ORD00935,CUST0816,2023-11-14,2023-11-18,Returned,Credit Card,Online,36123.49,12563.58,49,Surat,MH,23608.91,2023-11,2023,Bob  Anderson,Female,Home Office,Kolkata,WB,67.0,PROD149,8.0,741.48,30.5,4122.63,Nike Appliances 740,Clothing,Decor,Nike,17.17
ORD00935,CUST0816,2023-11-14,2023-11-18,Returned,Credit Card,Online,36123.49,12563.58,49,Surat,MH,23608.91,2023-11,2023,Bob  Anderson,Female,Home Office,Kolkata,WB,67.0,PROD146,10.0,2314.91,27.7,16736.8,Samsung Comics 644,Books,Comics,Samsung,20.71
ORD00935,CUST0816,2023-11-14,2023-11-18,Returned,Credit Card,Online,36123.49,12563.58,49,Surat,MH,23608.91,2023-11,2023,Bob  Anderson,Female,Home Office,Kolkata,WB,67.0,PROD146,4.0,2470.69,30.6,6858.64,Samsung Comics 644,Books,Comics,Samsung,20.71
ORD00935,CUST0816,2023-11-14,2023-11-18,Returned,Credit Card,Online,36123.49,12563.58,49,Surat,MH,23608.91,2023-11,2023,Bob  Anderson,Female,Home Office,Kolkata,WB,67.0,PROD029,10.0,1600.18,10.4,14337.61,Puma Shoes 790,Books,Jacket,Samsung,-14.06
ORD00936,CUST0839,2023-11-15,2023-11-22,Pending,Wallet,In-Store,5165.03,1556.24,0,New York,TN,3608.79,2023-11,2023,Rachel Jackson,Male,Home Office,Bangalore,KA,53.0,PROD054,1.0,1518.67,13.8,1309.09,Puma Yoga 622,Books,Swimming,Apple,14.74
ORD00936,CUST0839,2023-11-15,2023-11-22,Pending,Wallet,In-Store,5165.03,1556.24,0,New York,TN,3608.79,2023-11,2023,Rachel Jackson,Male,Home Office,Bangalore,KA,53.0,PROD127,7.0,480.32,25.9,2491.42,Prestige Jacket 193,Books,T-Shirt,Adidas,54.91
ORD00936,CUST0839,2023-11-15,2023-11-22,Pending,Wallet,In-Store,5165.03,1556.24,0,New York,TN,3608.79,2023-11,2023,Rachel Jackson,Male,Home Office,Bangalore,KA,53.0,PROD113,10.0,3980.05,27.4,28895.16,Nike Laptop 971,Home & Kitchen,Tablet,Lg,26.98
ORD00936,CUST0839,2023-11-15,2023-11-22,Pending,Wallet,In-Store,5165.03,1556.24,0,New York,TN,3608.79,2023-11,2023,Rachel Jackson,Male,Home Office,Bangalore,KA,53.0,PROD059,10.0,4181.26,26.0,30941.32,Apple History 581,Home & Kitchen,Science,Puma,28.87
ORD00937,CUST0114,2023-11-15,2023-11-22,Returned,Net Banking,In-Store,25607.08,0.0,149,New York,WB,25756.08,2023-11,2023,Rahul Garcia,Female,Corporate,Ahmedabad,GJ,46.0,PROD059,6.0,3174.08,2.1,18644.55,Apple History 581,Home & Kitchen,Science,Puma,28.87
ORD00938,CUST0684,2023-11-16,2023-11-20,Returned,Debit Card,Online,46652.17,7910.28,49,Pune,KA,38790.89,2023-11,2023,Victor Harris,Male,Consumer,Bangalore,KA,46.0,PROD091,6.0,4804.01,33.7,19110.35,Samsung Fiction 485,Clothing,Self-Help,Apple,40.0
ORD00938,CUST0684,2023-11-16,2023-11-20,Returned,Debit Card,Online,46652.17,7910.28,49,Pune,KA,38790.89,2023-11,2023,Victor Harris,Male,Consumer,Bangalore,KA,46.0,PROD176,3.0,3621.84,27.6,7866.64,Nike Jacket 282,Electronics,Shoes,Puma,11.71
ORD00939,CUST0790,2023-11-17,2023-11-20,Cancelled,Upi,In-Store,12100.9,3824.37,49,New York,MH,8325.53,2023-11,2023,Sneha  Miller,Other,Consumer,Kolkata,WB,46.0,PROD180,6.0,2928.53,5.3,16639.91,Apple Comics 327,Electronics,Science,Apple,59.6
ORD00939,CUST0790,2023-11-17,2023-11-20,Cancelled,Upi,In-Store,12100.9,3824.37,49,New York,MH,8325.53,2023-11,2023,Sneha  Miller,Other,Consumer,Kolkata,WB,46.0,PROD109,2.0,2592.49,39.4,3142.1,Adidas Lighting 738,Electronics,Bedding,Samsung,54.83
ORD00940,CUST0768,2023-11-17,2023-11-22,Returned,Credit Card,In-Store,47496.04,8280.02,149,Jaipur,DL,39365.02,2023-11,2023,Alice Williams,Other,Consumer,Jaipur,RJ,46.0,PROD023,2.0,2979.12,29.4,4206.52,Samsung T-Shirt 863,Clothing,Shoes,Harpercollins,44.46
ORD00941,CUST0057,2023-11-18,2023-11-25,Pending,Cod,Online,1721.06,227.13,199,Hyderabad,NY,1692.93,2023-11,2023,Steve Thomas,Female,Home Office,Mumbai,MH,51.0,PROD131,9.0,2507.63,25.9,16723.38,Adidas Camera 887,Clothing,Headphones,Adidas,50.24
ORD00942,CUST0086,2023-11-19,2023-11-21,Returned,Upi,Online,45892.5,2295.41,149,Chennai,NY,43746.09,2023-11,2023,Steve Patel,Other,Consumer,London,LDN,46.0,PROD077,1.0,4605.56,32.4,3113.36,Nike Laptop 968,Home & Kitchen,Smartwatch,Adidas,58.83
ORD00942,CUST0086,2023-11-19,2023-11-21,Returned,Upi,Online,45892.5,2295.41,149,Chennai,NY,43746.09,2023-11,2023,Steve Patel,Other,Consumer,London,LDN,46.0,PROD027,5.0,1897.01,18.2,7758.77,Harpercollins Saree 716,Home & Kitchen,Saree,Apple,18.1
ORD00944,CUST0335,2023-11-20,2023-11-22,Delivered,Credit Card,Mobile App,38792.42,14271.85,199,Chennai,TN,24719.57,2023-11,2023,Xander Brown,Male,Home Office,Bangalore,KA,27.0,PROD031,3.0,251.94,23.6,577.45,Adidas Non-Fiction 307,Electronics,Self-Help,Prestige,49.23
ORD00944,CUST0335,2023-11-20,2023-11-22,Delivered,Credit Card,Mobile App,38792.42,14271.85,199,Chennai,TN,24719.57,2023-11,2023,Xander Brown,Male,Home Office,Bangalore,KA,27.0,PROD145,2.0,4642.48,6.5,8681.44,Reebok Smartwatch 139,Books,Headphones,Sony,11.99
ORD00944,CUST0335,2023-11-20,2023-11-22,Delivered,Credit Card,Mobile App,38792.42,14271.85,199,Chennai,TN,24719.57,2023-11,2023,Xander Brown,Male,Home Office,Bangalore,KA,27.0,PROD071,1.0,3053.36,33.5,2030.48,Harpercollins Camera 448,Electronics,Smartwatch,Samsung,47.49
ORD00945,CUST0435,2023-11-21,2023-11-23,Returned,Credit Card,In-Store,17273.4,6465.5,99,Pune,DL,10906.9,2023-11,2023,Rahul Miller,Other,Consumer,Kolkata,WB,46.0,PROD145,9.0,2477.78,31.6,15253.21,Reebok Smartwatch 139,Books,Headphones,Sony,11.99
ORD00946,CUST0076,2023-11-22,2023-11-25,Pending,Upi,Mobile App,18527.94,6046.85,149,Kolkata,DL,12630.09,2023-11,2023,Henry  Anderson,Female,Consumer,Delhi,DL,59.0,PROD191,8.0,3051.52,22.1,19017.07,Prestige Dress 944,Home & Kitchen,Jeans,Apple,48.89
ORD00946,CUST0076,2023-11-22,2023-11-25,Pending,Upi,Mobile App,18527.94,6046.85,149,Kolkata,DL,12630.09,2023-11,2023,Henry  Anderson,Female,Consumer,Delhi,DL,59.0,PROD018,6.0,1556.88,34.7,6099.86,Philips Lighting 243,Home & Kitchen,Furniture,Apple,41.07
ORD00947,CUST0426,2023-11-23,2023-11-28,Returned,Debit Card,In-Store,34008.14,7522.29,49,Surat,NSW,26534.85,2023-11,2023,Henry  Patel,Male,Home Office,New York,NY,46.0,,,,,,,,,,
ORD00948,CUST0073,2023-11-23,2023-11-30,Cancelled,Credit Card,In-Store,23621.89,7248.22,149,Surat,MH,16522.67,2023-11,2023,Wendy Martin,Other,Consumer,Sydney,NSW,34.0,PROD010,5.0,3497.76,31.2,12032.29,Apple Camera 553,Electronics,Smartwatch,Samsung,40.0
ORD00948,CUST0073,2023-11-23,2023-11-30,Cancelled,Credit Card,In-Store,23621.89,7248.22,149,Surat,MH,16522.67,2023-11,2023,Wendy Martin,Other,Consumer,Sydney,NSW,34.0,PROD098,5.0,1735.83,17.0,7203.69,Samsung Science 652,Books,Fiction,Apple,45.81
ORD00949,CUST0867,2023-11-24,2023-12-01,Pending,Upi,Mobile App,30520.73,0.0,99,Surat,TS,30619.73,2023-11,2023,Diana Shah,Female,Consumer,New York,NY,59.0,PROD195,8.0,3281.89,0.0,26255.12,Prestige Swimming 944,Home & Kitchen,Cycling,Prestige,19.96
ORD00949,CUST0867,2023-11-24,2023-12-01,Pending,Upi,Mobile App,30520.73,0.0,99,Surat,TS,30619.73,2023-11,2023,Diana Shah,Female,Consumer,New York,NY,59.0,PROD137,7.0,3216.67,7.8,20760.39,Reebok Headphones 725,Sports,Smartwatch,Samsung,51.88
ORD00950,CUST0600,2023-11-25,2023-12-02,Shipped,Upi,Mobile App,31472.67,2443.32,0,Ahmedabad,DL,29029.35,2023-11,2023,Xander Wilson,Female,Consumer,Sydney,NSW,46.0,PROD141,10.0,909.81,6.0,8552.21,Penguin Jacket 835,Clothing,Jacket,Prestige,56.67
ORD00951,CUST0471,2023-11-25,2023-11-30,Pending,Net Banking,Online,32380.15,3221.59,199,Toronto,NY,29357.56,2023-11,2023,Leo  Garcia,Female,Consumer,Hyderabad,TS,46.0,PROD070,10.0,740.83,33.1,4956.15,Nike Lighting 275,Clothing,Cookware,Puma,51.4
ORD00951,CUST0471,2023-11-25,2023-11-30,Pending,Net Banking,Online,32380.15,3221.59,199,Toronto,NY,29357.56,2023-11,2023,Leo  Garcia,Female,Consumer,Hyderabad,TS,46.0,PROD060,4.0,151.92,5.2,576.08,Penguin Laptop 245,Home & Kitchen,Mobile,Reebok,56.7
ORD00953,CUST0576,2023-11-27,2023-11-28,Returned,Credit Card,Mobile App,24233.84,6574.19,0,Bangalore,DL,17659.65,2023-11,2023,Uma Martin,Female,Corporate,Kolkata,WB,56.0,PROD100,5.0,4922.97,3.0,23876.4,Sony History 683,Sports,Comics,Puma,56.77
ORD00953,CUST0576,2023-11-27,2023-11-28,Returned,Credit Card,Mobile App,24233.84,6574.19,0,Bangalore,DL,17659.65,2023-11,2023,Uma Martin,Female,Corporate,Kolkata,WB,56.0,PROD085,9.0,969.73,2.4,8518.11,Puma Saree 221,Home & Kitchen,Dress,Puma,59.7
ORD00954,CUST0265,2023-11-28,2023-12-04,Pending,Net Banking,In-Store,34197.66,1568.88,149,Pune,GJ,32777.78,2023-11,2023,Tina Moore,Female,Home Office,Mumbai,MH,54.0,PROD060,4.0,1303.91,6.9,4855.76,Penguin Laptop 245,Home & Kitchen,Mobile,Reebok,56.7
ORD00955,CUST0807,2023-11-28,2023-12-01,Pending,Upi,In-Store,39134.74,5318.13,0,Bangalore,NSW,33816.61,2023-11,2023,Grace White,Female,Consumer,Bangalore,KA,42.0,,,,,,,,,,
ORD00956,CUST0259,2023-11-29,2023-12-03,Shipped,Wallet,Online,8170.01,364.52,149,Toronto,MH,7954.49,2023-11,2023,Olivia Anderson,Other,Consumer,Surat,GJ,45.0,,,,,,,,,,
ORD00957,CUST0992,2023-11-30,2023-12-06,Returned,Credit Card,Online,37207.6,10881.8,149,Mumbai,NY,26474.8,2023-11,2023,Sneha  Taylor,Female,Corporate,Jaipur,RJ,38.0,PROD029,4.0,2775.37,7.4,10279.97,Puma Shoes 790,Books,Jacket,Samsung,-14.06
ORD00957,CUST0992,2023-11-30,2023-12-06,Returned,Credit Card,Online,37207.6,10881.8,149,Mumbai,NY,26474.8,2023-11,2023,Sneha  Taylor,Female,Corporate,Jaipur,RJ,38.0,PROD015,1.0,4324.4,38.8,2646.53,Nike Jacket 551,Electronics,Jacket,Apple,10.71
ORD00957,CUST0992,2023-11-30,2023-12-06,Returned,Credit Card,Online,37207.6,10881.8,149,Mumbai,NY,26474.8,2023-11,2023,Sneha  Taylor,Female,Corporate,Jaipur,RJ,38.0,PROD161,6.0,2128.14,29.6,8989.26,Sony Jeans 636,Sports,Saree,Puma,14.22
ORD00957,CUST0992,2023-11-30,2023-12-06,Returned,Credit Card,Online,37207.6,10881.8,149,Mumbai,NY,26474.8,2023-11,2023,Sneha  Taylor,Female,Corporate,Jaipur,RJ,38.0,PROD163,3.0,3742.75,2.6,10936.32,Puma Furniture 243,Clothing,Cookware,Penguin,49.39
ORD00957,CUST0992,2023-11-30,2023-12-06,Returned,Credit Card,Online,37207.6,10881.8,149,Mumbai,NY,26474.8,2023-11,2023,Sneha  Taylor,Female,Corporate,Jaipur,RJ,38.0,PROD023,3.0,1065.09,16.4,2671.25,Samsung T-Shirt 863,Clothing,Shoes,Harpercollins,44.46
ORD00957,CUST0992,2023-11-30,2023-12-06,Returned,Credit Card,Online,37207.6,10881.8,149,Mumbai,NY,26474.8,2023-11,2023,Sneha  Taylor,Female,Corporate,Jaipur,RJ,38.0,PROD176,1.0,2919.98,3.6,2814.86,Nike Jacket 282,Electronics,Shoes,Puma,11.71
ORD00958,CUST0790,2023-12-01,2023-12-04,Shipped,Upi,In-Store,7920.87,1881.06,49,Sydney,KA,6088.81,2023-12,2023,Sneha  Miller,Other,Consumer,Kolkata,WB,46.0,PROD071,8.0,4071.33,0.0,32570.64,Harpercollins Camera 448,Electronics,Smartwatch,Samsung,47.49
ORD00959,CUST0765,2023-12-01,2023-12-04,Shipped,Net Banking,Online,39363.63,6969.78,149,Delhi,MH,32542.85,2023-12,2023,Sneha Martin,Other,Corporate,Chennai,TN,46.0,PROD156,2.0,935.06,15.9,1572.77,Reebok Decor 139,Books,Appliances,Sony,54.53
ORD00959,CUST0765,2023-12-01,2023-12-04,Shipped,Net Banking,Online,39363.63,6969.78,149,Delhi,MH,32542.85,2023-12,2023,Sneha Martin,Other,Corporate,Chennai,TN,46.0,PROD115,2.0,4474.43,23.5,6845.88,Philips Running 335,Home & Kitchen,Yoga,Philips,15.67
ORD00959,CUST0765,2023-12-01,2023-12-04,Shipped,Net Banking,Online,39363.63,6969.78,149,Delhi,MH,32542.85,2023-12,2023,Sneha Martin,Other,Corporate,Chennai,TN,46.0,PROD193,3.0,283.34,34.8,554.21,Adidas Yoga 743,Electronics,Running,Philips,46.63
ORD00960,CUST0639,2023-02-12,2023-12-04,Pending,Upi,Online,38666.52,5552.28,199,Surat,WB,33313.24,2023-02,2023,Yara Shah,Male,Corporate,London,LDN,46.0,PROD196,1.0,3426.23,28.2,2460.03,Harpercollins Cookware 952,Books,Cookware,Samsung,48.35
ORD00961,CUST0642,2023-12-03,2023-12-08,Pending,Upi,Mobile App,148.84,38.31,99,Chennai,MH,209.53,2023-12,2023,Rahul  Williams,Other,Home Office,Bangalore,KA,19.0,PROD136,6.0,4588.52,34.2,18115.48,Philips Appliances 779,Sports,Furniture,Penguin,44.03
ORD00961,CUST0642,2023-12-03,2023-12-08,Pending,Upi,Mobile App,148.84,38.31,99,Chennai,MH,209.53,2023-12,2023,Rahul  Williams,Other,Home Office,Bangalore,KA,19.0,PROD013,8.0,1279.89,8.8,9338.08,Lg Mobile 752,Clothing,Smartwatch,Apple,46.62
ORD00961,CUST0642,2023-12-03,2023-12-08,Pending,Upi,Mobile App,148.84,38.31,99,Chennai,MH,209.53,2023-12,2023,Rahul  Williams,Other,Home Office,Bangalore,KA,19.0,PROD080,1.0,597.45,25.5,445.1,Samsung Dress 334,Sports,Shoes,Apple,33.19
ORD00961,CUST0642,2023-12-03,2023-12-08,Pending,Upi,Mobile App,148.84,38.31,99,Chennai,MH,209.53,2023-12,2023,Rahul  Williams,Other,Home Office,Bangalore,KA,19.0,PROD101,4.0,2894.04,5.9,10893.17,Nike Comics 174,Clothing,Comics,Apple,16.78
ORD00961,CUST0642,2023-12-03,2023-12-08,Pending,Upi,Mobile App,148.84,38.31,99,Chennai,MH,209.53,2023-12,2023,Rahul  Williams,Other,Home Office,Bangalore,KA,19.0,PROD004,6.0,4914.22,34.9,19194.94,Sony Cookware 400,Clothing,Furniture,Puma,43.32
ORD00961,CUST0642,2023-12-03,2023-12-08,Pending,Upi,Mobile App,148.84,38.31,99,Chennai,MH,209.53,2023-12,2023,Rahul  Williams,Other,Home Office,Bangalore,KA,19.0,PROD102,1.0,2117.14,14.3,1814.39,Penguin Appliances 888,Clothing,Lighting,Nike,22.48
ORD00961,CUST0642,2023-12-03,2023-12-08,Pending,Upi,Mobile App,148.84,38.31,99,Chennai,MH,209.53,2023-12,2023,Rahul  Williams,Other,Home Office,Bangalore,KA,19.0,PROD179,3.0,4917.04,16.6,12302.43,Puma Camera 326,Clothing,Headphones,Apple,38.11
ORD00962,CUST0527,2023-12-03,2023-12-04,Pending,Net Banking,Mobile App,42040.33,1361.69,49,Mumbai,GJ,40727.64,2023-12,2023,Xander Patel,Female,Corporate,Delhi,DL,46.0,PROD096,5.0,3280.29,36.4,10431.32,Apple Lighting 795,Books,Bedding,Apple,37.49
ORD00962,CUST0527,2023-12-03,2023-12-04,Pending,Net Banking,Mobile App,42040.33,1361.69,49,Mumbai,GJ,40727.64,2023-12,2023,Xander Patel,Female,Corporate,Delhi,DL,46.0,PROD090,4.0,2788.31,5.4,10550.97,Samsung T-Shirt 473,Sports,Shoes,Samsung,56.49
ORD00964,CUST0143,2023-12-05,2023-12-07,Cancelled,Cod,Online,40365.14,3940.22,149,Kolkata,TN,36573.92,2023-12,2023,,,,,,,PROD082,6.0,217.45,29.3,922.42,Samsung Lighting 904,Books,Furniture,Nike,29.28
ORD00964,CUST0143,2023-12-05,2023-12-07,Cancelled,Cod,Online,40365.14,3940.22,149,Kolkata,TN,36573.92,2023-12,2023,,,,,,,PROD093,6.0,180.6,8.7,989.33,Prestige Furniture 284,Electronics,Bedding,Samsung,9.26
ORD00964,CUST0143,2023-12-05,2023-12-07,Cancelled,Cod,Online,40365.14,3940.22,149,Kolkata,TN,36573.92,2023-12,2023,,,,,,,PROD066,5.0,4997.74,24.7,18816.49,Nike Headphones 940,Books,Mobile,Apple,50.19
ORD00965,CUST0971,2023-12-06,2023-12-11,Delivered,Upi,Online,10731.04,4035.44,99,Hyderabad,LDN,6794.6,2023-12,2023,Peter Taylor,Other,Consumer,Kolkata,WB,49.0,PROD080,1.0,4388.42,24.6,3308.87,Samsung Dress 334,Sports,Shoes,Apple,33.19
ORD00965,CUST0971,2023-12-06,2023-12-11,Delivered,Upi,Online,10731.04,4035.44,99,Hyderabad,LDN,6794.6,2023-12,2023,Peter Taylor,Other,Consumer,Kolkata,WB,49.0,PROD170,3.0,3850.5,6.3,10823.76,Adidas Shoes 686,Home & Kitchen,Shoes,Prestige,52.73
ORD00966,CUST0090,2023-12-06,2023-12-11,Returned,Cod,In-Store,15878.8,2539.12,149,Kolkata,WB,13488.68,2023-12,2023,,,,,,,,,,,,,,,,
ORD00967,CUST0876,2023-12-07,2023-12-14,Delivered,Wallet,Online,2471.45,8.41,49,New York,NY,2512.04,2023-12,2023,Arjun Taylor,Female,Home Office,Hyderabad,TS,46.0,PROD001,7.0,2387.29,16.3,13987.13,Lg Laptop 149,Home & Kitchen,Smartwatch,Sony,54.08
ORD00968,CUST0237,2023-12-08,2023-12-14,Pending,Net Banking,Online,23015.99,3203.69,0,Surat,GJ,19812.3,2023-12,2023,Jack Shah,Female,Consumer,Jaipur,RJ,46.0,PROD144,10.0,2370.55,25.5,17660.6,Penguin Camera 300,Sports,Mobile,Samsung,50.16
ORD00968,CUST0237,2023-12-08,2023-12-14,Pending,Net Banking,Online,23015.99,3203.69,0,Surat,GJ,19812.3,2023-12,2023,Jack Shah,Female,Consumer,Jaipur,RJ,46.0,PROD125,8.0,1341.47,14.6,9164.92,Prestige Self-Help 619,Electronics,Self-Help,Philips,28.66
ORD00969,CUST0002,2023-09-12,2023-09-15,Returned,Wallet,Mobile App,12080.67,2048.71,199,Delhi,TN,10230.96,2023-09,2023,Steve Lee,Female,Consumer,Toronto,ON,62.0,,,,,,,,,,
ORD00970,CUST0049,2023-12-09,2023-12-14,Pending,Debit Card,Online,12254.99,2693.45,49,Bangalore,MH,9610.54,2023-12,2023,Zoe  Smith,Female,Corporate,Pune,MH,46.0,PROD051,3.0,4591.14,32.2,9338.38,Harpercollins Fiction 843,Electronics,Comics,Adidas,47.6
ORD00970,CUST0049,2023-12-09,2023-12-14,Pending,Debit Card,Online,12254.99,2693.45,49,Bangalore,MH,9610.54,2023-12,2023,Zoe  Smith,Female,Corporate,Pune,MH,46.0,PROD131,2.0,3001.76,38.6,3686.16,Adidas Camera 887,Clothing,Headphones,Adidas,50.24
ORD00971,CUST0689,2023-12-10,2023-12-17,Shipped,Credit Card,Mobile App,43580.24,5466.22,49,Kolkata,ON,38163.02,2023-12,2023,Arjun Shah,Other,Consumer,Jaipur,RJ,46.0,PROD127,8.0,3473.48,26.4,20451.85,Prestige Jacket 193,Books,T-Shirt,Adidas,54.91
ORD00971,CUST0689,2023-12-10,2023-12-17,Shipped,Credit Card,Mobile App,43580.24,5466.22,49,Kolkata,ON,38163.02,2023-12,2023,Arjun Shah,Other,Consumer,Jaipur,RJ,46.0,PROD161,6.0,3249.31,28.1,14017.52,Sony Jeans 636,Sports,Saree,Puma,14.22
ORD00973,CUST0570,2023-12-12,2023-12-19,Shipped,Credit Card,Online,27390.55,3962.45,49,Ahmedabad,MH,23477.1,2023-12,2023,Jack Harris,Female,Consumer,Pune,MH,46.0,PROD105,6.0,3615.3,21.9,16941.3,Harpercollins History 567,Electronics,History,Samsung,58.21
ORD00973,CUST0570,2023-12-12,2023-12-19,Shipped,Credit Card,Online,27390.55,3962.45,49,Ahmedabad,MH,23477.1,2023-12,2023,Jack Harris,Female,Consumer,Pune,MH,46.0,PROD197,4.0,2783.91,33.5,7405.2,Apple Cycling 713,Books,Cricket,Samsung,43.22
ORD00973,CUST0570,2023-12-12,2023-12-19,Shipped,Credit Card,Online,27390.55,3962.45,49,Ahmedabad,MH,23477.1,2023-12,2023,Jack Harris,Female,Consumer,Pune,MH,46.0,PROD195,10.0,974.75,6.4,9123.66,Prestige Swimming 944,Home & Kitchen,Cycling,Prestige,19.96
ORD00974,CUST0525,2023-12-12,2023-12-19,Returned,Debit Card,Online,37037.58,10150.39,0,Delhi,NSW,26887.19,2023-12,2023,Leo Lee,Female,Consumer,Kolkata,WB,34.0,PROD119,9.0,2085.25,36.1,11992.27,Sony Appliances 233,Clothing,Appliances,Reebok,12.98
ORD00975,CUST0144,2023-12-13,2023-12-19,Cancelled,Wallet,Online,26196.3,7582.94,149,Surat,KA,18762.36,2023-12,2023,Pooja Patel,Male,Consumer,Hyderabad,TS,46.0,PROD172,4.0,1896.13,19.1,6135.88,Puma Football 366,Books,Swimming,Nike,33.7
ORD00975,CUST0144,2023-12-13,2023-12-19,Cancelled,Wallet,Online,26196.3,7582.94,149,Surat,KA,18762.36,2023-12,2023,Pooja Patel,Male,Consumer,Hyderabad,TS,46.0,PROD024,5.0,2941.65,21.3,11575.39,Apple History 842,Books,Fiction,Nike,43.62
ORD00976,CUST0671,2023-12-14,2023-12-16,Cancelled,Debit Card,Mobile App,11954.2,2703.28,0,Delhi,KA,9250.92,2023-12,2023,Zoe Walker,Male,Consumer,Chennai,TN,59.0,PROD105,10.0,293.05,13.4,2537.81,Harpercollins History 567,Electronics,History,Samsung,58.21
ORD00976,CUST0671,2023-12-14,2023-12-16,Cancelled,Debit Card,Mobile App,11954.2,2703.28,0,Delhi,KA,9250.92,2023-12,2023,Zoe Walker,Male,Consumer,Chennai,TN,59.0,PROD169,5.0,4672.27,8.7,21328.91,Puma Jeans 987,Books,Dress,Harpercollins,30.55
ORD00976,CUST0671,2023-12-14,2023-12-16,Cancelled,Debit Card,Mobile App,11954.2,2703.28,0,Delhi,KA,9250.92,2023-12,2023,Zoe Walker,Male,Consumer,Chennai,TN,59.0,PROD061,10.0,1677.45,1.5,16522.88,Nike Headphones 858,Home & Kitchen,Mobile,Apple,45.42
ORD00978,CUST0198,2023-12-15,2023-12-21,Pending,Wallet,Online,35350.9,9163.18,149,Kolkata,NY,26336.72,2023-12,2023,Nick Smith,Other,Home Office,Chennai,TN,46.0,PROD015,10.0,1553.41,8.1,14275.84,Nike Jacket 551,Electronics,Jacket,Apple,10.71
ORD00978,CUST0198,2023-12-15,2023-12-21,Pending,Wallet,Online,35350.9,9163.18,149,Kolkata,NY,26336.72,2023-12,2023,Nick Smith,Other,Home Office,Chennai,TN,46.0,PROD097,1.0,252.38,7.2,234.21,Apple Appliances 474,Home & Kitchen,Lighting,Apple,35.67
ORD00980,CUST0875,2023-12-17,2023-12-19,Cancelled,Cod,Online,2612.67,495.25,0,Surat,TS,2117.42,2023-12,2023,Bob Jones,Other,Consumer,New York,NY,54.0,PROD185,5.0,2263.02,23.3,8678.68,Philips Headphones 478,Home & Kitchen,Smartwatch,Lg,39.49
ORD00980,CUST0875,2023-12-17,2023-12-19,Cancelled,Cod,Online,2612.67,495.25,0,Surat,TS,2117.42,2023-12,2023,Bob Jones,Other,Consumer,New York,NY,54.0,PROD061,9.0,4005.21,38.4,22204.88,Nike Headphones 858,Home & Kitchen,Mobile,Apple,45.42
ORD00981,CUST0311,2023-12-17,2023-12-19,Cancelled,Cod,In-Store,13522.81,1975.32,0,Chennai,KA,11547.49,2023-12,2023,Victor Taylor,Other,Corporate,Ahmedabad,GJ,46.0,PROD071,6.0,3005.0,0.7,17903.79,Harpercollins Camera 448,Electronics,Smartwatch,Samsung,47.49
ORD00981,CUST0311,2023-12-17,2023-12-19,Cancelled,Cod,In-Store,13522.81,1975.32,0,Chennai,KA,11547.49,2023-12,2023,Victor Taylor,Other,Corporate,Ahmedabad,GJ,46.0,PROD167,9.0,4188.47,11.7,33285.77,Penguin Saree 689,Home & Kitchen,T-Shirt,Apple,49.15
ORD00982,CUST0682,2023-12-18,2023-12-25,Pending,Cod,In-Store,41913.7,0.0,49,Chennai,NY,41962.7,2023-12,2023,Sneha Walker,Male,Corporate,Kolkata,WB,46.0,PROD152,7.0,2518.42,38.5,10841.8,Nike Fiction 779,Sports,Non-Fiction,Sony,30.74
ORD00982,CUST0682,2023-12-18,2023-12-25,Pending,Cod,In-Store,41913.7,0.0,49,Chennai,NY,41962.7,2023-12,2023,Sneha Walker,Male,Corporate,Kolkata,WB,46.0,PROD058,1.0,2699.57,13.1,2345.93,Prestige Science 951,Books,Fiction,Harpercollins,47.27
ORD00982,CUST0682,2023-12-18,2023-12-25,Pending,Cod,In-Store,41913.7,0.0,49,Chennai,NY,41962.7,2023-12,2023,Sneha Walker,Male,Corporate,Kolkata,WB,46.0,PROD119,8.0,1609.47,31.6,8807.02,Sony Appliances 233,Clothing,Appliances,Reebok,12.98
ORD00982,CUST0682,2023-12-18,2023-12-25,Pending,Cod,In-Store,41913.7,0.0,49,Chennai,NY,41962.7,2023-12,2023,Sneha Walker,Male,Corporate,Kolkata,WB,46.0,PROD099,9.0,2902.5,30.7,18102.89,Reebok Cricket 803,Sports,Cycling,Puma,51.59
ORD00983,CUST0995,2023-12-19,2023-12-21,Pending,Credit Card,In-Store,4138.26,182.3,199,Pune,NSW,4154.96,2023-12,2023,Mia Lee,Female,Consumer,Pune,MH,46.0,PROD199,1.0,829.72,20.5,659.63,Adidas Swimming 953,Home & Kitchen,Cricket,Adidas,9.45
ORD00984,CUST0385,2023-12-20,2023-12-27,Delivered,Credit Card,Mobile App,39947.52,4856.53,99,Chennai,WB,35189.99,2023-12,2023,Charlie  Patel,Other,Home Office,London,LDN,62.0,PROD070,1.0,761.99,30.6,528.82,Nike Lighting 275,Clothing,Cookware,Puma,51.4
ORD00984,CUST0385,2023-12-20,2023-12-27,Delivered,Credit Card,Mobile App,39947.52,4856.53,99,Chennai,WB,35189.99,2023-12,2023,Charlie  Patel,Other,Home Office,London,LDN,62.0,PROD105,6.0,424.0,0.0,2544.0,Harpercollins History 567,Electronics,History,Samsung,58.21
ORD00985,CUST0853,2023-12-20,2023-12-26,Returned,Credit Card,Mobile App,23683.29,5843.48,99,New York,ON,17938.81,2023-12,2023,Rahul Miller,Other,Home Office,Ahmedabad,GJ,46.0,PROD122,5.0,4689.2,4.4,22414.38,Penguin Camera 744,Clothing,Mobile,Adidas,52.36
ORD00986,CUST0587,2023-12-21,2023-12-27,Returned,Upi,Mobile App,30041.99,5449.85,149,Mumbai,GJ,24741.14,2023-12,2023,Iris Jones,Other,Consumer,Hyderabad,TS,18.0,PROD182,7.0,1488.97,0.9,10328.98,Samsung Running 478,Electronics,Football,Adidas,51.49
ORD00986,CUST0587,2023-12-21,2023-12-27,Returned,Upi,Mobile App,30041.99,5449.85,149,Mumbai,GJ,24741.14,2023-12,2023,Iris Jones,Other,Consumer,Hyderabad,TS,18.0,PROD037,8.0,2432.88,33.9,12865.07,Nike Laptop 575,Sports,Camera,Harpercollins,17.99
ORD00986,CUST0587,2023-12-21,2023-12-27,Returned,Upi,Mobile App,30041.99,5449.85,149,Mumbai,GJ,24741.14,2023-12,2023,Iris Jones,Other,Consumer,Hyderabad,TS,18.0,PROD045,1.0,4617.82,13.8,3980.56,Nike Headphones 607,Home & Kitchen,Laptop,Reebok,11.65
ORD00987,CUST0640,2023-12-22,2023-12-28,Delivered,Net Banking,Online,36744.64,11918.21,199,Chennai,NY,25025.43,2023-12,2023,Bob Thompson,Female,Consumer,Chennai,TN,46.0,PROD148,7.0,2085.03,5.2,13836.26,Samsung Jacket 758,Home & Kitchen,Jeans,Apple,47.56
ORD00987,CUST0640,2023-12-22,2023-12-28,Delivered,Net Banking,Online,36744.64,11918.21,199,Chennai,NY,25025.43,2023-12,2023,Bob Thompson,Female,Consumer,Chennai,TN,46.0,PROD156,2.0,3199.76,26.5,4703.65,Reebok Decor 139,Books,Appliances,Sony,54.53
ORD00987,CUST0640,2023-12-22,2023-12-28,Delivered,Net Banking,Online,36744.64,11918.21,199,Chennai,NY,25025.43,2023-12,2023,Bob Thompson,Female,Consumer,Chennai,TN,46.0,PROD200,5.0,4693.57,31.4,16098.95,Philips Yoga 695,Clothing,Yoga,Philips,54.73
ORD00988,CUST0053,2023-12-22,2023-12-24,Cancelled,Upi,In-Store,42338.22,4073.24,99,New York,TN,38363.98,2023-12,2023,Charlie Thomas,Male,Consumer,Toronto,ON,68.0,PROD046,6.0,2380.55,0.0,14283.3,Penguin Camera 453,Clothing,Headphones,Sony,56.85
ORD00989,CUST0783,2023-12-23,2023-12-29,Returned,Credit Card,Mobile App,20146.08,6681.9,149,Delhi,LDN,13613.18,2023-12,2023,Tina  Thompson,Other,Consumer,Toronto,ON,51.0,PROD136,5.0,1004.25,0.4,5001.16,Philips Appliances 779,Sports,Furniture,Penguin,44.03
ORD00989,CUST0783,2023-12-23,2023-12-29,Returned,Credit Card,Mobile App,20146.08,6681.9,149,Delhi,LDN,13613.18,2023-12,2023,Tina  Thompson,Other,Consumer,Toronto,ON,51.0,PROD199,6.0,2641.35,37.7,9873.37,Adidas Swimming 953,Home & Kitchen,Cricket,Adidas,9.45
ORD00989,CUST0783,2023-12-23,2023-12-29,Returned,Credit Card,Mobile App,20146.08,6681.9,149,Delhi,LDN,13613.18,2023-12,2023,Tina  Thompson,Other,Consumer,Toronto,ON,51.0,PROD151,4.0,772.81,25.1,2315.34,Samsung Appliances 375,Books,Decor,Samsung,40.0
ORD00990,CUST0697,2023-12-24,2023-12-28,Pending,Cod,Mobile App,18675.54,3693.42,149,Chennai,ON,15131.12,2023-12,2023,Tina Wilson,Other,Home Office,Surat,GJ,46.0,,,,,,,,,,
ORD00991,CUST0704,2023-12-25,2023-12-28,Returned,Cod,In-Store,42618.42,8145.7,99,Toronto,MH,34571.72,2023-12,2023,Priya Jackson,Female,Consumer,Bangalore,KA,46.0,,,,,,,,,,
ORD00992,CUST0973,2023-12-25,2023-12-29,Shipped,Upi,In-Store,36498.99,3174.18,99,Jaipur,NSW,33423.81,2023-12,2023,Yara Moore,Other,Home Office,Mumbai,MH,24.0,PROD119,9.0,4591.42,14.7,35248.33,Sony Appliances 233,Clothing,Appliances,Reebok,12.98
ORD00992,CUST0973,2023-12-25,2023-12-29,Shipped,Upi,In-Store,36498.99,3174.18,99,Jaipur,NSW,33423.81,2023-12,2023,Yara Moore,Other,Home Office,Mumbai,MH,24.0,PROD064,7.0,1915.79,20.7,10634.55,Apple Laptop 953,Clothing,Camera,Harpercollins,39.99
ORD00992,CUST0973,2023-12-25,2023-12-29,Shipped,Upi,In-Store,36498.99,3174.18,99,Jaipur,NSW,33423.81,2023-12,2023,Yara Moore,Other,Home Office,Mumbai,MH,24.0,PROD065,6.0,1211.03,6.4,6801.14,Nike Running 194,Books,Swimming,Reebok,30.97
ORD00993,CUST0912,2023-12-26,2023-12-27,Cancelled,Cod,Online,15166.1,4777.07,149,Ahmedabad,TN,10538.03,2023-12,2023,Xander Wilson,Male,Corporate,Ahmedabad,GJ,69.0,PROD101,6.0,4639.04,29.2,19706.64,Nike Comics 174,Clothing,Comics,Apple,16.78
ORD00993,CUST0912,2023-12-26,2023-12-27,Cancelled,Cod,Online,15166.1,4777.07,149,Ahmedabad,TN,10538.03,2023-12,2023,Xander Wilson,Male,Corporate,Ahmedabad,GJ,69.0,PROD115,5.0,1181.54,22.4,4584.38,Philips Running 335,Home & Kitchen,Yoga,Philips,15.67
ORD00994,CUST0936,2023-12-27,2024-01-02,Returned,Wallet,In-Store,36403.31,12.35,0,Jaipur,RJ,36390.96,2023-12,2023,Alice Smith,Female,Corporate,Bangalore,KA,46.0,PROD116,3.0,1244.45,12.3,3274.15,Prestige Camera 543,Clothing,Camera,Nike,52.74
ORD00994,CUST0936,2023-12-27,2024-01-02,Returned,Wallet,In-Store,36403.31,12.35,0,Jaipur,RJ,36390.96,2023-12,2023,Alice Smith,Female,Corporate,Bangalore,KA,46.0,PROD158,10.0,2318.08,14.0,19935.49,Nike Yoga 654,Home & Kitchen,Football,Samsung,56.49
ORD00994,CUST0936,2023-12-27,2024-01-02,Returned,Wallet,In-Store,36403.31,12.35,0,Jaipur,RJ,36390.96,2023-12,2023,Alice Smith,Female,Corporate,Bangalore,KA,46.0,PROD138,10.0,293.72,12.1,2581.8,Penguin History 493,Home & Kitchen,Self-Help,Prestige,40.86
ORD00995,CUST0726,2023-12-28,2023-12-31,Delivered,Net Banking,Mobile App,38978.85,10667.7,49,Chennai,TS,28360.15,2023-12,2023,Karen  Davis,Other,Corporate,Kolkata,WB,50.0,PROD113,10.0,1426.49,10.5,12767.09,Nike Laptop 971,Home & Kitchen,Tablet,Lg,26.98
ORD00996,CUST0840,2023-12-28,2024-01-02,Shipped,Upi,In-Store,9359.88,1914.5,0,Mumbai,NY,7445.38,2023-12,2023,Karen  Garcia,Other,Corporate,London,LDN,43.0,PROD171,2.0,4189.27,11.5,7415.01,Nike Cricket 448,Clothing,Cycling,Lg,54.33
ORD00996,CUST0840,2023-12-28,2024-01-02,Shipped,Upi,In-Store,9359.88,1914.5,0,Mumbai,NY,7445.38,2023-12,2023,Karen  Garcia,Other,Corporate,London,LDN,43.0,PROD014,8.0,4194.28,3.6,32346.29,Sony Science 117,Electronics,Science,Reebok,39.2
ORD00997,CUST0575,2023-12-29,2024-01-05,Returned,Cod,Mobile App,36882.39,0.0,149,Pune,KA,37031.39,2023-12,2023,,,,,,,PROD137,1.0,4361.92,30.1,3048.98,Reebok Headphones 725,Sports,Smartwatch,Samsung,51.88
ORD00997,CUST0575,2023-12-29,2024-01-05,Returned,Cod,Mobile App,36882.39,0.0,149,Pune,KA,37031.39,2023-12,2023,,,,,,,PROD058,5.0,4465.59,2.3,21814.41,Prestige Science 951,Books,Fiction,Harpercollins,47.27
ORD00997,CUST0575,2023-12-29,2024-01-05,Returned,Cod,Mobile App,36882.39,0.0,149,Pune,KA,37031.39,2023-12,2023,,,,,,,PROD137,1.0,4336.24,25.3,3239.17,Reebok Headphones 725,Sports,Smartwatch,Samsung,51.88
ORD00998,CUST0874,2023-12-30,2024-01-04,Pending,Wallet,Online,19476.08,2937.83,199,New York,MH,16737.25,2023-12,2023,Frank Shah,Female,Corporate,Ahmedabad,GJ,64.0,PROD177,2.0,4324.91,2.0,8476.82,Nike Bedding 498,Sports,Decor,Nike,32.96
ORD00998,CUST0874,2023-12-30,2024-01-04,Pending,Wallet,Online,19476.08,2937.83,199,New York,MH,16737.25,2023-12,2023,Frank Shah,Female,Corporate,Ahmedabad,GJ,64.0,PROD191,9.0,2259.85,34.8,13260.8,Prestige Dress 944,Home & Kitchen,Jeans,Apple,48.89
ORD00998,CUST0874,2023-12-30,2024-01-04,Pending,Wallet,Online,19476.08,2937.83,199,New York,MH,16737.25,2023-12,2023,Frank Shah,Female,Corporate,Ahmedabad,GJ,64.0,PROD165,10.0,1588.03,18.5,12942.44,Nike Appliances 352,Home & Kitchen,Furniture,Nike,38.62
ORD00999,CUST0415,2023-12-31,2024-01-04,Returned,Wallet,In-Store,24203.51,211.51,149,Kolkata,ON,24141.0,2023-12,2023,Grace Moore,Female,Corporate,Kolkata,WB,44.0,PROD176,1.0,4426.08,36.4,2814.99,Nike Jacket 282,Electronics,Shoes,Puma,11.71
ORD00999,CUST0415,2023-12-31,2024-01-04,Returned,Wallet,In-Store,24203.51,211.51,149,Kolkata,ON,24141.0,2023-12,2023,Grace Moore,Female,Corporate,Kolkata,WB,44.0,PROD160,1.0,2876.01,1.2,2841.5,Apple Tablet 374,Electronics,Headphones,Prestige,58.24
ORD00999,CUST0415,2023-12-31,2024-01-04,Returned,Wallet,In-Store,24203.51,211.51,149,Kolkata,ON,24141.0,2023-12,2023,Grace Moore,Female,Corporate,Kolkata,WB,44.0,PROD014,4.0,652.12,36.9,1645.95,Sony Science 117,Electronics,Science,Reebok,39.2
ORD00999,CUST0415,2023-12-31,2024-01-04,Returned,Wallet,In-Store,24203.51,211.51,149,Kolkata,ON,24141.0,2023-12,2023,Grace Moore,Female,Corporate,Kolkata,WB,44.0,PROD020,1.0,3210.38,7.1,2982.44,Apple Jacket 787,Electronics,T-Shirt,Adidas,17.13
ORD01000,CUST0490,2023-12-31,2024-01-04,Cancelled,Wallet,Online,11643.2,131.83,199,Jaipur,WB,11710.37,2023-12,2023,Diana Harris,Other,Home Office,Pune,MH,46.0,PROD110,9.0,1632.06,37.4,9195.03,Harpercollins Shoes 395,Books,Jeans,Reebok,40.0
ORD01000,CUST0490,2023-12-31,2024-01-04,Cancelled,Wallet,Online,11643.2,131.83,199,Jaipur,WB,11710.37,2023-12,2023,Diana Harris,Other,Home Office,Pune,MH,46.0,PROD131,6.0,549.63,33.1,2206.21,Adidas Camera 887,Clothing,Headphones,Adidas,50.24
ORD01000,CUST0490,2023-12-31,2024-01-04,Cancelled,Wallet,Online,11643.2,131.83,199,Jaipur,WB,11710.37,2023-12,2023,Diana Harris,Other,Home Office,Pune,MH,46.0,PROD165,5.0,2496.84,14.8,10636.54,Nike Appliances 352,Home & Kitchen,Furniture,Nike,38.62
ORD01001,CUST0131,2024-01-01,2024-01-02,Shipped,Cod,Mobile App,46034.65,4195.36,49,Bangalore,DL,41888.29,2024-01,2024,Arjun Wilson,Male,Consumer,Surat,GJ,46.0,PROD008,10.0,1402.64,11.7,12385.31,Samsung Furniture 983,Sports,Bedding,Harpercollins,66.39
ORD01001,CUST0131,2024-01-01,2024-01-02,Shipped,Cod,Mobile App,46034.65,4195.36,49,Bangalore,DL,41888.29,2024-01,2024,Arjun Wilson,Male,Consumer,Surat,GJ,46.0,PROD119,1.0,1431.43,3.4,1382.76,Sony Appliances 233,Clothing,Appliances,Reebok,12.98
ORD01002,CUST0202,2024-02-01,2024-01-06,Delivered,Debit Card,Mobile App,17291.32,6747.28,49,Jaipur,DL,10593.04,2024-02,2024,Uma Wilson,Female,Consumer,Delhi,DL,32.0,PROD031,10.0,1764.3,36.0,11291.52,Adidas Non-Fiction 307,Electronics,Self-Help,Prestige,49.23
ORD01002,CUST0202,2024-02-01,2024-01-06,Delivered,Debit Card,Mobile App,17291.32,6747.28,49,Jaipur,DL,10593.04,2024-02,2024,Uma Wilson,Female,Consumer,Delhi,DL,32.0,PROD191,2.0,2512.88,22.8,3879.89,Prestige Dress 944,Home & Kitchen,Jeans,Apple,48.89
ORD01003,CUST0691,2024-02-01,2024-01-08,Delivered,Upi,Mobile App,47407.2,2154.46,49,Toronto,NSW,45301.74,2024-02,2024,Rahul Jones,Other,Home Office,Sydney,NSW,46.0,PROD045,3.0,1929.46,0.3,5771.01,Nike Headphones 607,Home & Kitchen,Laptop,Reebok,11.65
ORD01003,CUST0691,2024-02-01,2024-01-08,Delivered,Upi,Mobile App,47407.2,2154.46,49,Toronto,NSW,45301.74,2024-02,2024,Rahul Jones,Other,Home Office,Sydney,NSW,46.0,PROD169,7.0,3577.81,20.9,19810.33,Puma Jeans 987,Books,Dress,Harpercollins,30.55
ORD01004,CUST0955,2024-03-01,2024-01-06,Returned,Credit Card,Mobile App,16558.54,1477.38,0,London,WB,15081.16,2024-03,2024,Peter Johnson,Female,Corporate,London,LDN,58.0,PROD008,3.0,2142.96,24.0,4885.95,Samsung Furniture 983,Sports,Bedding,Harpercollins,66.39
ORD01005,CUST0224,2024-01-04,2024-01-06,Shipped,Credit Card,Mobile App,18918.31,7087.87,49,London,DL,11879.44,2024-01,2024,,,,,,,PROD195,1.0,3170.78,28.4,2270.28,Prestige Swimming 944,Home & Kitchen,Cycling,Prestige,19.96
ORD01005,CUST0224,2024-01-04,2024-01-06,Shipped,Credit Card,Mobile App,18918.31,7087.87,49,London,DL,11879.44,2024-01,2024,,,,,,,PROD106,2.0,1026.93,19.3,1657.47,Samsung Self-Help 140,Books,Non-Fiction,Apple,48.39
ORD01005,CUST0224,2024-01-04,2024-01-06,Shipped,Credit Card,Mobile App,18918.31,7087.87,49,London,DL,11879.44,2024-01,2024,,,,,,,PROD059,6.0,4777.43,1.7,28177.28,Apple History 581,Home & Kitchen,Science,Puma,28.87
ORD01005,CUST0224,2024-01-04,2024-01-06,Shipped,Credit Card,Mobile App,18918.31,7087.87,49,London,DL,11879.44,2024-01,2024,,,,,,,PROD090,1.0,4463.33,29.2,3160.04,Samsung T-Shirt 473,Sports,Shoes,Samsung,56.49
ORD01006,CUST0076,2024-01-05,2024-01-11,Pending,Wallet,Online,22637.96,1161.62,49,Toronto,NY,21525.34,2024-01,2024,Henry  Anderson,Female,Consumer,Delhi,DL,59.0,PROD190,4.0,2435.06,1.0,9642.84,Samsung Jacket 891,Home & Kitchen,Dress,Samsung,56.46
ORD01006,CUST0076,2024-01-05,2024-01-11,Pending,Wallet,Online,22637.96,1161.62,49,Toronto,NY,21525.34,2024-01,2024,Henry  Anderson,Female,Consumer,Delhi,DL,59.0,PROD038,2.0,302.03,20.6,479.62,Samsung Mobile 969,Clothing,Mobile,Philips,20.83
ORD01006,CUST0076,2024-01-05,2024-01-11,Pending,Wallet,Online,22637.96,1161.62,49,Toronto,NY,21525.34,2024-01,2024,Henry  Anderson,Female,Consumer,Delhi,DL,59.0,PROD080,5.0,4103.18,35.0,13335.34,Samsung Dress 334,Sports,Shoes,Apple,33.19
ORD01006,CUST0076,2024-01-05,2024-01-11,Pending,Wallet,Online,22637.96,1161.62,49,Toronto,NY,21525.34,2024-01,2024,Henry  Anderson,Female,Consumer,Delhi,DL,59.0,PROD056,7.0,2547.94,4.2,17086.49,Sony Tablet 154,Sports,Camera,Nike,46.2
ORD01006,CUST0076,2024-01-05,2024-01-11,Pending,Wallet,Online,22637.96,1161.62,49,Toronto,NY,21525.34,2024-01,2024,Henry  Anderson,Female,Consumer,Delhi,DL,59.0,PROD189,9.0,3717.02,12.9,29137.72,Samsung Shoes 428,Books,Shoes,Apple,40.01
ORD01007,CUST0063,2024-01-05,2024-01-11,Pending,Credit Card,Mobile App,9709.72,339.86,0,Ahmedabad,MH,9369.86,2024-01,2024,Bob Jackson,Female,Corporate,Sydney,NSW,41.0,PROD113,1.0,3787.51,17.4,3128.48,Nike Laptop 971,Home & Kitchen,Tablet,Lg,26.98
ORD01007,CUST0063,2024-01-05,2024-01-11,Pending,Credit Card,Mobile App,9709.72,339.86,0,Ahmedabad,MH,9369.86,2024-01,2024,Bob Jackson,Female,Corporate,Sydney,NSW,41.0,PROD124,9.0,4687.51,38.8,25818.81,Sony Science 562,Electronics,Self-Help,Harpercollins,42.34
ORD01007,CUST0063,2024-01-05,2024-01-11,Pending,Credit Card,Mobile App,9709.72,339.86,0,Ahmedabad,MH,9369.86,2024-01,2024,Bob Jackson,Female,Corporate,Sydney,NSW,41.0,PROD154,2.0,3025.49,2.4,5905.76,Puma Jacket 845,Books,Jeans,Apple,30.08
ORD01008,CUST0271,2024-01-06,2024-01-12,Delivered,Wallet,Mobile App,49446.18,7920.85,0,Pune,NY,41525.33,2024-01,2024,Xander Martin,Other,Corporate,Mumbai,MH,51.0,PROD042,5.0,2726.81,13.4,11807.09,Apple Furniture 868,Books,Appliances,Apple,59.18
ORD01008,CUST0271,2024-01-06,2024-01-12,Delivered,Wallet,Mobile App,49446.18,7920.85,0,Pune,NY,41525.33,2024-01,2024,Xander Martin,Other,Corporate,Mumbai,MH,51.0,PROD116,7.0,1743.24,22.2,9493.69,Prestige Camera 543,Clothing,Camera,Nike,52.74
ORD01009,CUST0682,2024-01-07,2024-01-12,Shipped,Net Banking,In-Store,33889.54,7127.92,199,Chennai,ON,26960.62,2024-01,2024,Sneha Walker,Male,Corporate,Kolkata,WB,46.0,PROD140,9.0,2471.47,28.1,15992.88,Harpercollins Decor 546,Sports,Decor,Reebok,57.57
ORD01009,CUST0682,2024-01-07,2024-01-12,Shipped,Net Banking,In-Store,33889.54,7127.92,199,Chennai,ON,26960.62,2024-01,2024,Sneha Walker,Male,Corporate,Kolkata,WB,46.0,PROD124,5.0,1705.69,8.6,7795.0,Sony Science 562,Electronics,Self-Help,Harpercollins,42.34
ORD01009,CUST0682,2024-01-07,2024-01-12,Shipped,Net Banking,In-Store,33889.54,7127.92,199,Chennai,ON,26960.62,2024-01,2024,Sneha Walker,Male,Corporate,Kolkata,WB,46.0,PROD056,1.0,4744.96,9.2,4308.42,Sony Tablet 154,Sports,Camera,Nike,46.2
ORD01010,CUST0269,2024-01-08,2024-01-13,Returned,Upi,In-Store,23905.51,2723.88,199,Chennai,GJ,21380.63,2024-01,2024,Nick Martin,Other,Corporate,Chennai,TN,31.0,PROD117,3.0,471.98,0.1,1414.52,Philips Shoes 833,Home & Kitchen,Jacket,Penguin,53.82
ORD01010,CUST0269,2024-01-08,2024-01-13,Returned,Upi,In-Store,23905.51,2723.88,199,Chennai,GJ,21380.63,2024-01,2024,Nick Martin,Other,Corporate,Chennai,TN,31.0,PROD128,4.0,1732.41,23.1,5328.89,Lg Furniture 340,Electronics,Furniture,Samsung,54.16
ORD01011,CUST0542,2024-08-01,2024-01-15,Cancelled,Debit Card,Online,15854.62,5897.02,49,Pune,GJ,10006.6,2024-08,2024,Steve Lee,Male,Consumer,Chennai,TN,54.0,PROD100,3.0,1921.13,26.1,4259.15,Sony History 683,Sports,Comics,Puma,56.77
ORD01012,CUST0128,2024-01-09,2024-01-13,Returned,Credit Card,In-Store,14030.05,4790.8,99,Sydney,LDN,9338.25,2024-01,2024,Karen  Lee,Female,Corporate,Jaipur,RJ,70.0,PROD031,9.0,1998.63,39.6,10864.55,Adidas Non-Fiction 307,Electronics,Self-Help,Prestige,49.23
ORD01013,CUST0506,2024-10-01,2024-01-15,Shipped,Cod,In-Store,36914.69,8163.93,199,Pune,GJ,28949.76,2024-10,2024,Arjun Patel,Female,Corporate,Delhi,DL,57.0,PROD056,10.0,3095.18,32.7,20830.56,Sony Tablet 154,Sports,Camera,Nike,46.2
ORD01014,CUST0693,2024-01-10,2024-01-13,Cancelled,Wallet,Online,44580.15,167.86,0,Bangalore,TS,44412.29,2024-01,2024,,,,,,,PROD197,3.0,622.94,7.0,1738.0,Apple Cycling 713,Books,Cricket,Samsung,43.22
ORD01015,CUST0911,2024-11-01,2024-01-14,Cancelled,Cod,In-Store,34267.1,13125.24,99,Kolkata,TS,21240.86,2024-11,2024,Rachel Brown,Male,Consumer,Jaipur,RJ,46.0,PROD033,3.0,487.44,24.7,1101.13,Nike Furniture 421,Sports,Appliances,Nike,54.4
ORD01015,CUST0911,2024-11-01,2024-01-14,Cancelled,Cod,In-Store,34267.1,13125.24,99,Kolkata,TS,21240.86,2024-11,2024,Rachel Brown,Male,Consumer,Jaipur,RJ,46.0,PROD145,2.0,1211.01,31.7,1654.24,Reebok Smartwatch 139,Books,Headphones,Sony,11.99
ORD01015,CUST0911,2024-11-01,2024-01-14,Cancelled,Cod,In-Store,34267.1,13125.24,99,Kolkata,TS,21240.86,2024-11,2024,Rachel Brown,Male,Consumer,Jaipur,RJ,46.0,PROD089,1.0,656.68,13.9,565.4,Penguin Football 980,Electronics,Football,Nike,31.17
ORD01016,CUST0967,2024-12-01,2024-12-04,Returned,Debit Card,Online,49658.36,3974.98,0,London,LDN,45683.38,2024-12,2024,Victor Johnson,Male,Home Office,Jaipur,RJ,43.0,,,,,,,,,,
ORD01017,CUST0478,2024-01-13,2024-01-19,Delivered,Credit Card,In-Store,47758.69,15909.43,149,Bangalore,KA,31998.26,2024-01,2024,Priya Patel,Female,Corporate,Ahmedabad,GJ,42.0,PROD152,5.0,983.62,13.0,4278.75,Nike Fiction 779,Sports,Non-Fiction,Sony,30.74
ORD01017,CUST0478,2024-01-13,2024-01-19,Delivered,Credit Card,In-Store,47758.69,15909.43,149,Bangalore,KA,31998.26,2024-01,2024,Priya Patel,Female,Corporate,Ahmedabad,GJ,42.0,PROD170,1.0,3182.2,18.8,2583.95,Adidas Shoes 686,Home & Kitchen,Shoes,Prestige,52.73
ORD01017,CUST0478,2024-01-13,2024-01-19,Delivered,Credit Card,In-Store,47758.69,15909.43,149,Bangalore,KA,31998.26,2024-01,2024,Priya Patel,Female,Corporate,Ahmedabad,GJ,42.0,PROD018,10.0,1797.04,22.9,13855.18,Philips Lighting 243,Home & Kitchen,Furniture,Apple,41.07
ORD01017,CUST0478,2024-01-13,2024-01-19,Delivered,Credit Card,In-Store,47758.69,15909.43,149,Bangalore,KA,31998.26,2024-01,2024,Priya Patel,Female,Corporate,Ahmedabad,GJ,42.0,PROD146,3.0,1776.81,0.0,5330.43,Samsung Comics 644,Books,Comics,Samsung,20.71
ORD01017,CUST0478,2024-01-13,2024-01-19,Delivered,Credit Card,In-Store,47758.69,15909.43,149,Bangalore,KA,31998.26,2024-01,2024,Priya Patel,Female,Corporate,Ahmedabad,GJ,42.0,PROD147,4.0,3675.31,0.0,14701.24,Lg Appliances 636,Books,Bedding,Penguin,31.75
ORD01018,CUST0972,2024-01-13,2024-01-18,Shipped,Cod,Online,37689.39,1558.17,199,Mumbai,WB,36330.22,2024-01,2024,Olivia Miller,Female,Corporate,Surat,GJ,46.0,PROD062,3.0,1970.61,5.2,5604.41,Samsung Cycling 783,Home & Kitchen,Football,Adidas,26.61
ORD01018,CUST0972,2024-01-13,2024-01-18,Shipped,Cod,Online,37689.39,1558.17,199,Mumbai,WB,36330.22,2024-01,2024,Olivia Miller,Female,Corporate,Surat,GJ,46.0,PROD068,8.0,4831.56,4.8,36797.16,Nike T-Shirt 743,Home & Kitchen,Jacket,Apple,49.93
ORD01019,CUST0644,2024-01-14,2024-01-18,Pending,Wallet,Online,24451.38,5482.52,0,Bangalore,ON,18968.86,2024-01,2024,Quinn Patel,Male,Corporate,London,LDN,46.0,PROD158,8.0,1470.57,13.4,10188.11,Nike Yoga 654,Home & Kitchen,Football,Samsung,56.49
ORD01019,CUST0644,2024-01-14,2024-01-18,Pending,Wallet,Online,24451.38,5482.52,0,Bangalore,ON,18968.86,2024-01,2024,Quinn Patel,Male,Corporate,London,LDN,46.0,PROD096,5.0,3359.58,35.5,10834.65,Apple Lighting 795,Books,Bedding,Apple,37.49
ORD01019,CUST0644,2024-01-14,2024-01-18,Pending,Wallet,Online,24451.38,5482.52,0,Bangalore,ON,18968.86,2024-01,2024,Quinn Patel,Male,Corporate,London,LDN,46.0,PROD030,3.0,665.44,4.5,1906.49,Penguin Yoga 168,Electronics,Running,Nike,55.16
ORD01020,CUST0251,2024-01-15,2024-01-17,Returned,Upi,In-Store,10641.83,3630.76,199,Surat,LDN,7210.07,2024-01,2024,,,,,,,PROD022,10.0,1306.35,21.8,10215.66,Lg Cookware 668,Home & Kitchen,Furniture,Philips,32.34
ORD01020,CUST0251,2024-01-15,2024-01-17,Returned,Upi,In-Store,10641.83,3630.76,199,Surat,LDN,7210.07,2024-01,2024,,,,,,,PROD104,7.0,227.48,24.4,1203.82,Harpercollins Jeans 435,Electronics,Saree,Nike,50.01
ORD01021,CUST0644,2024-01-16,2024-01-20,Cancelled,Net Banking,In-Store,2772.24,588.16,49,New York,DL,2233.08,2024-01,2024,Quinn Patel,Male,Corporate,London,LDN,46.0,PROD070,5.0,480.45,0.7,2385.43,Nike Lighting 275,Clothing,Cookware,Puma,51.4
ORD01021,CUST0644,2024-01-16,2024-01-20,Cancelled,Net Banking,In-Store,2772.24,588.16,49,New York,DL,2233.08,2024-01,2024,Quinn Patel,Male,Corporate,London,LDN,46.0,PROD123,7.0,2534.72,38.7,10876.48,Apple Comics 186,Home & Kitchen,History,Nike,48.14
ORD01022,CUST0423,2024-01-16,2024-01-17,Returned,Cod,In-Store,10438.36,3437.55,149,Hyderabad,RJ,7149.81,2024-01,2024,Rahul Johnson,Other,Corporate,Delhi,DL,43.0,PROD028,3.0,4019.36,29.0,8561.24,Apple Science 123,Clothing,History,Samsung,55.38
ORD01022,CUST0423,2024-01-16,2024-01-17,Returned,Cod,In-Store,10438.36,3437.55,149,Hyderabad,RJ,7149.81,2024-01,2024,Rahul Johnson,Other,Corporate,Delhi,DL,43.0,PROD125,2.0,1327.09,36.6,1682.75,Prestige Self-Help 619,Electronics,Self-Help,Philips,28.66
ORD01023,CUST0877,2024-01-17,2024-01-22,Returned,Credit Card,Mobile App,17468.14,5557.28,49,Toronto,TS,11959.86,2024-01,2024,Bob  Thomas,Other,Corporate,Chennai,TN,46.0,PROD027,5.0,4818.87,16.2,20191.07,Harpercollins Saree 716,Home & Kitchen,Saree,Apple,18.1
ORD01024,CUST0923,2024-01-18,2024-01-21,Pending,Credit Card,Online,49185.11,3826.01,0,Jaipur,NSW,45359.1,2024-01,2024,Uma  Lee,Male,Home Office,Jaipur,RJ,63.0,PROD075,8.0,2991.29,9.9,21561.22,Puma Football 995,Clothing,Swimming,Nike,27.65
ORD01025,CUST0962,2024-01-19,2024-01-23,Returned,Wallet,Mobile App,23563.3,8115.04,99,Ahmedabad,NSW,15547.26,2024-01,2024,Arjun Jackson,Female,Consumer,Delhi,DL,46.0,PROD048,7.0,2386.31,37.1,10506.92,Adidas Jacket 176,Home & Kitchen,Jeans,Apple,57.33
ORD01026,CUST0372,2024-01-19,2024-01-23,Cancelled,Cod,In-Store,42409.45,5266.78,199,Hyderabad,MH,37341.67,2024-01,2024,Quinn Walker,Male,Corporate,London,LDN,39.0,PROD018,4.0,2965.32,39.8,7140.49,Philips Lighting 243,Home & Kitchen,Furniture,Apple,41.07
ORD01027,CUST0993,2024-01-20,2024-01-26,Shipped,Cod,Mobile App,33660.51,8097.06,99,Ahmedabad,MH,25662.45,2024-01,2024,Tina Anderson,Other,Home Office,Sydney,NSW,46.0,PROD145,10.0,442.76,23.4,3391.54,Reebok Smartwatch 139,Books,Headphones,Sony,11.99
ORD01027,CUST0993,2024-01-20,2024-01-26,Shipped,Cod,Mobile App,33660.51,8097.06,99,Ahmedabad,MH,25662.45,2024-01,2024,Tina Anderson,Other,Home Office,Sydney,NSW,46.0,PROD158,2.0,4669.04,14.2,8012.07,Nike Yoga 654,Home & Kitchen,Football,Samsung,56.49
ORD01028,CUST0325,2024-01-21,2024-01-24,Delivered,Upi,Online,25225.76,3448.32,149,Jaipur,TN,21926.44,2024-01,2024,Rahul Davis,Female,Corporate,Bangalore,KA,46.0,PROD150,9.0,4228.99,36.6,24130.62,Samsung Furniture 477,Books,Decor,Samsung,54.62
ORD01028,CUST0325,2024-01-21,2024-01-24,Delivered,Upi,Online,25225.76,3448.32,149,Jaipur,TN,21926.44,2024-01,2024,Rahul Davis,Female,Corporate,Bangalore,KA,46.0,PROD169,2.0,1889.49,18.6,3076.09,Puma Jeans 987,Books,Dress,Harpercollins,30.55
ORD01028,CUST0325,2024-01-21,2024-01-24,Delivered,Upi,Online,25225.76,3448.32,149,Jaipur,TN,21926.44,2024-01,2024,Rahul Davis,Female,Corporate,Bangalore,KA,46.0,PROD114,8.0,2379.71,35.6,12260.27,Lg Laptop 719,Sports,Tablet,Prestige,25.99
ORD01029,CUST0743,2024-01-21,2024-01-26,Shipped,Net Banking,Online,11797.56,2820.57,199,Delhi,GJ,9175.99,2024-01,2024,Xander Shah,Female,Corporate,Surat,GJ,57.0,PROD153,6.0,2842.4,11.6,15076.09,Nike Bedding 873,Clothing,Furniture,Nike,45.12
ORD01030,CUST0430,2024-01-22,2024-01-29,Shipped,Net Banking,Online,7742.11,2634.21,49,Delhi,ON,5156.9,2024-01,2024,,,,,,,PROD090,1.0,707.13,19.6,568.53,Samsung T-Shirt 473,Sports,Shoes,Samsung,56.49
ORD01030,CUST0430,2024-01-22,2024-01-29,Shipped,Net Banking,Online,7742.11,2634.21,49,Delhi,ON,5156.9,2024-01,2024,,,,,,,PROD187,4.0,465.99,12.1,1638.42,Reebok Decor 369,Sports,Bedding,Philips,54.59
ORD01031,CUST0072,2024-01-23,2024-01-24,Shipped,Cod,Mobile App,45547.72,14159.8,99,Bangalore,ON,31486.92,2024-01,2024,Quinn  Anderson,Female,Consumer,Mumbai,MH,57.0,PROD033,6.0,4525.71,9.4,24601.76,Nike Furniture 421,Sports,Appliances,Nike,54.4
ORD01031,CUST0072,2024-01-23,2024-01-24,Shipped,Cod,Mobile App,45547.72,14159.8,99,Bangalore,ON,31486.92,2024-01,2024,Quinn  Anderson,Female,Consumer,Mumbai,MH,57.0,PROD194,2.0,2139.31,19.1,3461.4,Harpercollins Fiction 998,Electronics,Self-Help,Philips,26.4
ORD01031,CUST0072,2024-01-23,2024-01-24,Shipped,Cod,Mobile App,45547.72,14159.8,99,Bangalore,ON,31486.92,2024-01,2024,Quinn  Anderson,Female,Consumer,Mumbai,MH,57.0,PROD038,1.0,2742.93,26.1,2027.03,Samsung Mobile 969,Clothing,Mobile,Philips,20.83
ORD01031,CUST0072,2024-01-23,2024-01-24,Shipped,Cod,Mobile App,45547.72,14159.8,99,Bangalore,ON,31486.92,2024-01,2024,Quinn  Anderson,Female,Consumer,Mumbai,MH,57.0,PROD181,3.0,3085.33,11.9,8154.53,Lg Self-Help 722,Clothing,Comics,Harpercollins,55.84
ORD01032,CUST0621,2024-01-24,2024-01-27,Delivered,Upi,In-Store,3580.02,859.49,49,Jaipur,MH,2769.53,2024-01,2024,Iris Shah,Female,Consumer,Surat,GJ,63.0,,,,,,,,,,
ORD01033,CUST0142,2024-01-24,2024-01-30,Shipped,Cod,Mobile App,3431.77,1014.51,99,Bangalore,RJ,2516.26,2024-01,2024,Tina Martin,Male,Consumer,Hyderabad,TS,45.0,,,,,,,,,,
ORD01034,CUST0130,2024-01-25,2024-01-31,Cancelled,Credit Card,Mobile App,44911.71,16250.92,0,Kolkata,KA,28660.79,2024-01,2024,Henry Jones,Female,Corporate,Chennai,TN,46.0,PROD043,6.0,4892.44,37.9,18229.23,Puma Mobile 944,Clothing,Headphones,Sony,23.91
ORD01034,CUST0130,2024-01-25,2024-01-31,Cancelled,Credit Card,Mobile App,44911.71,16250.92,0,Kolkata,KA,28660.79,2024-01,2024,Henry Jones,Female,Corporate,Chennai,TN,46.0,PROD077,1.0,2520.04,1.2,2489.8,Nike Laptop 968,Home & Kitchen,Smartwatch,Adidas,58.83
ORD01035,CUST0074,2024-01-26,2024-01-27,Shipped,Wallet,In-Store,35362.75,5740.31,0,Surat,WB,29622.44,2024-01,2024,Henry  Harris,Male,Consumer,Mumbai,MH,49.0,PROD125,9.0,3750.16,39.1,20554.63,Prestige Self-Help 619,Electronics,Self-Help,Philips,28.66
ORD01036,CUST0791,2024-01-27,2024-02-03,Pending,Upi,In-Store,11740.22,2809.36,99,Sydney,RJ,9029.86,2024-01,2024,Yara Smith,Male,Corporate,Delhi,DL,46.0,PROD133,7.0,1955.09,11.2,12152.84,Nike Swimming 562,Books,Football,Puma,14.61
ORD01036,CUST0791,2024-01-27,2024-02-03,Pending,Upi,In-Store,11740.22,2809.36,99,Sydney,RJ,9029.86,2024-01,2024,Yara Smith,Male,Corporate,Delhi,DL,46.0,PROD040,7.0,2987.84,29.0,14849.56,Apple Cricket 717,Electronics,Cycling,Prestige,55.93
ORD01037,CUST0544,2024-01-27,2024-01-30,Pending,Cod,Mobile App,36194.06,8033.04,99,New York,KA,28260.02,2024-01,2024,Olivia  Patel,Female,Corporate,Bangalore,KA,27.0,PROD041,3.0,3113.2,7.5,8639.13,Nike Cookware 488,Books,Cookware,Samsung,33.81
ORD01037,CUST0544,2024-01-27,2024-01-30,Pending,Cod,Mobile App,36194.06,8033.04,99,New York,KA,28260.02,2024-01,2024,Olivia  Patel,Female,Corporate,Bangalore,KA,27.0,PROD072,9.0,4964.55,14.2,38336.26,Philips History 903,Electronics,History,Prestige,10.66
ORD01039,CUST0140,2024-01-29,2024-02-04,Delivered,Credit Card,Mobile App,26113.69,7697.05,199,Chennai,NY,18615.64,2024-01,2024,Tina Williams,Female,Home Office,Chennai,TN,49.0,,,,,,,,,,
ORD01040,CUST0900,2024-01-29,2024-01-30,Pending,Wallet,Online,34818.6,4259.76,199,Hyderabad,GJ,30757.84,2024-01,2024,Uma Moore,Male,Consumer,Kolkata,WB,46.0,PROD025,3.0,4761.77,33.7,9471.16,Prestige Jacket 493,Home & Kitchen,Shoes,Nike,18.62
ORD01041,CUST0144,2024-01-30,2024-01-31,Delivered,Credit Card,In-Store,13950.5,4070.09,199,London,MH,10079.41,2024-01,2024,Pooja Patel,Male,Consumer,Hyderabad,TS,46.0,PROD137,1.0,126.8,32.3,85.84,Reebok Headphones 725,Sports,Smartwatch,Samsung,51.88
ORD01042,CUST0022,2024-01-31,2024-02-02,Shipped,Credit Card,In-Store,43325.56,12176.53,149,Pune,MH,31298.03,2024-01,2024,Alice Thomas,Male,Consumer,Toronto,ON,46.0,PROD002,4.0,2843.39,15.1,9656.15,Apple History 640,Sports,History,Adidas,48.12
ORD01043,CUST0421,2024-02-01,2024-02-02,Delivered,Wallet,Mobile App,9490.31,2470.71,0,Delhi,RJ,7019.6,2024-02,2024,Peter Taylor,Male,Consumer,Kolkata,WB,46.0,PROD106,2.0,4263.88,31.6,5832.99,Samsung Self-Help 140,Books,Non-Fiction,Apple,48.39
ORD01044,CUST0219,2024-02-01,2024-02-06,Returned,Debit Card,In-Store,3420.47,282.11,199,Ahmedabad,DL,3337.36,2024-02,2024,Steve Johnson,Other,Home Office,Ahmedabad,GJ,46.0,PROD157,4.0,68.81,0.5,273.86,Samsung Comics 227,Electronics,Fiction,Samsung,49.37
ORD01045,CUST0769,2024-02-02,2024-02-03,Returned,Cod,Mobile App,22695.78,4341.42,49,Chennai,TS,18403.36,2024-02,2024,Jack  Anderson,Other,Corporate,Kolkata,WB,47.0,PROD077,7.0,134.6,5.3,892.26,Nike Laptop 968,Home & Kitchen,Smartwatch,Adidas,58.83
ORD01046,CUST0084,2024-02-03,2024-02-06,Cancelled,Net Banking,Mobile App,35359.96,13785.02,49,Surat,NSW,21623.94,2024-02,2024,Wendy Johnson,Male,Home Office,Delhi,DL,46.0,PROD026,1.0,4226.64,36.9,2667.01,Nike Cricket 264,Clothing,Running,Apple,32.24
ORD01046,CUST0084,2024-02-03,2024-02-06,Cancelled,Net Banking,Mobile App,35359.96,13785.02,49,Surat,NSW,21623.94,2024-02,2024,Wendy Johnson,Male,Home Office,Delhi,DL,46.0,PROD043,10.0,3091.57,38.1,19136.82,Puma Mobile 944,Clothing,Headphones,Sony,23.91
ORD01046,CUST0084,2024-02-03,2024-02-06,Cancelled,Net Banking,Mobile App,35359.96,13785.02,49,Surat,NSW,21623.94,2024-02,2024,Wendy Johnson,Male,Home Office,Delhi,DL,46.0,PROD011,4.0,3680.17,29.9,10319.2,Prestige History 742,Sports,Science,Harpercollins,52.96
ORD01047,CUST0539,2024-02-04,2024-02-07,Delivered,Upi,In-Store,32352.33,9511.27,99,Bangalore,GJ,22940.06,2024-02,2024,Bob Brown,Female,Corporate,Bangalore,KA,49.0,PROD027,2.0,320.28,6.3,600.2,Harpercollins Saree 716,Home & Kitchen,Saree,Apple,18.1
ORD01047,CUST0539,2024-02-04,2024-02-07,Delivered,Upi,In-Store,32352.33,9511.27,99,Bangalore,GJ,22940.06,2024-02,2024,Bob Brown,Female,Corporate,Bangalore,KA,49.0,PROD066,2.0,2359.83,28.4,3379.28,Nike Headphones 940,Books,Mobile,Apple,50.19
ORD01047,CUST0539,2024-02-04,2024-02-07,Delivered,Upi,In-Store,32352.33,9511.27,99,Bangalore,GJ,22940.06,2024-02,2024,Bob Brown,Female,Corporate,Bangalore,KA,49.0,PROD122,1.0,2254.4,17.6,1857.63,Penguin Camera 744,Clothing,Mobile,Adidas,52.36
ORD01047,CUST0539,2024-02-04,2024-02-07,Delivered,Upi,In-Store,32352.33,9511.27,99,Bangalore,GJ,22940.06,2024-02,2024,Bob Brown,Female,Corporate,Bangalore,KA,49.0,PROD085,2.0,4994.55,21.0,7891.39,Puma Saree 221,Home & Kitchen,Dress,Puma,59.7
ORD01048,CUST0745,2024-02-04,2024-02-05,Delivered,Cod,In-Store,43990.0,14771.59,49,Toronto,GJ,29267.41,2024-02,2024,Karen Thompson,Other,Home Office,Mumbai,MH,46.0,PROD106,10.0,1833.12,3.8,17634.61,Samsung Self-Help 140,Books,Non-Fiction,Apple,48.39
ORD01048,CUST0745,2024-02-04,2024-02-05,Delivered,Cod,In-Store,43990.0,14771.59,49,Toronto,GJ,29267.41,2024-02,2024,Karen Thompson,Other,Home Office,Mumbai,MH,46.0,PROD036,9.0,1094.89,15.6,8316.78,Apple Headphones 657,Clothing,Laptop,Philips,40.54
ORD01048,CUST0745,2024-02-04,2024-02-05,Delivered,Cod,In-Store,43990.0,14771.59,49,Toronto,GJ,29267.41,2024-02,2024,Karen Thompson,Other,Home Office,Mumbai,MH,46.0,PROD080,6.0,2559.44,29.7,10795.72,Samsung Dress 334,Sports,Shoes,Apple,33.19
ORD01048,CUST0745,2024-02-04,2024-02-05,Delivered,Cod,In-Store,43990.0,14771.59,49,Toronto,GJ,29267.41,2024-02,2024,Karen Thompson,Other,Home Office,Mumbai,MH,46.0,PROD099,2.0,3199.28,7.5,5918.67,Reebok Cricket 803,Sports,Cycling,Puma,51.59
ORD01048,CUST0745,2024-02-04,2024-02-05,Delivered,Cod,In-Store,43990.0,14771.59,49,Toronto,GJ,29267.41,2024-02,2024,Karen Thompson,Other,Home Office,Mumbai,MH,46.0,PROD076,6.0,441.88,14.9,2256.24,Apple Swimming 348,Books,Cricket,Apple,56.86
ORD01049,CUST0408,2024-05-02,2024-02-10,Cancelled,Cod,Online,33718.1,3312.92,49,Bangalore,NSW,30454.18,2024-05,2024,Bob Harris,Female,Corporate,Pune,MH,46.0,PROD180,5.0,2541.27,8.7,11600.9,Apple Comics 327,Electronics,Science,Apple,59.6
ORD01049,CUST0408,2024-05-02,2024-02-10,Cancelled,Cod,Online,33718.1,3312.92,49,Bangalore,NSW,30454.18,2024-05,2024,Bob Harris,Female,Corporate,Pune,MH,46.0,PROD177,10.0,3882.07,33.1,25971.05,Nike Bedding 498,Sports,Decor,Nike,32.96
ORD01049,CUST0408,2024-05-02,2024-02-10,Cancelled,Cod,Online,33718.1,3312.92,49,Bangalore,NSW,30454.18,2024-05,2024,Bob Harris,Female,Corporate,Pune,MH,46.0,PROD108,6.0,3564.39,27.1,15590.64,Samsung Saree 374,Electronics,Jacket,Philips,52.83
ORD01049,CUST0408,2024-05-02,2024-02-10,Cancelled,Cod,Online,33718.1,3312.92,49,Bangalore,NSW,30454.18,2024-05,2024,Bob Harris,Female,Corporate,Pune,MH,46.0,PROD178,5.0,4689.08,29.0,16646.23,Nike Camera 275,Sports,Camera,Samsung,44.67
ORD01050,CUST0842,2024-06-02,2024-06-05,Shipped,Upi,In-Store,819.36,292.2,0,Bangalore,NSW,527.16,2024-06,2024,Bob Wilson,Male,Consumer,Toronto,ON,43.0,PROD146,7.0,1343.12,26.6,6900.95,Samsung Comics 644,Books,Comics,Samsung,20.71
ORD01051,CUST0295,2024-02-07,2024-02-10,Shipped,Upi,In-Store,13495.93,1600.78,199,Surat,NY,12094.15,2024-02,2024,Zoe  Garcia,Male,Home Office,Bangalore,KA,46.0,PROD147,1.0,497.76,26.7,364.86,Lg Appliances 636,Books,Bedding,Penguin,31.75
ORD01051,CUST0295,2024-02-07,2024-02-10,Shipped,Upi,In-Store,13495.93,1600.78,199,Surat,NY,12094.15,2024-02,2024,Zoe  Garcia,Male,Home Office,Bangalore,KA,46.0,PROD008,6.0,1798.45,37.5,6744.19,Samsung Furniture 983,Sports,Bedding,Harpercollins,66.39
ORD01051,CUST0295,2024-02-07,2024-02-10,Shipped,Upi,In-Store,13495.93,1600.78,199,Surat,NY,12094.15,2024-02,2024,Zoe  Garcia,Male,Home Office,Bangalore,KA,46.0,PROD063,8.0,1969.96,11.9,13884.28,Penguin Mobile 291,Electronics,Camera,Prestige,50.83
ORD01052,CUST0125,2024-07-02,2024-02-12,Delivered,Debit Card,Mobile App,33503.16,8954.1,49,Chennai,TS,24598.06,2024-07,2024,Sneha Williams,Other,Corporate,Ahmedabad,GJ,46.0,PROD167,1.0,4243.53,21.4,3335.41,Penguin Saree 689,Home & Kitchen,T-Shirt,Apple,49.15
ORD01052,CUST0125,2024-07-02,2024-02-12,Delivered,Debit Card,Mobile App,33503.16,8954.1,49,Chennai,TS,24598.06,2024-07,2024,Sneha Williams,Other,Corporate,Ahmedabad,GJ,46.0,PROD158,1.0,3924.71,21.0,3100.52,Nike Yoga 654,Home & Kitchen,Football,Samsung,56.49
ORD01053,CUST0493,2024-08-02,2024-02-14,Pending,Wallet,Online,41855.52,6158.72,199,Delhi,MH,35895.8,2024-08,2024,Priya  Martin,Female,Home Office,Mumbai,MH,46.0,PROD049,3.0,1501.75,4.6,4298.01,Nike Smartwatch 658,Books,Mobile,Philips,29.78
ORD01053,CUST0493,2024-08-02,2024-02-14,Pending,Wallet,Online,41855.52,6158.72,199,Delhi,MH,35895.8,2024-08,2024,Priya  Martin,Female,Home Office,Mumbai,MH,46.0,PROD050,9.0,1776.62,14.1,13735.05,Sony Dress 370,Home & Kitchen,Jacket,Penguin,46.17
ORD01054,CUST0394,2024-09-02,2024-02-10,Pending,Cod,Online,35107.43,13172.03,0,Ahmedabad,KA,21935.4,2024-09,2024,Mia Davis,Other,Home Office,Ahmedabad,GJ,46.0,,,,,,,,,,
ORD01055,CUST0065,2024-02-09,2024-02-16,Pending,Cod,Mobile App,32902.76,0.0,149,New York,ON,33051.76,2024-02,2024,Quinn Brown,Other,Consumer,Delhi,DL,69.0,PROD152,4.0,3201.11,26.6,9398.46,Nike Fiction 779,Sports,Non-Fiction,Sony,30.74
ORD01055,CUST0065,2024-02-09,2024-02-16,Pending,Cod,Mobile App,32902.76,0.0,149,New York,ON,33051.76,2024-02,2024,Quinn Brown,Other,Consumer,Delhi,DL,69.0,PROD029,10.0,1428.85,30.2,9973.37,Puma Shoes 790,Books,Jacket,Samsung,-14.06
ORD01055,CUST0065,2024-02-09,2024-02-16,Pending,Cod,Mobile App,32902.76,0.0,149,New York,ON,33051.76,2024-02,2024,Quinn Brown,Other,Consumer,Delhi,DL,69.0,PROD161,1.0,692.07,21.0,546.74,Sony Jeans 636,Sports,Saree,Puma,14.22
ORD01055,CUST0065,2024-02-09,2024-02-16,Pending,Cod,Mobile App,32902.76,0.0,149,New York,ON,33051.76,2024-02,2024,Quinn Brown,Other,Consumer,Delhi,DL,69.0,PROD093,5.0,1364.0,7.7,6294.86,Prestige Furniture 284,Electronics,Bedding,Samsung,9.26
ORD01056,CUST0654,2024-02-10,2024-02-14,Returned,Cod,Mobile App,14321.86,1769.78,99,Ahmedabad,TN,12651.08,2024-02,2024,Eve  Thomas,Other,Consumer,Hyderabad,TS,49.0,PROD152,5.0,4537.99,5.2,21510.07,Nike Fiction 779,Sports,Non-Fiction,Sony,30.74
ORD01056,CUST0654,2024-02-10,2024-02-14,Returned,Cod,Mobile App,14321.86,1769.78,99,Ahmedabad,TN,12651.08,2024-02,2024,Eve  Thomas,Other,Consumer,Hyderabad,TS,49.0,PROD050,10.0,1809.24,25.0,13569.3,Sony Dress 370,Home & Kitchen,Jacket,Penguin,46.17
ORD01056,CUST0654,2024-02-10,2024-02-14,Returned,Cod,Mobile App,14321.86,1769.78,99,Ahmedabad,TN,12651.08,2024-02,2024,Eve  Thomas,Other,Consumer,Hyderabad,TS,49.0,PROD143,3.0,2618.15,1.9,7705.22,Apple Mobile 427,Sports,Laptop,Prestige,43.6
ORD01056,CUST0654,2024-02-10,2024-02-14,Returned,Cod,Mobile App,14321.86,1769.78,99,Ahmedabad,TN,12651.08,2024-02,2024,Eve  Thomas,Other,Consumer,Hyderabad,TS,49.0,PROD073,8.0,1119.92,4.2,8583.07,Philips Running 721,Sports,Yoga,Nike,52.7
ORD01058,CUST0643,2024-02-12,2024-02-18,Cancelled,Upi,Online,6798.33,2280.9,0,Kolkata,TN,4517.43,2024-02,2024,Olivia Taylor,Other,Consumer,Jaipur,RJ,46.0,PROD100,7.0,722.94,25.5,3770.13,Sony History 683,Sports,Comics,Puma,56.77
ORD01059,CUST0999,2024-02-12,2024-02-19,Delivered,Cod,Mobile App,25477.69,8404.09,149,Pune,MH,17222.6,2024-02,2024,Peter Davis,Male,Consumer,Chennai,TN,46.0,PROD099,6.0,518.99,36.5,1977.35,Reebok Cricket 803,Sports,Cycling,Puma,51.59
ORD01059,CUST0999,2024-02-12,2024-02-19,Delivered,Cod,Mobile App,25477.69,8404.09,149,Pune,MH,17222.6,2024-02,2024,Peter Davis,Male,Consumer,Chennai,TN,46.0,PROD151,5.0,2237.67,8.6,10226.15,Samsung Appliances 375,Books,Decor,Samsung,40.0
ORD01060,CUST0736,2024-02-13,2024-02-18,Cancelled,Net Banking,Mobile App,41108.28,1160.88,49,Mumbai,RJ,39996.4,2024-02,2024,Steve Jackson,Male,Consumer,Mumbai,MH,46.0,,,,,,,,,,
ORD01061,CUST0229,2024-02-14,2024-02-17,Pending,Cod,In-Store,13431.67,4026.0,199,Toronto,MH,9604.67,2024-02,2024,,,,,,,PROD108,4.0,754.95,19.9,2418.86,Samsung Saree 374,Electronics,Jacket,Philips,52.83
ORD01062,CUST0849,2024-02-15,2024-02-18,Pending,Wallet,Online,47844.83,4628.74,149,Chennai,GJ,43365.09,2024-02,2024,Eve Anderson,Other,Consumer,Mumbai,MH,19.0,PROD016,4.0,1323.03,0.0,5292.12,Reebok Decor 388,Home & Kitchen,Furniture,Lg,43.56
ORD01063,CUST0030,2024-02-15,2024-02-20,Pending,Credit Card,In-Store,33231.86,13279.16,199,Surat,TN,20151.7,2024-02,2024,Diana Garcia,Female,Consumer,Kolkata,WB,46.0,PROD013,7.0,2350.37,3.3,15909.65,Lg Mobile 752,Clothing,Smartwatch,Apple,46.62
ORD01063,CUST0030,2024-02-15,2024-02-20,Pending,Credit Card,In-Store,33231.86,13279.16,199,Surat,TN,20151.7,2024-02,2024,Diana Garcia,Female,Consumer,Kolkata,WB,46.0,PROD093,7.0,120.32,21.8,658.63,Prestige Furniture 284,Electronics,Bedding,Samsung,9.26
ORD01063,CUST0030,2024-02-15,2024-02-20,Pending,Credit Card,In-Store,33231.86,13279.16,199,Surat,TN,20151.7,2024-02,2024,Diana Garcia,Female,Consumer,Kolkata,WB,46.0,PROD077,1.0,3689.36,23.6,2818.67,Nike Laptop 968,Home & Kitchen,Smartwatch,Adidas,58.83
ORD01063,CUST0030,2024-02-15,2024-02-20,Pending,Credit Card,In-Store,33231.86,13279.16,199,Surat,TN,20151.7,2024-02,2024,Diana Garcia,Female,Consumer,Kolkata,WB,46.0,PROD118,3.0,2265.17,24.5,5130.61,Philips Tablet 619,Books,Camera,Samsung,55.89
ORD01064,CUST0160,2024-02-16,2024-02-18,Shipped,Wallet,In-Store,17414.01,1614.02,149,New York,NSW,15948.99,2024-02,2024,,,,,,,PROD075,7.0,841.57,7.4,5455.06,Puma Football 995,Clothing,Swimming,Nike,27.65
ORD01065,CUST0195,2024-02-17,2024-02-23,Cancelled,Credit Card,Online,41754.74,10440.56,199,Hyderabad,MH,31513.18,2024-02,2024,Leo Brown,Other,Consumer,Sydney,NSW,31.0,PROD199,9.0,4876.33,12.4,38444.99,Adidas Swimming 953,Home & Kitchen,Cricket,Adidas,9.45
ORD01065,CUST0195,2024-02-17,2024-02-23,Cancelled,Credit Card,Online,41754.74,10440.56,199,Hyderabad,MH,31513.18,2024-02,2024,Leo Brown,Other,Consumer,Sydney,NSW,31.0,PROD019,1.0,2129.3,3.8,2048.39,Philips Cycling 881,Books,Swimming,Nike,33.52
ORD01065,CUST0195,2024-02-17,2024-02-23,Cancelled,Credit Card,Online,41754.74,10440.56,199,Hyderabad,MH,31513.18,2024-02,2024,Leo Brown,Other,Consumer,Sydney,NSW,31.0,PROD064,10.0,528.03,35.3,3416.35,Apple Laptop 953,Clothing,Camera,Harpercollins,39.99
ORD01065,CUST0195,2024-02-17,2024-02-23,Cancelled,Credit Card,Online,41754.74,10440.56,199,Hyderabad,MH,31513.18,2024-02,2024,Leo Brown,Other,Consumer,Sydney,NSW,31.0,PROD079,5.0,3869.47,26.0,14317.04,Prestige Science 518,Sports,Non-Fiction,Apple,45.47
ORD01065,CUST0195,2024-02-17,2024-02-23,Cancelled,Credit Card,Online,41754.74,10440.56,199,Hyderabad,MH,31513.18,2024-02,2024,Leo Brown,Other,Consumer,Sydney,NSW,31.0,PROD164,6.0,3127.31,35.1,12177.75,Lg Camera 401,Home & Kitchen,Camera,Nike,58.81
ORD01066,CUST0424,2024-02-17,2024-02-21,Shipped,Cod,Online,33872.68,11323.97,49,New York,RJ,22597.71,2024-02,2024,Grace Moore,Other,Consumer,Hyderabad,TS,46.0,PROD173,3.0,2340.22,26.3,5174.23,Apple Appliances 796,Home & Kitchen,Appliances,Nike,53.5
ORD01066,CUST0424,2024-02-17,2024-02-21,Shipped,Cod,Online,33872.68,11323.97,49,New York,RJ,22597.71,2024-02,2024,Grace Moore,Other,Consumer,Hyderabad,TS,46.0,PROD026,10.0,2888.55,25.5,21519.7,Nike Cricket 264,Clothing,Running,Apple,32.24
ORD01066,CUST0424,2024-02-17,2024-02-21,Shipped,Cod,Online,33872.68,11323.97,49,New York,RJ,22597.71,2024-02,2024,Grace Moore,Other,Consumer,Hyderabad,TS,46.0,PROD087,6.0,3410.63,8.1,18806.21,Samsung Headphones 981,Sports,Tablet,Samsung,56.65
ORD01066,CUST0424,2024-02-17,2024-02-21,Shipped,Cod,Online,33872.68,11323.97,49,New York,RJ,22597.71,2024-02,2024,Grace Moore,Other,Consumer,Hyderabad,TS,46.0,PROD057,2.0,4993.42,24.2,7570.02,Adidas Jacket 309,Electronics,Jeans,Samsung,54.79
ORD01067,CUST0269,2024-02-18,2024-02-23,Pending,Wallet,Mobile App,14094.09,3556.93,49,London,MH,10586.16,2024-02,2024,Nick Martin,Other,Corporate,Chennai,TN,31.0,PROD082,6.0,4706.6,33.7,18722.85,Samsung Lighting 904,Books,Furniture,Nike,29.28
ORD01068,CUST0783,2024-02-19,2024-02-20,Returned,Wallet,Mobile App,33700.04,6906.99,49,Toronto,LDN,26842.05,2024-02,2024,Tina  Thompson,Other,Consumer,Toronto,ON,51.0,PROD198,5.0,2838.65,33.5,9438.51,Reebok Football 148,Clothing,Football,Nike,59.52
ORD01069,CUST0120,2024-02-20,2024-02-24,Returned,Net Banking,In-Store,40317.08,10878.29,199,Sydney,TN,29637.79,2024-02,2024,Pooja Shah,Other,Corporate,Toronto,ON,47.0,PROD133,5.0,3781.03,18.1,15483.32,Nike Swimming 562,Books,Football,Puma,14.61
ORD01071,CUST0643,2024-02-21,2024-02-27,Delivered,Credit Card,Mobile App,19124.32,6904.11,99,Pune,LDN,12319.21,2024-02,2024,Olivia Taylor,Other,Consumer,Jaipur,RJ,46.0,PROD157,2.0,4716.69,18.5,7688.2,Samsung Comics 227,Electronics,Fiction,Samsung,49.37
ORD01071,CUST0643,2024-02-21,2024-02-27,Delivered,Credit Card,Mobile App,19124.32,6904.11,99,Pune,LDN,12319.21,2024-02,2024,Olivia Taylor,Other,Consumer,Jaipur,RJ,46.0,PROD109,9.0,3919.66,37.2,22153.92,Adidas Lighting 738,Electronics,Bedding,Samsung,54.83
ORD01072,CUST0447,2024-02-22,2024-02-25,Shipped,Credit Card,Online,38824.7,5621.37,99,Sydney,NY,33302.33,2024-02,2024,Arjun Garcia,Female,Corporate,Surat,GJ,46.0,PROD073,1.0,4708.59,4.0,4520.25,Philips Running 721,Sports,Yoga,Nike,52.7
ORD01073,CUST0623,2024-02-23,2024-02-24,Cancelled,Upi,In-Store,28144.8,4319.88,199,Toronto,MH,24023.92,2024-02,2024,Steve Martin,Other,Consumer,Sydney,NSW,42.0,,,,,,,,,,
ORD01074,CUST0245,2024-02-23,2024-02-26,Shipped,Wallet,In-Store,17241.92,3101.94,49,New York,NY,14188.98,2024-02,2024,Peter Taylor,Male,Home Office,Delhi,DL,64.0,,,,,,,,,,
ORD01075,CUST0434,2024-02-24,2024-02-26,Shipped,Credit Card,In-Store,28923.12,4019.11,199,New York,KA,25103.01,2024-02,2024,Diana  Miller,Other,Corporate,Pune,MH,46.0,PROD022,7.0,4612.97,4.8,30740.83,Lg Cookware 668,Home & Kitchen,Furniture,Philips,32.34
ORD01075,CUST0434,2024-02-24,2024-02-26,Shipped,Credit Card,In-Store,28923.12,4019.11,199,New York,KA,25103.01,2024-02,2024,Diana  Miller,Other,Corporate,Pune,MH,46.0,PROD018,9.0,3830.64,34.7,22512.67,Philips Lighting 243,Home & Kitchen,Furniture,Apple,41.07
ORD01075,CUST0434,2024-02-24,2024-02-26,Shipped,Credit Card,In-Store,28923.12,4019.11,199,New York,KA,25103.01,2024-02,2024,Diana  Miller,Other,Corporate,Pune,MH,46.0,PROD185,10.0,1828.57,16.0,15359.99,Philips Headphones 478,Home & Kitchen,Smartwatch,Lg,39.49
ORD01076,CUST0519,2024-02-25,2024-02-29,Pending,Upi,Mobile App,40367.34,15964.41,199,Mumbai,RJ,24601.93,2024-02,2024,Peter Thompson,Female,Consumer,Pune,MH,47.0,PROD108,2.0,4304.43,20.5,6844.04,Samsung Saree 374,Electronics,Jacket,Philips,52.83
ORD01078,CUST0325,2024-02-26,2024-03-01,Cancelled,Credit Card,Online,45224.93,15803.84,149,Pune,MH,29570.09,2024-02,2024,Rahul Davis,Female,Corporate,Bangalore,KA,46.0,PROD123,10.0,3108.14,23.9,23652.95,Apple Comics 186,Home & Kitchen,History,Nike,48.14
ORD01079,CUST0935,2024-02-27,2024-02-29,Cancelled,Cod,Online,30086.89,10103.26,149,Ahmedabad,MH,20132.63,2024-02,2024,Olivia  Jackson,Other,Home Office,Delhi,DL,62.0,PROD015,3.0,3626.78,22.4,8443.14,Nike Jacket 551,Electronics,Jacket,Apple,10.71
ORD01079,CUST0935,2024-02-27,2024-02-29,Cancelled,Cod,Online,30086.89,10103.26,149,Ahmedabad,MH,20132.63,2024-02,2024,Olivia  Jackson,Other,Home Office,Delhi,DL,62.0,PROD058,3.0,3471.49,28.7,7425.52,Prestige Science 951,Books,Fiction,Harpercollins,47.27
ORD01080,CUST0641,2024-02-28,2024-03-03,Delivered,Wallet,In-Store,22949.55,7367.43,199,London,MH,15781.12,2024-02,2024,Leo Jackson,Female,Consumer,Jaipur,RJ,46.0,PROD030,4.0,493.28,12.1,1734.37,Penguin Yoga 168,Electronics,Running,Nike,55.16
ORD01081,CUST0625,2024-02-28,2024-02-29,Pending,Wallet,In-Store,29636.7,6978.88,99,New York,ON,22756.82,2024-02,2024,Wendy Garcia,Female,Home Office,Surat,GJ,46.0,PROD016,1.0,2386.78,32.7,1606.3,Reebok Decor 388,Home & Kitchen,Furniture,Lg,43.56
ORD01081,CUST0625,2024-02-28,2024-02-29,Pending,Wallet,In-Store,29636.7,6978.88,99,New York,ON,22756.82,2024-02,2024,Wendy Garcia,Female,Home Office,Surat,GJ,46.0,PROD064,4.0,810.49,37.9,2013.26,Apple Laptop 953,Clothing,Camera,Harpercollins,39.99
ORD01082,CUST0606,2024-02-29,2024-03-05,Cancelled,Credit Card,Online,22820.93,8531.02,99,Ahmedabad,GJ,14388.91,2024-02,2024,Charlie Williams,Male,Home Office,Ahmedabad,GJ,46.0,PROD096,2.0,1193.24,36.4,1517.8,Apple Lighting 795,Books,Bedding,Apple,37.49
ORD01082,CUST0606,2024-02-29,2024-03-05,Cancelled,Credit Card,Online,22820.93,8531.02,99,Ahmedabad,GJ,14388.91,2024-02,2024,Charlie Williams,Male,Home Office,Ahmedabad,GJ,46.0,PROD021,3.0,2552.16,25.9,5673.45,Nike Decor 240,Sports,Bedding,Apple,58.93
ORD01082,CUST0606,2024-02-29,2024-03-05,Cancelled,Credit Card,Online,22820.93,8531.02,99,Ahmedabad,GJ,14388.91,2024-02,2024,Charlie Williams,Male,Home Office,Ahmedabad,GJ,46.0,PROD064,4.0,1194.07,3.5,4609.11,Apple Laptop 953,Clothing,Camera,Harpercollins,39.99
ORD01082,CUST0606,2024-02-29,2024-03-05,Cancelled,Credit Card,Online,22820.93,8531.02,99,Ahmedabad,GJ,14388.91,2024-02,2024,Charlie Williams,Male,Home Office,Ahmedabad,GJ,46.0,PROD127,7.0,412.46,7.4,2673.57,Prestige Jacket 193,Books,T-Shirt,Adidas,54.91
ORD01083,CUST0068,2024-03-01,2024-03-03,Pending,Cod,In-Store,20158.06,3042.18,149,London,MH,17264.88,2024-03,2024,Priya Garcia,Male,Corporate,Surat,GJ,47.0,,,,,,,,,,
ORD01084,CUST0424,2024-03-02,2024-03-09,Cancelled,Credit Card,In-Store,30603.4,3160.89,0,Ahmedabad,MH,27442.51,2024-03,2024,Grace Moore,Other,Consumer,Hyderabad,TS,46.0,,,,,,,,,,
ORD01085,CUST0868,2024-03-02,2024-03-03,Pending,Wallet,In-Store,35043.98,11986.96,0,Toronto,NSW,23057.02,2024-03,2024,Yara Wilson,Other,Corporate,Surat,GJ,47.0,PROD083,7.0,62.03,23.7,331.3,Philips Swimming 657,Books,Football,Philips,59.17
ORD01085,CUST0868,2024-03-02,2024-03-03,Pending,Wallet,In-Store,35043.98,11986.96,0,Toronto,NSW,23057.02,2024-03,2024,Yara Wilson,Other,Corporate,Surat,GJ,47.0,PROD176,3.0,2556.81,2.4,7486.34,Nike Jacket 282,Electronics,Shoes,Puma,11.71
ORD01085,CUST0868,2024-03-02,2024-03-03,Pending,Wallet,In-Store,35043.98,11986.96,0,Toronto,NSW,23057.02,2024-03,2024,Yara Wilson,Other,Corporate,Surat,GJ,47.0,PROD003,10.0,934.35,13.7,8063.44,Samsung Camera 763,Electronics,Mobile,Nike,43.08
ORD01085,CUST0868,2024-03-02,2024-03-03,Pending,Wallet,In-Store,35043.98,11986.96,0,Toronto,NSW,23057.02,2024-03,2024,Yara Wilson,Other,Corporate,Surat,GJ,47.0,PROD029,9.0,1294.41,15.6,9832.34,Puma Shoes 790,Books,Jacket,Samsung,-14.06
ORD01086,CUST0474,2024-03-03,2024-03-05,Cancelled,Upi,Mobile App,21718.19,447.31,99,Sydney,GJ,21369.88,2024-03,2024,Charlie Shah,Male,Consumer,Delhi,DL,39.0,,,,,,,,,,
ORD01087,CUST0445,2024-04-03,2024-03-10,Delivered,Cod,Online,4131.6,1592.11,49,Surat,LDN,2588.49,2024-04,2024,Zoe Jackson,Male,Consumer,Pune,MH,45.0,PROD100,3.0,808.3,39.6,1464.64,Sony History 683,Sports,Comics,Puma,56.77
ORD01088,CUST0281,2024-03-05,2024-03-08,Shipped,Net Banking,Mobile App,47574.75,13622.06,149,Delhi,NY,34101.69,2024-03,2024,Alice White,Other,Home Office,Surat,GJ,46.0,PROD027,8.0,870.21,28.0,5012.41,Harpercollins Saree 716,Home & Kitchen,Saree,Apple,18.1
ORD01090,CUST0857,2024-03-06,2024-03-09,Shipped,Net Banking,Online,36425.77,6154.17,0,Hyderabad,DL,30271.6,2024-03,2024,Charlie Johnson,Female,Consumer,New York,NY,46.0,PROD165,10.0,4736.63,19.8,37987.77,Nike Appliances 352,Home & Kitchen,Furniture,Nike,38.62
ORD01091,CUST0250,2024-07-03,2024-03-14,Delivered,Wallet,In-Store,33143.1,3456.95,49,Chennai,GJ,29735.15,2024-07,2024,Rachel  Taylor,Other,Corporate,Kolkata,WB,46.0,PROD164,4.0,3984.66,21.8,12464.02,Lg Camera 401,Home & Kitchen,Camera,Nike,58.81
ORD01092,CUST0151,2024-07-03,2024-03-09,Returned,Cod,Online,48485.87,7135.91,149,Delhi,NY,41498.96,2024-07,2024,Steve  Jones,Other,Corporate,Chennai,TN,60.0,PROD036,6.0,857.91,18.7,4184.88,Apple Headphones 657,Clothing,Laptop,Philips,40.54
ORD01092,CUST0151,2024-07-03,2024-03-09,Returned,Cod,Online,48485.87,7135.91,149,Delhi,NY,41498.96,2024-07,2024,Steve  Jones,Other,Corporate,Chennai,TN,60.0,PROD086,3.0,4638.98,15.8,11718.06,Reebok Cycling 816,Electronics,Running,Reebok,32.19
ORD01093,CUST0231,2024-03-08,2024-03-10,Delivered,Cod,Online,44158.88,17525.66,99,Bangalore,NY,26732.22,2024-03,2024,Bob Wilson,Other,Corporate,Delhi,DL,46.0,PROD035,9.0,1681.67,19.8,12138.29,Adidas Tablet 510,Books,Headphones,Nike,75.82
ORD01094,CUST0801,2024-03-09,2024-03-14,Returned,Credit Card,In-Store,32321.08,10104.08,149,New York,NSW,22366.0,2024-03,2024,Nick  Walker,Other,Consumer,London,LDN,46.0,PROD121,5.0,4606.95,0.9,22827.44,Apple Saree 724,Electronics,T-Shirt,Adidas,41.47
ORD01094,CUST0801,2024-03-09,2024-03-14,Returned,Credit Card,In-Store,32321.08,10104.08,149,New York,NSW,22366.0,2024-03,2024,Nick  Walker,Other,Consumer,London,LDN,46.0,PROD009,10.0,863.67,22.4,6702.08,Prestige Decor 300,Clothing,Bedding,Apple,14.3
ORD01095,CUST0592,2024-03-10,2024-03-14,Cancelled,Wallet,Mobile App,47424.74,9190.39,99,Hyderabad,GJ,38333.35,2024-03,2024,Eve Anderson,Male,Consumer,Pune,MH,49.0,PROD032,5.0,3770.05,20.7,14948.25,Reebok Football 191,Electronics,Football,Harpercollins,59.46
ORD01095,CUST0592,2024-03-10,2024-03-14,Cancelled,Wallet,Mobile App,47424.74,9190.39,99,Hyderabad,GJ,38333.35,2024-03,2024,Eve Anderson,Male,Consumer,Pune,MH,49.0,PROD112,2.0,4438.95,32.8,5965.95,Samsung Mobile 229,Electronics,Camera,Philips,53.15
ORD01096,CUST0683,2024-03-10,2024-03-13,Delivered,Wallet,In-Store,37494.56,3963.83,49,Chennai,ON,33579.73,2024-03,2024,Sneha Thomas,Other,Corporate,Ahmedabad,GJ,65.0,PROD102,5.0,4480.02,31.1,15433.67,Penguin Appliances 888,Clothing,Lighting,Nike,22.48
ORD01096,CUST0683,2024-03-10,2024-03-13,Delivered,Wallet,In-Store,37494.56,3963.83,49,Chennai,ON,33579.73,2024-03,2024,Sneha Thomas,Other,Corporate,Ahmedabad,GJ,65.0,PROD136,4.0,1015.04,23.5,3106.02,Philips Appliances 779,Sports,Furniture,Penguin,44.03
ORD01096,CUST0683,2024-03-10,2024-03-13,Delivered,Wallet,In-Store,37494.56,3963.83,49,Chennai,ON,33579.73,2024-03,2024,Sneha Thomas,Other,Corporate,Ahmedabad,GJ,65.0,PROD095,2.0,2826.23,23.7,4312.83,Lg Saree 263,Sports,Dress,Prestige,49.5
ORD01097,CUST0070,2024-03-11,2024-03-13,Cancelled,Upi,Online,23634.28,6646.03,199,Hyderabad,TN,17187.25,2024-03,2024,Diana  Jackson,Other,Home Office,Mumbai,MH,46.0,,,,,,,,,,
ORD01098,CUST0731,2024-12-03,2024-03-19,Shipped,Debit Card,Mobile App,22340.56,2686.79,0,New York,MH,19653.77,2024-12,2024,Bob  Williams,Male,Home Office,Ahmedabad,GJ,46.0,PROD170,5.0,4240.06,22.5,16430.23,Adidas Shoes 686,Home & Kitchen,Shoes,Prestige,52.73
ORD01098,CUST0731,2024-12-03,2024-03-19,Shipped,Debit Card,Mobile App,22340.56,2686.79,0,New York,MH,19653.77,2024-12,2024,Bob  Williams,Male,Home Office,Ahmedabad,GJ,46.0,PROD011,6.0,265.61,16.8,1325.93,Prestige History 742,Sports,Science,Harpercollins,52.96
ORD01099,CUST0586,2024-03-13,2024-03-16,Shipped,Upi,Mobile App,49018.85,13381.93,49,Pune,TS,35685.92,2024-03,2024,Rachel Miller,Other,Corporate,Surat,GJ,46.0,PROD105,1.0,3014.87,24.4,2279.24,Harpercollins History 567,Electronics,History,Samsung,58.21
ORD01099,CUST0586,2024-03-13,2024-03-16,Shipped,Upi,Mobile App,49018.85,13381.93,49,Pune,TS,35685.92,2024-03,2024,Rachel Miller,Other,Corporate,Surat,GJ,46.0,PROD169,7.0,928.63,37.6,4056.26,Puma Jeans 987,Books,Dress,Harpercollins,30.55
ORD01099,CUST0586,2024-03-13,2024-03-16,Shipped,Upi,Mobile App,49018.85,13381.93,49,Pune,TS,35685.92,2024-03,2024,Rachel Miller,Other,Corporate,Surat,GJ,46.0,PROD160,3.0,407.22,38.2,754.99,Apple Tablet 374,Electronics,Headphones,Prestige,58.24
ORD01100,CUST0752,2024-03-13,2024-03-17,Cancelled,Debit Card,Online,49949.7,8548.04,49,Chennai,ON,41450.66,2024-03,2024,Arjun Jackson,Female,Consumer,Pune,MH,24.0,PROD097,8.0,3464.6,33.4,18459.39,Apple Appliances 474,Home & Kitchen,Lighting,Apple,35.67
ORD01100,CUST0752,2024-03-13,2024-03-17,Cancelled,Debit Card,Online,49949.7,8548.04,49,Chennai,ON,41450.66,2024-03,2024,Arjun Jackson,Female,Consumer,Pune,MH,24.0,PROD122,4.0,3678.74,6.8,13714.34,Penguin Camera 744,Clothing,Mobile,Adidas,52.36
ORD01100,CUST0752,2024-03-13,2024-03-17,Cancelled,Debit Card,Online,49949.7,8548.04,49,Chennai,ON,41450.66,2024-03,2024,Arjun Jackson,Female,Consumer,Pune,MH,24.0,PROD106,3.0,3414.65,34.1,6750.76,Samsung Self-Help 140,Books,Non-Fiction,Apple,48.39
ORD01101,CUST0234,2024-03-14,2024-03-15,Delivered,Wallet,In-Store,15112.64,6001.03,0,Pune,ON,9111.61,2024-03,2024,Yara White,Female,Home Office,Chennai,TN,46.0,PROD082,9.0,204.01,15.5,1551.5,Samsung Lighting 904,Books,Furniture,Nike,29.28
ORD01101,CUST0234,2024-03-14,2024-03-15,Delivered,Wallet,In-Store,15112.64,6001.03,0,Pune,ON,9111.61,2024-03,2024,Yara White,Female,Home Office,Chennai,TN,46.0,PROD166,10.0,3216.94,31.8,21939.53,Prestige Non-Fiction 799,Books,Non-Fiction,Lg,32.2
ORD01101,CUST0234,2024-03-14,2024-03-15,Delivered,Wallet,In-Store,15112.64,6001.03,0,Pune,ON,9111.61,2024-03,2024,Yara White,Female,Home Office,Chennai,TN,46.0,PROD197,8.0,3089.59,26.8,18092.64,Apple Cycling 713,Books,Cricket,Samsung,43.22
ORD01102,CUST0675,2024-03-15,2024-03-21,Shipped,Credit Card,Mobile App,12543.47,3245.37,199,Chennai,NSW,9497.1,2024-03,2024,Jack Taylor,Other,Home Office,Sydney,NSW,46.0,PROD184,2.0,3270.75,9.4,5926.6,Penguin Fiction 673,Home & Kitchen,Comics,Apple,55.75
ORD01102,CUST0675,2024-03-15,2024-03-21,Shipped,Credit Card,Mobile App,12543.47,3245.37,199,Chennai,NSW,9497.1,2024-03,2024,Jack Taylor,Other,Home Office,Sydney,NSW,46.0,PROD044,8.0,249.84,37.1,1257.19,Penguin Saree 425,Sports,Jeans,Adidas,45.75
ORD01103,CUST0184,2024-03-15,2024-03-22,Delivered,Credit Card,Online,42986.63,14927.92,149,Jaipur,TS,28207.71,2024-03,2024,Karen Harris,Other,Home Office,Ahmedabad,GJ,46.0,PROD096,1.0,2792.69,29.8,1960.47,Apple Lighting 795,Books,Bedding,Apple,37.49
ORD01105,CUST0144,2024-03-17,2024-03-24,Shipped,Cod,In-Store,7150.98,1571.13,149,Delhi,MH,5728.85,2024-03,2024,Pooja Patel,Male,Consumer,Hyderabad,TS,46.0,PROD193,5.0,4971.97,13.2,21578.35,Adidas Yoga 743,Electronics,Running,Philips,46.63
ORD01105,CUST0144,2024-03-17,2024-03-24,Shipped,Cod,In-Store,7150.98,1571.13,149,Delhi,MH,5728.85,2024-03,2024,Pooja Patel,Male,Consumer,Hyderabad,TS,46.0,PROD009,5.0,1388.64,17.7,5714.25,Prestige Decor 300,Clothing,Bedding,Apple,14.3
ORD01106,CUST0808,2024-03-18,2024-03-23,Cancelled,Upi,Online,40344.97,10465.84,0,Delhi,KA,29879.13,2024-03,2024,Uma Taylor,Male,Home Office,London,LDN,55.0,PROD008,2.0,2238.88,19.8,3591.16,Samsung Furniture 983,Sports,Bedding,Harpercollins,66.39
ORD01106,CUST0808,2024-03-18,2024-03-23,Cancelled,Upi,Online,40344.97,10465.84,0,Delhi,KA,29879.13,2024-03,2024,Uma Taylor,Male,Home Office,London,LDN,55.0,PROD082,10.0,517.73,37.9,3215.1,Samsung Lighting 904,Books,Furniture,Nike,29.28
ORD01107,CUST0922,2024-03-18,2024-03-21,Delivered,Debit Card,Online,25235.38,3723.46,149,London,TS,21660.92,2024-03,2024,Grace Miller,Other,Home Office,Surat,GJ,46.0,PROD020,2.0,957.9,14.6,1636.09,Apple Jacket 787,Electronics,T-Shirt,Adidas,17.13
ORD01107,CUST0922,2024-03-18,2024-03-21,Delivered,Debit Card,Online,25235.38,3723.46,149,London,TS,21660.92,2024-03,2024,Grace Miller,Other,Home Office,Surat,GJ,46.0,PROD097,8.0,3633.55,11.4,25754.6,Apple Appliances 474,Home & Kitchen,Lighting,Apple,35.67
ORD01107,CUST0922,2024-03-18,2024-03-21,Delivered,Debit Card,Online,25235.38,3723.46,149,London,TS,21660.92,2024-03,2024,Grace Miller,Other,Home Office,Surat,GJ,46.0,PROD021,9.0,1672.62,7.5,13924.56,Nike Decor 240,Sports,Bedding,Apple,58.93
ORD01108,CUST0547,2024-03-19,2024-03-25,Pending,Credit Card,In-Store,37973.44,740.83,49,Pune,LDN,37281.61,2024-03,2024,Victor Thompson,Other,Corporate,Chennai,TN,58.0,PROD177,3.0,275.95,14.6,706.98,Nike Bedding 498,Sports,Decor,Nike,32.96
ORD01108,CUST0547,2024-03-19,2024-03-25,Pending,Credit Card,In-Store,37973.44,740.83,49,Pune,LDN,37281.61,2024-03,2024,Victor Thompson,Other,Corporate,Chennai,TN,58.0,PROD067,7.0,636.34,24.9,3345.24,Harpercollins Shoes 947,Electronics,Saree,Harpercollins,26.88
ORD01109,CUST0153,2024-03-20,2024-03-22,Cancelled,Cod,Mobile App,2675.11,207.91,149,Ahmedabad,LDN,2616.2,2024-03,2024,Leo Harris,Female,Consumer,New York,NY,46.0,PROD155,6.0,1493.62,2.3,8755.6,Harpercollins Science 802,Electronics,Fiction,Apple,35.5
ORD01109,CUST0153,2024-03-20,2024-03-22,Cancelled,Cod,Mobile App,2675.11,207.91,149,Ahmedabad,LDN,2616.2,2024-03,2024,Leo Harris,Female,Consumer,New York,NY,46.0,PROD133,9.0,3420.24,2.4,30043.39,Nike Swimming 562,Books,Football,Puma,14.61
ORD01110,CUST0907,2024-03-21,2024-03-24,Cancelled,Cod,In-Store,14134.82,3555.57,99,Pune,GJ,10678.25,2024-03,2024,Nick Martin,Female,Corporate,New York,NY,46.0,PROD136,9.0,2022.46,25.9,13487.79,Philips Appliances 779,Sports,Furniture,Penguin,44.03
ORD01111,CUST0909,2024-03-21,2024-03-23,Pending,Credit Card,Mobile App,18938.25,5596.25,49,Mumbai,GJ,13391.0,2024-03,2024,Olivia  Davis,Female,Corporate,London,LDN,46.0,PROD110,8.0,4471.12,32.2,24251.35,Harpercollins Shoes 395,Books,Jeans,Reebok,40.0
ORD01112,CUST0651,2024-03-22,2024-03-23,Delivered,Net Banking,In-Store,33745.84,2032.03,49,Sydney,GJ,31762.81,2024-03,2024,Olivia Wilson,Male,Corporate,Bangalore,KA,69.0,PROD017,3.0,285.42,39.8,515.47,Puma Furniture 159,Clothing,Lighting,Apple,25.19
ORD01112,CUST0651,2024-03-22,2024-03-23,Delivered,Net Banking,In-Store,33745.84,2032.03,49,Sydney,GJ,31762.81,2024-03,2024,Olivia Wilson,Male,Corporate,Bangalore,KA,69.0,PROD005,10.0,2004.56,4.4,19163.59,Prestige Decor 174,Electronics,Bedding,Prestige,48.78
ORD01112,CUST0651,2024-03-22,2024-03-23,Delivered,Net Banking,In-Store,33745.84,2032.03,49,Sydney,GJ,31762.81,2024-03,2024,Olivia Wilson,Male,Corporate,Bangalore,KA,69.0,PROD100,5.0,1923.99,20.0,7695.96,Sony History 683,Sports,Comics,Puma,56.77
ORD01113,CUST0825,2024-03-23,2024-03-26,Pending,Wallet,Online,4529.99,1293.88,0,Surat,GJ,3236.11,2024-03,2024,Alice Jones,Male,Consumer,New York,NY,46.0,PROD131,2.0,331.86,6.5,620.58,Adidas Camera 887,Clothing,Headphones,Adidas,50.24
ORD01113,CUST0825,2024-03-23,2024-03-26,Pending,Wallet,Online,4529.99,1293.88,0,Surat,GJ,3236.11,2024-03,2024,Alice Jones,Male,Consumer,New York,NY,46.0,PROD037,10.0,1149.3,28.5,8217.5,Nike Laptop 575,Sports,Camera,Harpercollins,17.99
ORD01114,CUST0412,2024-03-24,2024-03-25,Shipped,Cod,In-Store,6289.19,1123.25,99,Bangalore,TS,5264.94,2024-03,2024,Victor Williams,Female,Home Office,Surat,GJ,46.0,PROD091,6.0,4613.41,25.7,20566.58,Samsung Fiction 485,Clothing,Self-Help,Apple,40.0
ORD01114,CUST0412,2024-03-24,2024-03-25,Shipped,Cod,In-Store,6289.19,1123.25,99,Bangalore,TS,5264.94,2024-03,2024,Victor Williams,Female,Home Office,Surat,GJ,46.0,PROD129,3.0,3084.85,17.3,7653.51,Nike Decor 511,Home & Kitchen,Decor,Sony,54.86
ORD01114,CUST0412,2024-03-24,2024-03-25,Shipped,Cod,In-Store,6289.19,1123.25,99,Bangalore,TS,5264.94,2024-03,2024,Victor Williams,Female,Home Office,Surat,GJ,46.0,PROD190,2.0,1695.4,23.1,2607.53,Samsung Jacket 891,Home & Kitchen,Dress,Samsung,56.46
ORD01115,CUST0825,2024-03-24,2024-03-27,Pending,Credit Card,Mobile App,44318.48,3067.89,149,Ahmedabad,TS,41399.59,2024-03,2024,Alice Jones,Male,Consumer,New York,NY,46.0,,,,,,,,,,
ORD01116,CUST0466,2024-03-25,2024-04-01,Cancelled,Wallet,Online,47165.73,8385.99,99,Bangalore,ON,38878.74,2024-03,2024,Quinn Davis,Other,Corporate,Hyderabad,TS,46.0,PROD055,2.0,1243.16,25.5,1852.31,Samsung Laptop 541,Electronics,Smartwatch,Adidas,19.97
ORD01116,CUST0466,2024-03-25,2024-04-01,Cancelled,Wallet,Online,47165.73,8385.99,99,Bangalore,ON,38878.74,2024-03,2024,Quinn Davis,Other,Corporate,Hyderabad,TS,46.0,PROD139,4.0,1912.54,20.0,6120.13,Penguin Jeans 977,Home & Kitchen,Jacket,Nike,42.7
ORD01117,CUST0934,2024-03-26,2024-03-29,Cancelled,Cod,Online,45096.27,9998.17,199,Mumbai,TS,35297.1,2024-03,2024,Yara Jones,Male,Consumer,Surat,GJ,46.0,PROD026,8.0,2513.65,7.0,18701.56,Nike Cricket 264,Clothing,Running,Apple,32.24
ORD01117,CUST0934,2024-03-26,2024-03-29,Cancelled,Cod,Online,45096.27,9998.17,199,Mumbai,TS,35297.1,2024-03,2024,Yara Jones,Male,Consumer,Surat,GJ,46.0,PROD038,6.0,4582.01,13.3,23835.62,Samsung Mobile 969,Clothing,Mobile,Philips,20.83
ORD01118,CUST0105,2024-03-26,2024-03-30,Shipped,Credit Card,Mobile App,39199.48,15149.63,99,Surat,GJ,24148.85,2024-03,2024,,,,,,,PROD137,3.0,1450.2,21.4,3419.57,Reebok Headphones 725,Sports,Smartwatch,Samsung,51.88
ORD01118,CUST0105,2024-03-26,2024-03-30,Shipped,Credit Card,Mobile App,39199.48,15149.63,99,Surat,GJ,24148.85,2024-03,2024,,,,,,,PROD005,4.0,2127.21,16.4,7113.39,Prestige Decor 174,Electronics,Bedding,Prestige,48.78
ORD01118,CUST0105,2024-03-26,2024-03-30,Shipped,Credit Card,Mobile App,39199.48,15149.63,99,Surat,GJ,24148.85,2024-03,2024,,,,,,,PROD147,4.0,421.45,18.0,1382.36,Lg Appliances 636,Books,Bedding,Penguin,31.75
ORD01118,CUST0105,2024-03-26,2024-03-30,Shipped,Credit Card,Mobile App,39199.48,15149.63,99,Surat,GJ,24148.85,2024-03,2024,,,,,,,PROD074,3.0,161.35,18.0,396.92,Reebok Non-Fiction 876,Home & Kitchen,Comics,Philips,40.32
ORD01119,CUST0180,2024-03-27,2024-03-31,Shipped,Credit Card,In-Store,32538.16,12246.7,199,Hyderabad,WB,20490.46,2024-03,2024,Charlie Taylor,Male,Home Office,Pune,MH,46.0,PROD120,1.0,2619.46,25.2,1959.36,Sony Shoes 445,Electronics,Saree,Nike,17.95
ORD01120,CUST0390,2024-03-28,2024-04-03,Returned,Credit Card,In-Store,17771.67,1352.48,149,Jaipur,TS,16568.19,2024-03,2024,Eve  Harris,Female,Home Office,Kolkata,WB,46.0,,,,,,,,,,
ORD01121,CUST0910,2024-03-29,2024-04-01,Delivered,Cod,Online,43473.72,16733.96,49,Mumbai,ON,26788.76,2024-03,2024,Eve Wilson,Female,Corporate,New York,NY,46.0,PROD126,3.0,2118.71,16.7,5294.66,Reebok Cricket 811,Electronics,Cycling,Philips,41.97
ORD01121,CUST0910,2024-03-29,2024-04-01,Delivered,Cod,Online,43473.72,16733.96,49,Mumbai,ON,26788.76,2024-03,2024,Eve Wilson,Female,Corporate,New York,NY,46.0,PROD069,5.0,2614.41,9.5,11830.21,Adidas Bedding 631,Clothing,Furniture,Nike,13.52
ORD01122,CUST0617,2024-03-29,2024-04-04,Delivered,Wallet,Mobile App,27922.88,0.0,99,London,GJ,28021.88,2024-03,2024,,,,,,,,,,,,,,,,
ORD01123,CUST0247,2024-03-30,2024-04-02,Returned,Credit Card,In-Store,21120.4,2996.49,99,Toronto,TN,18222.91,2024-03,2024,Pooja Patel,Female,Corporate,New York,NY,65.0,PROD168,6.0,4430.9,31.7,18157.83,Apple Tablet 908,Clothing,Laptop,Samsung,50.92
ORD01123,CUST0247,2024-03-30,2024-04-02,Returned,Credit Card,In-Store,21120.4,2996.49,99,Toronto,TN,18222.91,2024-03,2024,Pooja Patel,Female,Corporate,New York,NY,65.0,PROD163,5.0,766.29,17.5,3160.95,Puma Furniture 243,Clothing,Cookware,Penguin,49.39
ORD01123,CUST0247,2024-03-30,2024-04-02,Returned,Credit Card,In-Store,21120.4,2996.49,99,Toronto,TN,18222.91,2024-03,2024,Pooja Patel,Female,Corporate,New York,NY,65.0,PROD102,2.0,4938.31,39.4,5985.23,Penguin Appliances 888,Clothing,Lighting,Nike,22.48
ORD01123,CUST0247,2024-03-30,2024-04-02,Returned,Credit Card,In-Store,21120.4,2996.49,99,Toronto,TN,18222.91,2024-03,2024,Pooja Patel,Female,Corporate,New York,NY,65.0,PROD158,8.0,631.29,20.7,4004.9,Nike Yoga 654,Home & Kitchen,Football,Samsung,56.49
ORD01123,CUST0247,2024-03-30,2024-04-02,Returned,Credit Card,In-Store,21120.4,2996.49,99,Toronto,TN,18222.91,2024-03,2024,Pooja Patel,Female,Corporate,New York,NY,65.0,PROD090,3.0,3308.86,15.6,8378.03,Samsung T-Shirt 473,Sports,Shoes,Samsung,56.49
ORD01124,CUST0473,2024-03-31,2024-04-01,Returned,Net Banking,In-Store,14972.57,455.35,149,Chennai,MH,14666.22,2024-03,2024,Iris Thomas,Male,Home Office,Hyderabad,TS,46.0,PROD139,5.0,1650.84,27.3,6000.8,Penguin Jeans 977,Home & Kitchen,Jacket,Nike,42.7
ORD01125,CUST0598,2024-04-01,2024-04-07,Shipped,Upi,Mobile App,10477.25,2606.7,0,Kolkata,TS,7870.55,2024-04,2024,Leo Thompson,Other,Consumer,Mumbai,MH,46.0,PROD106,6.0,4308.82,33.9,17088.78,Samsung Self-Help 140,Books,Non-Fiction,Apple,48.39
ORD01126,CUST0267,2024-01-04,2024-04-05,Returned,Credit Card,Online,2420.91,824.18,0,Surat,WB,1596.73,2024-01,2024,Rahul Miller,Male,Corporate,Chennai,TN,46.0,PROD055,10.0,3115.94,37.4,19505.78,Samsung Laptop 541,Electronics,Smartwatch,Adidas,19.97
ORD01127,CUST0620,2024-04-02,2024-04-09,Returned,Cod,Mobile App,17917.71,3628.27,49,London,TS,14338.44,2024-04,2024,Frank Lee,Male,Consumer,Pune,MH,70.0,PROD165,5.0,2213.09,20.4,8808.1,Nike Appliances 352,Home & Kitchen,Furniture,Nike,38.62
ORD01128,CUST0867,2024-04-03,2024-04-04,Cancelled,Upi,Online,17235.92,3621.84,99,Sydney,ON,13713.08,2024-04,2024,Diana Shah,Female,Consumer,New York,NY,59.0,PROD130,2.0,681.92,0.0,1363.84,Reebok Lighting 589,Home & Kitchen,Furniture,Harpercollins,45.86
ORD01128,CUST0867,2024-04-03,2024-04-04,Cancelled,Upi,Online,17235.92,3621.84,99,Sydney,ON,13713.08,2024-04,2024,Diana Shah,Female,Consumer,New York,NY,59.0,PROD155,7.0,2503.73,100.0,0.0,Harpercollins Science 802,Electronics,Fiction,Apple,35.5
ORD01128,CUST0867,2024-04-03,2024-04-04,Cancelled,Upi,Online,17235.92,3621.84,99,Sydney,ON,13713.08,2024-04,2024,Diana Shah,Female,Consumer,New York,NY,59.0,PROD111,9.0,3903.28,28.4,25152.74,Samsung Shoes 988,Sports,T-Shirt,Nike,58.48
ORD01130,CUST0582,2024-04-04,2024-04-06,Pending,Upi,In-Store,20639.73,8122.59,0,Ahmedabad,MH,12517.14,2024-04,2024,Jack Johnson,Male,Corporate,Kolkata,WB,46.0,PROD051,4.0,1482.01,17.9,4866.92,Harpercollins Fiction 843,Electronics,Comics,Adidas,47.6
ORD01130,CUST0582,2024-04-04,2024-04-06,Pending,Upi,In-Store,20639.73,8122.59,0,Ahmedabad,MH,12517.14,2024-04,2024,Jack Johnson,Male,Corporate,Kolkata,WB,46.0,PROD144,6.0,1321.91,2.8,7709.38,Penguin Camera 300,Sports,Mobile,Samsung,50.16
ORD01130,CUST0582,2024-04-04,2024-04-06,Pending,Upi,In-Store,20639.73,8122.59,0,Ahmedabad,MH,12517.14,2024-04,2024,Jack Johnson,Male,Corporate,Kolkata,WB,46.0,PROD070,1.0,2673.67,20.0,2138.94,Nike Lighting 275,Clothing,Cookware,Puma,51.4
ORD01130,CUST0582,2024-04-04,2024-04-06,Pending,Upi,In-Store,20639.73,8122.59,0,Ahmedabad,MH,12517.14,2024-04,2024,Jack Johnson,Male,Corporate,Kolkata,WB,46.0,PROD019,10.0,2242.19,10.4,20090.02,Philips Cycling 881,Books,Swimming,Nike,33.52
ORD01130,CUST0582,2024-04-04,2024-04-06,Pending,Upi,In-Store,20639.73,8122.59,0,Ahmedabad,MH,12517.14,2024-04,2024,Jack Johnson,Male,Corporate,Kolkata,WB,46.0,PROD101,8.0,627.8,24.7,3781.87,Nike Comics 174,Clothing,Comics,Apple,16.78
ORD01130,CUST0582,2024-04-04,2024-04-06,Pending,Upi,In-Store,20639.73,8122.59,0,Ahmedabad,MH,12517.14,2024-04,2024,Jack Johnson,Male,Corporate,Kolkata,WB,46.0,PROD083,8.0,2432.99,27.1,14189.2,Philips Swimming 657,Books,Football,Philips,59.17
ORD01130,CUST0582,2024-04-04,2024-04-06,Pending,Upi,In-Store,20639.73,8122.59,0,Ahmedabad,MH,12517.14,2024-04,2024,Jack Johnson,Male,Corporate,Kolkata,WB,46.0,PROD045,2.0,2166.33,24.7,3262.49,Nike Headphones 607,Home & Kitchen,Laptop,Reebok,11.65
ORD01131,CUST0329,2024-04-05,2024-04-09,Cancelled,Credit Card,Online,23374.11,7998.31,199,New York,WB,15574.8,2024-04,2024,Wendy Williams,Female,Home Office,Kolkata,WB,19.0,PROD135,1.0,3599.85,24.7,2710.69,Apple Shoes 165,Sports,Dress,Adidas,31.77
ORD01131,CUST0329,2024-04-05,2024-04-09,Cancelled,Credit Card,Online,23374.11,7998.31,199,New York,WB,15574.8,2024-04,2024,Wendy Williams,Female,Home Office,Kolkata,WB,19.0,PROD159,1.0,1643.79,24.5,1241.06,Nike Saree 450,Books,Dress,Penguin,11.02
ORD01132,CUST0866,2024-04-06,2024-04-12,Cancelled,Wallet,Mobile App,36807.05,11998.11,199,Pune,MH,25007.94,2024-04,2024,Alice Harris,Male,Home Office,Bangalore,KA,46.0,PROD195,6.0,931.93,100.0,0.0,Prestige Swimming 944,Home & Kitchen,Cycling,Prestige,19.96
ORD01132,CUST0866,2024-04-06,2024-04-12,Cancelled,Wallet,Mobile App,36807.05,11998.11,199,Pune,MH,25007.94,2024-04,2024,Alice Harris,Male,Home Office,Bangalore,KA,46.0,PROD173,10.0,319.02,21.5,2504.31,Apple Appliances 796,Home & Kitchen,Appliances,Nike,53.5
ORD01133,CUST0881,2024-06-04,2024-04-11,Pending,Debit Card,In-Store,41241.14,1283.37,199,Kolkata,WB,40156.77,2024-06,2024,Eve Brown,Other,Corporate,Kolkata,WB,46.0,PROD060,8.0,2206.88,28.1,12693.97,Penguin Laptop 245,Home & Kitchen,Mobile,Reebok,56.7
ORD01133,CUST0881,2024-06-04,2024-04-11,Pending,Debit Card,In-Store,41241.14,1283.37,199,Kolkata,WB,40156.77,2024-06,2024,Eve Brown,Other,Corporate,Kolkata,WB,46.0,PROD180,8.0,4220.13,13.9,29068.26,Apple Comics 327,Electronics,Science,Apple,59.6
ORD01134,CUST0170,2024-04-07,2024-04-11,Cancelled,Debit Card,Online,28428.06,8364.65,99,Bangalore,GJ,20162.41,2024-04,2024,Rahul  Brown,Female,Home Office,Ahmedabad,GJ,46.0,PROD081,5.0,929.78,36.0,2975.3,Harpercollins Headphones 856,Books,Camera,Prestige,53.87
ORD01134,CUST0170,2024-04-07,2024-04-11,Cancelled,Debit Card,Online,28428.06,8364.65,99,Bangalore,GJ,20162.41,2024-04,2024,Rahul  Brown,Female,Home Office,Ahmedabad,GJ,46.0,PROD050,10.0,1499.45,5.6,14154.81,Sony Dress 370,Home & Kitchen,Jacket,Penguin,46.17
ORD01135,CUST0959,2024-08-04,2024-04-12,Returned,Credit Card,Mobile App,5179.94,1837.29,199,Surat,RJ,3541.65,2024-08,2024,Rachel Anderson,Male,Corporate,Sydney,NSW,46.0,PROD139,6.0,232.61,14.5,1193.29,Penguin Jeans 977,Home & Kitchen,Jacket,Nike,42.7
ORD01135,CUST0959,2024-08-04,2024-04-12,Returned,Credit Card,Mobile App,5179.94,1837.29,199,Surat,RJ,3541.65,2024-08,2024,Rachel Anderson,Male,Corporate,Sydney,NSW,46.0,PROD041,10.0,2408.34,26.8,17629.05,Nike Cookware 488,Books,Cookware,Samsung,33.81
ORD01135,CUST0959,2024-08-04,2024-04-12,Returned,Credit Card,Mobile App,5179.94,1837.29,199,Surat,RJ,3541.65,2024-08,2024,Rachel Anderson,Male,Corporate,Sydney,NSW,46.0,PROD082,8.0,3572.86,25.2,21379.99,Samsung Lighting 904,Books,Furniture,Nike,29.28
ORD01136,CUST0191,2024-04-09,2024-04-16,Pending,Debit Card,Online,39399.02,4360.4,149,Hyderabad,NSW,35187.62,2024-04,2024,Mia Smith,Male,Consumer,Chennai,TN,46.0,,,,,,,,,,
ORD01137,CUST0321,2024-04-09,2024-04-12,Delivered,Upi,In-Store,23572.15,4007.74,0,Chennai,RJ,19564.41,2024-04,2024,Zoe Patel,Other,Consumer,Bangalore,KA,46.0,,,,,,,,,,
ORD01138,CUST0190,2024-04-10,2024-04-15,Delivered,Upi,In-Store,20477.3,3987.84,0,Chennai,KA,16489.46,2024-04,2024,Diana  Wilson,Other,Home Office,Bangalore,KA,47.0,PROD015,4.0,4890.0,31.6,13379.04,Nike Jacket 551,Electronics,Jacket,Apple,10.71
ORD01138,CUST0190,2024-04-10,2024-04-15,Delivered,Upi,In-Store,20477.3,3987.84,0,Chennai,KA,16489.46,2024-04,2024,Diana  Wilson,Other,Home Office,Bangalore,KA,47.0,PROD133,3.0,2849.36,9.3,7753.11,Nike Swimming 562,Books,Football,Puma,14.61
ORD01139,CUST0929,2024-04-11,2024-04-14,Pending,Debit Card,Online,29219.16,4673.84,149,Surat,WB,24694.32,2024-04,2024,Amit Jones,Male,Home Office,Kolkata,WB,46.0,PROD071,5.0,3211.69,19.9,12862.82,Harpercollins Camera 448,Electronics,Smartwatch,Samsung,47.49
ORD01140,CUST0630,2024-04-12,2024-04-14,Delivered,Wallet,Mobile App,30744.09,9104.85,49,Delhi,TS,21688.24,2024-04,2024,Priya Thomas,Female,Consumer,Mumbai,MH,63.0,PROD072,4.0,946.69,17.8,3112.72,Philips History 903,Electronics,History,Prestige,10.66
ORD01141,CUST0425,2024-04-12,2024-04-15,Cancelled,Credit Card,Mobile App,30059.9,4508.11,199,Kolkata,RJ,25750.79,2024-04,2024,Rahul White,Other,Consumer,New York,NY,46.0,,,,,,,,,,
ORD01143,CUST0264,2024-04-14,2024-04-21,Cancelled,Wallet,Mobile App,9378.2,1586.09,99,Kolkata,KA,7891.11,2024-04,2024,Iris Thomas,Male,Corporate,New York,NY,46.0,PROD043,10.0,3224.5,12.4,28246.62,Puma Mobile 944,Clothing,Headphones,Sony,23.91
ORD01144,CUST0265,2024-04-14,2024-04-20,Pending,Credit Card,Mobile App,41924.98,11410.46,199,Sydney,LDN,30713.52,2024-04,2024,Tina Moore,Female,Home Office,Mumbai,MH,54.0,PROD115,8.0,4755.45,25.5,28342.48,Philips Running 335,Home & Kitchen,Yoga,Philips,15.67
ORD01145,CUST0309,2024-04-15,2024-04-16,Returned,Wallet,Online,7862.75,796.9,99,Toronto,NY,7164.85,2024-04,2024,Nick Harris,Male,Home Office,London,LDN,46.0,PROD086,5.0,2860.44,9.8,12900.58,Reebok Cycling 816,Electronics,Running,Reebok,32.19
ORD01145,CUST0309,2024-04-15,2024-04-16,Returned,Wallet,Online,7862.75,796.9,99,Toronto,NY,7164.85,2024-04,2024,Nick Harris,Male,Home Office,London,LDN,46.0,PROD134,4.0,339.35,3.4,1311.25,Sony History 898,Clothing,Fiction,Lg,46.08
ORD01146,CUST0701,2024-04-16,2024-04-23,Cancelled,Wallet,In-Store,26643.51,4008.21,99,Ahmedabad,GJ,22734.3,2024-04,2024,Victor  Davis,Male,Corporate,New York,NY,54.0,PROD188,4.0,791.66,28.9,2251.48,Puma Swimming 432,Books,Running,Puma,48.2
ORD01147,CUST0533,2024-04-17,2024-04-23,Cancelled,Cod,In-Store,12257.44,2705.28,0,Mumbai,MH,9552.16,2024-04,2024,Jack  Walker,Other,Corporate,Surat,GJ,46.0,PROD011,5.0,820.49,11.2,3642.98,Prestige History 742,Sports,Science,Harpercollins,52.96
ORD01147,CUST0533,2024-04-17,2024-04-23,Cancelled,Cod,In-Store,12257.44,2705.28,0,Mumbai,MH,9552.16,2024-04,2024,Jack  Walker,Other,Corporate,Surat,GJ,46.0,PROD175,2.0,4861.2,14.6,8302.93,Penguin Dress 839,Books,Shoes,Sony,51.37
ORD01148,CUST0286,2024-04-17,2024-04-20,Pending,Credit Card,Mobile App,25067.1,1681.1,149,Toronto,ON,23535.0,2024-04,2024,Yara Davis,Female,Home Office,Kolkata,WB,54.0,,,,,,,,,,
ORD01150,CUST0985,2024-04-19,2024-04-25,Pending,Debit Card,Online,46508.15,13883.7,49,Jaipur,ON,32673.45,2024-04,2024,Iris  Brown,Male,Corporate,Hyderabad,TS,46.0,PROD020,5.0,3232.02,20.2,12895.76,Apple Jacket 787,Electronics,T-Shirt,Adidas,17.13
ORD01151,CUST0255,2024-04-20,2024-04-25,Cancelled,Wallet,In-Store,25276.96,6522.87,99,Pune,TN,18853.09,2024-04,2024,Eve  Harris,Female,Corporate,Bangalore,KA,24.0,PROD017,8.0,3392.99,6.3,25433.85,Puma Furniture 159,Clothing,Lighting,Apple,25.19
ORD01151,CUST0255,2024-04-20,2024-04-25,Cancelled,Wallet,In-Store,25276.96,6522.87,99,Pune,TN,18853.09,2024-04,2024,Eve  Harris,Female,Corporate,Bangalore,KA,24.0,PROD115,2.0,1087.19,100.0,0.0,Philips Running 335,Home & Kitchen,Yoga,Philips,15.67
ORD01152,CUST0821,2024-04-20,2024-04-21,Pending,Credit Card,Online,37411.17,10470.36,149,Pune,GJ,27089.81,2024-04,2024,Zoe Miller,Male,Home Office,London,LDN,33.0,PROD147,8.0,1507.83,27.8,8709.23,Lg Appliances 636,Books,Bedding,Penguin,31.75
ORD01153,CUST0944,2024-04-21,2024-04-23,Delivered,Credit Card,In-Store,43239.92,8285.91,0,Mumbai,GJ,34954.01,2024-04,2024,Frank Moore,Other,Home Office,Mumbai,MH,62.0,PROD057,4.0,3312.11,6.7,12360.79,Adidas Jacket 309,Electronics,Jeans,Samsung,54.79
ORD01153,CUST0944,2024-04-21,2024-04-23,Delivered,Credit Card,In-Store,43239.92,8285.91,0,Mumbai,GJ,34954.01,2024-04,2024,Frank Moore,Other,Home Office,Mumbai,MH,62.0,PROD126,3.0,2627.29,35.6,5075.92,Reebok Cricket 811,Electronics,Cycling,Philips,41.97
ORD01153,CUST0944,2024-04-21,2024-04-23,Delivered,Credit Card,In-Store,43239.92,8285.91,0,Mumbai,GJ,34954.01,2024-04,2024,Frank Moore,Other,Home Office,Mumbai,MH,62.0,PROD031,9.0,697.44,11.1,5580.22,Adidas Non-Fiction 307,Electronics,Self-Help,Prestige,49.23
ORD01155,CUST0645,2024-04-22,2024-04-26,Shipped,Debit Card,In-Store,9860.21,3552.44,149,Surat,TN,6456.77,2024-04,2024,Eve Williams,Female,Consumer,Ahmedabad,GJ,29.0,PROD031,7.0,975.74,0.0,6830.18,Adidas Non-Fiction 307,Electronics,Self-Help,Prestige,49.23
ORD01156,CUST0440,2024-04-23,2024-04-26,Shipped,Wallet,Mobile App,4018.89,337.65,199,Toronto,ON,3880.24,2024-04,2024,Grace  Lee,Female,Consumer,Chennai,TN,38.0,PROD192,1.0,1129.22,2.8,1097.6,Sony Non-Fiction 107,Books,Non-Fiction,Samsung,39.21
ORD01156,CUST0440,2024-04-23,2024-04-26,Shipped,Wallet,Mobile App,4018.89,337.65,199,Toronto,ON,3880.24,2024-04,2024,Grace  Lee,Female,Consumer,Chennai,TN,38.0,PROD092,2.0,3977.01,100.0,0.0,Penguin Mobile 186,Electronics,Mobile,Harpercollins,35.83
ORD01157,CUST0786,2024-04-24,2024-04-25,Cancelled,Cod,In-Store,18297.53,1228.04,0,Hyderabad,NSW,17069.49,2024-04,2024,Arjun Moore,Female,Corporate,Toronto,ON,46.0,,,,,,,,,,
ORD01158,CUST0721,2024-04-25,2024-04-30,Shipped,Wallet,Mobile App,17251.99,4296.56,199,Chennai,RJ,13154.43,2024-04,2024,Grace Taylor,Other,Corporate,Surat,GJ,46.0,PROD028,1.0,1575.96,21.6,1235.55,Apple Science 123,Clothing,History,Samsung,55.38
ORD01158,CUST0721,2024-04-25,2024-04-30,Shipped,Wallet,Mobile App,17251.99,4296.56,199,Chennai,RJ,13154.43,2024-04,2024,Grace Taylor,Other,Corporate,Surat,GJ,46.0,PROD129,9.0,2575.22,10.2,20812.93,Nike Decor 511,Home & Kitchen,Decor,Sony,54.86
ORD01158,CUST0721,2024-04-25,2024-04-30,Shipped,Wallet,Mobile App,17251.99,4296.56,199,Chennai,RJ,13154.43,2024-04,2024,Grace Taylor,Other,Corporate,Surat,GJ,46.0,PROD071,10.0,2248.87,1.4,22173.86,Harpercollins Camera 448,Electronics,Smartwatch,Samsung,47.49
ORD01159,CUST0748,2024-04-25,2024-04-26,Returned,Net Banking,Mobile App,15249.07,5405.45,0,Toronto,MH,9843.62,2024-04,2024,Zoe Smith,Female,Corporate,New York,NY,46.0,PROD151,9.0,4509.93,28.0,29224.35,Samsung Appliances 375,Books,Decor,Samsung,40.0
ORD01160,CUST0556,2024-04-26,2024-05-01,Pending,Net Banking,Mobile App,27744.63,4162.89,99,Surat,NY,23680.74,2024-04,2024,Iris Garcia,Female,Home Office,Bangalore,KA,40.0,PROD122,4.0,2293.14,10.9,8172.75,Penguin Camera 744,Clothing,Mobile,Adidas,52.36
ORD01160,CUST0556,2024-04-26,2024-05-01,Pending,Net Banking,Mobile App,27744.63,4162.89,99,Surat,NY,23680.74,2024-04,2024,Iris Garcia,Female,Home Office,Bangalore,KA,40.0,PROD177,8.0,2869.01,0.7,22791.42,Nike Bedding 498,Sports,Decor,Nike,32.96
ORD01160,CUST0556,2024-04-26,2024-05-01,Pending,Net Banking,Mobile App,27744.63,4162.89,99,Surat,NY,23680.74,2024-04,2024,Iris Garcia,Female,Home Office,Bangalore,KA,40.0,PROD080,7.0,1937.32,22.3,10537.08,Samsung Dress 334,Sports,Shoes,Apple,33.19
ORD01161,CUST0446,2024-04-27,2024-04-29,Pending,Net Banking,Mobile App,48652.76,2152.44,149,New York,NSW,46649.32,2024-04,2024,Grace Shah,Male,Consumer,Sydney,NSW,46.0,PROD053,4.0,399.85,20.1,1277.92,Samsung Non-Fiction 984,Books,Non-Fiction,Harpercollins,58.1
ORD01161,CUST0446,2024-04-27,2024-04-29,Pending,Net Banking,Mobile App,48652.76,2152.44,149,New York,NSW,46649.32,2024-04,2024,Grace Shah,Male,Consumer,Sydney,NSW,46.0,PROD052,5.0,1107.7,24.5,4181.57,Nike Self-Help 430,Sports,Comics,Samsung,34.06
ORD01162,CUST0520,2024-04-28,2024-04-30,Pending,Wallet,Mobile App,10835.1,890.79,0,Hyderabad,TS,9944.31,2024-04,2024,Amit  Thompson,Female,Corporate,Chennai,TN,56.0,PROD049,3.0,4550.43,8.2,12531.88,Nike Smartwatch 658,Books,Mobile,Philips,29.78
ORD01162,CUST0520,2024-04-28,2024-04-30,Pending,Wallet,Mobile App,10835.1,890.79,0,Hyderabad,TS,9944.31,2024-04,2024,Amit  Thompson,Female,Corporate,Chennai,TN,56.0,PROD196,10.0,4626.82,27.0,33775.79,Harpercollins Cookware 952,Books,Cookware,Samsung,48.35
ORD01162,CUST0520,2024-04-28,2024-04-30,Pending,Wallet,Mobile App,10835.1,890.79,0,Hyderabad,TS,9944.31,2024-04,2024,Amit  Thompson,Female,Corporate,Chennai,TN,56.0,PROD097,8.0,4082.07,24.8,24557.73,Apple Appliances 474,Home & Kitchen,Lighting,Apple,35.67
ORD01163,CUST0116,2024-04-28,2024-05-04,Cancelled,Upi,Mobile App,38134.01,8724.14,199,Hyderabad,NY,29608.87,2024-04,2024,Arjun Wilson,Male,Home Office,Bangalore,KA,68.0,PROD177,1.0,3722.25,32.1,2527.41,Nike Bedding 498,Sports,Decor,Nike,32.96
ORD01163,CUST0116,2024-04-28,2024-05-04,Cancelled,Upi,Mobile App,38134.01,8724.14,199,Hyderabad,NY,29608.87,2024-04,2024,Arjun Wilson,Male,Home Office,Bangalore,KA,68.0,PROD050,6.0,1278.89,17.7,6315.16,Sony Dress 370,Home & Kitchen,Jacket,Penguin,46.17
ORD01163,CUST0116,2024-04-28,2024-05-04,Cancelled,Upi,Mobile App,38134.01,8724.14,199,Hyderabad,NY,29608.87,2024-04,2024,Arjun Wilson,Male,Home Office,Bangalore,KA,68.0,PROD118,1.0,3989.85,5.9,3754.45,Philips Tablet 619,Books,Camera,Samsung,55.89
ORD01164,CUST0894,2024-04-29,2024-05-05,Shipped,Cod,In-Store,36643.75,14551.27,199,Toronto,ON,22291.48,2024-04,2024,Priya Jackson,Female,Corporate,Mumbai,MH,46.0,PROD055,5.0,4077.54,39.9,12253.01,Samsung Laptop 541,Electronics,Smartwatch,Adidas,19.97
ORD01165,CUST0996,2024-04-30,2024-05-04,Pending,Credit Card,In-Store,19320.46,2002.49,199,Delhi,WB,17516.97,2024-04,2024,Peter Martin,Other,Corporate,Toronto,ON,54.0,PROD105,7.0,2061.12,32.9,9681.08,Harpercollins History 567,Electronics,History,Samsung,58.21
ORD01165,CUST0996,2024-04-30,2024-05-04,Pending,Credit Card,In-Store,19320.46,2002.49,199,Delhi,WB,17516.97,2024-04,2024,Peter Martin,Other,Corporate,Toronto,ON,54.0,PROD144,3.0,2287.08,23.0,5283.15,Penguin Camera 300,Sports,Mobile,Samsung,50.16
ORD01165,CUST0996,2024-04-30,2024-05-04,Pending,Credit Card,In-Store,19320.46,2002.49,199,Delhi,WB,17516.97,2024-04,2024,Peter Martin,Other,Corporate,Toronto,ON,54.0,PROD082,1.0,4485.97,35.1,2911.39,Samsung Lighting 904,Books,Furniture,Nike,29.28
ORD01165,CUST0996,2024-04-30,2024-05-04,Pending,Credit Card,In-Store,19320.46,2002.49,199,Delhi,WB,17516.97,2024-04,2024,Peter Martin,Other,Corporate,Toronto,ON,54.0,PROD086,3.0,3004.2,31.1,6209.68,Reebok Cycling 816,Electronics,Running,Reebok,32.19
ORD01165,CUST0996,2024-04-30,2024-05-04,Pending,Credit Card,In-Store,19320.46,2002.49,199,Delhi,WB,17516.97,2024-04,2024,Peter Martin,Other,Corporate,Toronto,ON,54.0,PROD159,6.0,4226.98,19.7,20365.59,Nike Saree 450,Books,Dress,Penguin,11.02
ORD01165,CUST0996,2024-04-30,2024-05-04,Pending,Credit Card,In-Store,19320.46,2002.49,199,Delhi,WB,17516.97,2024-04,2024,Peter Martin,Other,Corporate,Toronto,ON,54.0,PROD026,10.0,2296.72,11.4,20348.94,Nike Cricket 264,Clothing,Running,Apple,32.24
ORD01165,CUST0996,2024-04-30,2024-05-04,Pending,Credit Card,In-Store,19320.46,2002.49,199,Delhi,WB,17516.97,2024-04,2024,Peter Martin,Other,Corporate,Toronto,ON,54.0,PROD194,7.0,4730.09,23.6,25296.52,Harpercollins Fiction 998,Electronics,Self-Help,Philips,26.4
ORD01166,CUST0906,2024-05-01,2024-05-04,Shipped,Credit Card,Online,45744.92,1880.96,199,Mumbai,MH,44062.96,2024-05,2024,Yara Jones,Other,Corporate,Bangalore,KA,31.0,PROD062,1.0,3508.56,29.2,2484.06,Samsung Cycling 783,Home & Kitchen,Football,Adidas,26.61
ORD01167,CUST0119,2024-05-01,2024-05-05,Cancelled,Credit Card,Mobile App,37253.68,3608.58,0,Toronto,GJ,33645.1,2024-05,2024,Iris Thompson,Other,Consumer,Bangalore,KA,49.0,PROD025,6.0,3970.11,31.3,16364.79,Prestige Jacket 493,Home & Kitchen,Shoes,Nike,18.62
ORD01167,CUST0119,2024-05-01,2024-05-05,Cancelled,Credit Card,Mobile App,37253.68,3608.58,0,Toronto,GJ,33645.1,2024-05,2024,Iris Thompson,Other,Consumer,Bangalore,KA,49.0,PROD089,1.0,2690.44,2.7,2617.8,Penguin Football 980,Electronics,Football,Nike,31.17
ORD01167,CUST0119,2024-05-01,2024-05-05,Cancelled,Credit Card,Mobile App,37253.68,3608.58,0,Toronto,GJ,33645.1,2024-05,2024,Iris Thompson,Other,Consumer,Bangalore,KA,49.0,PROD120,3.0,1588.04,30.7,3301.54,Sony Shoes 445,Electronics,Saree,Nike,17.95
ORD01167,CUST0119,2024-05-01,2024-05-05,Cancelled,Credit Card,Mobile App,37253.68,3608.58,0,Toronto,GJ,33645.1,2024-05,2024,Iris Thompson,Other,Consumer,Bangalore,KA,49.0,PROD112,1.0,3936.48,32.5,2657.12,Samsung Mobile 229,Electronics,Camera,Philips,53.15
ORD01169,CUST0317,2024-03-05,2024-05-10,Pending,Net Banking,In-Store,14830.08,5873.58,99,Delhi,KA,9055.5,2024-03,2024,Alice  Taylor,Other,Consumer,Bangalore,KA,63.0,PROD111,6.0,1098.13,37.3,4131.17,Samsung Shoes 988,Sports,T-Shirt,Nike,58.48
ORD01170,CUST0802,2024-03-05,2024-05-08,Pending,Cod,In-Store,12547.98,1668.08,99,Mumbai,DL,10978.9,2024-03,2024,Pooja Harris,Female,Home Office,Jaipur,RJ,55.0,PROD011,8.0,655.92,27.1,3825.33,Prestige History 742,Sports,Science,Harpercollins,52.96
ORD01170,CUST0802,2024-03-05,2024-05-08,Pending,Cod,In-Store,12547.98,1668.08,99,Mumbai,DL,10978.9,2024-03,2024,Pooja Harris,Female,Home Office,Jaipur,RJ,55.0,PROD094,4.0,4702.45,13.3,16308.1,Adidas Comics 457,Sports,Self-Help,Philips,53.91
ORD01170,CUST0802,2024-03-05,2024-05-08,Pending,Cod,In-Store,12547.98,1668.08,99,Mumbai,DL,10978.9,2024-03,2024,Pooja Harris,Female,Home Office,Jaipur,RJ,55.0,PROD194,9.0,387.69,22.3,2711.12,Harpercollins Fiction 998,Electronics,Self-Help,Philips,26.4
ORD01171,CUST0995,2024-04-05,2024-05-07,Pending,Wallet,Online,47618.27,6109.0,0,Hyderabad,MH,41509.27,2024-04,2024,Mia Lee,Female,Consumer,Pune,MH,46.0,PROD100,1.0,4854.25,17.7,3995.05,Sony History 683,Sports,Comics,Puma,56.77
ORD01171,CUST0995,2024-04-05,2024-05-07,Pending,Wallet,Online,47618.27,6109.0,0,Hyderabad,MH,41509.27,2024-04,2024,Mia Lee,Female,Consumer,Pune,MH,46.0,PROD097,7.0,4660.87,2.9,31679.93,Apple Appliances 474,Home & Kitchen,Lighting,Apple,35.67
ORD01171,CUST0995,2024-04-05,2024-05-07,Pending,Wallet,Online,47618.27,6109.0,0,Hyderabad,MH,41509.27,2024-04,2024,Mia Lee,Female,Consumer,Pune,MH,46.0,PROD198,9.0,3628.75,100.0,0.0,Reebok Football 148,Clothing,Football,Nike,59.52
ORD01172,CUST0228,2024-05-05,2024-05-08,Cancelled,Wallet,In-Store,14911.94,2682.84,199,Bangalore,NSW,12428.1,2024-05,2024,Diana Walker,Female,Consumer,Hyderabad,TS,45.0,PROD115,4.0,4344.81,35.4,11226.99,Philips Running 335,Home & Kitchen,Yoga,Philips,15.67
ORD01172,CUST0228,2024-05-05,2024-05-08,Cancelled,Wallet,In-Store,14911.94,2682.84,199,Bangalore,NSW,12428.1,2024-05,2024,Diana Walker,Female,Consumer,Hyderabad,TS,45.0,PROD100,4.0,4004.25,15.8,13486.31,Sony History 683,Sports,Comics,Puma,56.77
ORD01173,CUST0227,2024-05-06,2024-05-09,Pending,Credit Card,Mobile App,44695.8,11024.47,149,Sydney,TS,33820.33,2024-05,2024,Karen Smith,Male,Corporate,Pune,MH,37.0,PROD119,8.0,2899.48,7.1,21548.94,Sony Appliances 233,Clothing,Appliances,Reebok,12.98
ORD01174,CUST0048,2024-06-05,2024-05-09,Shipped,Credit Card,In-Store,33215.83,4156.79,149,Ahmedabad,MH,29208.04,2024-06,2024,Wendy Smith,Female,Home Office,Toronto,ON,46.0,PROD015,9.0,3760.11,34.7,22098.17,Nike Jacket 551,Electronics,Jacket,Apple,10.71
ORD01174,CUST0048,2024-06-05,2024-05-09,Shipped,Credit Card,In-Store,33215.83,4156.79,149,Ahmedabad,MH,29208.04,2024-06,2024,Wendy Smith,Female,Home Office,Toronto,ON,46.0,PROD197,4.0,4428.29,0.0,17713.16,Apple Cycling 713,Books,Cricket,Samsung,43.22
ORD01175,CUST0437,2024-05-07,2024-05-12,Delivered,Upi,In-Store,21664.73,6493.46,99,Toronto,GJ,15270.27,2024-05,2024,Tina Patel,Male,Consumer,Kolkata,WB,39.0,PROD080,6.0,3718.73,38.6,13699.8,Samsung Dress 334,Sports,Shoes,Apple,33.19
ORD01175,CUST0437,2024-05-07,2024-05-12,Delivered,Upi,In-Store,21664.73,6493.46,99,Toronto,GJ,15270.27,2024-05,2024,Tina Patel,Male,Consumer,Kolkata,WB,39.0,PROD031,2.0,610.12,28.7,870.03,Adidas Non-Fiction 307,Electronics,Self-Help,Prestige,49.23
ORD01176,CUST0264,2024-08-05,2024-05-09,Cancelled,Wallet,In-Store,6072.0,1356.15,49,London,KA,4764.85,2024-08,2024,Iris Thomas,Male,Corporate,New York,NY,46.0,PROD172,7.0,566.12,6.2,3717.14,Puma Football 366,Books,Swimming,Nike,33.7
ORD01176,CUST0264,2024-08-05,2024-05-09,Cancelled,Wallet,In-Store,6072.0,1356.15,49,London,KA,4764.85,2024-08,2024,Iris Thomas,Male,Corporate,New York,NY,46.0,PROD004,9.0,3054.35,20.9,21743.92,Sony Cookware 400,Clothing,Furniture,Puma,43.32
ORD01176,CUST0264,2024-08-05,2024-05-09,Cancelled,Wallet,In-Store,6072.0,1356.15,49,London,KA,4764.85,2024-08,2024,Iris Thomas,Male,Corporate,New York,NY,46.0,PROD069,3.0,4426.96,29.9,9309.9,Adidas Bedding 631,Clothing,Furniture,Nike,13.52
ORD01176,CUST0264,2024-08-05,2024-05-09,Cancelled,Wallet,In-Store,6072.0,1356.15,49,London,KA,4764.85,2024-08,2024,Iris Thomas,Male,Corporate,New York,NY,46.0,PROD185,6.0,1241.81,15.8,6273.62,Philips Headphones 478,Home & Kitchen,Smartwatch,Lg,39.49
ORD01177,CUST0025,2024-05-09,2024-05-13,Pending,Wallet,Online,20389.82,5006.72,199,Surat,NSW,15582.1,2024-05,2024,Victor Moore,Other,Home Office,Mumbai,MH,46.0,PROD149,8.0,4983.62,2.7,38792.5,Nike Appliances 740,Clothing,Decor,Nike,17.17
ORD01177,CUST0025,2024-05-09,2024-05-13,Pending,Wallet,Online,20389.82,5006.72,199,Surat,NSW,15582.1,2024-05,2024,Victor Moore,Other,Home Office,Mumbai,MH,46.0,PROD112,5.0,1412.4,11.0,6285.18,Samsung Mobile 229,Electronics,Camera,Philips,53.15
ORD01177,CUST0025,2024-05-09,2024-05-13,Pending,Wallet,Online,20389.82,5006.72,199,Surat,NSW,15582.1,2024-05,2024,Victor Moore,Other,Home Office,Mumbai,MH,46.0,PROD066,1.0,369.36,10.7,329.84,Nike Headphones 940,Books,Mobile,Apple,50.19
ORD01177,CUST0025,2024-05-09,2024-05-13,Pending,Wallet,Online,20389.82,5006.72,199,Surat,NSW,15582.1,2024-05,2024,Victor Moore,Other,Home Office,Mumbai,MH,46.0,PROD156,4.0,3966.14,4.3,15182.38,Reebok Decor 139,Books,Appliances,Sony,54.53
ORD01178,CUST0620,2024-05-09,2024-05-15,Delivered,Upi,Mobile App,20907.1,5723.83,199,Ahmedabad,MH,15382.27,2024-05,2024,Frank Lee,Male,Consumer,Pune,MH,70.0,PROD102,2.0,2549.21,1.6,5016.85,Penguin Appliances 888,Clothing,Lighting,Nike,22.48
ORD01178,CUST0620,2024-05-09,2024-05-15,Delivered,Upi,Mobile App,20907.1,5723.83,199,Ahmedabad,MH,15382.27,2024-05,2024,Frank Lee,Male,Consumer,Pune,MH,70.0,PROD143,3.0,4902.79,7.8,13561.12,Apple Mobile 427,Sports,Laptop,Prestige,43.6
ORD01179,CUST0725,2024-10-05,2024-05-16,Cancelled,Net Banking,In-Store,1243.1,483.17,149,Hyderabad,TS,908.93,2024-10,2024,Frank Williams,Female,Consumer,Hyderabad,TS,54.0,PROD163,10.0,2314.42,32.5,15622.34,Puma Furniture 243,Clothing,Cookware,Penguin,49.39
ORD01179,CUST0725,2024-10-05,2024-05-16,Cancelled,Net Banking,In-Store,1243.1,483.17,149,Hyderabad,TS,908.93,2024-10,2024,Frank Williams,Female,Consumer,Hyderabad,TS,54.0,PROD011,8.0,2370.44,33.1,12686.59,Prestige History 742,Sports,Science,Harpercollins,52.96
ORD01179,CUST0725,2024-10-05,2024-05-16,Cancelled,Net Banking,In-Store,1243.1,483.17,149,Hyderabad,TS,908.93,2024-10,2024,Frank Williams,Female,Consumer,Hyderabad,TS,54.0,PROD097,6.0,1914.88,100.0,0.0,Apple Appliances 474,Home & Kitchen,Lighting,Apple,35.67
ORD01180,CUST0533,2024-05-11,2024-05-18,Pending,Cod,In-Store,30831.39,212.98,199,Surat,ON,30817.41,2024-05,2024,Jack  Walker,Other,Corporate,Surat,GJ,46.0,PROD107,4.0,1840.43,15.4,6228.02,Penguin Shoes 647,Electronics,Jeans,Harpercollins,43.39
ORD01180,CUST0533,2024-05-11,2024-05-18,Pending,Cod,In-Store,30831.39,212.98,199,Surat,ON,30817.41,2024-05,2024,Jack  Walker,Other,Corporate,Surat,GJ,46.0,PROD110,1.0,724.61,12.8,631.86,Harpercollins Shoes 395,Books,Jeans,Reebok,40.0
ORD01181,CUST0026,2024-11-05,2024-05-16,Pending,Credit Card,Mobile App,12577.93,4025.25,0,Chennai,MH,8552.68,2024-11,2024,,,,,,,PROD140,7.0,256.75,15.6,1516.88,Harpercollins Decor 546,Sports,Decor,Reebok,57.57
ORD01181,CUST0026,2024-11-05,2024-05-16,Pending,Credit Card,Mobile App,12577.93,4025.25,0,Chennai,MH,8552.68,2024-11,2024,,,,,,,PROD138,4.0,2246.16,19.8,7205.68,Penguin History 493,Home & Kitchen,Self-Help,Prestige,40.86
ORD01181,CUST0026,2024-11-05,2024-05-16,Pending,Credit Card,Mobile App,12577.93,4025.25,0,Chennai,MH,8552.68,2024-11,2024,,,,,,,PROD142,5.0,3178.15,19.6,12776.16,Apple Non-Fiction 957,Clothing,Comics,Nike,53.25
ORD01182,CUST0329,2024-12-05,2024-05-19,Cancelled,Debit Card,Online,41228.92,15255.61,49,Pune,LDN,26022.31,2024-12,2024,Wendy Williams,Female,Home Office,Kolkata,WB,19.0,,,,,,,,,,
ORD01183,CUST0576,2024-05-13,2024-05-16,Cancelled,Credit Card,In-Store,25011.15,9282.84,149,Hyderabad,TN,15877.31,2024-05,2024,Uma Martin,Female,Corporate,Kolkata,WB,56.0,PROD026,3.0,2035.09,21.7,4780.43,Nike Cricket 264,Clothing,Running,Apple,32.24
ORD01184,CUST0512,2024-05-14,2024-05-21,Returned,Debit Card,Mobile App,41799.34,9504.85,149,Sydney,GJ,32443.49,2024-05,2024,Pooja Taylor,Female,Corporate,Kolkata,WB,53.0,PROD103,1.0,3794.51,39.9,2280.5,Nike Furniture 174,Clothing,Appliances,Nike,31.46
ORD01184,CUST0512,2024-05-14,2024-05-21,Returned,Debit Card,Mobile App,41799.34,9504.85,149,Sydney,GJ,32443.49,2024-05,2024,Pooja Taylor,Female,Corporate,Kolkata,WB,53.0,PROD012,2.0,2876.33,17.7,4734.44,Nike Fiction 847,Books,Self-Help,Lg,50.71
ORD01185,CUST0491,2024-05-14,2024-05-17,Pending,Upi,In-Store,9758.28,1057.76,199,Surat,WB,8899.52,2024-05,2024,Peter Patel,Female,Corporate,New York,NY,46.0,PROD139,3.0,1950.59,27.2,4260.09,Penguin Jeans 977,Home & Kitchen,Jacket,Nike,42.7
ORD01186,CUST0088,2024-05-15,2024-05-22,Shipped,Cod,Mobile App,37313.19,166.01,199,Bangalore,MH,37346.18,2024-05,2024,Yara  Smith,Male,Consumer,Pune,MH,46.0,PROD068,8.0,3870.44,100.0,0.0,Nike T-Shirt 743,Home & Kitchen,Jacket,Apple,49.93
ORD01187,CUST0862,2024-05-16,2024-05-20,Delivered,Wallet,Mobile App,31743.83,11713.27,99,Delhi,DL,20129.56,2024-05,2024,Yara Johnson,Other,Home Office,Delhi,DL,46.0,,,,,,,,,,
ORD01188,CUST0342,2024-05-17,2024-05-22,Shipped,Upi,Mobile App,27608.28,5034.26,49,Mumbai,ON,22623.02,2024-05,2024,Wendy Smith,Male,Consumer,Ahmedabad,GJ,47.0,PROD126,10.0,702.55,25.6,5226.97,Reebok Cricket 811,Electronics,Cycling,Philips,41.97
ORD01189,CUST0325,2024-05-17,2024-05-18,Pending,Debit Card,Online,48012.14,12694.57,99,Delhi,WB,35416.57,2024-05,2024,Rahul Davis,Female,Corporate,Bangalore,KA,46.0,PROD135,4.0,2619.56,32.4,7083.29,Apple Shoes 165,Sports,Dress,Adidas,31.77
ORD01189,CUST0325,2024-05-17,2024-05-18,Pending,Debit Card,Online,48012.14,12694.57,99,Delhi,WB,35416.57,2024-05,2024,Rahul Davis,Female,Corporate,Bangalore,KA,46.0,PROD085,4.0,1680.91,0.3,6703.47,Puma Saree 221,Home & Kitchen,Dress,Puma,59.7
ORD01190,CUST0720,2024-05-18,2024-05-20,Cancelled,Cod,Mobile App,36777.3,3737.88,49,Sydney,MH,33088.42,2024-05,2024,Amit  Jackson,Female,Corporate,Delhi,DL,46.0,PROD135,7.0,654.64,38.2,2831.97,Apple Shoes 165,Sports,Dress,Adidas,31.77
ORD01190,CUST0720,2024-05-18,2024-05-20,Cancelled,Cod,Mobile App,36777.3,3737.88,49,Sydney,MH,33088.42,2024-05,2024,Amit  Jackson,Female,Corporate,Delhi,DL,46.0,PROD006,6.0,3692.92,0.0,22157.52,Apple Appliances 429,Home & Kitchen,Lighting,Apple,42.16
ORD01190,CUST0720,2024-05-18,2024-05-20,Cancelled,Cod,Mobile App,36777.3,3737.88,49,Sydney,MH,33088.42,2024-05,2024,Amit  Jackson,Female,Corporate,Delhi,DL,46.0,PROD029,8.0,1807.88,22.9,11151.0,Puma Shoes 790,Books,Jacket,Samsung,-14.06
ORD01191,CUST0357,2024-05-19,2024-05-24,Cancelled,Debit Card,Online,7322.93,1024.18,99,Jaipur,GJ,6397.75,2024-05,2024,Henry Lee,Female,Home Office,Chennai,TN,46.0,PROD170,1.0,825.19,23.9,627.97,Adidas Shoes 686,Home & Kitchen,Shoes,Prestige,52.73
ORD01192,CUST0609,2024-05-20,2024-05-27,Cancelled,Wallet,In-Store,40588.96,5376.94,199,Toronto,NSW,35411.02,2024-05,2024,Mia Jackson,Female,Home Office,Sydney,NSW,46.0,PROD183,10.0,3389.37,4.2,32470.16,Apple Non-Fiction 981,Clothing,Comics,Philips,58.04
ORD01193,CUST0692,2024-05-20,2024-05-25,Returned,Cod,In-Store,1251.09,465.28,199,Delhi,GJ,984.81,2024-05,2024,Rahul Shah,Other,Corporate,Surat,GJ,46.0,PROD074,4.0,3707.91,19.5,11939.47,Reebok Non-Fiction 876,Home & Kitchen,Comics,Philips,40.32
ORD01194,CUST0676,2024-05-21,2024-05-28,Delivered,Credit Card,Mobile App,2291.5,506.35,49,Jaipur,NSW,1834.15,2024-05,2024,Zoe Thomas,Other,Home Office,Jaipur,RJ,20.0,PROD131,5.0,4136.48,26.3,15242.93,Adidas Camera 887,Clothing,Headphones,Adidas,50.24
ORD01194,CUST0676,2024-05-21,2024-05-28,Delivered,Credit Card,Mobile App,2291.5,506.35,49,Jaipur,NSW,1834.15,2024-05,2024,Zoe Thomas,Other,Home Office,Jaipur,RJ,20.0,PROD110,6.0,2808.06,9.0,15332.01,Harpercollins Shoes 395,Books,Jeans,Reebok,40.0
ORD01195,CUST0801,2024-05-22,2024-05-25,Delivered,Credit Card,Mobile App,13181.16,2206.57,99,Jaipur,NSW,11073.59,2024-05,2024,Nick  Walker,Other,Consumer,London,LDN,46.0,PROD105,10.0,395.86,9.5,3582.53,Harpercollins History 567,Electronics,History,Samsung,58.21
ORD01195,CUST0801,2024-05-22,2024-05-25,Delivered,Credit Card,Mobile App,13181.16,2206.57,99,Jaipur,NSW,11073.59,2024-05,2024,Nick  Walker,Other,Consumer,London,LDN,46.0,PROD161,4.0,3906.45,20.2,12469.39,Sony Jeans 636,Sports,Saree,Puma,14.22
ORD01195,CUST0801,2024-05-22,2024-05-25,Delivered,Credit Card,Mobile App,13181.16,2206.57,99,Jaipur,NSW,11073.59,2024-05,2024,Nick  Walker,Other,Consumer,London,LDN,46.0,PROD123,8.0,830.69,33.9,4392.69,Apple Comics 186,Home & Kitchen,History,Nike,48.14
ORD01196,CUST0711,2024-05-22,2024-05-28,Pending,Debit Card,Online,13248.15,5058.78,149,New York,TN,8338.37,2024-05,2024,Jack  Moore,Male,Corporate,London,LDN,41.0,PROD193,9.0,626.17,0.3,5618.62,Adidas Yoga 743,Electronics,Running,Philips,46.63
ORD01196,CUST0711,2024-05-22,2024-05-28,Pending,Debit Card,Online,13248.15,5058.78,149,New York,TN,8338.37,2024-05,2024,Jack  Moore,Male,Corporate,London,LDN,41.0,PROD141,7.0,1577.41,38.5,6790.75,Penguin Jacket 835,Clothing,Jacket,Prestige,56.67
ORD01198,CUST0790,2024-05-24,2024-05-29,Delivered,Cod,Mobile App,25183.56,7340.27,199,Kolkata,NSW,18042.29,2024-05,2024,Sneha  Miller,Other,Consumer,Kolkata,WB,46.0,PROD127,5.0,566.43,15.0,2407.33,Prestige Jacket 193,Books,T-Shirt,Adidas,54.91
ORD01199,CUST0656,2024-05-25,2024-06-01,Shipped,Wallet,In-Store,34421.75,2812.09,0,Surat,NY,31609.66,2024-05,2024,Charlie Thomas,Male,Home Office,Mumbai,MH,65.0,PROD136,1.0,4709.39,24.9,3536.75,Philips Appliances 779,Sports,Furniture,Penguin,44.03
ORD01199,CUST0656,2024-05-25,2024-06-01,Shipped,Wallet,In-Store,34421.75,2812.09,0,Surat,NY,31609.66,2024-05,2024,Charlie Thomas,Male,Home Office,Mumbai,MH,65.0,PROD004,8.0,1541.34,19.7,9901.57,Sony Cookware 400,Clothing,Furniture,Puma,43.32
ORD01199,CUST0656,2024-05-25,2024-06-01,Shipped,Wallet,In-Store,34421.75,2812.09,0,Surat,NY,31609.66,2024-05,2024,Charlie Thomas,Male,Home Office,Mumbai,MH,65.0,PROD048,8.0,3096.93,20.0,19820.35,Adidas Jacket 176,Home & Kitchen,Jeans,Apple,57.33
ORD01200,CUST0932,2024-05-25,2024-05-28,Pending,Wallet,Online,42065.78,7259.13,49,Surat,LDN,34855.65,2024-05,2024,Bob  Wilson,Female,Consumer,Sydney,NSW,46.0,,,,,,,,,,
ORD01201,CUST0398,2024-05-26,2024-05-28,Cancelled,Wallet,In-Store,26589.07,9856.53,149,New York,TS,16881.54,2024-05,2024,Olivia Thomas,Female,Home Office,Jaipur,RJ,46.0,PROD145,10.0,4038.68,20.1,32269.05,Reebok Smartwatch 139,Books,Headphones,Sony,11.99
ORD01202,CUST0716,2024-05-27,2024-05-31,Pending,Debit Card,Online,21335.84,8385.29,199,Delhi,GJ,13149.55,2024-05,2024,Zoe Moore,Male,Consumer,Ahmedabad,GJ,51.0,PROD106,9.0,3617.26,15.2,27606.93,Samsung Self-Help 140,Books,Non-Fiction,Apple,48.39
ORD01203,CUST0911,2024-05-28,2024-06-04,Pending,Net Banking,In-Store,10379.58,2736.07,0,Chennai,MH,7643.51,2024-05,2024,Rachel Brown,Male,Consumer,Jaipur,RJ,46.0,PROD053,9.0,435.15,19.3,3160.49,Samsung Non-Fiction 984,Books,Non-Fiction,Harpercollins,58.1
ORD01203,CUST0911,2024-05-28,2024-06-04,Pending,Net Banking,In-Store,10379.58,2736.07,0,Chennai,MH,7643.51,2024-05,2024,Rachel Brown,Male,Consumer,Jaipur,RJ,46.0,PROD076,6.0,1342.9,7.1,7485.32,Apple Swimming 348,Books,Cricket,Apple,56.86
ORD01204,CUST0171,2024-05-28,2024-06-03,Pending,Credit Card,Online,46381.17,15646.15,0,Bangalore,GJ,30735.02,2024-05,2024,Rahul Patel,Other,Corporate,Delhi,DL,46.0,PROD019,6.0,3867.52,0.5,23089.09,Philips Cycling 881,Books,Swimming,Nike,33.52
ORD01204,CUST0171,2024-05-28,2024-06-03,Pending,Credit Card,Online,46381.17,15646.15,0,Bangalore,GJ,30735.02,2024-05,2024,Rahul Patel,Other,Corporate,Delhi,DL,46.0,PROD130,3.0,2320.49,18.2,5694.48,Reebok Lighting 589,Home & Kitchen,Furniture,Harpercollins,45.86
ORD01205,CUST0799,2024-05-29,2024-06-04,Delivered,Wallet,In-Store,39988.28,13886.11,199,Toronto,GJ,26301.17,2024-05,2024,Steve Johnson,Female,Consumer,Bangalore,KA,46.0,,,,,,,,,,
ORD01206,CUST0494,2024-05-30,2024-06-06,Delivered,Credit Card,Online,24151.52,5691.27,149,Sydney,KA,18609.25,2024-05,2024,Wendy Davis,Male,Home Office,Mumbai,MH,67.0,PROD105,4.0,498.52,28.6,1423.77,Harpercollins History 567,Electronics,History,Samsung,58.21
ORD01208,CUST0491,2024-05-31,2024-06-03,Delivered,Wallet,Mobile App,36079.45,3699.6,199,New York,KA,32578.85,2024-05,2024,Peter Patel,Female,Corporate,New York,NY,46.0,PROD107,7.0,2988.63,21.3,16464.36,Penguin Shoes 647,Electronics,Jeans,Harpercollins,43.39
ORD01208,CUST0491,2024-05-31,2024-06-03,Delivered,Wallet,Mobile App,36079.45,3699.6,199,New York,KA,32578.85,2024-05,2024,Peter Patel,Female,Corporate,New York,NY,46.0,PROD120,2.0,2090.51,1.0,4139.21,Sony Shoes 445,Electronics,Saree,Nike,17.95
ORD01209,CUST0952,2024-01-06,2024-01-09,Cancelled,Debit Card,In-Store,16200.34,1593.41,49,Surat,MH,14655.93,2024-01,2024,Yara Martin,Male,Home Office,Sydney,NSW,43.0,,,,,,,,,,
ORD01210,CUST0625,2024-02-06,2024-06-03,Delivered,Wallet,Mobile App,15471.18,3645.76,0,Chennai,NY,11825.42,2024-02,2024,Wendy Garcia,Female,Home Office,Surat,GJ,46.0,PROD161,1.0,3450.73,32.2,2339.59,Sony Jeans 636,Sports,Saree,Puma,14.22
ORD01210,CUST0625,2024-02-06,2024-06-03,Delivered,Wallet,Mobile App,15471.18,3645.76,0,Chennai,NY,11825.42,2024-02,2024,Wendy Garcia,Female,Home Office,Surat,GJ,46.0,PROD083,4.0,982.53,29.4,2774.66,Philips Swimming 657,Books,Football,Philips,59.17
ORD01211,CUST0054,2024-06-02,2024-06-09,Cancelled,Debit Card,Mobile App,36580.74,14003.59,49,Pune,ON,22626.15,2024-06,2024,Victor  Jackson,Female,Consumer,Pune,MH,46.0,,,,,,,,,,
ORD01212,CUST0176,2024-06-03,2024-06-05,Delivered,Wallet,Mobile App,12044.49,1726.73,0,Ahmedabad,DL,10317.76,2024-06,2024,Yara Thomas,Female,Home Office,Toronto,ON,46.0,,,,,,,,,,
ORD01213,CUST0945,2024-04-06,2024-06-06,Returned,Net Banking,Mobile App,10831.14,243.9,199,Pune,LDN,10786.24,2024-04,2024,Diana Patel,Female,Home Office,Surat,GJ,46.0,,,,,,,,,,
ORD01214,CUST0365,2024-06-05,2024-06-08,Pending,Wallet,In-Store,32909.65,5184.5,0,Chennai,GJ,27725.15,2024-06,2024,Eve Jones,Female,Home Office,Delhi,DL,47.0,PROD004,7.0,4285.57,22.7,23189.22,Sony Cookware 400,Clothing,Furniture,Puma,43.32
ORD01214,CUST0365,2024-06-05,2024-06-08,Pending,Wallet,In-Store,32909.65,5184.5,0,Chennai,GJ,27725.15,2024-06,2024,Eve Jones,Female,Home Office,Delhi,DL,47.0,PROD045,8.0,818.52,34.7,4275.95,Nike Headphones 607,Home & Kitchen,Laptop,Reebok,11.65
ORD01214,CUST0365,2024-06-05,2024-06-08,Pending,Wallet,In-Store,32909.65,5184.5,0,Chennai,GJ,27725.15,2024-06,2024,Eve Jones,Female,Home Office,Delhi,DL,47.0,PROD059,9.0,504.36,7.6,4194.26,Apple History 581,Home & Kitchen,Science,Puma,28.87
ORD01214,CUST0365,2024-06-05,2024-06-08,Pending,Wallet,In-Store,32909.65,5184.5,0,Chennai,GJ,27725.15,2024-06,2024,Eve Jones,Female,Home Office,Delhi,DL,47.0,PROD171,1.0,3940.18,20.7,3124.56,Nike Cricket 448,Clothing,Cycling,Lg,54.33
ORD01214,CUST0365,2024-06-05,2024-06-08,Pending,Wallet,In-Store,32909.65,5184.5,0,Chennai,GJ,27725.15,2024-06,2024,Eve Jones,Female,Home Office,Delhi,DL,47.0,PROD109,6.0,2015.05,31.3,8306.04,Adidas Lighting 738,Electronics,Bedding,Samsung,54.83
ORD01215,CUST0591,2024-06-05,2024-06-08,Cancelled,Credit Card,Online,25575.59,5289.73,199,Jaipur,TS,20484.86,2024-06,2024,Amit Lee,Male,Home Office,Jaipur,RJ,46.0,PROD183,1.0,4510.16,25.6,3355.56,Apple Non-Fiction 981,Clothing,Comics,Philips,58.04
ORD01215,CUST0591,2024-06-05,2024-06-08,Cancelled,Credit Card,Online,25575.59,5289.73,199,Jaipur,TS,20484.86,2024-06,2024,Amit Lee,Male,Home Office,Jaipur,RJ,46.0,PROD068,6.0,3408.84,9.0,18612.27,Nike T-Shirt 743,Home & Kitchen,Jacket,Apple,49.93
ORD01216,CUST0101,2024-06-06,2024-06-09,Delivered,Cod,Online,40003.78,6080.54,49,Hyderabad,TN,33972.24,2024-06,2024,Diana Shah,Male,Corporate,Delhi,DL,46.0,PROD088,4.0,3120.57,23.1,9598.87,Reebok Furniture 514,Home & Kitchen,Appliances,Prestige,15.84
ORD01217,CUST0705,2024-06-07,2024-06-13,Pending,Upi,Online,38737.49,14553.85,199,Toronto,DL,24382.64,2024-06,2024,Zoe White,Other,Home Office,Sydney,NSW,46.0,PROD176,1.0,954.85,27.0,697.04,Nike Jacket 282,Electronics,Shoes,Puma,11.71
ORD01217,CUST0705,2024-06-07,2024-06-13,Pending,Upi,Online,38737.49,14553.85,199,Toronto,DL,24382.64,2024-06,2024,Zoe White,Other,Home Office,Sydney,NSW,46.0,PROD008,1.0,2650.16,8.1,2435.5,Samsung Furniture 983,Sports,Bedding,Harpercollins,66.39
ORD01218,CUST0156,2024-08-06,2024-06-15,Pending,Debit Card,Mobile App,8026.63,2909.6,199,Jaipur,NY,5316.03,2024-08,2024,Henry Brown,Male,Corporate,Chennai,TN,46.0,PROD073,9.0,3595.52,2.1,31680.13,Philips Running 721,Sports,Yoga,Nike,52.7
ORD01218,CUST0156,2024-08-06,2024-06-15,Pending,Debit Card,Mobile App,8026.63,2909.6,199,Jaipur,NY,5316.03,2024-08,2024,Henry Brown,Male,Corporate,Chennai,TN,46.0,PROD032,8.0,1533.28,21.0,9690.33,Reebok Football 191,Electronics,Football,Harpercollins,59.46
ORD01218,CUST0156,2024-08-06,2024-06-15,Pending,Debit Card,Mobile App,8026.63,2909.6,199,Jaipur,NY,5316.03,2024-08,2024,Henry Brown,Male,Corporate,Chennai,TN,46.0,PROD050,6.0,955.61,17.2,4747.47,Sony Dress 370,Home & Kitchen,Jacket,Penguin,46.17
ORD01219,CUST0017,2024-08-06,2024-06-14,Cancelled,Cod,Mobile App,5628.07,491.52,49,New York,WB,5185.55,2024-08,2024,Sneha  Walker,Male,Corporate,Surat,GJ,21.0,PROD174,7.0,4103.84,39.9,17264.85,Nike Science 291,Sports,History,Harpercollins,39.93
ORD01219,CUST0017,2024-08-06,2024-06-14,Cancelled,Cod,Mobile App,5628.07,491.52,49,New York,WB,5185.55,2024-08,2024,Sneha  Walker,Male,Corporate,Surat,GJ,21.0,PROD200,4.0,2866.44,8.2,10525.57,Philips Yoga 695,Clothing,Yoga,Philips,54.73
ORD01220,CUST0731,2024-06-09,2024-06-12,Pending,Credit Card,Online,44924.06,9240.69,149,Delhi,ON,35832.37,2024-06,2024,Bob  Williams,Male,Home Office,Ahmedabad,GJ,46.0,PROD197,5.0,354.9,32.5,1197.79,Apple Cycling 713,Books,Cricket,Samsung,43.22
ORD01221,CUST0748,2024-06-10,2024-06-13,Pending,Upi,Mobile App,47111.87,7960.12,149,Delhi,MH,39300.75,2024-06,2024,Zoe Smith,Female,Corporate,New York,NY,46.0,PROD103,4.0,1114.05,37.0,2807.41,Nike Furniture 174,Clothing,Appliances,Nike,31.46
ORD01221,CUST0748,2024-06-10,2024-06-13,Pending,Upi,Mobile App,47111.87,7960.12,149,Delhi,MH,39300.75,2024-06,2024,Zoe Smith,Female,Corporate,New York,NY,46.0,PROD045,8.0,4907.84,25.0,29447.04,Nike Headphones 607,Home & Kitchen,Laptop,Reebok,11.65
ORD01223,CUST0978,2024-06-11,2024-06-17,Delivered,Upi,In-Store,48680.94,14294.01,199,Pune,KA,34585.93,2024-06,2024,Eve  Jackson,Female,Corporate,Ahmedabad,GJ,50.0,PROD176,1.0,4492.95,3.5,4335.7,Nike Jacket 282,Electronics,Shoes,Puma,11.71
ORD01223,CUST0978,2024-06-11,2024-06-17,Delivered,Upi,In-Store,48680.94,14294.01,199,Pune,KA,34585.93,2024-06,2024,Eve  Jackson,Female,Corporate,Ahmedabad,GJ,50.0,PROD084,7.0,2121.08,26.8,10868.41,Philips Comics 538,Electronics,Non-Fiction,Reebok,22.29
ORD01223,CUST0978,2024-06-11,2024-06-17,Delivered,Upi,In-Store,48680.94,14294.01,199,Pune,KA,34585.93,2024-06,2024,Eve  Jackson,Female,Corporate,Ahmedabad,GJ,50.0,PROD008,8.0,4284.75,18.4,27970.85,Samsung Furniture 983,Sports,Bedding,Harpercollins,66.39
ORD01224,CUST0400,2024-12-06,2024-06-16,Pending,Credit Card,In-Store,16802.68,533.31,99,London,MH,16368.37,2024-12,2024,Eve Shah,Female,Home Office,New York,NY,26.0,PROD183,1.0,2586.91,11.6,2286.83,Apple Non-Fiction 981,Clothing,Comics,Philips,58.04
ORD01225,CUST0977,2024-06-13,2024-06-15,Delivered,Cod,Mobile App,23931.04,8588.59,99,Ahmedabad,MH,15441.45,2024-06,2024,Alice Brown,Male,Corporate,Surat,GJ,27.0,PROD110,3.0,1340.14,31.3,2762.03,Harpercollins Shoes 395,Books,Jeans,Reebok,40.0
ORD01225,CUST0977,2024-06-13,2024-06-15,Delivered,Cod,Mobile App,23931.04,8588.59,99,Ahmedabad,MH,15441.45,2024-06,2024,Alice Brown,Male,Corporate,Surat,GJ,27.0,PROD086,7.0,2466.11,31.1,11894.05,Reebok Cycling 816,Electronics,Running,Reebok,32.19
ORD01226,CUST0242,2024-06-13,2024-06-15,Returned,Credit Card,In-Store,25197.02,6275.59,99,Mumbai,NY,19020.43,2024-06,2024,Henry Miller,Other,Consumer,Ahmedabad,GJ,53.0,PROD191,8.0,3099.59,0.5,24672.74,Prestige Dress 944,Home & Kitchen,Jeans,Apple,48.89
ORD01226,CUST0242,2024-06-13,2024-06-15,Returned,Credit Card,In-Store,25197.02,6275.59,99,Mumbai,NY,19020.43,2024-06,2024,Henry Miller,Other,Consumer,Ahmedabad,GJ,53.0,PROD130,6.0,1991.97,9.1,10864.2,Reebok Lighting 589,Home & Kitchen,Furniture,Harpercollins,45.86
ORD01227,CUST0480,2024-06-14,2024-06-20,Pending,Cod,Mobile App,13894.06,5374.04,0,Sydney,NSW,8520.02,2024-06,2024,Tina Wilson,Female,Home Office,Chennai,TN,49.0,PROD026,1.0,2794.64,29.5,1970.22,Nike Cricket 264,Clothing,Running,Apple,32.24
ORD01227,CUST0480,2024-06-14,2024-06-20,Pending,Cod,Mobile App,13894.06,5374.04,0,Sydney,NSW,8520.02,2024-06,2024,Tina Wilson,Female,Home Office,Chennai,TN,49.0,PROD162,10.0,4019.81,9.4,36419.48,Puma History 707,Home & Kitchen,Comics,Prestige,21.51
ORD01228,CUST0173,2024-06-15,2024-06-17,Returned,Wallet,Online,26375.51,7215.33,49,Chennai,TN,19209.18,2024-06,2024,Uma  Williams,Male,Consumer,Chennai,TN,46.0,PROD139,6.0,2296.47,37.2,8653.1,Penguin Jeans 977,Home & Kitchen,Jacket,Nike,42.7
ORD01229,CUST0120,2024-06-16,2024-06-23,Delivered,Upi,Mobile App,6102.99,1826.48,0,Hyderabad,LDN,4276.51,2024-06,2024,Pooja Shah,Other,Corporate,Toronto,ON,47.0,PROD050,3.0,4025.47,6.4,11303.52,Sony Dress 370,Home & Kitchen,Jacket,Penguin,46.17
ORD01229,CUST0120,2024-06-16,2024-06-23,Delivered,Upi,Mobile App,6102.99,1826.48,0,Hyderabad,LDN,4276.51,2024-06,2024,Pooja Shah,Other,Corporate,Toronto,ON,47.0,PROD081,2.0,939.54,0.6,1867.81,Harpercollins Headphones 856,Books,Camera,Prestige,53.87
ORD01230,CUST0423,2024-06-16,2024-06-17,Pending,Wallet,Mobile App,21277.6,2848.18,99,Ahmedabad,NY,18528.42,2024-06,2024,Rahul Johnson,Other,Corporate,Delhi,DL,43.0,PROD151,9.0,1502.89,15.2,11470.06,Samsung Appliances 375,Books,Decor,Samsung,40.0
ORD01231,CUST0183,2024-06-17,2024-06-20,Delivered,Net Banking,Mobile App,15982.85,4906.76,149,Pune,LDN,11225.09,2024-06,2024,Frank Davis,Female,Home Office,London,LDN,32.0,PROD046,4.0,4994.24,12.0,17579.72,Penguin Camera 453,Clothing,Headphones,Sony,56.85
ORD01232,CUST0908,2024-06-18,2024-06-19,Delivered,Upi,Online,20224.8,4282.71,149,Kolkata,ON,16091.09,2024-06,2024,Sneha Garcia,Female,Consumer,London,LDN,46.0,PROD184,5.0,3108.6,4.3,14874.65,Penguin Fiction 673,Home & Kitchen,Comics,Apple,55.75
ORD01233,CUST0742,2024-06-18,2024-06-22,Delivered,Cod,In-Store,45684.4,910.41,49,Mumbai,GJ,44822.99,2024-06,2024,Diana  Martin,Male,Consumer,Mumbai,MH,46.0,PROD093,5.0,3290.99,12.7,14365.17,Prestige Furniture 284,Electronics,Bedding,Samsung,9.26
ORD01233,CUST0742,2024-06-18,2024-06-22,Delivered,Cod,In-Store,45684.4,910.41,49,Mumbai,GJ,44822.99,2024-06,2024,Diana  Martin,Male,Consumer,Mumbai,MH,46.0,PROD149,8.0,2229.49,0.0,17835.92,Nike Appliances 740,Clothing,Decor,Nike,17.17
ORD01233,CUST0742,2024-06-18,2024-06-22,Delivered,Cod,In-Store,45684.4,910.41,49,Mumbai,GJ,44822.99,2024-06,2024,Diana  Martin,Male,Consumer,Mumbai,MH,46.0,PROD138,4.0,3847.71,22.8,11881.73,Penguin History 493,Home & Kitchen,Self-Help,Prestige,40.86
ORD01233,CUST0742,2024-06-18,2024-06-22,Delivered,Cod,In-Store,45684.4,910.41,49,Mumbai,GJ,44822.99,2024-06,2024,Diana  Martin,Male,Consumer,Mumbai,MH,46.0,PROD174,4.0,3382.91,2.0,13261.01,Nike Science 291,Sports,History,Harpercollins,39.93
ORD01234,CUST0990,2024-06-19,2024-06-25,Returned,Wallet,In-Store,9265.9,3095.07,149,New York,TS,6319.83,2024-06,2024,Frank  Thompson,Female,Consumer,Bangalore,KA,46.0,PROD187,6.0,4658.5,17.5,23059.57,Reebok Decor 369,Sports,Bedding,Philips,54.59
ORD01234,CUST0990,2024-06-19,2024-06-25,Returned,Wallet,In-Store,9265.9,3095.07,149,New York,TS,6319.83,2024-06,2024,Frank  Thompson,Female,Consumer,Bangalore,KA,46.0,PROD185,9.0,1835.61,26.0,12225.16,Philips Headphones 478,Home & Kitchen,Smartwatch,Lg,39.49
ORD01235,CUST0407,2024-06-20,2024-06-27,Shipped,Credit Card,In-Store,4384.49,1291.51,199,Delhi,TN,3291.98,2024-06,2024,Grace Shah,Female,Corporate,Bangalore,KA,41.0,PROD197,7.0,2036.82,17.6,11748.38,Apple Cycling 713,Books,Cricket,Samsung,43.22
ORD01235,CUST0407,2024-06-20,2024-06-27,Shipped,Credit Card,In-Store,4384.49,1291.51,199,Delhi,TN,3291.98,2024-06,2024,Grace Shah,Female,Corporate,Bangalore,KA,41.0,PROD111,5.0,4068.28,27.9,14666.15,Samsung Shoes 988,Sports,T-Shirt,Nike,58.48
ORD01235,CUST0407,2024-06-20,2024-06-27,Shipped,Credit Card,In-Store,4384.49,1291.51,199,Delhi,TN,3291.98,2024-06,2024,Grace Shah,Female,Corporate,Bangalore,KA,41.0,PROD055,10.0,2272.31,6.8,21177.93,Samsung Laptop 541,Electronics,Smartwatch,Adidas,19.97
ORD01236,CUST0405,2024-06-21,2024-06-25,Cancelled,Upi,Mobile App,8710.34,978.28,49,Sydney,NY,7781.06,2024-06,2024,Tina Taylor,Female,Consumer,Chennai,TN,46.0,PROD011,2.0,1542.88,3.2,2987.02,Prestige History 742,Sports,Science,Harpercollins,52.96
ORD01237,CUST0743,2024-06-21,2024-06-24,Returned,Debit Card,Mobile App,39614.83,3406.34,199,Sydney,NY,36407.49,2024-06,2024,Xander Shah,Female,Corporate,Surat,GJ,57.0,PROD084,7.0,3057.45,36.9,13504.76,Philips Comics 538,Electronics,Non-Fiction,Reebok,22.29
ORD01237,CUST0743,2024-06-21,2024-06-24,Returned,Debit Card,Mobile App,39614.83,3406.34,199,Sydney,NY,36407.49,2024-06,2024,Xander Shah,Female,Corporate,Surat,GJ,57.0,PROD122,9.0,4965.99,30.6,31017.57,Penguin Camera 744,Clothing,Mobile,Adidas,52.36
ORD01238,CUST0024,2024-06-22,2024-06-23,Cancelled,Wallet,Mobile App,27709.53,6292.56,199,Kolkata,GJ,21615.97,2024-06,2024,Frank Williams,Female,Corporate,Surat,GJ,56.0,PROD191,5.0,4223.26,0.0,21116.3,Prestige Dress 944,Home & Kitchen,Jeans,Apple,48.89
ORD01238,CUST0024,2024-06-22,2024-06-23,Cancelled,Wallet,Mobile App,27709.53,6292.56,199,Kolkata,GJ,21615.97,2024-06,2024,Frank Williams,Female,Corporate,Surat,GJ,56.0,PROD126,1.0,2741.35,16.5,2289.03,Reebok Cricket 811,Electronics,Cycling,Philips,41.97
ORD01239,CUST0222,2024-06-23,2024-06-27,Returned,Credit Card,Online,34738.48,13268.95,199,Hyderabad,RJ,21668.53,2024-06,2024,Quinn Brown,Male,Home Office,Mumbai,MH,35.0,,,,,,,,,,
ORD01240,CUST0150,2024-06-24,2024-06-25,Pending,Debit Card,Mobile App,39702.33,3121.16,99,Sydney,RJ,36680.17,2024-06,2024,Tina Garcia,Other,Home Office,Sydney,NSW,34.0,PROD137,2.0,4681.64,36.3,5964.41,Reebok Headphones 725,Sports,Smartwatch,Samsung,51.88
ORD01240,CUST0150,2024-06-24,2024-06-25,Pending,Debit Card,Mobile App,39702.33,3121.16,99,Sydney,RJ,36680.17,2024-06,2024,Tina Garcia,Other,Home Office,Sydney,NSW,34.0,PROD197,9.0,1178.25,6.5,9914.97,Apple Cycling 713,Books,Cricket,Samsung,43.22
ORD01240,CUST0150,2024-06-24,2024-06-25,Pending,Debit Card,Mobile App,39702.33,3121.16,99,Sydney,RJ,36680.17,2024-06,2024,Tina Garcia,Other,Home Office,Sydney,NSW,34.0,PROD079,10.0,189.86,2.1,1858.73,Prestige Science 518,Sports,Non-Fiction,Apple,45.47
ORD01240,CUST0150,2024-06-24,2024-06-25,Pending,Debit Card,Mobile App,39702.33,3121.16,99,Sydney,RJ,36680.17,2024-06,2024,Tina Garcia,Other,Home Office,Sydney,NSW,34.0,PROD163,1.0,3597.06,9.7,3248.15,Puma Furniture 243,Clothing,Cookware,Penguin,49.39
ORD01241,CUST0195,2024-06-24,2024-06-26,Pending,Upi,Mobile App,42731.18,14878.43,149,New York,TS,28001.75,2024-06,2024,Leo Brown,Other,Consumer,Sydney,NSW,31.0,PROD050,8.0,674.25,4.4,5156.66,Sony Dress 370,Home & Kitchen,Jacket,Penguin,46.17
ORD01241,CUST0195,2024-06-24,2024-06-26,Pending,Upi,Mobile App,42731.18,14878.43,149,New York,TS,28001.75,2024-06,2024,Leo Brown,Other,Consumer,Sydney,NSW,31.0,PROD051,7.0,4734.31,25.9,24556.87,Harpercollins Fiction 843,Electronics,Comics,Adidas,47.6
ORD01241,CUST0195,2024-06-24,2024-06-26,Pending,Upi,Mobile App,42731.18,14878.43,149,New York,TS,28001.75,2024-06,2024,Leo Brown,Other,Consumer,Sydney,NSW,31.0,PROD058,10.0,171.71,31.3,1179.65,Prestige Science 951,Books,Fiction,Harpercollins,47.27
ORD01242,CUST0332,2024-06-25,2024-06-28,Delivered,Wallet,Online,44069.1,7035.75,149,Bangalore,TS,37182.35,2024-06,2024,Alice Taylor,Female,Consumer,Bangalore,KA,46.0,PROD102,6.0,348.41,39.8,1258.46,Penguin Appliances 888,Clothing,Lighting,Nike,22.48
ORD01242,CUST0332,2024-06-25,2024-06-28,Delivered,Wallet,Online,44069.1,7035.75,149,Bangalore,TS,37182.35,2024-06,2024,Alice Taylor,Female,Consumer,Bangalore,KA,46.0,PROD006,4.0,1671.36,5.4,6324.43,Apple Appliances 429,Home & Kitchen,Lighting,Apple,42.16
ORD01243,CUST0521,2024-06-26,2024-07-01,Returned,Net Banking,In-Store,13134.61,2189.95,0,Kolkata,KA,10944.66,2024-06,2024,Victor Martin,Male,Home Office,Toronto,ON,33.0,PROD103,2.0,4799.39,17.7,7899.8,Nike Furniture 174,Clothing,Appliances,Nike,31.46
ORD01243,CUST0521,2024-06-26,2024-07-01,Returned,Net Banking,In-Store,13134.61,2189.95,0,Kolkata,KA,10944.66,2024-06,2024,Victor Martin,Male,Home Office,Toronto,ON,33.0,PROD186,7.0,1774.87,20.6,9864.73,Lg Laptop 761,Clothing,Smartwatch,Lg,18.86
ORD01243,CUST0521,2024-06-26,2024-07-01,Returned,Net Banking,In-Store,13134.61,2189.95,0,Kolkata,KA,10944.66,2024-06,2024,Victor Martin,Male,Home Office,Toronto,ON,33.0,PROD073,7.0,902.85,15.0,5371.96,Philips Running 721,Sports,Yoga,Nike,52.7
ORD01244,CUST0305,2024-06-26,2024-06-30,Shipped,Net Banking,Mobile App,44635.56,730.29,149,Bangalore,GJ,44054.27,2024-06,2024,Rachel  Shah,Other,Corporate,Mumbai,MH,68.0,PROD124,1.0,1778.12,14.5,1520.29,Sony Science 562,Electronics,Self-Help,Harpercollins,42.34
ORD01244,CUST0305,2024-06-26,2024-06-30,Shipped,Net Banking,Mobile App,44635.56,730.29,149,Bangalore,GJ,44054.27,2024-06,2024,Rachel  Shah,Other,Corporate,Mumbai,MH,68.0,PROD135,5.0,1162.32,20.1,4643.47,Apple Shoes 165,Sports,Dress,Adidas,31.77
ORD01244,CUST0305,2024-06-26,2024-06-30,Shipped,Net Banking,Mobile App,44635.56,730.29,149,Bangalore,GJ,44054.27,2024-06,2024,Rachel  Shah,Other,Corporate,Mumbai,MH,68.0,PROD084,3.0,3462.22,2.4,10137.38,Philips Comics 538,Electronics,Non-Fiction,Reebok,22.29
ORD01245,CUST0075,2024-06-27,2024-06-29,Shipped,Upi,Online,37412.16,14823.64,49,Hyderabad,RJ,22637.52,2024-06,2024,Diana Patel,Other,Consumer,Bangalore,KA,46.0,PROD181,4.0,2351.61,23.2,7224.15,Lg Self-Help 722,Clothing,Comics,Harpercollins,55.84
ORD01245,CUST0075,2024-06-27,2024-06-29,Shipped,Upi,Online,37412.16,14823.64,49,Hyderabad,RJ,22637.52,2024-06,2024,Diana Patel,Other,Consumer,Bangalore,KA,46.0,PROD127,10.0,4339.6,38.0,26905.52,Prestige Jacket 193,Books,T-Shirt,Adidas,54.91
ORD01246,CUST0549,2024-06-28,2024-06-29,Shipped,Debit Card,Online,16704.62,1377.86,99,Sydney,GJ,15425.76,2024-06,2024,Leo Johnson,Other,Consumer,Hyderabad,TS,46.0,PROD083,10.0,1523.4,25.3,11379.8,Philips Swimming 657,Books,Football,Philips,59.17
ORD01246,CUST0549,2024-06-28,2024-06-29,Shipped,Debit Card,Online,16704.62,1377.86,99,Sydney,GJ,15425.76,2024-06,2024,Leo Johnson,Other,Consumer,Hyderabad,TS,46.0,PROD014,5.0,4981.32,32.1,16911.58,Sony Science 117,Electronics,Science,Reebok,39.2
ORD01247,CUST0816,2024-06-29,2024-07-02,Pending,Net Banking,Online,30005.11,1838.2,199,Pune,MH,28365.91,2024-06,2024,Bob  Anderson,Female,Home Office,Kolkata,WB,67.0,PROD146,2.0,2035.17,16.2,3410.94,Samsung Comics 644,Books,Comics,Samsung,20.71
ORD01248,CUST0007,2024-06-29,2024-07-05,Cancelled,Cod,In-Store,22277.93,5583.18,49,Pune,KA,16743.75,2024-06,2024,,,,,,,PROD072,6.0,724.35,2.2,4250.49,Philips History 903,Electronics,History,Prestige,10.66
ORD01249,CUST0180,2024-06-30,2024-07-01,Cancelled,Wallet,Mobile App,2224.43,872.97,99,Hyderabad,NY,1450.46,2024-06,2024,Charlie Taylor,Male,Home Office,Pune,MH,46.0,PROD148,1.0,1655.39,28.6,1181.95,Samsung Jacket 758,Home & Kitchen,Jeans,Apple,47.56
ORD01250,CUST0638,2024-01-07,2024-07-05,Shipped,Wallet,Mobile App,42504.6,11034.33,49,Kolkata,TN,31519.27,2024-01,2024,Rachel Brown,Other,Corporate,Mumbai,MH,46.0,PROD160,7.0,1878.75,34.8,8574.62,Apple Tablet 374,Electronics,Headphones,Prestige,58.24
ORD01250,CUST0638,2024-01-07,2024-07-05,Shipped,Wallet,Mobile App,42504.6,11034.33,49,Kolkata,TN,31519.27,2024-01,2024,Rachel Brown,Other,Corporate,Mumbai,MH,46.0,PROD129,1.0,2253.91,32.7,1516.88,Nike Decor 511,Home & Kitchen,Decor,Sony,54.86
ORD01250,CUST0638,2024-01-07,2024-07-05,Shipped,Wallet,Mobile App,42504.6,11034.33,49,Kolkata,TN,31519.27,2024-01,2024,Rachel Brown,Other,Corporate,Mumbai,MH,46.0,PROD170,3.0,261.55,21.3,617.52,Adidas Shoes 686,Home & Kitchen,Shoes,Prestige,52.73
ORD01250,CUST0638,2024-01-07,2024-07-05,Shipped,Wallet,Mobile App,42504.6,11034.33,49,Kolkata,TN,31519.27,2024-01,2024,Rachel Brown,Other,Corporate,Mumbai,MH,46.0,PROD077,10.0,2199.12,8.8,20055.97,Nike Laptop 968,Home & Kitchen,Smartwatch,Adidas,58.83
ORD01250,CUST0638,2024-01-07,2024-07-05,Shipped,Wallet,Mobile App,42504.6,11034.33,49,Kolkata,TN,31519.27,2024-01,2024,Rachel Brown,Other,Corporate,Mumbai,MH,46.0,PROD022,8.0,4553.68,0.4,36283.72,Lg Cookware 668,Home & Kitchen,Furniture,Philips,32.34
ORD01251,CUST0328,2024-07-02,2024-07-08,Delivered,Upi,Mobile App,33711.52,6121.86,99,Bangalore,WB,27688.66,2024-07,2024,Yara  Moore,Male,Home Office,Ahmedabad,GJ,46.0,PROD069,1.0,4609.68,5.9,4337.71,Adidas Bedding 631,Clothing,Furniture,Nike,13.52
ORD01251,CUST0328,2024-07-02,2024-07-08,Delivered,Upi,Mobile App,33711.52,6121.86,99,Bangalore,WB,27688.66,2024-07,2024,Yara  Moore,Male,Home Office,Ahmedabad,GJ,46.0,PROD035,10.0,129.39,36.4,822.92,Adidas Tablet 510,Books,Headphones,Nike,75.82
ORD01252,CUST0353,2024-07-02,2024-07-07,Returned,Upi,In-Store,8019.87,585.11,99,Mumbai,DL,7533.76,2024-07,2024,Nick Jones,Other,Corporate,Surat,GJ,29.0,PROD162,6.0,3143.46,7.1,17521.65,Puma History 707,Home & Kitchen,Comics,Prestige,21.51
ORD01252,CUST0353,2024-07-02,2024-07-07,Returned,Upi,In-Store,8019.87,585.11,99,Mumbai,DL,7533.76,2024-07,2024,Nick Jones,Other,Corporate,Surat,GJ,29.0,PROD020,3.0,1860.73,26.6,4097.33,Apple Jacket 787,Electronics,T-Shirt,Adidas,17.13
ORD01253,CUST0674,2024-03-07,2024-07-06,Shipped,Credit Card,Mobile App,19943.48,5116.28,99,Bangalore,ON,14926.2,2024-03,2024,Amit Garcia,Other,Corporate,Mumbai,MH,31.0,PROD154,4.0,4148.97,39.3,10073.7,Puma Jacket 845,Books,Jeans,Apple,30.08
ORD01254,CUST0635,2024-07-04,2024-07-05,Returned,Wallet,In-Store,22345.97,5448.04,0,Delhi,NSW,16897.93,2024-07,2024,Xander Wilson,Other,Home Office,Jaipur,RJ,22.0,PROD132,3.0,1272.17,6.4,3572.25,Prestige Football 126,Home & Kitchen,Cricket,Puma,26.02
ORD01254,CUST0635,2024-07-04,2024-07-05,Returned,Wallet,In-Store,22345.97,5448.04,0,Delhi,NSW,16897.93,2024-07,2024,Xander Wilson,Other,Home Office,Jaipur,RJ,22.0,PROD009,2.0,2035.1,33.4,2710.75,Prestige Decor 300,Clothing,Bedding,Apple,14.3
ORD01254,CUST0635,2024-07-04,2024-07-05,Returned,Wallet,In-Store,22345.97,5448.04,0,Delhi,NSW,16897.93,2024-07,2024,Xander Wilson,Other,Home Office,Jaipur,RJ,22.0,PROD167,8.0,335.51,28.9,1908.38,Penguin Saree 689,Home & Kitchen,T-Shirt,Apple,49.15
ORD01254,CUST0635,2024-07-04,2024-07-05,Returned,Wallet,In-Store,22345.97,5448.04,0,Delhi,NSW,16897.93,2024-07,2024,Xander Wilson,Other,Home Office,Jaipur,RJ,22.0,PROD119,7.0,1822.35,16.1,10702.66,Sony Appliances 233,Clothing,Appliances,Reebok,12.98
ORD01255,CUST0604,2024-07-05,2024-07-06,Shipped,Cod,Mobile App,4201.09,1312.89,199,Sydney,GJ,3087.2,2024-07,2024,,,,,,,PROD175,1.0,1402.46,20.8,1110.75,Penguin Dress 839,Books,Shoes,Sony,51.37
ORD01256,CUST0582,2024-05-07,2024-05-10,Pending,Credit Card,Mobile App,30396.78,786.35,149,Chennai,GJ,29759.43,2024-05,2024,Jack Johnson,Male,Corporate,Kolkata,WB,46.0,PROD128,3.0,2770.1,34.3,5459.87,Lg Furniture 340,Electronics,Furniture,Samsung,54.16
ORD01256,CUST0582,2024-05-07,2024-05-10,Pending,Credit Card,Mobile App,30396.78,786.35,149,Chennai,GJ,29759.43,2024-05,2024,Jack Johnson,Male,Corporate,Kolkata,WB,46.0,PROD193,3.0,3174.92,0.0,9524.76,Adidas Yoga 743,Electronics,Running,Philips,46.63
ORD01256,CUST0582,2024-05-07,2024-05-10,Pending,Credit Card,Mobile App,30396.78,786.35,149,Chennai,GJ,29759.43,2024-05,2024,Jack Johnson,Male,Corporate,Kolkata,WB,46.0,PROD054,5.0,3960.27,19.1,16019.29,Puma Yoga 622,Books,Swimming,Apple,14.74
ORD01256,CUST0582,2024-05-07,2024-05-10,Pending,Credit Card,Mobile App,30396.78,786.35,149,Chennai,GJ,29759.43,2024-05,2024,Jack Johnson,Male,Corporate,Kolkata,WB,46.0,PROD093,5.0,2463.94,32.3,8340.44,Prestige Furniture 284,Electronics,Bedding,Samsung,9.26
ORD01257,CUST0975,2024-07-06,2024-07-09,Cancelled,Credit Card,In-Store,28672.07,7890.47,99,Pune,TS,20880.6,2024-07,2024,Leo Wilson,Male,Consumer,London,LDN,46.0,PROD173,10.0,1457.89,32.2,9884.49,Apple Appliances 796,Home & Kitchen,Appliances,Nike,53.5
ORD01258,CUST0502,2024-07-07,2024-07-11,Cancelled,Net Banking,In-Store,39059.55,5297.31,0,London,GJ,33762.24,2024-07,2024,Sneha Lee,Female,Home Office,New York,NY,59.0,PROD036,3.0,4446.9,2.0,13073.89,Apple Headphones 657,Clothing,Laptop,Philips,40.54
ORD01259,CUST0480,2024-07-07,2024-07-09,Shipped,Upi,Online,27120.73,5641.26,49,Hyderabad,WB,21528.47,2024-07,2024,Tina Wilson,Female,Home Office,Chennai,TN,49.0,PROD046,8.0,612.98,13.4,4246.73,Penguin Camera 453,Clothing,Headphones,Sony,56.85
ORD01259,CUST0480,2024-07-07,2024-07-09,Shipped,Upi,Online,27120.73,5641.26,49,Hyderabad,WB,21528.47,2024-07,2024,Tina Wilson,Female,Home Office,Chennai,TN,49.0,PROD021,5.0,3782.36,39.1,11517.29,Nike Decor 240,Sports,Bedding,Apple,58.93
ORD01259,CUST0480,2024-07-07,2024-07-09,Shipped,Upi,Online,27120.73,5641.26,49,Hyderabad,WB,21528.47,2024-07,2024,Tina Wilson,Female,Home Office,Chennai,TN,49.0,PROD028,4.0,2668.57,4.3,10215.29,Apple Science 123,Clothing,History,Samsung,55.38
ORD01259,CUST0480,2024-07-07,2024-07-09,Shipped,Upi,Online,27120.73,5641.26,49,Hyderabad,WB,21528.47,2024-07,2024,Tina Wilson,Female,Home Office,Chennai,TN,49.0,PROD030,5.0,1444.57,15.8,6081.64,Penguin Yoga 168,Electronics,Running,Nike,55.16
ORD01260,CUST0789,2024-08-07,2024-07-15,Delivered,Debit Card,Online,33181.88,6316.09,149,Toronto,LDN,27014.79,2024-08,2024,Priya Wilson,Male,Corporate,Hyderabad,TS,46.0,PROD181,6.0,4283.1,2.5,25056.14,Lg Self-Help 722,Clothing,Comics,Harpercollins,55.84
ORD01260,CUST0789,2024-08-07,2024-07-15,Delivered,Debit Card,Online,33181.88,6316.09,149,Toronto,LDN,27014.79,2024-08,2024,Priya Wilson,Male,Corporate,Hyderabad,TS,46.0,PROD058,3.0,3277.81,29.6,6922.73,Prestige Science 951,Books,Fiction,Harpercollins,47.27
ORD01260,CUST0789,2024-08-07,2024-07-15,Delivered,Debit Card,Online,33181.88,6316.09,149,Toronto,LDN,27014.79,2024-08,2024,Priya Wilson,Male,Corporate,Hyderabad,TS,46.0,PROD179,5.0,1884.39,21.8,7367.96,Puma Camera 326,Clothing,Headphones,Apple,38.11
ORD01260,CUST0789,2024-08-07,2024-07-15,Delivered,Debit Card,Online,33181.88,6316.09,149,Toronto,LDN,27014.79,2024-08,2024,Priya Wilson,Male,Corporate,Hyderabad,TS,46.0,PROD177,3.0,4073.08,10.9,10887.34,Nike Bedding 498,Sports,Decor,Nike,32.96
ORD01261,CUST0233,2024-09-07,2024-07-12,Shipped,Upi,In-Store,39028.58,9091.3,0,Kolkata,TS,29937.28,2024-09,2024,Tina Anderson,Other,Corporate,Kolkata,WB,46.0,PROD156,4.0,553.96,18.9,1797.05,Reebok Decor 139,Books,Appliances,Sony,54.53
ORD01262,CUST0739,2024-07-10,2024-07-11,Returned,Upi,Mobile App,15219.32,3730.3,49,Surat,MH,11538.02,2024-07,2024,Steve Jones,Female,Corporate,Delhi,DL,46.0,PROD171,5.0,2302.85,28.4,8244.2,Nike Cricket 448,Clothing,Cycling,Lg,54.33
ORD01262,CUST0739,2024-07-10,2024-07-11,Returned,Upi,Mobile App,15219.32,3730.3,49,Surat,MH,11538.02,2024-07,2024,Steve Jones,Female,Corporate,Delhi,DL,46.0,PROD082,1.0,386.91,0.4,385.36,Samsung Lighting 904,Books,Furniture,Nike,29.28
ORD01262,CUST0739,2024-07-10,2024-07-11,Returned,Upi,Mobile App,15219.32,3730.3,49,Surat,MH,11538.02,2024-07,2024,Steve Jones,Female,Corporate,Delhi,DL,46.0,PROD150,5.0,120.58,4.5,575.77,Samsung Furniture 477,Books,Decor,Samsung,54.62
ORD01263,CUST0467,2024-10-07,2024-07-12,Delivered,Wallet,In-Store,49201.13,8500.17,149,London,ON,40849.96,2024-10,2024,Wendy Thomas,Female,Corporate,Surat,GJ,58.0,PROD087,8.0,4075.29,2.3,31852.47,Samsung Headphones 981,Sports,Tablet,Samsung,56.65
ORD01263,CUST0467,2024-10-07,2024-07-12,Delivered,Wallet,In-Store,49201.13,8500.17,149,London,ON,40849.96,2024-10,2024,Wendy Thomas,Female,Corporate,Surat,GJ,58.0,PROD060,6.0,2205.4,34.6,8653.99,Penguin Laptop 245,Home & Kitchen,Mobile,Reebok,56.7
ORD01264,CUST0994,2024-07-11,2024-07-12,Returned,Cod,Mobile App,43005.19,13773.76,49,London,TS,29280.43,2024-07,2024,Karen  Anderson,Other,Home Office,London,LDN,32.0,PROD102,6.0,367.87,39.9,1326.54,Penguin Appliances 888,Clothing,Lighting,Nike,22.48
ORD01264,CUST0994,2024-07-11,2024-07-12,Returned,Cod,Mobile App,43005.19,13773.76,49,London,TS,29280.43,2024-07,2024,Karen  Anderson,Other,Home Office,London,LDN,32.0,PROD040,3.0,2336.14,25.7,5207.26,Apple Cricket 717,Electronics,Cycling,Prestige,55.93
ORD01265,CUST0939,2024-12-07,2024-12-10,Returned,Cod,In-Store,41520.41,4411.65,199,Bangalore,GJ,37307.76,2024-12,2024,Henry Williams,Female,Consumer,Hyderabad,TS,21.0,PROD016,8.0,4718.3,31.5,25856.28,Reebok Decor 388,Home & Kitchen,Furniture,Lg,43.56
ORD01265,CUST0939,2024-12-07,2024-12-10,Returned,Cod,In-Store,41520.41,4411.65,199,Bangalore,GJ,37307.76,2024-12,2024,Henry Williams,Female,Consumer,Hyderabad,TS,21.0,PROD157,6.0,4011.04,10.6,21515.22,Samsung Comics 227,Electronics,Fiction,Samsung,49.37
ORD01266,CUST0816,2024-07-13,2024-07-17,Cancelled,Wallet,Online,20305.28,7711.63,49,Bangalore,LDN,12642.65,2024-07,2024,Bob  Anderson,Female,Home Office,Kolkata,WB,67.0,PROD185,4.0,831.81,36.2,2122.78,Philips Headphones 478,Home & Kitchen,Smartwatch,Lg,39.49
ORD01266,CUST0816,2024-07-13,2024-07-17,Cancelled,Wallet,Online,20305.28,7711.63,49,Bangalore,LDN,12642.65,2024-07,2024,Bob  Anderson,Female,Home Office,Kolkata,WB,67.0,PROD191,4.0,1265.91,17.5,4177.5,Prestige Dress 944,Home & Kitchen,Jeans,Apple,48.89
ORD01266,CUST0816,2024-07-13,2024-07-17,Cancelled,Wallet,Online,20305.28,7711.63,49,Bangalore,LDN,12642.65,2024-07,2024,Bob  Anderson,Female,Home Office,Kolkata,WB,67.0,PROD075,2.0,2277.1,20.9,3602.37,Puma Football 995,Clothing,Swimming,Nike,27.65
ORD01267,CUST0585,2024-07-13,2024-07-20,Returned,Credit Card,Online,10604.4,2518.51,149,New York,LDN,8234.89,2024-07,2024,Diana Moore,Other,Consumer,Bangalore,KA,52.0,PROD081,6.0,346.4,14.5,1777.03,Harpercollins Headphones 856,Books,Camera,Prestige,53.87
ORD01267,CUST0585,2024-07-13,2024-07-20,Returned,Credit Card,Online,10604.4,2518.51,149,New York,LDN,8234.89,2024-07,2024,Diana Moore,Other,Consumer,Bangalore,KA,52.0,PROD062,8.0,1054.92,38.0,5232.4,Samsung Cycling 783,Home & Kitchen,Football,Adidas,26.61
ORD01267,CUST0585,2024-07-13,2024-07-20,Returned,Credit Card,Online,10604.4,2518.51,149,New York,LDN,8234.89,2024-07,2024,Diana Moore,Other,Consumer,Bangalore,KA,52.0,PROD098,3.0,2427.86,4.8,6933.97,Samsung Science 652,Books,Fiction,Apple,45.81
ORD01267,CUST0585,2024-07-13,2024-07-20,Returned,Credit Card,Online,10604.4,2518.51,149,New York,LDN,8234.89,2024-07,2024,Diana Moore,Other,Consumer,Bangalore,KA,52.0,PROD014,10.0,4972.24,5.3,47087.11,Sony Science 117,Electronics,Science,Reebok,39.2
ORD01268,CUST0201,2024-07-14,2024-07-15,Shipped,Upi,Mobile App,2482.16,122.19,99,Chennai,MH,2458.97,2024-07,2024,Frank Martin,Other,Consumer,Chennai,TN,46.0,PROD179,5.0,4830.75,34.7,15772.4,Puma Camera 326,Clothing,Headphones,Apple,38.11
ORD01268,CUST0201,2024-07-14,2024-07-15,Shipped,Upi,Mobile App,2482.16,122.19,99,Chennai,MH,2458.97,2024-07,2024,Frank Martin,Other,Consumer,Chennai,TN,46.0,PROD171,1.0,4955.51,2.0,4856.4,Nike Cricket 448,Clothing,Cycling,Lg,54.33
ORD01269,CUST0617,2024-07-15,2024-07-20,Pending,Upi,Mobile App,42954.53,13169.85,199,Surat,LDN,29983.68,2024-07,2024,,,,,,,PROD015,1.0,4256.68,8.4,3899.12,Nike Jacket 551,Electronics,Jacket,Apple,10.71
ORD01269,CUST0617,2024-07-15,2024-07-20,Pending,Upi,Mobile App,42954.53,13169.85,199,Surat,LDN,29983.68,2024-07,2024,,,,,,,PROD163,3.0,3537.05,37.2,6663.8,Puma Furniture 243,Clothing,Cookware,Penguin,49.39
ORD01270,CUST0851,2024-07-15,2024-07-20,Cancelled,Cod,Online,3680.65,1316.84,99,Hyderabad,GJ,2462.81,2024-07,2024,Rachel Smith,Female,Corporate,London,LDN,59.0,PROD106,3.0,3271.0,7.3,9096.65,Samsung Self-Help 140,Books,Non-Fiction,Apple,48.39
ORD01270,CUST0851,2024-07-15,2024-07-20,Cancelled,Cod,Online,3680.65,1316.84,99,Hyderabad,GJ,2462.81,2024-07,2024,Rachel Smith,Female,Corporate,London,LDN,59.0,PROD034,2.0,359.43,1.4,708.8,Lg Smartwatch 275,Sports,Laptop,Samsung,38.13
ORD01271,CUST0368,2024-07-16,2024-07-23,Cancelled,Cod,Online,8730.14,3291.56,149,Mumbai,MH,5587.58,2024-07,2024,Olivia Harris,Other,Home Office,London,LDN,38.0,PROD034,4.0,3273.94,39.9,7870.55,Lg Smartwatch 275,Sports,Laptop,Samsung,38.13
ORD01271,CUST0368,2024-07-16,2024-07-23,Cancelled,Cod,Online,8730.14,3291.56,149,Mumbai,MH,5587.58,2024-07,2024,Olivia Harris,Other,Home Office,London,LDN,38.0,PROD104,4.0,2167.41,13.6,7490.57,Harpercollins Jeans 435,Electronics,Saree,Nike,50.01
ORD01273,CUST0874,2024-07-18,2024-07-25,Pending,Credit Card,Online,24441.12,931.02,199,Sydney,GJ,23709.1,2024-07,2024,Frank Shah,Female,Corporate,Ahmedabad,GJ,64.0,,,,,,,,,,
ORD01274,CUST0593,2024-07-18,2024-07-23,Returned,Credit Card,Online,23432.89,5807.37,99,Sydney,LDN,17724.52,2024-07,2024,Karen Wilson,Other,Home Office,Bangalore,KA,46.0,PROD198,1.0,3240.93,20.7,2570.06,Reebok Football 148,Clothing,Football,Nike,59.52
ORD01274,CUST0593,2024-07-18,2024-07-23,Returned,Credit Card,Online,23432.89,5807.37,99,Sydney,LDN,17724.52,2024-07,2024,Karen Wilson,Other,Home Office,Bangalore,KA,46.0,PROD107,7.0,337.68,26.2,1744.45,Penguin Shoes 647,Electronics,Jeans,Harpercollins,43.39
ORD01275,CUST0324,2024-07-19,2024-07-21,Shipped,Debit Card,Mobile App,26866.69,10389.22,99,Delhi,RJ,16576.47,2024-07,2024,Bob Davis,Female,Home Office,Ahmedabad,GJ,46.0,PROD058,7.0,4291.89,38.3,18536.67,Prestige Science 951,Books,Fiction,Harpercollins,47.27
ORD01275,CUST0324,2024-07-19,2024-07-21,Shipped,Debit Card,Mobile App,26866.69,10389.22,99,Delhi,RJ,16576.47,2024-07,2024,Bob Davis,Female,Home Office,Ahmedabad,GJ,46.0,PROD076,3.0,193.89,11.7,513.61,Apple Swimming 348,Books,Cricket,Apple,56.86
ORD01275,CUST0324,2024-07-19,2024-07-21,Shipped,Debit Card,Mobile App,26866.69,10389.22,99,Delhi,RJ,16576.47,2024-07,2024,Bob Davis,Female,Home Office,Ahmedabad,GJ,46.0,PROD147,3.0,4805.97,6.1,13538.42,Lg Appliances 636,Books,Bedding,Penguin,31.75
ORD01275,CUST0324,2024-07-19,2024-07-21,Shipped,Debit Card,Mobile App,26866.69,10389.22,99,Delhi,RJ,16576.47,2024-07,2024,Bob Davis,Female,Home Office,Ahmedabad,GJ,46.0,PROD009,8.0,1041.42,100.0,0.0,Prestige Decor 300,Clothing,Bedding,Apple,14.3
ORD01275,CUST0324,2024-07-19,2024-07-21,Shipped,Debit Card,Mobile App,26866.69,10389.22,99,Delhi,RJ,16576.47,2024-07,2024,Bob Davis,Female,Home Office,Ahmedabad,GJ,46.0,PROD048,8.0,2713.49,16.5,18126.11,Adidas Jacket 176,Home & Kitchen,Jeans,Apple,57.33
ORD01276,CUST0782,2024-07-20,2024-07-24,Pending,Debit Card,Mobile App,33740.14,7855.69,99,Toronto,DL,25983.45,2024-07,2024,,,,,,,PROD016,3.0,2108.01,25.4,4717.73,Reebok Decor 388,Home & Kitchen,Furniture,Lg,43.56
ORD01276,CUST0782,2024-07-20,2024-07-24,Pending,Debit Card,Mobile App,33740.14,7855.69,99,Toronto,DL,25983.45,2024-07,2024,,,,,,,PROD106,5.0,4251.08,34.5,13922.29,Samsung Self-Help 140,Books,Non-Fiction,Apple,48.39
ORD01277,CUST0355,2024-07-21,2024-07-22,Returned,Upi,In-Store,41659.93,6034.45,199,Ahmedabad,KA,35824.48,2024-07,2024,Mia Shah,Female,Home Office,Hyderabad,TS,46.0,PROD161,6.0,4052.68,24.3,18407.27,Sony Jeans 636,Sports,Saree,Puma,14.22
ORD01277,CUST0355,2024-07-21,2024-07-22,Returned,Upi,In-Store,41659.93,6034.45,199,Ahmedabad,KA,35824.48,2024-07,2024,Mia Shah,Female,Home Office,Hyderabad,TS,46.0,PROD132,1.0,3669.53,31.1,2528.31,Prestige Football 126,Home & Kitchen,Cricket,Puma,26.02
ORD01279,CUST0578,2024-07-22,2024-07-23,Returned,Upi,Mobile App,32049.72,9957.14,149,New York,LDN,22241.58,2024-07,2024,Peter Brown,Male,Home Office,Mumbai,MH,64.0,,,,,,,,,,
ORD01280,CUST0985,2024-07-23,2024-07-30,Delivered,Credit Card,Mobile App,36829.5,11595.38,99,Hyderabad,TN,25333.12,2024-07,2024,Iris  Brown,Male,Corporate,Hyderabad,TS,46.0,PROD200,8.0,4135.23,23.4,25340.69,Philips Yoga 695,Clothing,Yoga,Philips,54.73
ORD01281,CUST0659,2024-07-24,2024-07-31,Delivered,Net Banking,Mobile App,23304.2,2345.55,199,Chennai,LDN,21157.65,2024-07,2024,Mia Garcia,Male,Home Office,Surat,GJ,46.0,PROD035,8.0,4855.54,3.2,37601.3,Adidas Tablet 510,Books,Headphones,Nike,75.82
ORD01282,CUST0836,2024-07-24,2024-07-26,Cancelled,Credit Card,Online,35844.23,3648.73,149,Hyderabad,DL,32344.5,2024-07,2024,Rahul  Anderson,Other,Home Office,Toronto,ON,28.0,PROD160,8.0,1046.07,10.3,7506.6,Apple Tablet 374,Electronics,Headphones,Prestige,58.24
ORD01282,CUST0836,2024-07-24,2024-07-26,Cancelled,Credit Card,Online,35844.23,3648.73,149,Hyderabad,DL,32344.5,2024-07,2024,Rahul  Anderson,Other,Home Office,Toronto,ON,28.0,PROD094,8.0,938.27,9.7,6778.06,Adidas Comics 457,Sports,Self-Help,Philips,53.91
ORD01283,CUST0150,2024-07-25,2024-07-30,Pending,Credit Card,In-Store,40486.94,13288.06,49,Kolkata,GJ,27247.88,2024-07,2024,Tina Garcia,Other,Home Office,Sydney,NSW,34.0,PROD063,4.0,1561.4,13.0,5433.67,Penguin Mobile 291,Electronics,Camera,Prestige,50.83
ORD01283,CUST0150,2024-07-25,2024-07-30,Pending,Credit Card,In-Store,40486.94,13288.06,49,Kolkata,GJ,27247.88,2024-07,2024,Tina Garcia,Other,Home Office,Sydney,NSW,34.0,PROD157,5.0,4645.51,23.4,17792.3,Samsung Comics 227,Electronics,Fiction,Samsung,49.37
ORD01283,CUST0150,2024-07-25,2024-07-30,Pending,Credit Card,In-Store,40486.94,13288.06,49,Kolkata,GJ,27247.88,2024-07,2024,Tina Garcia,Other,Home Office,Sydney,NSW,34.0,PROD007,1.0,4561.1,15.6,3849.57,Samsung Jacket 517,Clothing,Jacket,Apple,29.64
ORD01283,CUST0150,2024-07-25,2024-07-30,Pending,Credit Card,In-Store,40486.94,13288.06,49,Kolkata,GJ,27247.88,2024-07,2024,Tina Garcia,Other,Home Office,Sydney,NSW,34.0,PROD046,4.0,2790.36,31.4,7656.75,Penguin Camera 453,Clothing,Headphones,Sony,56.85
ORD01284,CUST0261,2024-07-26,2024-07-27,Pending,Wallet,In-Store,17530.04,2239.23,99,Kolkata,LDN,15389.81,2024-07,2024,Rachel Harris,Male,Consumer,Jaipur,RJ,46.0,PROD001,7.0,2122.74,29.3,10505.44,Lg Laptop 149,Home & Kitchen,Smartwatch,Sony,54.08
ORD01284,CUST0261,2024-07-26,2024-07-27,Pending,Wallet,In-Store,17530.04,2239.23,99,Kolkata,LDN,15389.81,2024-07,2024,Rachel Harris,Male,Consumer,Jaipur,RJ,46.0,PROD150,8.0,4043.17,16.5,27008.38,Samsung Furniture 477,Books,Decor,Samsung,54.62
ORD01285,CUST0738,2024-07-26,2024-07-31,Delivered,Wallet,In-Store,10915.93,4099.28,99,Mumbai,NSW,6915.65,2024-07,2024,Olivia Martin,Other,Consumer,Ahmedabad,GJ,18.0,,,,,,,,,,
ORD01286,CUST0463,2024-07-27,2024-08-02,Delivered,Debit Card,Online,6220.79,63.2,199,Toronto,TS,6356.59,2024-07,2024,Eve  Davis,Male,Consumer,New York,NY,61.0,PROD177,7.0,3239.84,4.1,21749.05,Nike Bedding 498,Sports,Decor,Nike,32.96
ORD01286,CUST0463,2024-07-27,2024-08-02,Delivered,Debit Card,Online,6220.79,63.2,199,Toronto,TS,6356.59,2024-07,2024,Eve  Davis,Male,Consumer,New York,NY,61.0,PROD129,3.0,4745.73,11.8,12557.2,Nike Decor 511,Home & Kitchen,Decor,Sony,54.86
ORD01288,CUST0699,2024-07-29,2024-08-02,Pending,Wallet,Mobile App,5332.52,1599.13,149,Pune,LDN,3882.39,2024-07,2024,Pooja Patel,Female,Corporate,Kolkata,WB,46.0,PROD200,2.0,1420.91,21.2,2239.35,Philips Yoga 695,Clothing,Yoga,Philips,54.73
ORD01288,CUST0699,2024-07-29,2024-08-02,Pending,Wallet,Mobile App,5332.52,1599.13,149,Pune,LDN,3882.39,2024-07,2024,Pooja Patel,Female,Corporate,Kolkata,WB,46.0,PROD012,9.0,4278.02,35.1,24987.91,Nike Fiction 847,Books,Self-Help,Lg,50.71
ORD01288,CUST0699,2024-07-29,2024-08-02,Pending,Wallet,Mobile App,5332.52,1599.13,149,Pune,LDN,3882.39,2024-07,2024,Pooja Patel,Female,Corporate,Kolkata,WB,46.0,PROD006,2.0,970.89,1.4,1914.6,Apple Appliances 429,Home & Kitchen,Lighting,Apple,42.16
ORD01289,CUST0088,2024-07-29,2024-08-01,Cancelled,Upi,Mobile App,13558.55,181.38,199,Sydney,NSW,13576.17,2024-07,2024,Yara  Smith,Male,Consumer,Pune,MH,46.0,PROD066,6.0,3708.55,11.4,19714.65,Nike Headphones 940,Books,Mobile,Apple,50.19
ORD01289,CUST0088,2024-07-29,2024-08-01,Cancelled,Upi,Mobile App,13558.55,181.38,199,Sydney,NSW,13576.17,2024-07,2024,Yara  Smith,Male,Consumer,Pune,MH,46.0,PROD090,6.0,2026.96,31.9,8282.16,Samsung T-Shirt 473,Sports,Shoes,Samsung,56.49
ORD01289,CUST0088,2024-07-29,2024-08-01,Cancelled,Upi,Mobile App,13558.55,181.38,199,Sydney,NSW,13576.17,2024-07,2024,Yara  Smith,Male,Consumer,Pune,MH,46.0,PROD029,10.0,2068.33,32.1,14043.96,Puma Shoes 790,Books,Jacket,Samsung,-14.06
ORD01289,CUST0088,2024-07-29,2024-08-01,Cancelled,Upi,Mobile App,13558.55,181.38,199,Sydney,NSW,13576.17,2024-07,2024,Yara  Smith,Male,Consumer,Pune,MH,46.0,PROD181,1.0,1440.52,1.6,1417.47,Lg Self-Help 722,Clothing,Comics,Harpercollins,55.84
ORD01290,CUST0076,2024-07-30,2024-07-31,Returned,Debit Card,In-Store,47213.55,5903.6,0,Hyderabad,NY,41309.95,2024-07,2024,Henry  Anderson,Female,Consumer,Delhi,DL,59.0,PROD140,9.0,2423.75,38.9,13328.2,Harpercollins Decor 546,Sports,Decor,Reebok,57.57
ORD01290,CUST0076,2024-07-30,2024-07-31,Returned,Debit Card,In-Store,47213.55,5903.6,0,Hyderabad,NY,41309.95,2024-07,2024,Henry  Anderson,Female,Consumer,Delhi,DL,59.0,PROD141,1.0,4659.55,26.4,3429.43,Penguin Jacket 835,Clothing,Jacket,Prestige,56.67
ORD01291,CUST0066,2024-07-31,2024-08-03,Returned,Upi,In-Store,5581.11,1781.77,199,Ahmedabad,ON,3998.34,2024-07,2024,Peter Thomas,Female,Home Office,Sydney,NSW,46.0,PROD115,10.0,2915.81,28.6,20818.88,Philips Running 335,Home & Kitchen,Yoga,Philips,15.67
ORD01291,CUST0066,2024-07-31,2024-08-03,Returned,Upi,In-Store,5581.11,1781.77,199,Ahmedabad,ON,3998.34,2024-07,2024,Peter Thomas,Female,Home Office,Sydney,NSW,46.0,PROD170,5.0,176.97,7.0,822.91,Adidas Shoes 686,Home & Kitchen,Shoes,Prestige,52.73
ORD01292,CUST0491,2024-08-01,2024-08-04,Delivered,Debit Card,Online,27528.89,8715.22,199,New York,KA,19012.67,2024-08,2024,Peter Patel,Female,Corporate,New York,NY,46.0,PROD036,3.0,2644.6,15.1,6735.8,Apple Headphones 657,Clothing,Laptop,Philips,40.54
ORD01293,CUST0692,2024-01-08,2024-08-08,Returned,Debit Card,In-Store,12574.34,5020.75,149,Mumbai,GJ,7702.59,2024-01,2024,Rahul Shah,Other,Corporate,Surat,GJ,46.0,PROD042,5.0,1322.92,4.3,6330.17,Apple Furniture 868,Books,Appliances,Apple,59.18
ORD01293,CUST0692,2024-01-08,2024-08-08,Returned,Debit Card,In-Store,12574.34,5020.75,149,Mumbai,GJ,7702.59,2024-01,2024,Rahul Shah,Other,Corporate,Surat,GJ,46.0,PROD122,4.0,3841.13,25.4,11461.93,Penguin Camera 744,Clothing,Mobile,Adidas,52.36
ORD01294,CUST0222,2024-08-02,2024-08-04,Returned,Cod,Online,43971.65,13993.25,199,London,LDN,30177.4,2024-08,2024,Quinn Brown,Male,Home Office,Mumbai,MH,35.0,PROD100,8.0,1651.89,33.4,8801.27,Sony History 683,Sports,Comics,Puma,56.77
ORD01294,CUST0222,2024-08-02,2024-08-04,Returned,Cod,Online,43971.65,13993.25,199,London,LDN,30177.4,2024-08,2024,Quinn Brown,Male,Home Office,Mumbai,MH,35.0,PROD133,5.0,254.09,32.6,856.28,Nike Swimming 562,Books,Football,Puma,14.61
ORD01294,CUST0222,2024-08-02,2024-08-04,Returned,Cod,Online,43971.65,13993.25,199,London,LDN,30177.4,2024-08,2024,Quinn Brown,Male,Home Office,Mumbai,MH,35.0,PROD120,5.0,4055.14,38.3,12510.11,Sony Shoes 445,Electronics,Saree,Nike,17.95
ORD01295,CUST0401,2024-08-03,2024-08-05,Returned,Credit Card,In-Store,2983.87,152.88,199,New York,DL,3029.99,2024-08,2024,Peter Garcia,Female,Corporate,Mumbai,MH,38.0,PROD062,6.0,2596.67,15.6,13149.54,Samsung Cycling 783,Home & Kitchen,Football,Adidas,26.61
ORD01296,CUST0987,2024-08-03,2024-08-04,Pending,Credit Card,Online,4360.2,372.59,99,Mumbai,RJ,4086.61,2024-08,2024,Leo  Shah,Male,Home Office,Pune,MH,46.0,PROD183,5.0,1423.41,6.6,6647.32,Apple Non-Fiction 981,Clothing,Comics,Philips,58.04
ORD01296,CUST0987,2024-08-03,2024-08-04,Pending,Credit Card,Online,4360.2,372.59,99,Mumbai,RJ,4086.61,2024-08,2024,Leo  Shah,Male,Home Office,Pune,MH,46.0,PROD069,4.0,493.75,16.5,1649.12,Adidas Bedding 631,Clothing,Furniture,Nike,13.52
ORD01296,CUST0987,2024-08-03,2024-08-04,Pending,Credit Card,Online,4360.2,372.59,99,Mumbai,RJ,4086.61,2024-08,2024,Leo  Shah,Male,Home Office,Pune,MH,46.0,PROD128,6.0,1140.49,15.6,5775.44,Lg Furniture 340,Electronics,Furniture,Samsung,54.16
ORD01297,CUST0945,2024-08-04,2024-08-10,Shipped,Debit Card,Online,30643.38,912.08,49,Kolkata,TN,29780.3,2024-08,2024,Diana Patel,Female,Home Office,Surat,GJ,46.0,PROD047,10.0,2570.78,24.5,19409.39,Puma Cookware 294,Sports,Appliances,Prestige,37.79
ORD01297,CUST0945,2024-08-04,2024-08-10,Shipped,Debit Card,Online,30643.38,912.08,49,Kolkata,TN,29780.3,2024-08,2024,Diana Patel,Female,Home Office,Surat,GJ,46.0,PROD178,2.0,1854.66,8.4,3397.74,Nike Camera 275,Sports,Camera,Samsung,44.67
ORD01298,CUST0467,2024-08-05,2024-08-06,Returned,Cod,Online,42877.79,2829.39,99,Mumbai,KA,40147.4,2024-08,2024,Wendy Thomas,Female,Corporate,Surat,GJ,58.0,PROD190,6.0,2568.21,5.5,14561.75,Samsung Jacket 891,Home & Kitchen,Dress,Samsung,56.46
ORD01298,CUST0467,2024-08-05,2024-08-06,Returned,Cod,Online,42877.79,2829.39,99,Mumbai,KA,40147.4,2024-08,2024,Wendy Thomas,Female,Corporate,Surat,GJ,58.0,PROD093,2.0,3044.86,27.3,4427.23,Prestige Furniture 284,Electronics,Bedding,Samsung,9.26
ORD01299,CUST0013,2024-06-08,2024-08-12,Delivered,Debit Card,Online,20318.91,5464.75,49,Toronto,NSW,14903.16,2024-06,2024,Iris Harris,Female,Corporate,Pune,MH,46.0,PROD175,3.0,1015.09,11.7,2688.97,Penguin Dress 839,Books,Shoes,Sony,51.37
ORD01300,CUST0224,2024-08-06,2024-08-09,Pending,Debit Card,Mobile App,36386.28,6026.24,0,Toronto,KA,30360.04,2024-08,2024,,,,,,,PROD128,3.0,1577.27,0.0,4731.81,Lg Furniture 340,Electronics,Furniture,Samsung,54.16
ORD01300,CUST0224,2024-08-06,2024-08-09,Pending,Debit Card,Mobile App,36386.28,6026.24,0,Toronto,KA,30360.04,2024-08,2024,,,,,,,PROD002,6.0,417.48,36.7,1585.59,Apple History 640,Sports,History,Adidas,48.12
ORD01300,CUST0224,2024-08-06,2024-08-09,Pending,Debit Card,Mobile App,36386.28,6026.24,0,Toronto,KA,30360.04,2024-08,2024,,,,,,,PROD177,5.0,2860.05,8.8,13041.83,Nike Bedding 498,Sports,Decor,Nike,32.96
ORD01300,CUST0224,2024-08-06,2024-08-09,Pending,Debit Card,Mobile App,36386.28,6026.24,0,Toronto,KA,30360.04,2024-08,2024,,,,,,,PROD064,3.0,1791.41,0.0,5374.23,Apple Laptop 953,Clothing,Camera,Harpercollins,39.99
ORD01301,CUST0728,2024-08-07,2024-08-10,Shipped,Upi,Mobile App,48166.95,3776.62,0,Chennai,NY,44390.33,2024-08,2024,Leo Garcia,Other,Corporate,London,LDN,43.0,PROD040,6.0,1188.05,13.4,6173.11,Apple Cricket 717,Electronics,Cycling,Prestige,55.93
ORD01301,CUST0728,2024-08-07,2024-08-10,Shipped,Upi,Mobile App,48166.95,3776.62,0,Chennai,NY,44390.33,2024-08,2024,Leo Garcia,Other,Corporate,London,LDN,43.0,PROD131,6.0,3711.53,34.7,14541.77,Adidas Camera 887,Clothing,Headphones,Adidas,50.24
ORD01302,CUST0541,2024-08-08,2024-08-14,Delivered,Net Banking,Mobile App,33709.87,3078.75,99,Surat,TS,30730.12,2024-08,2024,Mia Jones,Other,Home Office,Toronto,ON,46.0,PROD048,2.0,1881.96,3.5,3632.18,Adidas Jacket 176,Home & Kitchen,Jeans,Apple,57.33
ORD01303,CUST0436,2024-09-08,2024-08-16,Cancelled,Wallet,Mobile App,18301.4,5957.17,149,Jaipur,MH,12493.23,2024-09,2024,Diana Miller,Male,Home Office,Surat,GJ,46.0,PROD189,4.0,4326.54,18.6,14087.21,Samsung Shoes 428,Books,Shoes,Apple,40.01
ORD01304,CUST0152,2024-08-09,2024-08-14,Returned,Wallet,In-Store,48718.04,6678.37,149,Sydney,KA,42188.67,2024-08,2024,Nick Miller,Male,Consumer,New York,NY,46.0,PROD065,1.0,2600.94,27.8,1877.88,Nike Running 194,Books,Swimming,Reebok,30.97
ORD01305,CUST0985,2024-08-10,2024-08-13,Delivered,Net Banking,Mobile App,40507.93,15327.81,0,Delhi,TN,25180.12,2024-08,2024,Iris  Brown,Male,Corporate,Hyderabad,TS,46.0,PROD099,7.0,3743.35,28.0,18866.48,Reebok Cricket 803,Sports,Cycling,Puma,51.59
ORD01305,CUST0985,2024-08-10,2024-08-13,Delivered,Net Banking,Mobile App,40507.93,15327.81,0,Delhi,TN,25180.12,2024-08,2024,Iris  Brown,Male,Corporate,Hyderabad,TS,46.0,PROD160,8.0,3016.36,32.1,16384.87,Apple Tablet 374,Electronics,Headphones,Prestige,58.24
ORD01306,CUST0364,2024-08-11,2024-08-18,Cancelled,Net Banking,In-Store,38203.01,5964.87,199,Mumbai,GJ,32437.14,2024-08,2024,Iris Taylor,Male,Consumer,Delhi,DL,50.0,,,,,,,,,,
ORD01307,CUST0403,2024-08-12,2024-08-13,Delivered,Credit Card,Mobile App,33643.74,12877.67,49,Ahmedabad,TN,20815.07,2024-08,2024,Karen  Thompson,Male,Home Office,Kolkata,WB,56.0,,,,,,,,,,
ORD01308,CUST0981,2024-12-08,2024-08-17,Shipped,Upi,In-Store,8402.92,2913.25,149,Surat,WB,5638.67,2024-12,2024,,,,,,,PROD079,4.0,3186.51,23.1,9801.7,Prestige Science 518,Sports,Non-Fiction,Apple,45.47
ORD01308,CUST0981,2024-12-08,2024-08-17,Shipped,Upi,In-Store,8402.92,2913.25,149,Surat,WB,5638.67,2024-12,2024,,,,,,,PROD140,3.0,1098.73,27.9,2376.55,Harpercollins Decor 546,Sports,Decor,Reebok,57.57
ORD01309,CUST0669,2024-08-13,2024-08-15,Pending,Wallet,Mobile App,24512.67,6293.98,199,Toronto,NSW,18417.69,2024-08,2024,Steve Thompson,Female,Consumer,Delhi,DL,46.0,PROD116,4.0,347.86,10.3,1248.12,Prestige Camera 543,Clothing,Camera,Nike,52.74
ORD01309,CUST0669,2024-08-13,2024-08-15,Pending,Wallet,Mobile App,24512.67,6293.98,199,Toronto,NSW,18417.69,2024-08,2024,Steve Thompson,Female,Consumer,Delhi,DL,46.0,PROD126,3.0,4495.24,22.6,10437.95,Reebok Cricket 811,Electronics,Cycling,Philips,41.97
ORD01310,CUST0475,2024-08-14,2024-08-19,Delivered,Wallet,Mobile App,16724.02,4138.84,99,Pune,NY,12684.18,2024-08,2024,Diana Shah,Female,Corporate,Toronto,ON,70.0,,,,,,,,,,
ORD01311,CUST0884,2024-08-14,2024-08-19,Cancelled,Wallet,Online,15991.81,6164.91,99,Delhi,KA,9925.9,2024-08,2024,Karen Jones,Male,Consumer,Toronto,ON,55.0,PROD016,3.0,581.44,8.5,1596.05,Reebok Decor 388,Home & Kitchen,Furniture,Lg,43.56
ORD01311,CUST0884,2024-08-14,2024-08-19,Cancelled,Wallet,Online,15991.81,6164.91,99,Delhi,KA,9925.9,2024-08,2024,Karen Jones,Male,Consumer,Toronto,ON,55.0,PROD115,7.0,4798.27,36.9,21193.96,Philips Running 335,Home & Kitchen,Yoga,Philips,15.67
ORD01312,CUST0442,2024-08-15,2024-08-19,Cancelled,Cod,Online,10817.03,1621.62,99,Kolkata,GJ,9294.41,2024-08,2024,Diana Shah,Other,Consumer,Surat,GJ,46.0,PROD031,3.0,4957.41,15.5,12567.03,Adidas Non-Fiction 307,Electronics,Self-Help,Prestige,49.23
ORD01312,CUST0442,2024-08-15,2024-08-19,Cancelled,Cod,Online,10817.03,1621.62,99,Kolkata,GJ,9294.41,2024-08,2024,Diana Shah,Other,Consumer,Surat,GJ,46.0,PROD013,5.0,1853.89,4.6,8843.06,Lg Mobile 752,Clothing,Smartwatch,Apple,46.62
ORD01313,CUST0107,2024-08-16,2024-08-19,Returned,Upi,Mobile App,5557.83,216.88,199,Chennai,WB,5539.95,2024-08,2024,Eve  Thomas,Other,Corporate,Toronto,ON,46.0,PROD113,4.0,1621.04,28.2,4655.63,Nike Laptop 971,Home & Kitchen,Tablet,Lg,26.98
ORD01313,CUST0107,2024-08-16,2024-08-19,Returned,Upi,Mobile App,5557.83,216.88,199,Chennai,WB,5539.95,2024-08,2024,Eve  Thomas,Other,Corporate,Toronto,ON,46.0,PROD076,4.0,3541.43,100.0,0.0,Apple Swimming 348,Books,Cricket,Apple,56.86
ORD01313,CUST0107,2024-08-16,2024-08-19,Returned,Upi,Mobile App,5557.83,216.88,199,Chennai,WB,5539.95,2024-08,2024,Eve  Thomas,Other,Corporate,Toronto,ON,46.0,PROD150,6.0,1239.63,20.5,5913.04,Samsung Furniture 477,Books,Decor,Samsung,54.62
ORD01313,CUST0107,2024-08-16,2024-08-19,Returned,Upi,Mobile App,5557.83,216.88,199,Chennai,WB,5539.95,2024-08,2024,Eve  Thomas,Other,Corporate,Toronto,ON,46.0,PROD162,6.0,1752.02,33.9,6948.51,Puma History 707,Home & Kitchen,Comics,Prestige,21.51
ORD01313,CUST0107,2024-08-16,2024-08-19,Returned,Upi,Mobile App,5557.83,216.88,199,Chennai,WB,5539.95,2024-08,2024,Eve  Thomas,Other,Corporate,Toronto,ON,46.0,PROD136,9.0,3343.25,31.4,20641.23,Philips Appliances 779,Sports,Furniture,Penguin,44.03
ORD01313,CUST0107,2024-08-16,2024-08-19,Returned,Upi,Mobile App,5557.83,216.88,199,Chennai,WB,5539.95,2024-08,2024,Eve  Thomas,Other,Corporate,Toronto,ON,46.0,PROD161,7.0,3412.66,9.0,21738.64,Sony Jeans 636,Sports,Saree,Puma,14.22
ORD01313,CUST0107,2024-08-16,2024-08-19,Returned,Upi,Mobile App,5557.83,216.88,199,Chennai,WB,5539.95,2024-08,2024,Eve  Thomas,Other,Corporate,Toronto,ON,46.0,PROD159,5.0,4863.33,4.3,23271.03,Nike Saree 450,Books,Dress,Penguin,11.02
ORD01313,CUST0107,2024-08-16,2024-08-19,Returned,Upi,Mobile App,5557.83,216.88,199,Chennai,WB,5539.95,2024-08,2024,Eve  Thomas,Other,Corporate,Toronto,ON,46.0,PROD056,2.0,3106.06,22.6,4808.18,Sony Tablet 154,Sports,Camera,Nike,46.2
ORD01314,CUST0106,2024-08-17,2024-08-21,Cancelled,Wallet,Mobile App,34844.52,1189.29,149,Pune,DL,33804.23,2024-08,2024,Rahul Patel,Male,Corporate,Toronto,ON,69.0,PROD071,1.0,2349.32,10.6,2100.29,Harpercollins Camera 448,Electronics,Smartwatch,Samsung,47.49
ORD01314,CUST0106,2024-08-17,2024-08-21,Cancelled,Wallet,Mobile App,34844.52,1189.29,149,Pune,DL,33804.23,2024-08,2024,Rahul Patel,Male,Corporate,Toronto,ON,69.0,PROD010,8.0,4794.99,27.2,27926.02,Apple Camera 553,Electronics,Smartwatch,Samsung,40.0
ORD01314,CUST0106,2024-08-17,2024-08-21,Cancelled,Wallet,Mobile App,34844.52,1189.29,149,Pune,DL,33804.23,2024-08,2024,Rahul Patel,Male,Corporate,Toronto,ON,69.0,PROD028,2.0,2509.06,16.5,4190.13,Apple Science 123,Clothing,History,Samsung,55.38
ORD01314,CUST0106,2024-08-17,2024-08-21,Cancelled,Wallet,Mobile App,34844.52,1189.29,149,Pune,DL,33804.23,2024-08,2024,Rahul Patel,Male,Corporate,Toronto,ON,69.0,PROD160,10.0,191.69,37.2,1203.81,Apple Tablet 374,Electronics,Headphones,Prestige,58.24
ORD01315,CUST0165,2024-08-17,2024-08-20,Delivered,Upi,Online,48321.92,13281.75,49,Bangalore,GJ,35089.17,2024-08,2024,Yara Wilson,Female,Consumer,Chennai,TN,46.0,PROD196,7.0,1950.2,5.2,12941.53,Harpercollins Cookware 952,Books,Cookware,Samsung,48.35
ORD01315,CUST0165,2024-08-17,2024-08-20,Delivered,Upi,Online,48321.92,13281.75,49,Bangalore,GJ,35089.17,2024-08,2024,Yara Wilson,Female,Consumer,Chennai,TN,46.0,PROD069,9.0,2880.14,26.7,19000.28,Adidas Bedding 631,Clothing,Furniture,Nike,13.52
ORD01315,CUST0165,2024-08-17,2024-08-20,Delivered,Upi,Online,48321.92,13281.75,49,Bangalore,GJ,35089.17,2024-08,2024,Yara Wilson,Female,Consumer,Chennai,TN,46.0,PROD007,1.0,713.04,37.4,446.36,Samsung Jacket 517,Clothing,Jacket,Apple,29.64
ORD01316,CUST0374,2024-08-18,2024-08-25,Shipped,Credit Card,Online,32438.59,7005.11,199,Delhi,WB,25632.48,2024-08,2024,Alice  Jones,Other,Home Office,Jaipur,RJ,46.0,PROD174,8.0,2697.79,8.9,19661.49,Nike Science 291,Sports,History,Harpercollins,39.93
ORD01316,CUST0374,2024-08-18,2024-08-25,Shipped,Credit Card,Online,32438.59,7005.11,199,Delhi,WB,25632.48,2024-08,2024,Alice  Jones,Other,Home Office,Jaipur,RJ,46.0,PROD193,3.0,3210.28,35.3,6231.15,Adidas Yoga 743,Electronics,Running,Philips,46.63
ORD01317,CUST0971,2024-08-19,2024-08-21,Cancelled,Credit Card,Online,36141.62,7416.13,0,Hyderabad,NSW,28725.49,2024-08,2024,Peter Taylor,Other,Consumer,Kolkata,WB,49.0,PROD162,1.0,1817.03,6.3,1702.56,Puma History 707,Home & Kitchen,Comics,Prestige,21.51
ORD01319,CUST0299,2024-08-20,2024-08-26,Pending,Net Banking,In-Store,1492.27,44.47,199,Toronto,LDN,1646.8,2024-08,2024,Priya Davis,Other,Consumer,New York,NY,46.0,PROD173,4.0,2012.87,1.4,7938.76,Apple Appliances 796,Home & Kitchen,Appliances,Nike,53.5
ORD01319,CUST0299,2024-08-20,2024-08-26,Pending,Net Banking,In-Store,1492.27,44.47,199,Toronto,LDN,1646.8,2024-08,2024,Priya Davis,Other,Consumer,New York,NY,46.0,PROD060,1.0,3002.36,1.1,2969.33,Penguin Laptop 245,Home & Kitchen,Mobile,Reebok,56.7
ORD01319,CUST0299,2024-08-20,2024-08-26,Pending,Net Banking,In-Store,1492.27,44.47,199,Toronto,LDN,1646.8,2024-08,2024,Priya Davis,Other,Consumer,New York,NY,46.0,PROD054,3.0,1482.89,32.2,3016.2,Puma Yoga 622,Books,Swimming,Apple,14.74
ORD01320,CUST0748,2024-08-21,2024-08-22,Shipped,Debit Card,Mobile App,13421.45,320.32,0,London,MH,13101.13,2024-08,2024,Zoe Smith,Female,Corporate,New York,NY,46.0,PROD153,2.0,135.23,19.3,218.26,Nike Bedding 873,Clothing,Furniture,Nike,45.12
ORD01321,CUST0871,2024-08-22,2024-08-25,Shipped,Cod,In-Store,27130.96,9891.06,0,Delhi,ON,17239.9,2024-08,2024,Xander  Harris,Other,Consumer,Chennai,TN,46.0,PROD060,7.0,4727.87,100.0,0.0,Penguin Laptop 245,Home & Kitchen,Mobile,Reebok,56.7
ORD01322,CUST0165,2024-08-22,2024-08-26,Pending,Wallet,Mobile App,43934.64,6939.79,99,London,NY,37093.85,2024-08,2024,Yara Wilson,Female,Consumer,Chennai,TN,46.0,,,,,,,,,,
ORD01323,CUST0211,2024-08-23,2024-08-29,Cancelled,Wallet,Online,36642.5,154.88,149,Bangalore,TS,36636.62,2024-08,2024,Bob Taylor,Other,Corporate,Delhi,DL,46.0,PROD051,4.0,3357.74,9.9,12101.29,Harpercollins Fiction 843,Electronics,Comics,Adidas,47.6
ORD01323,CUST0211,2024-08-23,2024-08-29,Cancelled,Wallet,Online,36642.5,154.88,149,Bangalore,TS,36636.62,2024-08,2024,Bob Taylor,Other,Corporate,Delhi,DL,46.0,PROD075,5.0,1315.55,28.0,4735.98,Puma Football 995,Clothing,Swimming,Nike,27.65
ORD01323,CUST0211,2024-08-23,2024-08-29,Cancelled,Wallet,Online,36642.5,154.88,149,Bangalore,TS,36636.62,2024-08,2024,Bob Taylor,Other,Corporate,Delhi,DL,46.0,PROD166,7.0,1286.74,23.1,6926.52,Prestige Non-Fiction 799,Books,Non-Fiction,Lg,32.2
ORD01324,CUST0213,2024-08-24,2024-08-27,Cancelled,Credit Card,Mobile App,5509.53,1197.69,149,Mumbai,MH,4460.84,2024-08,2024,Yara Davis,Female,Corporate,Ahmedabad,GJ,39.0,PROD045,2.0,2636.75,4.0,5062.56,Nike Headphones 607,Home & Kitchen,Laptop,Reebok,11.65
ORD01324,CUST0213,2024-08-24,2024-08-27,Cancelled,Credit Card,Mobile App,5509.53,1197.69,149,Mumbai,MH,4460.84,2024-08,2024,Yara Davis,Female,Corporate,Ahmedabad,GJ,39.0,PROD125,2.0,4228.91,11.7,7468.26,Prestige Self-Help 619,Electronics,Self-Help,Philips,28.66
ORD01324,CUST0213,2024-08-24,2024-08-27,Cancelled,Credit Card,Mobile App,5509.53,1197.69,149,Mumbai,MH,4460.84,2024-08,2024,Yara Davis,Female,Corporate,Ahmedabad,GJ,39.0,PROD128,8.0,1233.93,13.2,8568.41,Lg Furniture 340,Electronics,Furniture,Samsung,54.16
ORD01325,CUST0032,2024-08-25,2024-08-29,Cancelled,Cod,Online,18721.51,3618.37,149,Bangalore,TS,15252.14,2024-08,2024,Charlie Thomas,Male,Home Office,Jaipur,RJ,46.0,PROD095,8.0,905.94,22.5,5616.83,Lg Saree 263,Sports,Dress,Prestige,49.5
ORD01325,CUST0032,2024-08-25,2024-08-29,Cancelled,Cod,Online,18721.51,3618.37,149,Bangalore,TS,15252.14,2024-08,2024,Charlie Thomas,Male,Home Office,Jaipur,RJ,46.0,PROD005,10.0,4478.84,26.0,33143.42,Prestige Decor 174,Electronics,Bedding,Prestige,48.78
ORD01326,CUST0816,2024-08-25,2024-08-28,Delivered,Cod,Online,20860.2,7997.48,149,Bangalore,LDN,13011.72,2024-08,2024,Bob  Anderson,Female,Home Office,Kolkata,WB,67.0,PROD089,10.0,3704.74,29.1,26266.61,Penguin Football 980,Electronics,Football,Nike,31.17
ORD01326,CUST0816,2024-08-25,2024-08-28,Delivered,Cod,Online,20860.2,7997.48,149,Bangalore,LDN,13011.72,2024-08,2024,Bob  Anderson,Female,Home Office,Kolkata,WB,67.0,PROD088,6.0,3577.5,6.5,20069.78,Reebok Furniture 514,Home & Kitchen,Appliances,Prestige,15.84
ORD01327,CUST0015,2024-08-26,2024-08-29,Shipped,Wallet,In-Store,26225.27,5414.42,199,Hyderabad,WB,21009.85,2024-08,2024,Arjun Jackson,Female,Home Office,Kolkata,WB,57.0,PROD168,10.0,3563.62,0.9,35315.47,Apple Tablet 908,Clothing,Laptop,Samsung,50.92
ORD01327,CUST0015,2024-08-26,2024-08-29,Shipped,Wallet,In-Store,26225.27,5414.42,199,Hyderabad,WB,21009.85,2024-08,2024,Arjun Jackson,Female,Home Office,Kolkata,WB,57.0,PROD138,3.0,1563.62,0.0,4690.86,Penguin History 493,Home & Kitchen,Self-Help,Prestige,40.86
ORD01328,CUST0557,2024-08-27,2024-08-30,Cancelled,Debit Card,Mobile App,25100.09,8171.81,49,New York,MH,16977.28,2024-08,2024,Yara  Jackson,Female,Consumer,Kolkata,WB,46.0,PROD195,7.0,2273.21,5.8,14989.55,Prestige Swimming 944,Home & Kitchen,Cycling,Prestige,19.96
ORD01328,CUST0557,2024-08-27,2024-08-30,Cancelled,Debit Card,Mobile App,25100.09,8171.81,49,New York,MH,16977.28,2024-08,2024,Yara  Jackson,Female,Consumer,Kolkata,WB,46.0,PROD174,4.0,668.8,4.2,2562.84,Nike Science 291,Sports,History,Harpercollins,39.93
ORD01328,CUST0557,2024-08-27,2024-08-30,Cancelled,Debit Card,Mobile App,25100.09,8171.81,49,New York,MH,16977.28,2024-08,2024,Yara  Jackson,Female,Consumer,Kolkata,WB,46.0,PROD003,9.0,3081.71,23.5,21217.57,Samsung Camera 763,Electronics,Mobile,Nike,43.08
ORD01328,CUST0557,2024-08-27,2024-08-30,Cancelled,Debit Card,Mobile App,25100.09,8171.81,49,New York,MH,16977.28,2024-08,2024,Yara  Jackson,Female,Consumer,Kolkata,WB,46.0,PROD076,9.0,2617.98,3.8,22666.47,Apple Swimming 348,Books,Cricket,Apple,56.86
ORD01328,CUST0557,2024-08-27,2024-08-30,Cancelled,Debit Card,Mobile App,25100.09,8171.81,49,New York,MH,16977.28,2024-08,2024,Yara  Jackson,Female,Consumer,Kolkata,WB,46.0,PROD145,8.0,980.64,2.6,7641.15,Reebok Smartwatch 139,Books,Headphones,Sony,11.99
ORD01328,CUST0557,2024-08-27,2024-08-30,Cancelled,Debit Card,Mobile App,25100.09,8171.81,49,New York,MH,16977.28,2024-08,2024,Yara  Jackson,Female,Consumer,Kolkata,WB,46.0,PROD085,1.0,4936.85,4.9,4694.94,Puma Saree 221,Home & Kitchen,Dress,Puma,59.7
ORD01328,CUST0557,2024-08-27,2024-08-30,Cancelled,Debit Card,Mobile App,25100.09,8171.81,49,New York,MH,16977.28,2024-08,2024,Yara  Jackson,Female,Consumer,Kolkata,WB,46.0,PROD092,10.0,4681.25,13.3,40586.44,Penguin Mobile 186,Electronics,Mobile,Harpercollins,35.83
ORD01329,CUST0044,2024-08-28,2024-09-01,Returned,Credit Card,Mobile App,33597.18,5202.49,99,Delhi,NY,28493.69,2024-08,2024,Zoe  Harris,Female,Consumer,London,LDN,57.0,PROD143,2.0,3379.18,12.2,5933.84,Apple Mobile 427,Sports,Laptop,Prestige,43.6
ORD01329,CUST0044,2024-08-28,2024-09-01,Returned,Credit Card,Mobile App,33597.18,5202.49,99,Delhi,NY,28493.69,2024-08,2024,Zoe  Harris,Female,Consumer,London,LDN,57.0,PROD041,5.0,4680.69,26.3,17248.34,Nike Cookware 488,Books,Cookware,Samsung,33.81
ORD01330,CUST0371,2024-08-28,2024-09-03,Delivered,Wallet,In-Store,12909.46,2217.33,99,Ahmedabad,MH,10791.13,2024-08,2024,Bob Jones,Male,Corporate,Ahmedabad,GJ,40.0,PROD023,3.0,2676.8,29.9,5629.31,Samsung T-Shirt 863,Clothing,Shoes,Harpercollins,44.46
ORD01330,CUST0371,2024-08-28,2024-09-03,Delivered,Wallet,In-Store,12909.46,2217.33,99,Ahmedabad,MH,10791.13,2024-08,2024,Bob Jones,Male,Corporate,Ahmedabad,GJ,40.0,PROD184,5.0,4132.9,34.6,13514.58,Penguin Fiction 673,Home & Kitchen,Comics,Apple,55.75
ORD01330,CUST0371,2024-08-28,2024-09-03,Delivered,Wallet,In-Store,12909.46,2217.33,99,Ahmedabad,MH,10791.13,2024-08,2024,Bob Jones,Male,Corporate,Ahmedabad,GJ,40.0,PROD186,7.0,2018.15,18.1,11570.05,Lg Laptop 761,Clothing,Smartwatch,Lg,18.86
ORD01330,CUST0371,2024-08-28,2024-09-03,Delivered,Wallet,In-Store,12909.46,2217.33,99,Ahmedabad,MH,10791.13,2024-08,2024,Bob Jones,Male,Corporate,Ahmedabad,GJ,40.0,PROD119,5.0,4288.51,30.7,14859.69,Sony Appliances 233,Clothing,Appliances,Reebok,12.98
ORD01331,CUST0408,2024-08-29,2024-09-01,Delivered,Credit Card,In-Store,20123.77,0.0,49,Pune,DL,20172.77,2024-08,2024,Bob Harris,Female,Corporate,Pune,MH,46.0,,,,,,,,,,
ORD01332,CUST0980,2024-08-30,2024-09-02,Cancelled,Debit Card,Mobile App,39824.63,9066.12,199,Kolkata,DL,30957.51,2024-08,2024,Eve Wilson,Female,Corporate,New York,NY,54.0,PROD049,3.0,469.59,25.4,1050.94,Nike Smartwatch 658,Books,Mobile,Philips,29.78
ORD01332,CUST0980,2024-08-30,2024-09-02,Cancelled,Debit Card,Mobile App,39824.63,9066.12,199,Kolkata,DL,30957.51,2024-08,2024,Eve Wilson,Female,Corporate,New York,NY,54.0,PROD124,7.0,4089.04,28.9,20351.15,Sony Science 562,Electronics,Self-Help,Harpercollins,42.34
ORD01333,CUST0256,2024-08-31,2024-09-04,Shipped,Wallet,Online,32294.13,2964.19,49,Delhi,KA,29378.94,2024-08,2024,Amit Thomas,Female,Home Office,Surat,GJ,42.0,PROD161,7.0,3998.11,22.2,21773.71,Sony Jeans 636,Sports,Saree,Puma,14.22
ORD01333,CUST0256,2024-08-31,2024-09-04,Shipped,Wallet,Online,32294.13,2964.19,49,Delhi,KA,29378.94,2024-08,2024,Amit Thomas,Female,Home Office,Surat,GJ,42.0,PROD043,1.0,4709.53,22.9,3631.05,Puma Mobile 944,Clothing,Headphones,Sony,23.91
ORD01334,CUST0033,2024-08-31,2024-09-03,Delivered,Credit Card,In-Store,5813.18,2235.35,149,Kolkata,RJ,3726.83,2024-08,2024,,,,,,,PROD080,2.0,3973.08,29.2,5625.88,Samsung Dress 334,Sports,Shoes,Apple,33.19
ORD01334,CUST0033,2024-08-31,2024-09-03,Delivered,Credit Card,In-Store,5813.18,2235.35,149,Kolkata,RJ,3726.83,2024-08,2024,,,,,,,PROD053,5.0,1680.08,18.8,6821.12,Samsung Non-Fiction 984,Books,Non-Fiction,Harpercollins,58.1
ORD01335,CUST0761,2024-09-01,2024-09-03,Cancelled,Cod,Online,3550.65,1226.22,199,Jaipur,WB,2523.43,2024-09,2024,Amit Walker,Female,Home Office,Jaipur,RJ,46.0,PROD033,9.0,4429.25,27.6,28860.99,Nike Furniture 421,Sports,Appliances,Nike,54.4
ORD01336,CUST0971,2024-02-09,2024-02-12,Delivered,Credit Card,Online,49674.16,0.0,149,Mumbai,TN,49823.16,2024-02,2024,Peter Taylor,Other,Consumer,Kolkata,WB,49.0,PROD099,6.0,4439.84,38.9,16276.45,Reebok Cricket 803,Sports,Cycling,Puma,51.59
ORD01336,CUST0971,2024-02-09,2024-02-12,Delivered,Credit Card,Online,49674.16,0.0,149,Mumbai,TN,49823.16,2024-02,2024,Peter Taylor,Other,Consumer,Kolkata,WB,49.0,PROD177,10.0,1909.26,4.1,18309.8,Nike Bedding 498,Sports,Decor,Nike,32.96
ORD01336,CUST0971,2024-02-09,2024-02-12,Delivered,Credit Card,Online,49674.16,0.0,149,Mumbai,TN,49823.16,2024-02,2024,Peter Taylor,Other,Consumer,Kolkata,WB,49.0,PROD142,7.0,458.64,6.3,3008.22,Apple Non-Fiction 957,Clothing,Comics,Nike,53.25
ORD01337,CUST0521,2024-09-02,2024-09-04,Shipped,Cod,Online,8840.06,3397.15,49,Surat,RJ,5491.91,2024-09,2024,Victor Martin,Male,Home Office,Toronto,ON,33.0,PROD063,8.0,1606.67,4.6,12262.11,Penguin Mobile 291,Electronics,Camera,Prestige,50.83
ORD01338,CUST0717,2024-09-03,2024-09-05,Delivered,Wallet,Mobile App,45076.28,13137.49,99,Pune,DL,32037.79,2024-09,2024,Eve Patel,Other,Consumer,Hyderabad,TS,18.0,PROD130,9.0,567.54,15.5,4316.14,Reebok Lighting 589,Home & Kitchen,Furniture,Harpercollins,45.86
ORD01338,CUST0717,2024-09-03,2024-09-05,Delivered,Wallet,Mobile App,45076.28,13137.49,99,Pune,DL,32037.79,2024-09,2024,Eve Patel,Other,Consumer,Hyderabad,TS,18.0,PROD188,9.0,1243.46,6.0,10519.67,Puma Swimming 432,Books,Running,Puma,48.2
ORD01339,CUST0150,2024-09-04,2024-09-10,Cancelled,Credit Card,In-Store,272.02,18.96,149,Kolkata,DL,402.06,2024-09,2024,Tina Garcia,Other,Home Office,Sydney,NSW,34.0,,,,,,,,,,
ORD01340,CUST0592,2024-09-05,2024-09-06,Cancelled,Wallet,Mobile App,1351.69,382.71,149,Hyderabad,MH,1117.98,2024-09,2024,Eve Anderson,Male,Consumer,Pune,MH,49.0,,,,,,,,,,
ORD01341,CUST0988,2024-05-09,2024-09-12,Pending,Upi,Online,622.18,215.23,199,New York,MH,605.95,2024-05,2024,Nick Smith,Other,Consumer,Toronto,ON,53.0,PROD078,8.0,3242.08,1.0,25677.27,Penguin Football 656,Books,Yoga,Nike,24.36
ORD01343,CUST0644,2024-09-07,2024-09-13,Cancelled,Debit Card,Mobile App,41975.88,10725.31,0,Delhi,KA,31250.57,2024-09,2024,Quinn Patel,Male,Corporate,London,LDN,46.0,PROD076,2.0,3308.93,20.6,5254.58,Apple Swimming 348,Books,Cricket,Apple,56.86
ORD01344,CUST0259,2024-09-08,2024-09-10,Delivered,Upi,Online,44280.94,5779.04,0,Jaipur,LDN,38501.9,2024-09,2024,Olivia Anderson,Other,Consumer,Surat,GJ,45.0,PROD068,8.0,1782.19,29.2,10094.32,Nike T-Shirt 743,Home & Kitchen,Jacket,Apple,49.93
ORD01344,CUST0259,2024-09-08,2024-09-10,Delivered,Upi,Online,44280.94,5779.04,0,Jaipur,LDN,38501.9,2024-09,2024,Olivia Anderson,Other,Consumer,Surat,GJ,45.0,PROD045,4.0,3129.39,27.0,9137.82,Nike Headphones 607,Home & Kitchen,Laptop,Reebok,11.65
ORD01345,CUST0653,2024-09-08,2024-09-11,Shipped,Credit Card,In-Store,12760.69,2929.4,99,London,NSW,9930.29,2024-09,2024,Henry  Brown,Other,Home Office,New York,NY,50.0,,,,,,,,,,
ORD01346,CUST0573,2024-09-09,2024-09-16,Pending,Net Banking,In-Store,36746.79,4472.2,0,Pune,ON,32274.59,2024-09,2024,Mia Anderson,Other,Corporate,Kolkata,WB,46.0,PROD160,2.0,681.0,21.3,1071.89,Apple Tablet 374,Electronics,Headphones,Prestige,58.24
ORD01346,CUST0573,2024-09-09,2024-09-16,Pending,Net Banking,In-Store,36746.79,4472.2,0,Pune,ON,32274.59,2024-09,2024,Mia Anderson,Other,Corporate,Kolkata,WB,46.0,PROD166,2.0,3133.24,17.1,5194.91,Prestige Non-Fiction 799,Books,Non-Fiction,Lg,32.2
ORD01347,CUST0143,2024-09-10,2024-09-17,Delivered,Credit Card,Online,9550.98,2182.81,99,Hyderabad,KA,7467.17,2024-09,2024,,,,,,,PROD042,8.0,949.28,23.8,5786.81,Apple Furniture 868,Books,Appliances,Apple,59.18
ORD01347,CUST0143,2024-09-10,2024-09-17,Delivered,Credit Card,Online,9550.98,2182.81,99,Hyderabad,KA,7467.17,2024-09,2024,,,,,,,PROD136,10.0,4183.55,10.7,37359.1,Philips Appliances 779,Sports,Furniture,Penguin,44.03
ORD01348,CUST0524,2024-09-10,2024-09-11,Pending,Credit Card,In-Store,35356.03,8008.3,0,Delhi,RJ,27347.73,2024-09,2024,Zoe Martin,Female,Consumer,Kolkata,WB,46.0,PROD187,1.0,4764.42,16.2,3992.58,Reebok Decor 369,Sports,Bedding,Philips,54.59
ORD01348,CUST0524,2024-09-10,2024-09-11,Pending,Credit Card,In-Store,35356.03,8008.3,0,Delhi,RJ,27347.73,2024-09,2024,Zoe Martin,Female,Consumer,Kolkata,WB,46.0,PROD141,9.0,4453.44,0.2,40000.8,Penguin Jacket 835,Clothing,Jacket,Prestige,56.67
ORD01349,CUST0478,2024-11-09,2024-09-18,Pending,Cod,Mobile App,37942.51,9150.19,0,Chennai,LDN,28792.32,2024-11,2024,Priya Patel,Female,Corporate,Ahmedabad,GJ,42.0,PROD196,5.0,4067.88,16.7,16942.72,Harpercollins Cookware 952,Books,Cookware,Samsung,48.35
ORD01349,CUST0478,2024-11-09,2024-09-18,Pending,Cod,Mobile App,37942.51,9150.19,0,Chennai,LDN,28792.32,2024-11,2024,Priya Patel,Female,Corporate,Ahmedabad,GJ,42.0,PROD109,6.0,4499.86,12.5,23624.26,Adidas Lighting 738,Electronics,Bedding,Samsung,54.83
ORD01349,CUST0478,2024-11-09,2024-09-18,Pending,Cod,Mobile App,37942.51,9150.19,0,Chennai,LDN,28792.32,2024-11,2024,Priya Patel,Female,Corporate,Ahmedabad,GJ,42.0,PROD006,4.0,2862.45,10.6,10236.12,Apple Appliances 429,Home & Kitchen,Lighting,Apple,42.16
ORD01351,CUST0985,2024-09-13,2024-09-16,Pending,Credit Card,Online,45386.98,16216.8,99,New York,KA,29269.18,2024-09,2024,Iris  Brown,Male,Corporate,Hyderabad,TS,46.0,PROD152,5.0,4155.82,38.8,12716.81,Nike Fiction 779,Sports,Non-Fiction,Sony,30.74
ORD01351,CUST0985,2024-09-13,2024-09-16,Pending,Credit Card,Online,45386.98,16216.8,99,New York,KA,29269.18,2024-09,2024,Iris  Brown,Male,Corporate,Hyderabad,TS,46.0,PROD025,1.0,2371.78,26.5,1743.26,Prestige Jacket 493,Home & Kitchen,Shoes,Nike,18.62
ORD01351,CUST0985,2024-09-13,2024-09-16,Pending,Credit Card,Online,45386.98,16216.8,99,New York,KA,29269.18,2024-09,2024,Iris  Brown,Male,Corporate,Hyderabad,TS,46.0,PROD102,8.0,4944.71,17.8,32516.41,Penguin Appliances 888,Clothing,Lighting,Nike,22.48
ORD01351,CUST0985,2024-09-13,2024-09-16,Pending,Credit Card,Online,45386.98,16216.8,99,New York,KA,29269.18,2024-09,2024,Iris  Brown,Male,Corporate,Hyderabad,TS,46.0,PROD056,9.0,3372.72,19.0,24587.13,Sony Tablet 154,Sports,Camera,Nike,46.2
ORD01351,CUST0985,2024-09-13,2024-09-16,Pending,Credit Card,Online,45386.98,16216.8,99,New York,KA,29269.18,2024-09,2024,Iris  Brown,Male,Corporate,Hyderabad,TS,46.0,PROD136,10.0,3727.33,35.9,23892.19,Philips Appliances 779,Sports,Furniture,Penguin,44.03
ORD01351,CUST0985,2024-09-13,2024-09-16,Pending,Credit Card,Online,45386.98,16216.8,99,New York,KA,29269.18,2024-09,2024,Iris  Brown,Male,Corporate,Hyderabad,TS,46.0,PROD104,3.0,253.51,37.9,472.29,Harpercollins Jeans 435,Electronics,Saree,Nike,50.01
ORD01352,CUST0931,2024-09-13,2024-09-14,Cancelled,Cod,Mobile App,46649.68,7127.83,99,Chennai,MH,39620.85,2024-09,2024,Victor Johnson,Other,Consumer,Kolkata,WB,46.0,PROD197,4.0,1991.87,1.9,7816.1,Apple Cycling 713,Books,Cricket,Samsung,43.22
ORD01352,CUST0931,2024-09-13,2024-09-14,Cancelled,Cod,Mobile App,46649.68,7127.83,99,Chennai,MH,39620.85,2024-09,2024,Victor Johnson,Other,Consumer,Kolkata,WB,46.0,PROD147,9.0,494.58,5.3,4215.31,Lg Appliances 636,Books,Bedding,Penguin,31.75
ORD01353,CUST0859,2024-09-14,2024-09-21,Pending,Debit Card,In-Store,27089.44,2512.37,199,Kolkata,GJ,24776.07,2024-09,2024,Rahul Thomas,Male,Home Office,Mumbai,MH,41.0,PROD081,6.0,2326.74,100.0,0.0,Harpercollins Headphones 856,Books,Camera,Prestige,53.87
ORD01353,CUST0859,2024-09-14,2024-09-21,Pending,Debit Card,In-Store,27089.44,2512.37,199,Kolkata,GJ,24776.07,2024-09,2024,Rahul Thomas,Male,Home Office,Mumbai,MH,41.0,PROD171,3.0,947.73,100.0,0.0,Nike Cricket 448,Clothing,Cycling,Lg,54.33
ORD01354,CUST0886,2024-09-15,2024-09-18,Shipped,Cod,Online,22466.08,5019.96,0,Kolkata,ON,17446.12,2024-09,2024,Charlie  Anderson,Female,Home Office,Chennai,TN,28.0,,,,,,,,,,
ORD01355,CUST0176,2024-09-16,2024-09-18,Delivered,Credit Card,Mobile App,41653.14,0.0,149,Pune,NY,41802.14,2024-09,2024,Yara Thomas,Female,Home Office,Toronto,ON,46.0,PROD062,7.0,4180.77,31.5,20046.79,Samsung Cycling 783,Home & Kitchen,Football,Adidas,26.61
ORD01355,CUST0176,2024-09-16,2024-09-18,Delivered,Credit Card,Mobile App,41653.14,0.0,149,Pune,NY,41802.14,2024-09,2024,Yara Thomas,Female,Home Office,Toronto,ON,46.0,PROD160,5.0,850.96,37.2,2672.01,Apple Tablet 374,Electronics,Headphones,Prestige,58.24
ORD01355,CUST0176,2024-09-16,2024-09-18,Delivered,Credit Card,Mobile App,41653.14,0.0,149,Pune,NY,41802.14,2024-09,2024,Yara Thomas,Female,Home Office,Toronto,ON,46.0,PROD194,5.0,2715.66,9.2,12329.1,Harpercollins Fiction 998,Electronics,Self-Help,Philips,26.4
ORD01356,CUST0819,2024-09-16,2024-09-22,Shipped,Cod,Mobile App,11299.59,1467.13,199,London,TS,10031.46,2024-09,2024,Yara Jackson,Male,Home Office,Mumbai,MH,46.0,PROD176,1.0,2327.95,9.9,2097.48,Nike Jacket 282,Electronics,Shoes,Puma,11.71
ORD01357,CUST0114,2024-09-17,2024-09-20,Delivered,Cod,Online,31787.62,10706.52,0,Toronto,NY,21081.1,2024-09,2024,Rahul Garcia,Female,Corporate,Ahmedabad,GJ,46.0,PROD179,1.0,3443.16,4.5,3288.22,Puma Camera 326,Clothing,Headphones,Apple,38.11
ORD01357,CUST0114,2024-09-17,2024-09-20,Delivered,Cod,Online,31787.62,10706.52,0,Toronto,NY,21081.1,2024-09,2024,Rahul Garcia,Female,Corporate,Ahmedabad,GJ,46.0,PROD194,5.0,3610.81,6.3,16916.64,Harpercollins Fiction 998,Electronics,Self-Help,Philips,26.4
ORD01358,CUST0041,2024-09-18,2024-09-21,Returned,Credit Card,Mobile App,11893.08,1082.97,49,Mumbai,NY,10859.11,2024-09,2024,Alice  Williams,Other,Home Office,Sydney,NSW,20.0,PROD151,4.0,3394.79,0.0,13579.16,Samsung Appliances 375,Books,Decor,Samsung,40.0
ORD01358,CUST0041,2024-09-18,2024-09-21,Returned,Credit Card,Mobile App,11893.08,1082.97,49,Mumbai,NY,10859.11,2024-09,2024,Alice  Williams,Other,Home Office,Sydney,NSW,20.0,PROD092,4.0,622.07,16.0,2090.16,Penguin Mobile 186,Electronics,Mobile,Harpercollins,35.83
ORD01358,CUST0041,2024-09-18,2024-09-21,Returned,Credit Card,Mobile App,11893.08,1082.97,49,Mumbai,NY,10859.11,2024-09,2024,Alice  Williams,Other,Home Office,Sydney,NSW,20.0,PROD049,6.0,2428.55,23.7,11117.9,Nike Smartwatch 658,Books,Mobile,Philips,29.78
ORD01358,CUST0041,2024-09-18,2024-09-21,Returned,Credit Card,Mobile App,11893.08,1082.97,49,Mumbai,NY,10859.11,2024-09,2024,Alice  Williams,Other,Home Office,Sydney,NSW,20.0,PROD027,6.0,3848.61,6.0,21706.16,Harpercollins Saree 716,Home & Kitchen,Saree,Apple,18.1
ORD01358,CUST0041,2024-09-18,2024-09-21,Returned,Credit Card,Mobile App,11893.08,1082.97,49,Mumbai,NY,10859.11,2024-09,2024,Alice  Williams,Other,Home Office,Sydney,NSW,20.0,PROD073,4.0,2764.34,18.2,9044.92,Philips Running 721,Sports,Yoga,Nike,52.7
ORD01359,CUST0910,2024-09-19,2024-09-25,Shipped,Credit Card,Mobile App,37446.0,10822.83,149,Bangalore,MH,26772.17,2024-09,2024,Eve Wilson,Female,Corporate,New York,NY,46.0,,,,,,,,,,
ORD01360,CUST0484,2024-09-19,2024-09-22,Returned,Cod,In-Store,25043.64,0.0,99,Jaipur,GJ,25142.64,2024-09,2024,Tina  Anderson,Male,Consumer,Delhi,DL,57.0,,,,,,,,,,
ORD01361,CUST0700,2024-09-20,2024-09-23,Delivered,Debit Card,Mobile App,14117.22,3011.65,0,Pune,MH,11105.57,2024-09,2024,Wendy Anderson,Male,Corporate,Bangalore,KA,20.0,PROD057,10.0,4783.19,14.3,40991.94,Adidas Jacket 309,Electronics,Jeans,Samsung,54.79
ORD01361,CUST0700,2024-09-20,2024-09-23,Delivered,Debit Card,Mobile App,14117.22,3011.65,0,Pune,MH,11105.57,2024-09,2024,Wendy Anderson,Male,Corporate,Bangalore,KA,20.0,PROD028,7.0,2105.52,14.1,12660.49,Apple Science 123,Clothing,History,Samsung,55.38
ORD01362,CUST0734,2024-09-21,2024-09-28,Pending,Wallet,Online,49162.63,14264.28,49,Surat,KA,34947.35,2024-09,2024,,,,,,,,,,,,,,,,
ORD01363,CUST0535,2024-09-21,2024-09-25,Returned,Upi,Online,49542.28,7669.48,99,Toronto,ON,41971.8,2024-09,2024,Rahul Smith,Male,Corporate,New York,NY,46.0,PROD080,6.0,4392.98,15.7,22219.69,Samsung Dress 334,Sports,Shoes,Apple,33.19
ORD01363,CUST0535,2024-09-21,2024-09-25,Returned,Upi,Online,49542.28,7669.48,99,Toronto,ON,41971.8,2024-09,2024,Rahul Smith,Male,Corporate,New York,NY,46.0,PROD177,10.0,1272.98,37.7,7930.67,Nike Bedding 498,Sports,Decor,Nike,32.96
ORD01363,CUST0535,2024-09-21,2024-09-25,Returned,Upi,Online,49542.28,7669.48,99,Toronto,ON,41971.8,2024-09,2024,Rahul Smith,Male,Corporate,New York,NY,46.0,PROD174,6.0,256.3,0.1,1536.26,Nike Science 291,Sports,History,Harpercollins,39.93
ORD01364,CUST0538,2024-09-22,2024-09-28,Returned,Debit Card,Mobile App,2668.07,634.31,199,Delhi,RJ,2232.76,2024-09,2024,Charlie Taylor,Male,Consumer,Surat,GJ,46.0,PROD137,1.0,793.56,0.0,793.56,Reebok Headphones 725,Sports,Smartwatch,Samsung,51.88
ORD01365,CUST0208,2024-09-23,2024-09-29,Delivered,Cod,Online,29028.1,10331.35,149,Pune,LDN,18845.75,2024-09,2024,Priya Taylor,Other,Corporate,Sydney,NSW,46.0,PROD032,3.0,1442.44,18.1,3544.08,Reebok Football 191,Electronics,Football,Harpercollins,59.46
ORD01365,CUST0208,2024-09-23,2024-09-29,Delivered,Cod,Online,29028.1,10331.35,149,Pune,LDN,18845.75,2024-09,2024,Priya Taylor,Other,Corporate,Sydney,NSW,46.0,PROD036,4.0,392.02,36.6,994.16,Apple Headphones 657,Clothing,Laptop,Philips,40.54
ORD01366,CUST0086,2024-09-24,2024-09-26,Pending,Credit Card,Online,5464.38,1058.16,199,Kolkata,KA,4605.22,2024-09,2024,Steve Patel,Other,Consumer,London,LDN,46.0,PROD071,4.0,316.89,9.3,1149.68,Harpercollins Camera 448,Electronics,Smartwatch,Samsung,47.49
ORD01367,CUST0176,2024-09-24,2024-09-27,Delivered,Cod,Mobile App,22533.79,2613.29,99,London,GJ,20019.5,2024-09,2024,Yara Thomas,Female,Home Office,Toronto,ON,46.0,PROD001,10.0,559.47,27.5,4056.16,Lg Laptop 149,Home & Kitchen,Smartwatch,Sony,54.08
ORD01368,CUST0652,2024-09-25,2024-09-30,Returned,Net Banking,Mobile App,25635.63,8103.41,49,Toronto,ON,17581.22,2024-09,2024,Grace Smith,Female,Consumer,Hyderabad,TS,46.0,PROD047,6.0,4165.43,37.0,15745.33,Puma Cookware 294,Sports,Appliances,Prestige,37.79
ORD01368,CUST0652,2024-09-25,2024-09-30,Returned,Net Banking,Mobile App,25635.63,8103.41,49,Toronto,ON,17581.22,2024-09,2024,Grace Smith,Female,Consumer,Hyderabad,TS,46.0,PROD171,8.0,557.38,5.0,4236.09,Nike Cricket 448,Clothing,Cycling,Lg,54.33
ORD01369,CUST0452,2024-09-26,2024-09-29,Delivered,Cod,Mobile App,10583.41,2145.93,99,Pune,WB,8536.48,2024-09,2024,Sneha Garcia,Male,Consumer,Surat,GJ,65.0,,,,,,,,,,
ORD01370,CUST0236,2024-09-27,2024-09-29,Returned,Credit Card,Mobile App,37934.77,8800.41,199,Jaipur,GJ,29333.36,2024-09,2024,Uma Shah,Other,Consumer,Kolkata,WB,46.0,PROD054,5.0,675.17,1.9,3311.71,Puma Yoga 622,Books,Swimming,Apple,14.74
ORD01372,CUST0438,2024-09-28,2024-10-03,Delivered,Wallet,In-Store,29547.62,7061.4,149,Ahmedabad,ON,22635.22,2024-09,2024,Priya Smith,Female,Consumer,Hyderabad,TS,29.0,PROD191,7.0,2872.99,31.7,13735.77,Prestige Dress 944,Home & Kitchen,Jeans,Apple,48.89
ORD01374,CUST0781,2024-09-29,2024-10-04,Delivered,Cod,Mobile App,44529.5,7819.97,99,Surat,KA,36808.53,2024-09,2024,Sneha Shah,Female,Consumer,London,LDN,46.0,PROD089,7.0,1444.93,0.0,10114.51,Penguin Football 980,Electronics,Football,Nike,31.17
ORD01374,CUST0781,2024-09-29,2024-10-04,Delivered,Cod,Mobile App,44529.5,7819.97,99,Surat,KA,36808.53,2024-09,2024,Sneha Shah,Female,Consumer,London,LDN,46.0,PROD094,8.0,4008.88,24.4,24245.71,Adidas Comics 457,Sports,Self-Help,Philips,53.91
ORD01374,CUST0781,2024-09-29,2024-10-04,Delivered,Cod,Mobile App,44529.5,7819.97,99,Surat,KA,36808.53,2024-09,2024,Sneha Shah,Female,Consumer,London,LDN,46.0,PROD062,2.0,4543.73,13.5,7860.65,Samsung Cycling 783,Home & Kitchen,Football,Adidas,26.61
ORD01374,CUST0781,2024-09-29,2024-10-04,Delivered,Cod,Mobile App,44529.5,7819.97,99,Surat,KA,36808.53,2024-09,2024,Sneha Shah,Female,Consumer,London,LDN,46.0,PROD161,1.0,1339.46,29.8,940.3,Sony Jeans 636,Sports,Saree,Puma,14.22
ORD01375,CUST0942,2024-09-30,2024-10-05,Delivered,Wallet,Mobile App,10335.52,2335.83,149,Delhi,TN,8148.69,2024-09,2024,Priya Jackson,Female,Corporate,Ahmedabad,GJ,46.0,PROD101,7.0,1074.74,6.5,7034.17,Nike Comics 174,Clothing,Comics,Apple,16.78
ORD01375,CUST0942,2024-09-30,2024-10-05,Delivered,Wallet,Mobile App,10335.52,2335.83,149,Delhi,TN,8148.69,2024-09,2024,Priya Jackson,Female,Corporate,Ahmedabad,GJ,46.0,PROD075,3.0,2982.47,18.7,7274.24,Puma Football 995,Clothing,Swimming,Nike,27.65
ORD01375,CUST0942,2024-09-30,2024-10-05,Delivered,Wallet,Mobile App,10335.52,2335.83,149,Delhi,TN,8148.69,2024-09,2024,Priya Jackson,Female,Corporate,Ahmedabad,GJ,46.0,PROD056,9.0,2955.51,34.6,17396.13,Sony Tablet 154,Sports,Camera,Nike,46.2
ORD01376,CUST0298,2024-10-01,2024-10-03,Delivered,Wallet,In-Store,23474.95,1725.29,149,New York,GJ,21898.66,2024-10,2024,Rachel  Wilson,Female,Consumer,Pune,MH,46.0,PROD162,6.0,3184.49,8.8,17425.53,Puma History 707,Home & Kitchen,Comics,Prestige,21.51
ORD01377,CUST0558,2024-02-10,2024-10-06,Cancelled,Credit Card,Mobile App,2853.19,499.66,49,Pune,TN,2402.53,2024-02,2024,Henry Shah,Other,Corporate,Toronto,ON,46.0,,,,,,,,,,
ORD01378,CUST0358,2024-02-10,2024-10-05,Shipped,Credit Card,Mobile App,27739.54,4654.06,49,London,MH,23134.48,2024-02,2024,Rachel Davis,Other,Consumer,Jaipur,RJ,46.0,PROD192,5.0,921.91,39.0,2811.83,Sony Non-Fiction 107,Books,Non-Fiction,Samsung,39.21
ORD01378,CUST0358,2024-02-10,2024-10-05,Shipped,Credit Card,Mobile App,27739.54,4654.06,49,London,MH,23134.48,2024-02,2024,Rachel Davis,Other,Consumer,Jaipur,RJ,46.0,PROD105,9.0,3129.4,6.0,26474.72,Harpercollins History 567,Electronics,History,Samsung,58.21
ORD01378,CUST0358,2024-02-10,2024-10-05,Shipped,Credit Card,Mobile App,27739.54,4654.06,49,London,MH,23134.48,2024-02,2024,Rachel Davis,Other,Consumer,Jaipur,RJ,46.0,PROD009,10.0,4687.63,100.0,0.0,Prestige Decor 300,Clothing,Bedding,Apple,14.3
ORD01379,CUST0153,2024-03-10,2024-10-07,Pending,Credit Card,Online,27028.0,9740.96,49,Ahmedabad,LDN,17336.04,2024-03,2024,Leo Harris,Female,Consumer,New York,NY,46.0,PROD085,2.0,4366.82,37.1,5493.46,Puma Saree 221,Home & Kitchen,Dress,Puma,59.7
ORD01379,CUST0153,2024-03-10,2024-10-07,Pending,Credit Card,Online,27028.0,9740.96,49,Ahmedabad,LDN,17336.04,2024-03,2024,Leo Harris,Female,Consumer,New York,NY,46.0,PROD066,7.0,60.2,3.7,405.81,Nike Headphones 940,Books,Mobile,Apple,50.19
ORD01380,CUST0189,2024-04-10,2024-10-08,Returned,Wallet,In-Store,9710.36,3657.47,49,Jaipur,TS,6101.89,2024-04,2024,Mia Johnson,Female,Consumer,Delhi,DL,45.0,PROD152,4.0,3268.33,9.3,11857.5,Nike Fiction 779,Sports,Non-Fiction,Sony,30.74
ORD01380,CUST0189,2024-04-10,2024-10-08,Returned,Wallet,In-Store,9710.36,3657.47,49,Jaipur,TS,6101.89,2024-04,2024,Mia Johnson,Female,Consumer,Delhi,DL,45.0,PROD070,3.0,2559.17,37.7,4783.09,Nike Lighting 275,Clothing,Cookware,Puma,51.4
ORD01380,CUST0189,2024-04-10,2024-10-08,Returned,Wallet,In-Store,9710.36,3657.47,49,Jaipur,TS,6101.89,2024-04,2024,Mia Johnson,Female,Consumer,Delhi,DL,45.0,PROD006,7.0,1845.63,30.4,8991.91,Apple Appliances 429,Home & Kitchen,Lighting,Apple,42.16
ORD01381,CUST0003,2024-05-10,2024-10-11,Shipped,Wallet,Online,30877.45,0.0,99,Bangalore,TN,30976.45,2024-05,2024,Karen  White,Female,Corporate,Ahmedabad,GJ,46.0,PROD174,6.0,1720.88,25.1,7733.63,Nike Science 291,Sports,History,Harpercollins,39.93
ORD01381,CUST0003,2024-05-10,2024-10-11,Shipped,Wallet,Online,30877.45,0.0,99,Bangalore,TN,30976.45,2024-05,2024,Karen  White,Female,Corporate,Ahmedabad,GJ,46.0,PROD082,9.0,3454.36,25.5,23161.48,Samsung Lighting 904,Books,Furniture,Nike,29.28
ORD01382,CUST0484,2024-10-05,2024-10-09,Pending,Cod,Online,40738.33,14496.28,149,Surat,ON,26391.05,2024-10,2024,Tina  Anderson,Male,Consumer,Delhi,DL,57.0,PROD068,4.0,2473.12,10.9,8814.2,Nike T-Shirt 743,Home & Kitchen,Jacket,Apple,49.93
ORD01382,CUST0484,2024-10-05,2024-10-09,Pending,Cod,Online,40738.33,14496.28,149,Surat,ON,26391.05,2024-10,2024,Tina  Anderson,Male,Consumer,Delhi,DL,57.0,PROD120,10.0,1907.72,0.0,19077.2,Sony Shoes 445,Electronics,Saree,Nike,17.95
ORD01383,CUST0137,2024-10-06,2024-10-07,Shipped,Credit Card,In-Store,35415.13,9633.64,0,Mumbai,TN,25781.49,2024-10,2024,Jack Harris,Female,Home Office,Toronto,ON,46.0,PROD178,8.0,2204.32,24.5,13314.09,Nike Camera 275,Sports,Camera,Samsung,44.67
ORD01384,CUST0007,2024-10-07,2024-10-10,Returned,Credit Card,Mobile App,6612.69,902.03,199,London,NSW,5909.66,2024-10,2024,,,,,,,PROD040,6.0,2316.28,17.2,11507.28,Apple Cricket 717,Electronics,Cycling,Prestige,55.93
ORD01384,CUST0007,2024-10-07,2024-10-10,Returned,Credit Card,Mobile App,6612.69,902.03,199,London,NSW,5909.66,2024-10,2024,,,,,,,PROD044,5.0,3287.99,2.3,16061.83,Penguin Saree 425,Sports,Jeans,Adidas,45.75
ORD01384,CUST0007,2024-10-07,2024-10-10,Returned,Credit Card,Mobile App,6612.69,902.03,199,London,NSW,5909.66,2024-10,2024,,,,,,,PROD184,10.0,3106.4,25.6,23111.62,Penguin Fiction 673,Home & Kitchen,Comics,Apple,55.75
ORD01384,CUST0007,2024-10-07,2024-10-10,Returned,Credit Card,Mobile App,6612.69,902.03,199,London,NSW,5909.66,2024-10,2024,,,,,,,PROD074,1.0,3620.43,20.6,2874.62,Reebok Non-Fiction 876,Home & Kitchen,Comics,Philips,40.32
ORD01385,CUST0066,2024-10-07,2024-10-12,Cancelled,Upi,In-Store,7114.68,869.47,49,Pune,NY,6294.21,2024-10,2024,Peter Thomas,Female,Home Office,Sydney,NSW,46.0,PROD010,7.0,4833.34,0.0,33833.38,Apple Camera 553,Electronics,Smartwatch,Samsung,40.0
ORD01385,CUST0066,2024-10-07,2024-10-12,Cancelled,Upi,In-Store,7114.68,869.47,49,Pune,NY,6294.21,2024-10,2024,Peter Thomas,Female,Home Office,Sydney,NSW,46.0,PROD126,9.0,986.64,21.5,6970.61,Reebok Cricket 811,Electronics,Cycling,Philips,41.97
ORD01385,CUST0066,2024-10-07,2024-10-12,Cancelled,Upi,In-Store,7114.68,869.47,49,Pune,NY,6294.21,2024-10,2024,Peter Thomas,Female,Home Office,Sydney,NSW,46.0,PROD171,8.0,1880.68,26.3,11088.49,Nike Cricket 448,Clothing,Cycling,Lg,54.33
ORD01386,CUST0632,2024-10-08,2024-10-15,Delivered,Upi,In-Store,35798.58,695.35,149,Bangalore,GJ,35252.23,2024-10,2024,Sneha Walker,Male,Corporate,London,LDN,46.0,PROD095,8.0,1249.75,18.4,8158.37,Lg Saree 263,Sports,Dress,Prestige,49.5
ORD01387,CUST0460,2024-10-09,2024-10-14,Returned,Cod,Mobile App,26600.02,8810.22,99,London,TN,17888.8,2024-10,2024,,,,,,,PROD124,9.0,1863.93,17.9,13772.58,Sony Science 562,Electronics,Self-Help,Harpercollins,42.34
ORD01387,CUST0460,2024-10-09,2024-10-14,Returned,Cod,Mobile App,26600.02,8810.22,99,London,TN,17888.8,2024-10,2024,,,,,,,PROD006,6.0,272.94,9.9,1475.51,Apple Appliances 429,Home & Kitchen,Lighting,Apple,42.16
ORD01387,CUST0460,2024-10-09,2024-10-14,Returned,Cod,Mobile App,26600.02,8810.22,99,London,TN,17888.8,2024-10,2024,,,,,,,PROD008,4.0,2724.55,28.3,7814.01,Samsung Furniture 983,Sports,Bedding,Harpercollins,66.39
ORD01387,CUST0460,2024-10-09,2024-10-14,Returned,Cod,Mobile App,26600.02,8810.22,99,London,TN,17888.8,2024-10,2024,,,,,,,PROD178,2.0,211.38,38.8,258.73,Nike Camera 275,Sports,Camera,Samsung,44.67
ORD01388,CUST0866,2024-10-10,2024-10-14,Shipped,Wallet,Mobile App,47359.38,4648.97,0,Toronto,LDN,42710.41,2024-10,2024,Alice Harris,Male,Home Office,Bangalore,KA,46.0,PROD005,9.0,2569.01,0.0,23121.09,Prestige Decor 174,Electronics,Bedding,Prestige,48.78
ORD01388,CUST0866,2024-10-10,2024-10-14,Shipped,Wallet,Mobile App,47359.38,4648.97,0,Toronto,LDN,42710.41,2024-10,2024,Alice Harris,Male,Home Office,Bangalore,KA,46.0,PROD022,3.0,3801.57,16.3,9545.74,Lg Cookware 668,Home & Kitchen,Furniture,Philips,32.34
ORD01388,CUST0866,2024-10-10,2024-10-14,Shipped,Wallet,Mobile App,47359.38,4648.97,0,Toronto,LDN,42710.41,2024-10,2024,Alice Harris,Male,Home Office,Bangalore,KA,46.0,PROD024,4.0,969.01,12.6,3387.66,Apple History 842,Books,Fiction,Nike,43.62
ORD01389,CUST0024,2024-10-10,2024-10-12,Cancelled,Credit Card,Online,38256.97,7961.77,0,Hyderabad,ON,30295.2,2024-10,2024,Frank Williams,Female,Corporate,Surat,GJ,56.0,,,,,,,,,,
ORD01390,CUST0564,2024-10-11,2024-10-14,Cancelled,Credit Card,Mobile App,48157.97,17423.83,199,Surat,KA,30933.14,2024-10,2024,Xander  Moore,Male,Home Office,Ahmedabad,GJ,46.0,,,,,,,,,,
ORD01391,CUST0303,2024-12-10,2024-10-18,Returned,Wallet,Online,48723.88,7994.56,99,Bangalore,LDN,40828.32,2024-12,2024,Quinn Shah,Female,Corporate,Hyderabad,TS,46.0,PROD156,2.0,895.36,32.9,1201.57,Reebok Decor 139,Books,Appliances,Sony,54.53
ORD01392,CUST0142,2024-10-13,2024-10-20,Delivered,Cod,Online,40055.65,7685.42,149,Bangalore,GJ,32519.23,2024-10,2024,Tina Martin,Male,Consumer,Hyderabad,TS,45.0,,,,,,,,,,
ORD01393,CUST0558,2024-10-13,2024-10-17,Pending,Net Banking,In-Store,22386.84,3554.02,49,Delhi,RJ,18881.82,2024-10,2024,Henry Shah,Other,Corporate,Toronto,ON,46.0,PROD080,1.0,1741.09,16.0,1462.52,Samsung Dress 334,Sports,Shoes,Apple,33.19
ORD01393,CUST0558,2024-10-13,2024-10-17,Pending,Net Banking,In-Store,22386.84,3554.02,49,Delhi,RJ,18881.82,2024-10,2024,Henry Shah,Other,Corporate,Toronto,ON,46.0,PROD061,9.0,2744.52,9.9,22255.31,Nike Headphones 858,Home & Kitchen,Mobile,Apple,45.42
ORD01394,CUST0482,2024-10-14,2024-10-20,Delivered,Wallet,Online,47552.67,3210.45,49,Sydney,TN,44391.22,2024-10,2024,Jack Patel,Male,Consumer,Sydney,NSW,66.0,PROD161,7.0,277.34,14.9,1652.11,Sony Jeans 636,Sports,Saree,Puma,14.22
ORD01394,CUST0482,2024-10-14,2024-10-20,Delivered,Wallet,Online,47552.67,3210.45,49,Sydney,TN,44391.22,2024-10,2024,Jack Patel,Male,Consumer,Sydney,NSW,66.0,PROD049,3.0,3198.28,1.2,9479.7,Nike Smartwatch 658,Books,Mobile,Philips,29.78
ORD01394,CUST0482,2024-10-14,2024-10-20,Delivered,Wallet,Online,47552.67,3210.45,49,Sydney,TN,44391.22,2024-10,2024,Jack Patel,Male,Consumer,Sydney,NSW,66.0,PROD004,6.0,2863.7,30.9,11872.9,Sony Cookware 400,Clothing,Furniture,Puma,43.32
ORD01394,CUST0482,2024-10-14,2024-10-20,Delivered,Wallet,Online,47552.67,3210.45,49,Sydney,TN,44391.22,2024-10,2024,Jack Patel,Male,Consumer,Sydney,NSW,66.0,PROD097,8.0,2709.24,10.1,19484.85,Apple Appliances 474,Home & Kitchen,Lighting,Apple,35.67
ORD01394,CUST0482,2024-10-14,2024-10-20,Delivered,Wallet,Online,47552.67,3210.45,49,Sydney,TN,44391.22,2024-10,2024,Jack Patel,Male,Consumer,Sydney,NSW,66.0,PROD079,10.0,3233.6,23.8,24640.03,Prestige Science 518,Sports,Non-Fiction,Apple,45.47
ORD01395,CUST0260,2024-10-15,2024-10-22,Pending,Cod,In-Store,1805.71,649.57,199,Surat,GJ,1355.14,2024-10,2024,Bob Jackson,Female,Corporate,Ahmedabad,GJ,46.0,PROD052,10.0,967.75,26.0,7161.35,Nike Self-Help 430,Sports,Comics,Samsung,34.06
ORD01396,CUST0850,2024-10-16,2024-10-19,Delivered,Wallet,In-Store,28053.11,10822.42,49,Sydney,WB,17279.69,2024-10,2024,Alice Jackson,Other,Consumer,Sydney,NSW,32.0,PROD066,4.0,3282.94,38.4,8089.16,Nike Headphones 940,Books,Mobile,Apple,50.19
ORD01396,CUST0850,2024-10-16,2024-10-19,Delivered,Wallet,In-Store,28053.11,10822.42,49,Sydney,WB,17279.69,2024-10,2024,Alice Jackson,Other,Consumer,Sydney,NSW,32.0,PROD101,9.0,561.16,3.8,4858.52,Nike Comics 174,Clothing,Comics,Apple,16.78
ORD01397,CUST0690,2024-10-16,2024-10-20,Pending,Wallet,Mobile App,33125.47,7154.38,149,Delhi,ON,26120.09,2024-10,2024,Nick Martin,Male,Consumer,Hyderabad,TS,46.0,PROD014,6.0,1256.75,22.6,5836.35,Sony Science 117,Electronics,Science,Reebok,39.2
ORD01397,CUST0690,2024-10-16,2024-10-20,Pending,Wallet,Mobile App,33125.47,7154.38,149,Delhi,ON,26120.09,2024-10,2024,Nick Martin,Male,Consumer,Hyderabad,TS,46.0,PROD046,8.0,2345.07,23.5,14351.83,Penguin Camera 453,Clothing,Headphones,Sony,56.85
ORD01398,CUST0072,2024-10-17,2024-10-22,Delivered,Credit Card,Online,8058.03,2854.31,149,New York,LDN,5352.72,2024-10,2024,Quinn  Anderson,Female,Consumer,Mumbai,MH,57.0,,,,,,,,,,
ORD01399,CUST0448,2024-10-18,2024-10-23,Pending,Upi,Mobile App,3906.8,1252.42,99,New York,GJ,2753.38,2024-10,2024,Olivia Johnson,Female,Corporate,Delhi,DL,54.0,,,,,,,,,,
ORD01400,CUST0699,2024-10-18,2024-10-21,Cancelled,Cod,Mobile App,8766.69,2866.48,149,Delhi,KA,6049.21,2024-10,2024,Pooja Patel,Female,Corporate,Kolkata,WB,46.0,PROD127,2.0,643.93,4.5,1229.91,Prestige Jacket 193,Books,T-Shirt,Adidas,54.91
ORD01401,CUST0734,2024-10-19,2024-10-21,Cancelled,Upi,In-Store,15554.5,714.61,0,New York,DL,14839.89,2024-10,2024,,,,,,,PROD154,10.0,4952.49,37.4,31002.59,Puma Jacket 845,Books,Jeans,Apple,30.08
ORD01401,CUST0734,2024-10-19,2024-10-21,Cancelled,Upi,In-Store,15554.5,714.61,0,New York,DL,14839.89,2024-10,2024,,,,,,,PROD183,3.0,1345.04,35.0,2622.83,Apple Non-Fiction 981,Clothing,Comics,Philips,58.04
ORD01401,CUST0734,2024-10-19,2024-10-21,Cancelled,Upi,In-Store,15554.5,714.61,0,New York,DL,14839.89,2024-10,2024,,,,,,,PROD180,7.0,430.88,20.3,2403.88,Apple Comics 327,Electronics,Science,Apple,59.6
ORD01401,CUST0734,2024-10-19,2024-10-21,Cancelled,Upi,In-Store,15554.5,714.61,0,New York,DL,14839.89,2024-10,2024,,,,,,,PROD196,5.0,3394.09,29.2,12015.08,Harpercollins Cookware 952,Books,Cookware,Samsung,48.35
ORD01403,CUST0502,2024-10-21,2024-10-23,Shipped,Cod,Online,2162.24,455.86,99,Bangalore,MH,1805.38,2024-10,2024,Sneha Lee,Female,Home Office,New York,NY,59.0,PROD062,10.0,3262.15,29.8,22900.29,Samsung Cycling 783,Home & Kitchen,Football,Adidas,26.61
ORD01403,CUST0502,2024-10-21,2024-10-23,Shipped,Cod,Online,2162.24,455.86,99,Bangalore,MH,1805.38,2024-10,2024,Sneha Lee,Female,Home Office,New York,NY,59.0,PROD089,6.0,3616.14,7.9,19982.79,Penguin Football 980,Electronics,Football,Nike,31.17
ORD01403,CUST0502,2024-10-21,2024-10-23,Shipped,Cod,Online,2162.24,455.86,99,Bangalore,MH,1805.38,2024-10,2024,Sneha Lee,Female,Home Office,New York,NY,59.0,PROD162,1.0,924.3,37.8,574.91,Puma History 707,Home & Kitchen,Comics,Prestige,21.51
ORD01403,CUST0502,2024-10-21,2024-10-23,Shipped,Cod,Online,2162.24,455.86,99,Bangalore,MH,1805.38,2024-10,2024,Sneha Lee,Female,Home Office,New York,NY,59.0,PROD147,8.0,3957.3,20.8,25073.45,Lg Appliances 636,Books,Bedding,Penguin,31.75
ORD01404,CUST0628,2024-10-21,2024-10-27,Shipped,Debit Card,In-Store,46955.94,2763.63,49,Surat,DL,44241.31,2024-10,2024,Sneha Taylor,Female,Home Office,Pune,MH,46.0,,,,,,,,,,
ORD01405,CUST0715,2024-10-22,2024-10-25,Delivered,Cod,Online,280.96,81.27,149,Surat,MH,348.69,2024-10,2024,,,,,,,,,,,,,,,,
ORD01406,CUST0441,2024-10-23,2024-10-24,Shipped,Upi,Mobile App,13652.39,2175.37,199,Surat,MH,11676.02,2024-10,2024,Diana  Brown,Other,Consumer,Mumbai,MH,46.0,PROD085,10.0,4051.4,1.3,39987.32,Puma Saree 221,Home & Kitchen,Dress,Puma,59.7
ORD01406,CUST0441,2024-10-23,2024-10-24,Shipped,Upi,Mobile App,13652.39,2175.37,199,Surat,MH,11676.02,2024-10,2024,Diana  Brown,Other,Consumer,Mumbai,MH,46.0,PROD199,4.0,4113.1,28.1,11829.28,Adidas Swimming 953,Home & Kitchen,Cricket,Adidas,9.45
ORD01406,CUST0441,2024-10-23,2024-10-24,Shipped,Upi,Mobile App,13652.39,2175.37,199,Surat,MH,11676.02,2024-10,2024,Diana  Brown,Other,Consumer,Mumbai,MH,46.0,PROD137,10.0,2276.45,28.5,16276.62,Reebok Headphones 725,Sports,Smartwatch,Samsung,51.88
ORD01406,CUST0441,2024-10-23,2024-10-24,Shipped,Upi,Mobile App,13652.39,2175.37,199,Surat,MH,11676.02,2024-10,2024,Diana  Brown,Other,Consumer,Mumbai,MH,46.0,PROD146,5.0,1645.1,8.0,7567.46,Samsung Comics 644,Books,Comics,Samsung,20.71
ORD01407,CUST0781,2024-10-24,2024-10-27,Shipped,Wallet,Online,43257.93,1179.22,99,Hyderabad,KA,42177.71,2024-10,2024,Sneha Shah,Female,Consumer,London,LDN,46.0,PROD185,8.0,91.69,23.0,564.81,Philips Headphones 478,Home & Kitchen,Smartwatch,Lg,39.49
ORD01407,CUST0781,2024-10-24,2024-10-27,Shipped,Wallet,Online,43257.93,1179.22,99,Hyderabad,KA,42177.71,2024-10,2024,Sneha Shah,Female,Consumer,London,LDN,46.0,PROD016,7.0,1978.07,10.2,12434.15,Reebok Decor 388,Home & Kitchen,Furniture,Lg,43.56
ORD01407,CUST0781,2024-10-24,2024-10-27,Shipped,Wallet,Online,43257.93,1179.22,99,Hyderabad,KA,42177.71,2024-10,2024,Sneha Shah,Female,Consumer,London,LDN,46.0,PROD156,5.0,2873.88,38.9,8779.7,Reebok Decor 139,Books,Appliances,Sony,54.53
ORD01408,CUST0910,2024-10-24,2024-10-29,Returned,Credit Card,Mobile App,23376.73,6080.14,0,Jaipur,WB,17296.59,2024-10,2024,Eve Wilson,Female,Corporate,New York,NY,46.0,PROD080,4.0,818.74,0.0,3274.96,Samsung Dress 334,Sports,Shoes,Apple,33.19
ORD01408,CUST0910,2024-10-24,2024-10-29,Returned,Credit Card,Mobile App,23376.73,6080.14,0,Jaipur,WB,17296.59,2024-10,2024,Eve Wilson,Female,Corporate,New York,NY,46.0,PROD182,10.0,1286.21,21.4,10109.61,Samsung Running 478,Electronics,Football,Adidas,51.49
ORD01408,CUST0910,2024-10-24,2024-10-29,Returned,Credit Card,Mobile App,23376.73,6080.14,0,Jaipur,WB,17296.59,2024-10,2024,Eve Wilson,Female,Corporate,New York,NY,46.0,PROD100,1.0,2662.99,24.0,2023.87,Sony History 683,Sports,Comics,Puma,56.77
ORD01408,CUST0910,2024-10-24,2024-10-29,Returned,Credit Card,Mobile App,23376.73,6080.14,0,Jaipur,WB,17296.59,2024-10,2024,Eve Wilson,Female,Corporate,New York,NY,46.0,PROD008,1.0,3240.09,1.0,3207.69,Samsung Furniture 983,Sports,Bedding,Harpercollins,66.39
ORD01409,CUST0215,2024-10-25,2024-11-01,Pending,Cod,In-Store,20347.11,5538.86,149,Delhi,MH,14957.25,2024-10,2024,Frank  Shah,Female,Home Office,London,LDN,46.0,PROD002,8.0,3771.59,24.1,22901.09,Apple History 640,Sports,History,Adidas,48.12
ORD01410,CUST0645,2024-10-26,2024-10-30,Shipped,Wallet,Online,2634.96,914.56,149,Hyderabad,GJ,1869.4,2024-10,2024,Eve Williams,Female,Consumer,Ahmedabad,GJ,29.0,PROD183,3.0,2620.99,30.7,5449.04,Apple Non-Fiction 981,Clothing,Comics,Philips,58.04
ORD01410,CUST0645,2024-10-26,2024-10-30,Shipped,Wallet,Online,2634.96,914.56,149,Hyderabad,GJ,1869.4,2024-10,2024,Eve Williams,Female,Consumer,Ahmedabad,GJ,29.0,PROD157,10.0,1002.77,10.6,8964.76,Samsung Comics 227,Electronics,Fiction,Samsung,49.37
ORD01411,CUST0406,2024-10-26,2024-10-27,Returned,Wallet,Online,38373.41,4487.46,199,Delhi,GJ,34084.95,2024-10,2024,Eve Jackson,Male,Corporate,New York,NY,33.0,,,,,,,,,,
ORD01412,CUST0335,2024-10-27,2024-11-01,Delivered,Upi,Online,10162.99,2328.81,99,Hyderabad,ON,7933.18,2024-10,2024,Xander Brown,Male,Home Office,Bangalore,KA,27.0,PROD108,2.0,3187.58,32.2,4322.36,Samsung Saree 374,Electronics,Jacket,Philips,52.83
ORD01412,CUST0335,2024-10-27,2024-11-01,Delivered,Upi,Online,10162.99,2328.81,99,Hyderabad,ON,7933.18,2024-10,2024,Xander Brown,Male,Home Office,Bangalore,KA,27.0,PROD163,9.0,668.67,5.0,5717.13,Puma Furniture 243,Clothing,Cookware,Penguin,49.39
ORD01412,CUST0335,2024-10-27,2024-11-01,Delivered,Upi,Online,10162.99,2328.81,99,Hyderabad,ON,7933.18,2024-10,2024,Xander Brown,Male,Home Office,Bangalore,KA,27.0,PROD110,10.0,4422.84,28.6,31579.08,Harpercollins Shoes 395,Books,Jeans,Reebok,40.0
ORD01412,CUST0335,2024-10-27,2024-11-01,Delivered,Upi,Online,10162.99,2328.81,99,Hyderabad,ON,7933.18,2024-10,2024,Xander Brown,Male,Home Office,Bangalore,KA,27.0,PROD129,7.0,3422.29,8.5,21919.77,Nike Decor 511,Home & Kitchen,Decor,Sony,54.86
ORD01412,CUST0335,2024-10-27,2024-11-01,Delivered,Upi,Online,10162.99,2328.81,99,Hyderabad,ON,7933.18,2024-10,2024,Xander Brown,Male,Home Office,Bangalore,KA,27.0,PROD021,5.0,1032.12,1.0,5108.99,Nike Decor 240,Sports,Bedding,Apple,58.93
ORD01413,CUST0068,2024-10-28,2024-10-29,Pending,Upi,Mobile App,45114.13,12429.75,49,Mumbai,KA,32733.38,2024-10,2024,Priya Garcia,Male,Corporate,Surat,GJ,47.0,PROD149,4.0,1051.55,21.8,3289.25,Nike Appliances 740,Clothing,Decor,Nike,17.17
ORD01414,CUST0161,2024-10-29,2024-11-02,Returned,Credit Card,Mobile App,622.24,12.19,0,Toronto,DL,610.05,2024-10,2024,Amit Miller,Female,Corporate,Mumbai,MH,46.0,PROD023,1.0,2614.49,20.3,2083.75,Samsung T-Shirt 863,Clothing,Shoes,Harpercollins,44.46
ORD01414,CUST0161,2024-10-29,2024-11-02,Returned,Credit Card,Mobile App,622.24,12.19,0,Toronto,DL,610.05,2024-10,2024,Amit Miller,Female,Corporate,Mumbai,MH,46.0,PROD034,10.0,3196.89,6.8,29795.01,Lg Smartwatch 275,Sports,Laptop,Samsung,38.13
ORD01415,CUST0640,2024-10-29,2024-11-03,Returned,Upi,Mobile App,48893.38,3002.62,49,Delhi,TS,45939.76,2024-10,2024,Bob Thompson,Female,Consumer,Chennai,TN,46.0,PROD015,10.0,486.64,39.3,2953.9,Nike Jacket 551,Electronics,Jacket,Apple,10.71
ORD01416,CUST0749,2024-10-30,2024-11-03,Delivered,Wallet,Online,37102.18,7888.29,199,Chennai,TN,29412.89,2024-10,2024,Karen Walker,Male,Home Office,Surat,GJ,51.0,PROD055,9.0,4674.45,31.3,28902.12,Samsung Laptop 541,Electronics,Smartwatch,Adidas,19.97
ORD01416,CUST0749,2024-10-30,2024-11-03,Delivered,Wallet,Online,37102.18,7888.29,199,Chennai,TN,29412.89,2024-10,2024,Karen Walker,Male,Home Office,Surat,GJ,51.0,PROD157,10.0,3914.23,14.5,33466.67,Samsung Comics 227,Electronics,Fiction,Samsung,49.37
ORD01417,CUST0749,2024-10-31,2024-11-06,Pending,Net Banking,In-Store,23069.14,882.66,0,Sydney,NY,22186.48,2024-10,2024,Karen Walker,Male,Home Office,Surat,GJ,51.0,PROD030,5.0,1357.8,24.9,5098.54,Penguin Yoga 168,Electronics,Running,Nike,55.16
ORD01417,CUST0749,2024-10-31,2024-11-06,Pending,Net Banking,In-Store,23069.14,882.66,0,Sydney,NY,22186.48,2024-10,2024,Karen Walker,Male,Home Office,Surat,GJ,51.0,PROD144,3.0,2565.59,19.2,6218.99,Penguin Camera 300,Sports,Mobile,Samsung,50.16
ORD01418,CUST0336,2024-11-01,2024-11-03,Delivered,Cod,Mobile App,24867.94,0.0,149,Jaipur,NY,25016.94,2024-11,2024,Mia Lee,Male,Corporate,New York,NY,20.0,PROD167,2.0,2992.34,26.9,4374.8,Penguin Saree 689,Home & Kitchen,T-Shirt,Apple,49.15
ORD01418,CUST0336,2024-11-01,2024-11-03,Delivered,Cod,Mobile App,24867.94,0.0,149,Jaipur,NY,25016.94,2024-11,2024,Mia Lee,Male,Corporate,New York,NY,20.0,PROD047,7.0,4356.84,36.3,19427.15,Puma Cookware 294,Sports,Appliances,Prestige,37.79
ORD01418,CUST0336,2024-11-01,2024-11-03,Delivered,Cod,Mobile App,24867.94,0.0,149,Jaipur,NY,25016.94,2024-11,2024,Mia Lee,Male,Corporate,New York,NY,20.0,PROD039,7.0,410.66,5.6,2713.64,Nike Jeans 794,Electronics,Saree,Lg,52.75
ORD01418,CUST0336,2024-11-01,2024-11-03,Delivered,Cod,Mobile App,24867.94,0.0,149,Jaipur,NY,25016.94,2024-11,2024,Mia Lee,Male,Corporate,New York,NY,20.0,PROD077,4.0,1775.96,35.7,4567.77,Nike Laptop 968,Home & Kitchen,Smartwatch,Adidas,58.83
ORD01418,CUST0336,2024-11-01,2024-11-03,Delivered,Cod,Mobile App,24867.94,0.0,149,Jaipur,NY,25016.94,2024-11,2024,Mia Lee,Male,Corporate,New York,NY,20.0,PROD126,5.0,2951.34,32.9,9901.75,Reebok Cricket 811,Electronics,Cycling,Philips,41.97
ORD01419,CUST0362,2024-11-01,2024-11-05,Cancelled,Cod,In-Store,17584.84,4019.59,0,Pune,TS,13565.25,2024-11,2024,Leo  Thompson,Female,Corporate,Bangalore,KA,46.0,,,,,,,,,,
ORD01420,CUST0340,2024-02-11,2024-11-08,Delivered,Upi,Online,27530.46,7938.36,49,London,LDN,19641.1,2024-02,2024,Bob Thomas,Female,Consumer,Surat,GJ,46.0,PROD144,2.0,2084.51,37.3,2613.98,Penguin Camera 300,Sports,Mobile,Samsung,50.16
ORD01420,CUST0340,2024-02-11,2024-11-08,Delivered,Upi,Online,27530.46,7938.36,49,London,LDN,19641.1,2024-02,2024,Bob Thomas,Female,Consumer,Surat,GJ,46.0,PROD084,7.0,3963.49,30.9,19171.4,Philips Comics 538,Electronics,Non-Fiction,Reebok,22.29
ORD01420,CUST0340,2024-02-11,2024-11-08,Delivered,Upi,Online,27530.46,7938.36,49,London,LDN,19641.1,2024-02,2024,Bob Thomas,Female,Consumer,Surat,GJ,46.0,PROD073,5.0,3525.57,33.5,11722.52,Philips Running 721,Sports,Yoga,Nike,52.7
ORD01420,CUST0340,2024-02-11,2024-11-08,Delivered,Upi,Online,27530.46,7938.36,49,London,LDN,19641.1,2024-02,2024,Bob Thomas,Female,Consumer,Surat,GJ,46.0,PROD184,1.0,3444.84,28.7,2456.17,Penguin Fiction 673,Home & Kitchen,Comics,Apple,55.75
ORD01420,CUST0340,2024-02-11,2024-11-08,Delivered,Upi,Online,27530.46,7938.36,49,London,LDN,19641.1,2024-02,2024,Bob Thomas,Female,Consumer,Surat,GJ,46.0,PROD128,10.0,3545.85,1.4,34962.08,Lg Furniture 340,Electronics,Furniture,Samsung,54.16
ORD01421,CUST0094,2024-03-11,2024-11-09,Pending,Credit Card,Mobile App,48479.62,8725.62,0,London,RJ,39754.0,2024-03,2024,Sneha White,Other,Consumer,Mumbai,MH,46.0,PROD046,5.0,3731.58,11.3,16549.56,Penguin Camera 453,Clothing,Headphones,Sony,56.85
ORD01421,CUST0094,2024-03-11,2024-11-09,Pending,Credit Card,Mobile App,48479.62,8725.62,0,London,RJ,39754.0,2024-03,2024,Sneha White,Other,Consumer,Mumbai,MH,46.0,PROD144,6.0,3377.64,5.7,19110.69,Penguin Camera 300,Sports,Mobile,Samsung,50.16
ORD01422,CUST0701,2024-04-11,2024-04-14,Pending,Credit Card,Mobile App,42564.73,12836.69,199,Kolkata,WB,29927.04,2024-04,2024,Victor  Davis,Male,Corporate,New York,NY,54.0,PROD068,8.0,2308.13,100.0,0.0,Nike T-Shirt 743,Home & Kitchen,Jacket,Apple,49.93
ORD01422,CUST0701,2024-04-11,2024-04-14,Pending,Credit Card,Mobile App,42564.73,12836.69,199,Kolkata,WB,29927.04,2024-04,2024,Victor  Davis,Male,Corporate,New York,NY,54.0,PROD070,8.0,4790.82,20.0,30661.25,Nike Lighting 275,Clothing,Cookware,Puma,51.4
ORD01422,CUST0701,2024-04-11,2024-04-14,Pending,Credit Card,Mobile App,42564.73,12836.69,199,Kolkata,WB,29927.04,2024-04,2024,Victor  Davis,Male,Corporate,New York,NY,54.0,PROD128,6.0,2446.14,25.1,10992.95,Lg Furniture 340,Electronics,Furniture,Samsung,54.16
ORD01422,CUST0701,2024-04-11,2024-04-14,Pending,Credit Card,Mobile App,42564.73,12836.69,199,Kolkata,WB,29927.04,2024-04,2024,Victor  Davis,Male,Corporate,New York,NY,54.0,PROD116,2.0,240.44,38.7,294.78,Prestige Camera 543,Clothing,Camera,Nike,52.74
ORD01423,CUST0727,2024-11-04,2024-11-09,Shipped,Wallet,In-Store,45483.61,6252.56,99,Surat,GJ,39330.05,2024-11,2024,Grace Williams,Female,Consumer,Kolkata,WB,46.0,PROD172,4.0,318.18,2.7,1238.36,Puma Football 366,Books,Swimming,Nike,33.7
ORD01423,CUST0727,2024-11-04,2024-11-09,Shipped,Wallet,In-Store,45483.61,6252.56,99,Surat,GJ,39330.05,2024-11,2024,Grace Williams,Female,Consumer,Kolkata,WB,46.0,PROD045,10.0,3276.95,19.9,26248.37,Nike Headphones 607,Home & Kitchen,Laptop,Reebok,11.65
ORD01424,CUST0020,2024-11-05,2024-11-08,Returned,Debit Card,Online,3958.53,1333.74,199,Surat,NY,2823.79,2024-11,2024,Rahul Harris,Male,Consumer,Mumbai,MH,54.0,,,,,,,,,,
ORD01425,CUST0019,2024-11-06,2024-11-13,Returned,Wallet,In-Store,30116.94,11728.69,149,Chennai,ON,18537.25,2024-11,2024,Bob Jones,Other,Consumer,Hyderabad,TS,46.0,,,,,,,,,,
ORD01426,CUST0980,2024-06-11,2024-11-10,Pending,Wallet,In-Store,15204.93,5225.7,99,Surat,WB,10078.23,2024-06,2024,Eve Wilson,Female,Corporate,New York,NY,54.0,PROD002,2.0,3744.43,22.3,5818.84,Apple History 640,Sports,History,Adidas,48.12
ORD01426,CUST0980,2024-06-11,2024-11-10,Pending,Wallet,In-Store,15204.93,5225.7,99,Surat,WB,10078.23,2024-06,2024,Eve Wilson,Female,Corporate,New York,NY,54.0,PROD170,5.0,699.12,21.0,2761.52,Adidas Shoes 686,Home & Kitchen,Shoes,Prestige,52.73
ORD01426,CUST0980,2024-06-11,2024-11-10,Pending,Wallet,In-Store,15204.93,5225.7,99,Surat,WB,10078.23,2024-06,2024,Eve Wilson,Female,Corporate,New York,NY,54.0,PROD004,8.0,3262.43,22.6,20200.97,Sony Cookware 400,Clothing,Furniture,Puma,43.32
ORD01426,CUST0980,2024-06-11,2024-11-10,Pending,Wallet,In-Store,15204.93,5225.7,99,Surat,WB,10078.23,2024-06,2024,Eve Wilson,Female,Corporate,New York,NY,54.0,PROD122,8.0,562.82,16.8,3746.13,Penguin Camera 744,Clothing,Mobile,Adidas,52.36
ORD01426,CUST0980,2024-06-11,2024-11-10,Pending,Wallet,In-Store,15204.93,5225.7,99,Surat,WB,10078.23,2024-06,2024,Eve Wilson,Female,Corporate,New York,NY,54.0,PROD191,7.0,2527.73,1.8,17375.62,Prestige Dress 944,Home & Kitchen,Jeans,Apple,48.89
ORD01427,CUST0373,2024-11-07,2024-11-11,Cancelled,Net Banking,In-Store,40554.06,13410.84,199,Delhi,ON,27342.22,2024-11,2024,Sneha Moore,Male,Home Office,Pune,MH,29.0,PROD193,3.0,3757.06,12.1,9907.37,Adidas Yoga 743,Electronics,Running,Philips,46.63
ORD01428,CUST0907,2024-11-08,2024-11-09,Delivered,Credit Card,Online,17356.77,553.53,199,Hyderabad,NSW,17002.24,2024-11,2024,Nick Martin,Female,Corporate,New York,NY,46.0,PROD112,6.0,3837.48,31.7,15725.99,Samsung Mobile 229,Electronics,Camera,Philips,53.15
ORD01429,CUST0083,2024-09-11,2024-11-14,Cancelled,Debit Card,In-Store,15088.92,3471.08,149,Sydney,MH,11766.84,2024-09,2024,Olivia  Harris,Female,Home Office,Bangalore,KA,46.0,PROD030,8.0,4870.18,0.9,38610.79,Penguin Yoga 168,Electronics,Running,Nike,55.16
ORD01429,CUST0083,2024-09-11,2024-11-14,Cancelled,Debit Card,In-Store,15088.92,3471.08,149,Sydney,MH,11766.84,2024-09,2024,Olivia  Harris,Female,Home Office,Bangalore,KA,46.0,PROD010,8.0,2822.74,32.1,15333.12,Apple Camera 553,Electronics,Smartwatch,Samsung,40.0
ORD01430,CUST0034,2024-11-09,2024-11-11,Cancelled,Credit Card,Online,46207.81,8026.17,149,Bangalore,TN,38330.64,2024-11,2024,Diana Moore,Other,Consumer,Mumbai,MH,46.0,,,,,,,,,,
ORD01431,CUST0526,2024-11-10,2024-11-16,Pending,Cod,Online,12968.36,992.18,99,Kolkata,NSW,12075.18,2024-11,2024,Alice Thompson,Female,Consumer,Kolkata,WB,46.0,,,,,,,,,,
ORD01432,CUST0118,2024-11-11,2024-11-12,Returned,Upi,In-Store,43010.4,10711.93,149,Pune,GJ,32447.47,2024-11,2024,Jack Martin,Other,Corporate,Sydney,NSW,44.0,PROD077,2.0,787.71,16.0,1323.35,Nike Laptop 968,Home & Kitchen,Smartwatch,Adidas,58.83
ORD01432,CUST0118,2024-11-11,2024-11-12,Returned,Upi,In-Store,43010.4,10711.93,149,Pune,GJ,32447.47,2024-11,2024,Jack Martin,Other,Corporate,Sydney,NSW,44.0,PROD113,1.0,2397.31,16.0,2013.74,Nike Laptop 971,Home & Kitchen,Tablet,Lg,26.98
ORD01432,CUST0118,2024-11-11,2024-11-12,Returned,Upi,In-Store,43010.4,10711.93,149,Pune,GJ,32447.47,2024-11,2024,Jack Martin,Other,Corporate,Sydney,NSW,44.0,PROD094,4.0,3678.28,35.0,9563.53,Adidas Comics 457,Sports,Self-Help,Philips,53.91
ORD01432,CUST0118,2024-11-11,2024-11-12,Returned,Upi,In-Store,43010.4,10711.93,149,Pune,GJ,32447.47,2024-11,2024,Jack Martin,Other,Corporate,Sydney,NSW,44.0,PROD057,1.0,3066.41,27.6,2220.08,Adidas Jacket 309,Electronics,Jeans,Samsung,54.79
ORD01432,CUST0118,2024-11-11,2024-11-12,Returned,Upi,In-Store,43010.4,10711.93,149,Pune,GJ,32447.47,2024-11,2024,Jack Martin,Other,Corporate,Sydney,NSW,44.0,PROD073,6.0,4714.52,3.6,27268.78,Philips Running 721,Sports,Yoga,Nike,52.7
ORD01434,CUST0311,2024-12-11,2024-11-17,Cancelled,Cod,In-Store,37658.9,12825.26,49,Mumbai,MH,24882.64,2024-12,2024,Victor Taylor,Other,Corporate,Ahmedabad,GJ,46.0,PROD196,10.0,2728.61,19.4,21992.6,Harpercollins Cookware 952,Books,Cookware,Samsung,48.35
ORD01434,CUST0311,2024-12-11,2024-11-17,Cancelled,Cod,In-Store,37658.9,12825.26,49,Mumbai,MH,24882.64,2024-12,2024,Victor Taylor,Other,Corporate,Ahmedabad,GJ,46.0,PROD104,4.0,186.03,35.4,480.7,Harpercollins Jeans 435,Electronics,Saree,Nike,50.01
ORD01434,CUST0311,2024-12-11,2024-11-17,Cancelled,Cod,In-Store,37658.9,12825.26,49,Mumbai,MH,24882.64,2024-12,2024,Victor Taylor,Other,Corporate,Ahmedabad,GJ,46.0,PROD074,4.0,3466.49,37.1,8721.69,Reebok Non-Fiction 876,Home & Kitchen,Comics,Philips,40.32
ORD01435,CUST0706,2024-11-13,2024-11-19,Delivered,Credit Card,Online,32414.71,10825.45,199,Delhi,MH,21788.26,2024-11,2024,Tina Garcia,Other,Corporate,London,LDN,46.0,PROD124,3.0,2299.0,37.0,4345.11,Sony Science 562,Electronics,Self-Help,Harpercollins,42.34
ORD01436,CUST0551,2024-11-14,2024-11-16,Cancelled,Debit Card,Mobile App,40323.43,4358.33,199,Sydney,GJ,36164.1,2024-11,2024,Bob Brown,Male,Consumer,Hyderabad,TS,34.0,PROD188,5.0,4876.52,36.1,15580.48,Puma Swimming 432,Books,Running,Puma,48.2
ORD01437,CUST0788,2024-11-14,2024-11-16,Pending,Upi,Mobile App,6355.52,1197.13,149,Bangalore,TN,5307.39,2024-11,2024,Leo Moore,Female,Home Office,New York,NY,46.0,PROD179,7.0,157.43,0.0,1102.01,Puma Camera 326,Clothing,Headphones,Apple,38.11
ORD01437,CUST0788,2024-11-14,2024-11-16,Pending,Upi,Mobile App,6355.52,1197.13,149,Bangalore,TN,5307.39,2024-11,2024,Leo Moore,Female,Home Office,New York,NY,46.0,PROD177,9.0,450.34,32.5,2735.82,Nike Bedding 498,Sports,Decor,Nike,32.96
ORD01438,CUST0263,2024-11-15,2024-11-21,Shipped,Cod,Online,36077.65,8191.42,0,Sydney,DL,27886.23,2024-11,2024,Peter Brown,Male,Consumer,Delhi,DL,46.0,PROD151,10.0,3995.85,15.6,33724.97,Samsung Appliances 375,Books,Decor,Samsung,40.0
ORD01438,CUST0263,2024-11-15,2024-11-21,Shipped,Cod,Online,36077.65,8191.42,0,Sydney,DL,27886.23,2024-11,2024,Peter Brown,Male,Consumer,Delhi,DL,46.0,PROD084,2.0,3920.8,21.0,6194.86,Philips Comics 538,Electronics,Non-Fiction,Reebok,22.29
ORD01439,CUST0728,2024-11-16,2024-11-19,Pending,Credit Card,Online,17781.4,1622.05,149,London,MH,16308.35,2024-11,2024,Leo Garcia,Other,Corporate,London,LDN,43.0,PROD040,5.0,2922.99,2.8,14205.73,Apple Cricket 717,Electronics,Cycling,Prestige,55.93
ORD01439,CUST0728,2024-11-16,2024-11-19,Pending,Credit Card,Online,17781.4,1622.05,149,London,MH,16308.35,2024-11,2024,Leo Garcia,Other,Corporate,London,LDN,43.0,PROD083,8.0,4408.41,1.6,34703.0,Philips Swimming 657,Books,Football,Philips,59.17
ORD01440,CUST0132,2024-11-17,2024-11-20,Returned,Cod,In-Store,20335.33,5649.34,49,Mumbai,MH,14734.99,2024-11,2024,Henry Miller,Female,Home Office,Ahmedabad,GJ,45.0,,,,,,,,,,
ORD01441,CUST0132,2024-11-17,2024-11-21,Returned,Wallet,In-Store,7774.11,102.78,149,Delhi,KA,7820.33,2024-11,2024,Henry Miller,Female,Home Office,Ahmedabad,GJ,45.0,PROD129,8.0,2822.34,1.1,22330.35,Nike Decor 511,Home & Kitchen,Decor,Sony,54.86
ORD01441,CUST0132,2024-11-17,2024-11-21,Returned,Wallet,In-Store,7774.11,102.78,149,Delhi,KA,7820.33,2024-11,2024,Henry Miller,Female,Home Office,Ahmedabad,GJ,45.0,PROD096,8.0,3598.98,0.0,28791.84,Apple Lighting 795,Books,Bedding,Apple,37.49
ORD01442,CUST0440,2024-11-18,2024-11-21,Delivered,Wallet,In-Store,29812.1,1007.99,99,Ahmedabad,MH,28903.11,2024-11,2024,Grace  Lee,Female,Consumer,Chennai,TN,38.0,PROD020,4.0,2014.75,33.9,5327.0,Apple Jacket 787,Electronics,T-Shirt,Adidas,17.13
ORD01443,CUST0899,2024-11-19,2024-11-24,Pending,Credit Card,In-Store,3026.51,121.37,99,Hyderabad,RJ,3004.14,2024-11,2024,Wendy Moore,Other,Home Office,Toronto,ON,46.0,PROD008,1.0,2972.2,8.9,2707.67,Samsung Furniture 983,Sports,Bedding,Harpercollins,66.39
ORD01444,CUST0178,2024-11-20,2024-11-25,Returned,Upi,In-Store,47216.71,2146.45,149,Mumbai,GJ,45219.26,2024-11,2024,Zoe Wilson,Female,Consumer,Jaipur,RJ,53.0,PROD161,6.0,1145.81,13.9,5919.25,Sony Jeans 636,Sports,Saree,Puma,14.22
ORD01444,CUST0178,2024-11-20,2024-11-25,Returned,Upi,In-Store,47216.71,2146.45,149,Mumbai,GJ,45219.26,2024-11,2024,Zoe Wilson,Female,Consumer,Jaipur,RJ,53.0,PROD028,6.0,1988.38,20.1,9532.29,Apple Science 123,Clothing,History,Samsung,55.38
ORD01444,CUST0178,2024-11-20,2024-11-25,Returned,Upi,In-Store,47216.71,2146.45,149,Mumbai,GJ,45219.26,2024-11,2024,Zoe Wilson,Female,Consumer,Jaipur,RJ,53.0,PROD071,9.0,4305.28,23.5,29641.85,Harpercollins Camera 448,Electronics,Smartwatch,Samsung,47.49
ORD01444,CUST0178,2024-11-20,2024-11-25,Returned,Upi,In-Store,47216.71,2146.45,149,Mumbai,GJ,45219.26,2024-11,2024,Zoe Wilson,Female,Consumer,Jaipur,RJ,53.0,PROD157,2.0,4338.51,0.0,8677.02,Samsung Comics 227,Electronics,Fiction,Samsung,49.37
ORD01445,CUST0213,2024-11-20,2024-11-27,Cancelled,Credit Card,Mobile App,15605.88,410.96,149,Bangalore,RJ,15343.92,2024-11,2024,Yara Davis,Female,Corporate,Ahmedabad,GJ,39.0,PROD195,6.0,1249.07,24.0,5695.76,Prestige Swimming 944,Home & Kitchen,Cycling,Prestige,19.96
ORD01445,CUST0213,2024-11-20,2024-11-27,Cancelled,Credit Card,Mobile App,15605.88,410.96,149,Bangalore,RJ,15343.92,2024-11,2024,Yara Davis,Female,Corporate,Ahmedabad,GJ,39.0,PROD079,5.0,2924.12,37.1,9196.36,Prestige Science 518,Sports,Non-Fiction,Apple,45.47
ORD01446,CUST0707,2024-11-21,2024-11-23,Shipped,Upi,Mobile App,28621.74,9021.11,0,Mumbai,TN,19600.63,2024-11,2024,Uma White,Other,Home Office,New York,NY,29.0,PROD045,9.0,4490.42,31.2,27804.68,Nike Headphones 607,Home & Kitchen,Laptop,Reebok,11.65
ORD01446,CUST0707,2024-11-21,2024-11-23,Shipped,Upi,Mobile App,28621.74,9021.11,0,Mumbai,TN,19600.63,2024-11,2024,Uma White,Other,Home Office,New York,NY,29.0,PROD099,1.0,3158.37,30.4,2198.23,Reebok Cricket 803,Sports,Cycling,Puma,51.59
ORD01446,CUST0707,2024-11-21,2024-11-23,Shipped,Upi,Mobile App,28621.74,9021.11,0,Mumbai,TN,19600.63,2024-11,2024,Uma White,Other,Home Office,New York,NY,29.0,PROD068,4.0,1253.39,4.6,4782.94,Nike T-Shirt 743,Home & Kitchen,Jacket,Apple,49.93
ORD01446,CUST0707,2024-11-21,2024-11-23,Shipped,Upi,Mobile App,28621.74,9021.11,0,Mumbai,TN,19600.63,2024-11,2024,Uma White,Other,Home Office,New York,NY,29.0,PROD101,3.0,4373.85,6.5,12268.65,Nike Comics 174,Clothing,Comics,Apple,16.78
ORD01447,CUST0049,2024-11-22,2024-11-23,Cancelled,Wallet,Mobile App,6381.1,1557.95,49,Surat,DL,4872.15,2024-11,2024,Zoe  Smith,Female,Corporate,Pune,MH,46.0,PROD121,5.0,4374.05,10.2,19639.48,Apple Saree 724,Electronics,T-Shirt,Adidas,41.47
ORD01448,CUST0014,2024-11-23,2024-11-29,Returned,Upi,Online,26421.66,7788.7,149,Jaipur,RJ,18781.96,2024-11,2024,Priya White,Male,Corporate,Surat,GJ,45.0,PROD171,8.0,4445.09,20.7,28199.65,Nike Cricket 448,Clothing,Cycling,Lg,54.33
ORD01448,CUST0014,2024-11-23,2024-11-29,Returned,Upi,Online,26421.66,7788.7,149,Jaipur,RJ,18781.96,2024-11,2024,Priya White,Male,Corporate,Surat,GJ,45.0,PROD141,8.0,3166.66,32.9,16998.63,Penguin Jacket 835,Clothing,Jacket,Prestige,56.67
ORD01449,CUST0215,2024-11-23,2024-11-29,Delivered,Credit Card,Online,28802.91,7343.26,99,New York,GJ,21558.65,2024-11,2024,Frank  Shah,Female,Home Office,London,LDN,46.0,PROD013,9.0,4517.96,2.6,39604.44,Lg Mobile 752,Clothing,Smartwatch,Apple,46.62
ORD01450,CUST0429,2024-11-24,2024-11-30,Returned,Debit Card,Online,45588.53,8776.69,149,Hyderabad,TN,36960.84,2024-11,2024,Charlie Jones,Other,Consumer,Jaipur,RJ,46.0,,,,,,,,,,
ORD01451,CUST0011,2024-11-25,2024-12-01,Returned,Debit Card,Mobile App,17710.29,6113.91,0,London,MH,11596.38,2024-11,2024,Arjun  Thomas,Female,Consumer,Bangalore,KA,46.0,PROD193,4.0,2842.67,33.1,7606.98,Adidas Yoga 743,Electronics,Running,Philips,46.63
ORD01451,CUST0011,2024-11-25,2024-12-01,Returned,Debit Card,Mobile App,17710.29,6113.91,0,London,MH,11596.38,2024-11,2024,Arjun  Thomas,Female,Consumer,Bangalore,KA,46.0,PROD037,4.0,102.83,17.6,338.93,Nike Laptop 575,Sports,Camera,Harpercollins,17.99
ORD01452,CUST0463,2024-11-25,2024-11-30,Shipped,Credit Card,Mobile App,38480.49,2517.02,99,Hyderabad,NY,36062.47,2024-11,2024,Eve  Davis,Male,Consumer,New York,NY,61.0,PROD066,1.0,4259.81,27.7,3079.84,Nike Headphones 940,Books,Mobile,Apple,50.19
ORD01452,CUST0463,2024-11-25,2024-11-30,Shipped,Credit Card,Mobile App,38480.49,2517.02,99,Hyderabad,NY,36062.47,2024-11,2024,Eve  Davis,Male,Consumer,New York,NY,61.0,PROD049,7.0,3003.67,29.4,14844.14,Nike Smartwatch 658,Books,Mobile,Philips,29.78
ORD01453,CUST0138,2024-11-26,2024-11-27,Pending,Credit Card,In-Store,20193.93,85.6,49,Kolkata,ON,20157.33,2024-11,2024,Henry Smith,Female,Consumer,London,LDN,46.0,PROD167,9.0,1522.75,8.9,12485.03,Penguin Saree 689,Home & Kitchen,T-Shirt,Apple,49.15
ORD01453,CUST0138,2024-11-26,2024-11-27,Pending,Credit Card,In-Store,20193.93,85.6,49,Kolkata,ON,20157.33,2024-11,2024,Henry Smith,Female,Consumer,London,LDN,46.0,PROD101,5.0,3221.8,0.0,16109.0,Nike Comics 174,Clothing,Comics,Apple,16.78
ORD01453,CUST0138,2024-11-26,2024-11-27,Pending,Credit Card,In-Store,20193.93,85.6,49,Kolkata,ON,20157.33,2024-11,2024,Henry Smith,Female,Consumer,London,LDN,46.0,PROD034,2.0,3738.18,27.2,5442.79,Lg Smartwatch 275,Sports,Laptop,Samsung,38.13
ORD01454,CUST0133,2024-11-27,2024-11-30,Shipped,Upi,In-Store,28775.0,8093.5,0,Surat,GJ,20681.5,2024-11,2024,Henry Thomas,Male,Corporate,New York,NY,48.0,PROD099,10.0,212.74,24.0,1616.82,Reebok Cricket 803,Sports,Cycling,Puma,51.59
ORD01455,CUST0247,2024-11-28,2024-12-03,Cancelled,Cod,In-Store,20388.3,7051.62,99,Jaipur,MH,13435.68,2024-11,2024,Pooja Patel,Female,Corporate,New York,NY,65.0,PROD051,10.0,1618.67,20.2,12916.99,Harpercollins Fiction 843,Electronics,Comics,Adidas,47.6
ORD01456,CUST0330,2024-11-28,2024-12-01,Delivered,Credit Card,Online,24495.64,8250.47,99,Jaipur,MH,16344.17,2024-11,2024,Yara Brown,Male,Consumer,Pune,MH,38.0,PROD082,6.0,2500.65,0.0,15003.9,Samsung Lighting 904,Books,Furniture,Nike,29.28
ORD01456,CUST0330,2024-11-28,2024-12-01,Delivered,Credit Card,Online,24495.64,8250.47,99,Jaipur,MH,16344.17,2024-11,2024,Yara Brown,Male,Consumer,Pune,MH,38.0,PROD072,4.0,4377.76,14.4,14989.45,Philips History 903,Electronics,History,Prestige,10.66
ORD01456,CUST0330,2024-11-28,2024-12-01,Delivered,Credit Card,Online,24495.64,8250.47,99,Jaipur,MH,16344.17,2024-11,2024,Yara Brown,Male,Consumer,Pune,MH,38.0,PROD070,1.0,2523.15,26.0,1867.13,Nike Lighting 275,Clothing,Cookware,Puma,51.4
ORD01457,CUST0040,2024-11-29,2024-12-03,Delivered,Credit Card,Online,2719.62,1001.99,49,Jaipur,GJ,1766.63,2024-11,2024,Wendy  Harris,Other,Consumer,Delhi,DL,59.0,,,,,,,,,,
ORD01458,CUST0158,2024-11-30,2024-12-06,Pending,Credit Card,Online,31000.24,7423.83,0,Kolkata,GJ,23576.41,2024-11,2024,Eve Lee,Other,Home Office,Delhi,DL,26.0,PROD161,7.0,4524.59,100.0,0.0,Sony Jeans 636,Sports,Saree,Puma,14.22
ORD01459,CUST0764,2024-12-01,2024-12-04,Delivered,Net Banking,Mobile App,18247.87,6299.75,199,Kolkata,TN,12147.12,2024-12,2024,Mia Shah,Male,Corporate,Jaipur,RJ,46.0,PROD087,7.0,2089.64,8.2,13428.03,Samsung Headphones 981,Sports,Tablet,Samsung,56.65
ORD01459,CUST0764,2024-12-01,2024-12-04,Delivered,Net Banking,Mobile App,18247.87,6299.75,199,Kolkata,TN,12147.12,2024-12,2024,Mia Shah,Male,Corporate,Jaipur,RJ,46.0,PROD023,1.0,792.86,30.8,548.66,Samsung T-Shirt 863,Clothing,Shoes,Harpercollins,44.46
ORD01459,CUST0764,2024-12-01,2024-12-04,Delivered,Net Banking,Mobile App,18247.87,6299.75,199,Kolkata,TN,12147.12,2024-12,2024,Mia Shah,Male,Corporate,Jaipur,RJ,46.0,PROD092,3.0,2752.65,34.3,5425.47,Penguin Mobile 186,Electronics,Mobile,Harpercollins,35.83
ORD01459,CUST0764,2024-12-01,2024-12-04,Delivered,Net Banking,Mobile App,18247.87,6299.75,199,Kolkata,TN,12147.12,2024-12,2024,Mia Shah,Male,Corporate,Jaipur,RJ,46.0,PROD073,7.0,872.57,17.6,5032.98,Philips Running 721,Sports,Yoga,Nike,52.7
ORD01460,CUST0670,2024-12-01,2024-12-04,Pending,Cod,In-Store,47802.3,13076.99,149,Pune,NSW,34874.31,2024-12,2024,Wendy Wilson,Other,Corporate,Chennai,TN,46.0,PROD183,8.0,2133.1,31.9,11621.13,Apple Non-Fiction 981,Clothing,Comics,Philips,58.04
ORD01460,CUST0670,2024-12-01,2024-12-04,Pending,Cod,In-Store,47802.3,13076.99,149,Pune,NSW,34874.31,2024-12,2024,Wendy Wilson,Other,Corporate,Chennai,TN,46.0,PROD048,9.0,203.57,6.0,1722.2,Adidas Jacket 176,Home & Kitchen,Jeans,Apple,57.33
ORD01460,CUST0670,2024-12-01,2024-12-04,Pending,Cod,In-Store,47802.3,13076.99,149,Pune,NSW,34874.31,2024-12,2024,Wendy Wilson,Other,Corporate,Chennai,TN,46.0,PROD141,7.0,1487.84,23.8,7936.14,Penguin Jacket 835,Clothing,Jacket,Prestige,56.67
ORD01461,CUST0542,2024-12-02,2024-12-03,Returned,Wallet,In-Store,42698.21,12627.43,199,Surat,TN,30269.78,2024-12,2024,Steve Lee,Male,Consumer,Chennai,TN,54.0,PROD197,6.0,4672.13,20.5,22286.06,Apple Cycling 713,Books,Cricket,Samsung,43.22
ORD01461,CUST0542,2024-12-02,2024-12-03,Returned,Wallet,In-Store,42698.21,12627.43,199,Surat,TN,30269.78,2024-12,2024,Steve Lee,Male,Consumer,Chennai,TN,54.0,PROD002,8.0,2443.61,14.1,16792.49,Apple History 640,Sports,History,Adidas,48.12
ORD01461,CUST0542,2024-12-02,2024-12-03,Returned,Wallet,In-Store,42698.21,12627.43,199,Surat,TN,30269.78,2024-12,2024,Steve Lee,Male,Consumer,Chennai,TN,54.0,PROD056,1.0,510.31,22.3,396.51,Sony Tablet 154,Sports,Camera,Nike,46.2
ORD01461,CUST0542,2024-12-02,2024-12-03,Returned,Wallet,In-Store,42698.21,12627.43,199,Surat,TN,30269.78,2024-12,2024,Steve Lee,Male,Consumer,Chennai,TN,54.0,PROD130,1.0,2713.33,33.0,1817.93,Reebok Lighting 589,Home & Kitchen,Furniture,Harpercollins,45.86
ORD01462,CUST0237,2024-12-03,2024-12-08,Delivered,Cod,Online,34475.59,2406.64,149,Hyderabad,GJ,32217.95,2024-12,2024,Jack Shah,Female,Consumer,Jaipur,RJ,46.0,PROD158,2.0,3994.84,3.5,7710.04,Nike Yoga 654,Home & Kitchen,Football,Samsung,56.49
ORD01463,CUST0003,2024-03-12,2024-12-05,Returned,Upi,In-Store,22888.01,2271.59,199,Jaipur,GJ,20815.42,2024-03,2024,Karen  White,Female,Corporate,Ahmedabad,GJ,46.0,,,,,,,,,,
ORD01464,CUST0723,2024-12-04,2024-12-05,Returned,Cod,Online,1082.72,208.49,99,Delhi,NSW,973.23,2024-12,2024,Rahul Patel,Female,Corporate,Pune,MH,46.0,PROD115,5.0,2167.27,9.4,9817.73,Philips Running 335,Home & Kitchen,Yoga,Philips,15.67
ORD01465,CUST0927,2024-05-12,2024-12-09,Delivered,Credit Card,Mobile App,41929.04,3491.71,49,London,NSW,38486.33,2024-05,2024,Leo Davis,Female,Consumer,Delhi,DL,52.0,PROD026,9.0,120.56,6.2,1017.77,Nike Cricket 264,Clothing,Running,Apple,32.24
ORD01465,CUST0927,2024-05-12,2024-12-09,Delivered,Credit Card,Mobile App,41929.04,3491.71,49,London,NSW,38486.33,2024-05,2024,Leo Davis,Female,Consumer,Delhi,DL,52.0,PROD069,8.0,4142.7,24.4,25055.05,Adidas Bedding 631,Clothing,Furniture,Nike,13.52
ORD01466,CUST0195,2024-06-12,2024-12-08,Delivered,Cod,Online,5163.4,369.11,99,Jaipur,TN,4893.29,2024-06,2024,Leo Brown,Other,Consumer,Sydney,NSW,31.0,PROD112,7.0,4396.57,23.2,23635.96,Samsung Mobile 229,Electronics,Camera,Philips,53.15
ORD01466,CUST0195,2024-06-12,2024-12-08,Delivered,Cod,Online,5163.4,369.11,99,Jaipur,TN,4893.29,2024-06,2024,Leo Brown,Other,Consumer,Sydney,NSW,31.0,PROD060,10.0,1553.56,5.2,14727.75,Penguin Laptop 245,Home & Kitchen,Mobile,Reebok,56.7
ORD01466,CUST0195,2024-06-12,2024-12-08,Delivered,Cod,Online,5163.4,369.11,99,Jaipur,TN,4893.29,2024-06,2024,Leo Brown,Other,Consumer,Sydney,NSW,31.0,PROD039,3.0,4737.89,25.8,10546.54,Nike Jeans 794,Electronics,Saree,Lg,52.75
ORD01467,CUST0686,2024-12-06,2024-12-09,Returned,Wallet,Online,1179.78,269.02,99,Bangalore,DL,1009.76,2024-12,2024,Uma  Jones,Female,Corporate,Chennai,TN,25.0,PROD150,9.0,3886.26,0.0,34976.34,Samsung Furniture 477,Books,Decor,Samsung,54.62
ORD01467,CUST0686,2024-12-06,2024-12-09,Returned,Wallet,Online,1179.78,269.02,99,Bangalore,DL,1009.76,2024-12,2024,Uma  Jones,Female,Corporate,Chennai,TN,25.0,PROD088,2.0,475.65,28.3,682.08,Reebok Furniture 514,Home & Kitchen,Appliances,Prestige,15.84
ORD01468,CUST0279,2024-12-07,2024-12-13,Pending,Credit Card,In-Store,7948.4,768.54,99,Ahmedabad,KA,7278.86,2024-12,2024,Steve White,Other,Corporate,Hyderabad,TS,30.0,PROD111,8.0,157.9,10.7,1128.04,Samsung Shoes 988,Sports,T-Shirt,Nike,58.48
ORD01468,CUST0279,2024-12-07,2024-12-13,Pending,Credit Card,In-Store,7948.4,768.54,99,Ahmedabad,KA,7278.86,2024-12,2024,Steve White,Other,Corporate,Hyderabad,TS,30.0,PROD131,7.0,3193.8,7.8,20612.79,Adidas Camera 887,Clothing,Headphones,Adidas,50.24
ORD01469,CUST0700,2024-12-08,2024-12-09,Returned,Upi,Mobile App,20048.08,1006.52,49,Bangalore,GJ,19090.56,2024-12,2024,Wendy Anderson,Male,Corporate,Bangalore,KA,20.0,PROD035,1.0,447.65,12.8,390.35,Adidas Tablet 510,Books,Headphones,Nike,75.82
ORD01469,CUST0700,2024-12-08,2024-12-09,Returned,Upi,Mobile App,20048.08,1006.52,49,Bangalore,GJ,19090.56,2024-12,2024,Wendy Anderson,Male,Corporate,Bangalore,KA,20.0,PROD158,7.0,4374.84,36.3,19507.41,Nike Yoga 654,Home & Kitchen,Football,Samsung,56.49
ORD01470,CUST0146,2024-12-09,2024-12-13,Returned,Credit Card,In-Store,24424.94,877.09,99,Toronto,GJ,23646.85,2024-12,2024,Jack Jackson,Male,Corporate,Delhi,DL,57.0,PROD124,3.0,1954.9,0.0,5864.7,Sony Science 562,Electronics,Self-Help,Harpercollins,42.34
ORD01471,CUST0899,2024-12-09,2024-12-10,Shipped,Debit Card,Mobile App,2801.54,658.65,99,Surat,TN,2241.89,2024-12,2024,Wendy Moore,Other,Home Office,Toronto,ON,46.0,,,,,,,,,,
ORD01472,CUST0839,2024-12-10,2024-12-13,Pending,Credit Card,Mobile App,13741.8,837.22,99,Delhi,TS,13003.58,2024-12,2024,Rachel Jackson,Male,Home Office,Bangalore,KA,53.0,,,,,,,,,,
ORD01473,CUST0656,2024-12-11,2024-12-16,Cancelled,Wallet,Mobile App,3653.2,867.61,49,Chennai,DL,2834.59,2024-12,2024,Charlie Thomas,Male,Home Office,Mumbai,MH,65.0,PROD181,1.0,1266.48,24.8,952.39,Lg Self-Help 722,Clothing,Comics,Harpercollins,55.84
ORD01473,CUST0656,2024-12-11,2024-12-16,Cancelled,Wallet,Mobile App,3653.2,867.61,49,Chennai,DL,2834.59,2024-12,2024,Charlie Thomas,Male,Home Office,Mumbai,MH,65.0,PROD164,5.0,834.85,2.3,4078.24,Lg Camera 401,Home & Kitchen,Camera,Nike,58.81
ORD01474,CUST0282,2024-12-12,2024-12-16,Pending,Credit Card,In-Store,4471.31,573.65,199,New York,LDN,4096.66,2024-12,2024,,,,,,,PROD055,2.0,4184.36,22.8,6460.65,Samsung Laptop 541,Electronics,Smartwatch,Adidas,19.97
ORD01474,CUST0282,2024-12-12,2024-12-16,Pending,Credit Card,In-Store,4471.31,573.65,199,New York,LDN,4096.66,2024-12,2024,,,,,,,PROD010,6.0,4891.45,32.7,19751.68,Apple Camera 553,Electronics,Smartwatch,Samsung,40.0
ORD01475,CUST0203,2024-12-12,2024-12-18,Delivered,Upi,Mobile App,24367.07,5037.87,199,Kolkata,TS,19528.2,2024-12,2024,Zoe Harris,Male,Corporate,Hyderabad,TS,46.0,PROD123,9.0,3211.13,0.0,28900.17,Apple Comics 186,Home & Kitchen,History,Nike,48.14
ORD01476,CUST0468,2024-12-13,2024-12-15,Returned,Upi,In-Store,48864.96,19032.27,99,Ahmedabad,RJ,29931.69,2024-12,2024,Arjun  Harris,Other,Consumer,Jaipur,RJ,24.0,PROD098,6.0,3326.29,17.3,16505.05,Samsung Science 652,Books,Fiction,Apple,45.81
ORD01477,CUST0339,2024-12-14,2024-12-19,Shipped,Upi,In-Store,37171.83,10842.67,99,New York,MH,26428.16,2024-12,2024,Olivia Taylor,Male,Home Office,Mumbai,MH,46.0,PROD165,2.0,1159.18,16.4,1938.15,Nike Appliances 352,Home & Kitchen,Furniture,Nike,38.62
ORD01479,CUST0210,2024-12-15,2024-12-18,Shipped,Credit Card,In-Store,42930.24,5393.05,149,Surat,ON,37686.19,2024-12,2024,Arjun Shah,Female,Corporate,New York,NY,41.0,PROD106,3.0,1985.92,0.0,5957.76,Samsung Self-Help 140,Books,Non-Fiction,Apple,48.39
ORD01480,CUST0589,2024-12-16,2024-12-21,Cancelled,Upi,Online,19677.36,6277.41,49,Delhi,KA,13448.95,2024-12,2024,Nick Thompson,Male,Corporate,Chennai,TN,46.0,,,,,,,,,,
ORD01482,CUST0446,2024-12-17,2024-12-24,Shipped,Wallet,Online,20584.81,6960.76,0,Hyderabad,LDN,13624.05,2024-12,2024,Grace Shah,Male,Consumer,Sydney,NSW,46.0,PROD072,9.0,1920.05,32.5,11664.3,Philips History 903,Electronics,History,Prestige,10.66
ORD01483,CUST0786,2024-12-18,2024-12-25,Shipped,Upi,In-Store,32890.94,11732.56,149,Hyderabad,GJ,21307.38,2024-12,2024,Arjun Moore,Female,Corporate,Toronto,ON,46.0,PROD019,10.0,1982.21,24.8,14906.22,Philips Cycling 881,Books,Swimming,Nike,33.52
ORD01483,CUST0786,2024-12-18,2024-12-25,Shipped,Upi,In-Store,32890.94,11732.56,149,Hyderabad,GJ,21307.38,2024-12,2024,Arjun Moore,Female,Corporate,Toronto,ON,46.0,PROD011,6.0,1163.74,2.6,6800.9,Prestige History 742,Sports,Science,Harpercollins,52.96
ORD01483,CUST0786,2024-12-18,2024-12-25,Shipped,Upi,In-Store,32890.94,11732.56,149,Hyderabad,GJ,21307.38,2024-12,2024,Arjun Moore,Female,Corporate,Toronto,ON,46.0,PROD094,4.0,172.78,35.0,449.23,Adidas Comics 457,Sports,Self-Help,Philips,53.91
ORD01483,CUST0786,2024-12-18,2024-12-25,Shipped,Upi,In-Store,32890.94,11732.56,149,Hyderabad,GJ,21307.38,2024-12,2024,Arjun Moore,Female,Corporate,Toronto,ON,46.0,PROD044,7.0,2690.81,30.7,13053.12,Penguin Saree 425,Sports,Jeans,Adidas,45.75
ORD01483,CUST0786,2024-12-18,2024-12-25,Shipped,Upi,In-Store,32890.94,11732.56,149,Hyderabad,GJ,21307.38,2024-12,2024,Arjun Moore,Female,Corporate,Toronto,ON,46.0,PROD009,10.0,432.03,22.7,3339.59,Prestige Decor 300,Clothing,Bedding,Apple,14.3
ORD01484,CUST0587,2024-12-19,2024-12-22,Cancelled,Upi,Online,43712.64,13.57,149,London,NY,43848.07,2024-12,2024,Iris Jones,Other,Consumer,Hyderabad,TS,18.0,PROD006,5.0,2467.0,100.0,0.0,Apple Appliances 429,Home & Kitchen,Lighting,Apple,42.16
ORD01485,CUST0145,2024-12-20,2024-12-26,Returned,Net Banking,Mobile App,14529.17,318.1,199,New York,MH,14410.07,2024-12,2024,Bob Moore,Other,Consumer,London,LDN,46.0,PROD055,7.0,1294.54,23.5,6932.26,Samsung Laptop 541,Electronics,Smartwatch,Adidas,19.97
ORD01485,CUST0145,2024-12-20,2024-12-26,Returned,Net Banking,Mobile App,14529.17,318.1,199,New York,MH,14410.07,2024-12,2024,Bob Moore,Other,Consumer,London,LDN,46.0,PROD108,3.0,3000.47,39.4,5454.85,Samsung Saree 374,Electronics,Jacket,Philips,52.83
ORD01486,CUST0870,2024-12-20,2024-12-24,Cancelled,Debit Card,Mobile App,40452.92,10803.27,149,Surat,GJ,29798.65,2024-12,2024,Peter  Jackson,Other,Consumer,Chennai,TN,45.0,PROD017,9.0,3286.32,19.0,23957.27,Puma Furniture 159,Clothing,Lighting,Apple,25.19
ORD01486,CUST0870,2024-12-20,2024-12-24,Cancelled,Debit Card,Mobile App,40452.92,10803.27,149,Surat,GJ,29798.65,2024-12,2024,Peter  Jackson,Other,Consumer,Chennai,TN,45.0,PROD028,7.0,4260.52,14.2,25588.68,Apple Science 123,Clothing,History,Samsung,55.38
ORD01487,CUST0980,2024-12-21,2024-12-28,Returned,Upi,In-Store,3959.59,300.69,49,Delhi,NY,3707.9,2024-12,2024,Eve Wilson,Female,Corporate,New York,NY,54.0,PROD074,5.0,1263.74,10.1,5680.51,Reebok Non-Fiction 876,Home & Kitchen,Comics,Philips,40.32
ORD01489,CUST0031,2024-12-22,2024-12-27,Delivered,Upi,In-Store,14298.03,4314.06,0,Chennai,LDN,9983.97,2024-12,2024,,,,,,,PROD158,2.0,3544.87,31.0,4891.92,Nike Yoga 654,Home & Kitchen,Football,Samsung,56.49
ORD01490,CUST0886,2024-12-23,2024-12-24,Pending,Cod,Mobile App,30034.8,5833.87,199,Toronto,MH,24399.93,2024-12,2024,Charlie  Anderson,Female,Home Office,Chennai,TN,28.0,,,,,,,,,,
ORD01491,CUST0621,2024-12-24,2024-12-30,Shipped,Upi,Online,26943.55,2232.26,99,Bangalore,RJ,24810.29,2024-12,2024,Iris Shah,Female,Consumer,Surat,GJ,63.0,PROD200,5.0,196.08,10.4,878.44,Philips Yoga 695,Clothing,Yoga,Philips,54.73
ORD01492,CUST0115,2024-12-25,2024-12-31,Cancelled,Net Banking,In-Store,32856.54,5071.39,49,London,KA,27834.15,2024-12,2024,,,,,,,PROD144,1.0,4170.5,21.9,3257.16,Penguin Camera 300,Sports,Mobile,Samsung,50.16
ORD01493,CUST0893,2024-12-25,2024-12-28,Cancelled,Wallet,In-Store,48347.58,9149.92,199,Delhi,WB,39396.66,2024-12,2024,Zoe Taylor,Female,Corporate,Chennai,TN,24.0,PROD042,8.0,3025.58,15.7,20404.51,Apple Furniture 868,Books,Appliances,Apple,59.18
ORD01494,CUST0426,2024-12-26,2024-12-30,Returned,Upi,Mobile App,40883.28,5776.34,149,Jaipur,RJ,35255.94,2024-12,2024,Henry  Patel,Male,Home Office,New York,NY,46.0,PROD095,7.0,2159.94,25.3,11294.33,Lg Saree 263,Sports,Dress,Prestige,49.5
ORD01495,CUST0727,2024-12-27,2025-01-01,Returned,Wallet,Online,17590.82,247.57,199,New York,LDN,17542.25,2024-12,2024,Grace Williams,Female,Consumer,Kolkata,WB,46.0,PROD128,8.0,4766.63,5.6,35997.59,Lg Furniture 340,Electronics,Furniture,Samsung,54.16
ORD01495,CUST0727,2024-12-27,2025-01-01,Returned,Wallet,Online,17590.82,247.57,199,New York,LDN,17542.25,2024-12,2024,Grace Williams,Female,Consumer,Kolkata,WB,46.0,PROD133,1.0,3172.98,19.7,2547.9,Nike Swimming 562,Books,Football,Puma,14.61
ORD01495,CUST0727,2024-12-27,2025-01-01,Returned,Wallet,Online,17590.82,247.57,199,New York,LDN,17542.25,2024-12,2024,Grace Williams,Female,Consumer,Kolkata,WB,46.0,PROD109,5.0,2566.11,19.7,10302.93,Adidas Lighting 738,Electronics,Bedding,Samsung,54.83
ORD01496,CUST0406,2024-12-28,2025-01-04,Shipped,Credit Card,In-Store,37961.4,8143.52,49,Mumbai,MH,29866.88,2024-12,2024,Eve Jackson,Male,Corporate,New York,NY,33.0,PROD012,6.0,4189.24,18.5,20485.38,Nike Fiction 847,Books,Self-Help,Lg,50.71
ORD01496,CUST0406,2024-12-28,2025-01-04,Shipped,Credit Card,In-Store,37961.4,8143.52,49,Mumbai,MH,29866.88,2024-12,2024,Eve Jackson,Male,Corporate,New York,NY,33.0,PROD095,8.0,656.97,3.6,5066.55,Lg Saree 263,Sports,Dress,Prestige,49.5
ORD01496,CUST0406,2024-12-28,2025-01-04,Shipped,Credit Card,In-Store,37961.4,8143.52,49,Mumbai,MH,29866.88,2024-12,2024,Eve Jackson,Male,Corporate,New York,NY,33.0,PROD027,10.0,1441.68,16.1,12095.7,Harpercollins Saree 716,Home & Kitchen,Saree,Apple,18.1
ORD01497,CUST0227,2024-12-28,2024-12-30,Pending,Credit Card,In-Store,1810.31,346.98,49,Delhi,MH,1512.33,2024-12,2024,Karen Smith,Male,Corporate,Pune,MH,37.0,PROD072,8.0,4921.95,10.2,35359.29,Philips History 903,Electronics,History,Prestige,10.66
ORD01498,CUST0127,2024-12-29,2024-12-31,Pending,Credit Card,In-Store,188.7,48.18,199,Delhi,GJ,339.52,2024-12,2024,Charlie  Patel,Other,Home Office,Delhi,DL,63.0,,,,,,,,,,
ORD01499,CUST0433,2024-12-30,2025-01-04,Shipped,Cod,In-Store,43253.61,7741.16,49,Chennai,MH,35561.45,2024-12,2024,,,,,,,PROD024,2.0,3975.25,37.9,4937.26,Apple History 842,Books,Fiction,Nike,43.62
ORD01499,CUST0433,2024-12-30,2025-01-04,Shipped,Cod,In-Store,43253.61,7741.16,49,Chennai,MH,35561.45,2024-12,2024,,,,,,,PROD056,1.0,4915.24,34.7,3209.65,Sony Tablet 154,Sports,Camera,Nike,46.2
ORD01500,CUST0861,2024-12-31,2025-01-06,Cancelled,Wallet,In-Store,14207.62,2648.93,49,Mumbai,GJ,11607.69,2024-12,2024,Grace Taylor,Male,Consumer,Pune,MH,46.0,PROD021,1.0,3361.74,17.4,2776.8,Nike Decor 240,Sports,Bedding,Apple,58.93
