item_id,order_id,product_id,quantity,unit_price,item_total,discount_pct
ITEM00001,ORD00127,PROD183,4,1984.59,0.0,100.0
ITEM00002,ORD00902,PROD076,3,2533.44,5008.61,34.1
ITEM00003,ORD00493,PROD047,5,3847.5,15274.58,20.6
ITEM00004,ORD01271,PROD034,4,3273.94,7870.55,39.9
ITEM00005,ORD01056,PROD152,5,4537.99,21510.07,5.2
ITEM00006,ORD00897,PROD198,4,4648.88,17740.13,4.6
ITEM00007,ORD00161,PROD099,5,577.76,1961.5,32.1
ITEM00008,ORD01328,PROD195,7,2273.21,14989.55,5.8
ITEM00009,ORD01373,PROD105,9,3376.48,22153.09,27.1
ITEM00010,ORD00596,PROD085,6,2687.85,15594.91,3.3
ITEM00011,ORD01047,PROD027,2,320.28,600.2,6.3
ITEM00012,ORD00593,PROD078,3,4892.77,11272.94,23.2
ITEM00013,ORD01396,PROD066,4,3282.94,8089.16,38.4
ITEM00014,ORD00659,PROD176,8,2389.91,0.0,100.0
ITEM00015,ORD00555,PROD067,2,2184.24,4342.27,0.6
ITEM00016,ORD00631,PROD131,3,4635.2,12973.92,6.7
ITEM00017,ORD00408,PROD097,9,122.22,852.48,22.5
ITEM00018,ORD00061,PROD087,10,1044.48,6914.46,33.8
ITEM00019,ORD00009,PROD118,6,1999.87,9251.4,22.9
ITEM00020,ORD00951,PROD070,10,740.83,4956.15,33.1
ITEM00021,ORD01323,PROD051,4,3357.74,12101.29,9.9
ITEM00022,ORD00599,PROD007,6,3892.76,16886.79,27.7
ITEM00023,ORD00691,PROD104,3,4945.59,13353.09,10.0
ITEM00024,ORD01384,PROD040,6,2316.28,11507.28,17.2
ITEM00025,ORD00924,PROD006,2,1868.68,3737.36,0.0
ITEM00027,ORD00961,PROD136,6,4588.52,18115.48,34.2
ITEM00028,ORD00596,PROD017,1,3504.03,2603.49,25.7
ITEM00029,ORD00249,PROD080,2,4114.71,0.0,100.0
ITEM00030,ORD01328,PROD174,4,668.8,2562.84,4.2
ITEM00031,ORD00602,PROD174,5,3101.84,13353.42,13.9
ITEM00033,ORD00710,PROD163,1,2518.66,2135.82,15.2
ITEM00034,ORD00206,PROD077,4,1275.23,3284.99,35.6
ITEM00035,ORD01027,PROD145,10,442.76,3391.54,23.4
ITEM00036,ORD00431,PROD158,5,1025.03,4792.02,6.5
ITEM00037,ORD00199,PROD161,7,1229.89,6741.03,21.7
ITEM00038,ORD00823,PROD032,2,4537.4,7777.1,14.3
ITEM00039,ORD00501,PROD151,1,3708.31,3500.64,5.6
ITEM00040,ORD00411,PROD130,7,653.6,3811.14,16.7
ITEM00041,ORD00359,PROD180,5,381.99,1875.57,1.8
ITEM00042,ORD00752,PROD113,2,1290.93,1980.29,23.3
ITEM00043,ORD00455,PROD037,3,2120.41,3899.43,38.7
ITEM00044,ORD00497,PROD013,3,724.95,1931.27,11.2
ITEM00045,ORD01446,PROD045,9,4490.42,27804.68,31.2
ITEM00046,ORD00888,PROD152,1,120.78,72.83,39.7
ITEM00048,ORD00082,PROD021,6,2128.55,8071.46,36.8
ITEM00049,ORD00681,PROD017,5,596.79,2688.54,9.9
ITEM00050,ORD00936,PROD054,1,1518.67,1309.09,13.8
ITEM00051,ORD00724,PROD003,2,4465.12,6563.73,26.5
ITEM00052,ORD00949,PROD195,8,3281.89,26255.12,0.0
ITEM00053,ORD01409,PROD002,8,3771.59,22901.09,24.1
ITEM00054,ORD01036,PROD133,7,1955.09,12152.84,11.2
ITEM00056,ORD00828,PROD061,3,2951.27,8375.7,5.4
ITEM00057,ORD00115,PROD166,2,2480.51,3601.7,27.4
ITEM00058,ORD00929,PROD056,8,2669.64,13497.7,36.8
ITEM00059,ORD00120,PROD150,8,1834.93,11802.27,19.6
ITEM00060,ORD00383,PROD031,2,3450.35,4202.53,39.1
ITEM00061,ORD00690,PROD075,10,892.33,5853.68,34.4
ITEM00062,ORD00048,PROD022,9,2187.38,13918.3,29.3
ITEM00063,ORD00935,PROD149,8,741.48,4122.63,30.5
ITEM00064,ORD01473,PROD181,1,1266.48,952.39,24.8
ITEM00065,ORD00782,PROD141,4,490.36,1365.16,30.4
ITEM00068,ORD00092,PROD020,6,2639.2,11686.38,26.2
ITEM00069,ORD00792,PROD180,3,2869.09,6997.71,18.7
ITEM00070,ORD01179,PROD163,10,2314.42,15622.34,32.5
ITEM00071,ORD01313,PROD113,4,1621.04,4655.63,28.2
ITEM00072,ORD01380,PROD152,4,3268.33,11857.5,9.3
ITEM00073,ORD00732,PROD106,6,1778.03,8950.6,16.1
ITEM00074,ORD00040,PROD064,4,3302.4,11360.26,14.0
ITEM00075,ORD01056,PROD050,10,1809.24,13569.3,25.0
ITEM00076,ORD00740,PROD006,2,2346.68,4313.2,8.1
ITEM00077,ORD01458,PROD161,7,4524.59,0.0,100.0
ITEM00078,ORD00304,PROD087,2,3885.82,7499.63,3.5
ITEM00079,ORD00874,PROD001,7,4674.64,20124.33,38.5
ITEM00080,ORD00168,PROD117,3,2979.96,6633.39,25.8
ITEM00081,ORD00097,PROD193,5,730.07,3288.97,9.9
ITEM00082,ORD00862,PROD072,10,2314.99,14051.99,39.3
ITEM00083,ORD01051,PROD147,1,497.76,364.86,26.7
ITEM00084,ORD01263,PROD087,8,4075.29,31852.47,2.3
ITEM00085,ORD00840,PROD014,10,1598.4,13794.19,13.7
ITEM00086,ORD00763,PROD073,1,979.97,626.2,36.1
ITEM00087,ORD00709,PROD073,3,664.79,1320.27,33.8
ITEM00088,ORD00429,PROD062,1,3187.86,2218.75,30.4
ITEM00089,ORD00279,PROD044,5,4086.77,17675.28,13.5
ITEM00090,ORD00790,PROD113,1,514.56,368.42,28.4
ITEM00091,ORD00522,PROD025,4,3028.05,11397.58,5.9
ITEM00092,ORD01017,PROD152,5,983.62,4278.75,13.0
ITEM00093,ORD00556,PROD043,9,502.15,4306.94,4.7
ITEM00094,ORD00220,PROD147,6,1601.18,8089.16,15.8
ITEM00095,ORD01329,PROD143,2,3379.18,5933.84,12.2
ITEM00096,ORD01453,PROD167,9,1522.75,12485.03,8.9
ITEM00097,ORD00532,PROD002,6,121.69,598.71,18.0
ITEM00098,ORD00132,PROD037,4,4711.22,11382.31,39.6
ITEM00099,ORD00370,PROD181,10,3060.1,22032.72,28.0
ITEM00101,ORD00558,PROD072,8,526.15,4028.2,4.3
ITEM00102,ORD00029,PROD167,4,4696.58,16926.47,9.9
ITEM00103,ORD01382,PROD068,4,2473.12,8814.2,10.9
ITEM00104,ORD00533,PROD196,8,680.01,5091.91,6.4
ITEM00105,ORD00401,PROD029,5,2809.21,12557.17,10.6
ITEM00106,ORD01165,PROD105,7,2061.12,9681.08,32.9
ITEM00107,ORD00893,PROD023,4,4003.25,11753.54,26.6
ITEM00108,ORD01066,PROD173,3,2340.22,5174.23,26.3
ITEM00109,ORD00581,PROD097,1,4672.0,3588.1,23.2
ITEM00110,ORD01055,PROD152,4,3201.11,9398.46,26.6
ITEM00111,ORD00431,PROD055,9,4863.54,42633.79,2.6
ITEM00112,ORD00652,PROD176,5,4071.16,19439.79,4.5
ITEM00113,ORD01195,PROD105,10,395.86,3582.53,9.5
ITEM00114,ORD00795,PROD046,4,2277.12,5820.32,36.1
ITEM00115,ORD00103,PROD070,8,1765.86,10496.27,25.7
ITEM00116,ORD00015,PROD015,8,3356.39,22904.01,14.7
ITEM00117,ORD00011,PROD134,2,2136.04,3357.85,21.4
ITEM00118,ORD00138,PROD190,7,4289.06,29693.16,1.1
ITEM00119,ORD01131,PROD135,1,3599.85,2710.69,24.7
ITEM00120,ORD01352,PROD197,4,1991.87,7816.1,1.9
ITEM00121,ORD01406,PROD085,10,4051.4,39987.32,1.3
ITEM00122,ORD00319,PROD030,1,3176.13,3176.13,0.0
ITEM00123,ORD00016,PROD168,8,2019.97,12200.62,24.5
ITEM00124,ORD01052,PROD167,1,4243.53,3335.41,21.4
ITEM00125,ORD01000,PROD110,9,1632.06,9195.03,37.4
ITEM00126,ORD00217,PROD060,4,2725.01,10071.64,7.6
ITEM00127,ORD00794,PROD034,1,4502.59,3439.98,23.6
ITEM00128,ORD01295,PROD062,6,2596.67,13149.54,15.6
ITEM00129,ORD00444,PROD130,8,4429.31,35186.44,0.7
ITEM00130,ORD01088,PROD027,8,870.21,5012.41,28.0
ITEM00131,ORD01130,PROD051,4,1482.01,4866.92,17.9
ITEM00132,ORD00250,PROD126,5,4109.22,20546.1,0.0
ITEM00133,ORD01214,PROD004,7,4285.57,23189.22,22.7
ITEM00134,ORD00442,PROD189,6,1518.6,7544.4,17.2
ITEM00135,ORD01456,PROD082,6,2500.65,15003.9,0.0
ITEM00136,ORD01387,PROD124,9,1863.93,13772.58,17.9
ITEM00137,ORD01192,PROD183,10,3389.37,32470.16,4.2
ITEM00139,ORD01313,PROD076,4,3541.43,0.0,100.0
ITEM00140,ORD00298,PROD020,7,3696.98,17287.08,33.2
ITEM00141,ORD00977,PROD010,10,840.79,0.0,100.0
ITEM00142,ORD00167,PROD063,5,1725.63,6125.99,29.0
ITEM00143,ORD01160,PROD122,4,2293.14,8172.75,10.9
ITEM00144,ORD00195,PROD106,5,396.93,1419.02,28.5
ITEM00145,ORD01037,PROD041,3,3113.2,8639.13,7.5
ITEM00146,ORD01214,PROD045,8,818.52,4275.95,34.7
ITEM00147,ORD01180,PROD107,4,1840.43,6228.02,15.4
ITEM00148,ORD00452,PROD187,4,3050.25,10956.5,10.2
ITEM00149,ORD01145,PROD086,5,2860.44,12900.58,9.8
ITEM00150,ORD00217,PROD154,7,3400.51,14710.61,38.2
ITEM00151,ORD01251,PROD069,1,4609.68,4337.71,5.9
ITEM00152,ORD01095,PROD032,5,3770.05,14948.25,20.7
ITEM00153,ORD00979,PROD184,8,2553.61,19407.44,5.0
ITEM00154,ORD01237,PROD084,7,3057.45,13504.76,36.9
ITEM00155,ORD00264,PROD033,1,3416.04,2654.26,22.3
ITEM00156,ORD00198,PROD093,9,835.91,4513.91,40.0
ITEM00157,ORD00847,PROD137,9,1668.55,13590.34,9.5
ITEM00158,ORD00681,PROD054,3,2875.78,6565.41,23.9
ITEM00159,ORD00006,PROD135,3,1093.04,3279.12,0.0
ITEM00160,ORD00200,PROD090,3,2464.82,7394.46,0.0
ITEM00161,ORD01075,PROD022,7,4612.97,30740.83,4.8
ITEM00162,ORD00152,PROD111,1,3651.9,3465.65,5.1
ITEM00163,ORD00954,PROD060,4,1303.91,4855.76,6.9
ITEM00164,ORD00742,PROD081,7,571.51,3152.45,21.2
ITEM00165,ORD00936,PROD127,7,480.32,2491.42,25.9
ITEM00166,ORD00863,PROD133,3,2535.66,5712.84,24.9
ITEM00167,ORD00017,PROD019,9,4780.86,30334.56,29.5
ITEM00168,ORD00211,PROD031,5,3040.15,14607.92,3.9
ITEM00169,ORD01048,PROD106,10,1833.12,17634.61,3.8
ITEM00170,ORD00066,PROD073,7,4010.01,28070.07,0.0
ITEM00171,ORD01065,PROD199,9,4876.33,38444.99,12.4
ITEM00173,ORD01460,PROD183,8,2133.1,11621.13,31.9
ITEM00174,ORD00901,PROD112,4,2495.1,0.0,100.0
ITEM00176,ORD00655,PROD129,1,430.06,370.71,13.8
ITEM00177,ORD00257,PROD071,1,79.22,66.15,16.5
ITEM00178,ORD00259,PROD123,4,412.32,1528.88,7.3
ITEM00180,ORD00269,PROD049,3,2450.92,5007.23,31.9
ITEM00182,ORD01223,PROD176,1,4492.95,4335.7,3.5
ITEM00183,ORD00178,PROD159,8,3196.24,22961.79,10.2
ITEM00184,ORD00684,PROD016,1,3510.82,2647.16,24.6
ITEM00185,ORD00264,PROD026,2,4758.53,9260.1,2.7
ITEM00186,ORD01406,PROD199,4,4113.1,11829.28,28.1
ITEM00187,ORD01062,PROD016,4,1323.03,5292.12,0.0
ITEM00188,ORD01259,PROD046,8,612.98,4246.73,13.4
ITEM00189,ORD00461,PROD155,5,2205.05,9702.22,12.0
ITEM00190,ORD00345,PROD167,9,2288.37,17114.72,16.9
ITEM00191,ORD01046,PROD026,1,4226.64,2667.01,36.9
ITEM00192,ORD00220,PROD087,9,97.87,842.07,4.4
ITEM00193,ORD00827,PROD134,10,3225.49,25126.57,22.1
ITEM00194,ORD00894,PROD198,1,173.79,141.99,18.3
ITEM00195,ORD00691,PROD173,5,3504.58,11827.96,32.5
ITEM00196,ORD00165,PROD088,6,975.17,4487.73,23.3
ITEM00197,ORD00999,PROD176,1,4426.08,2814.99,36.4
ITEM00198,ORD01002,PROD031,10,1764.3,11291.52,36.0
ITEM00199,ORD00412,PROD026,4,878.95,2949.76,16.1
ITEM00200,ORD00160,PROD142,2,2034.41,3820.62,6.1
ITEM00201,ORD00423,PROD095,8,3983.59,28076.34,11.9
ITEM00202,ORD00171,PROD135,10,84.94,849.4,0.0
ITEM00203,ORD01259,PROD021,5,3782.36,11517.29,39.1
ITEM00204,ORD00944,PROD031,3,251.94,577.45,23.6
ITEM00205,ORD00594,PROD014,6,1083.14,5446.03,16.2
ITEM00206,ORD01167,PROD025,6,3970.11,16364.79,31.3
ITEM00208,ORD00237,PROD099,5,2533.91,8830.68,30.3
ITEM00209,ORD00491,PROD012,8,358.31,2364.85,17.5
ITEM00210,ORD00668,PROD034,10,2486.08,22648.19,8.9
ITEM00211,ORD00282,PROD049,1,3269.54,2226.56,31.9
ITEM00212,ORD01461,PROD197,6,4672.13,22286.06,20.5
ITEM00213,ORD01002,PROD191,2,2512.88,3879.89,22.8
ITEM00214,ORD01386,PROD095,8,1249.75,8158.37,18.4
ITEM00215,ORD00874,PROD064,2,4241.42,7066.21,16.7
ITEM00216,ORD00374,PROD087,2,495.45,651.02,34.3
ITEM00217,ORD00706,PROD163,7,4482.19,28488.8,9.2
ITEM00218,ORD00702,PROD152,10,3002.86,24983.8,16.8
ITEM00219,ORD01264,PROD102,6,367.87,1326.54,39.9
ITEM00220,ORD00506,PROD131,8,4019.76,29939.17,6.9
ITEM00221,ORD01008,PROD042,5,2726.81,11807.09,13.4
ITEM00222,ORD00867,PROD131,9,2802.95,16170.22,35.9
ITEM00223,ORD01351,PROD152,5,4155.82,12716.81,38.8
ITEM00224,ORD00758,PROD004,5,2737.97,11855.41,13.4
ITEM00225,ORD00129,PROD025,9,646.33,3635.61,37.5
ITEM00226,ORD00191,PROD070,5,4113.68,12999.23,36.8
ITEM00227,ORD01063,PROD013,7,2350.37,15909.65,3.3
ITEM00229,ORD00657,PROD030,3,3961.23,10861.69,8.6
ITEM00230,ORD00896,PROD036,8,4356.51,23037.22,33.9
ITEM00231,ORD00869,PROD178,3,3344.13,6390.63,36.3
ITEM00232,ORD01283,PROD063,4,1561.4,5433.67,13.0
ITEM00233,ORD00692,PROD087,3,1646.85,4500.84,8.9
ITEM00234,ORD00226,PROD110,6,3198.75,11534.69,39.9
ITEM00235,ORD00786,PROD059,10,2800.36,22738.92,18.8
ITEM00236,ORD00440,PROD021,3,4893.43,10100.04,31.2
ITEM00237,ORD01221,PROD103,4,1114.05,2807.41,37.0
ITEM00238,ORD00225,PROD127,1,858.87,584.89,31.9
ITEM00239,ORD00934,PROD098,4,2897.86,11069.83,4.5
ITEM00240,ORD00348,PROD102,9,1576.26,11902.34,16.1
ITEM00241,ORD00961,PROD013,8,1279.89,9338.08,8.8
ITEM00242,ORD00196,PROD037,6,697.81,3889.59,7.1
ITEM00243,ORD00676,PROD116,7,3324.49,16406.36,29.5
ITEM00244,ORD00516,PROD025,4,1700.78,5877.9,13.6
ITEM00245,ORD01096,PROD102,5,4480.02,15433.67,31.1
ITEM00246,ORD01420,PROD144,2,2084.51,2613.98,37.3
ITEM00247,ORD00398,PROD150,5,3471.22,15707.27,9.5
ITEM00248,ORD00847,PROD047,5,4417.08,20760.28,6.0
ITEM00249,ORD00353,PROD119,4,2035.7,5471.96,32.8
ITEM00250,ORD01096,PROD136,4,1015.04,3106.02,23.5
ITEM00251,ORD00191,PROD163,6,4006.1,14902.69,38.0
ITEM00252,ORD00400,PROD143,5,1056.76,5151.7,2.5
ITEM00253,ORD00589,PROD143,2,2362.58,3496.62,26.0
ITEM00254,ORD00249,PROD071,10,1695.63,16634.13,1.9
ITEM00255,ORD00480,PROD120,9,2680.82,22583.23,6.4
ITEM00256,ORD00684,PROD132,7,1226.3,5210.55,39.3
ITEM00257,ORD00049,PROD198,2,658.93,1047.7,20.5
ITEM00258,ORD00385,PROD176,10,909.51,8749.49,3.8
ITEM00259,ORD00414,PROD118,10,4398.29,26521.69,39.7
ITEM00260,ORD00581,PROD023,4,1649.88,4428.28,32.9
ITEM00261,ORD00824,PROD140,8,1904.55,13194.72,13.4
ITEM00262,ORD00026,PROD020,1,352.72,215.86,38.8
ITEM00263,ORD01462,PROD158,2,3994.84,7710.04,3.5
ITEM00264,ORD00970,PROD051,3,4591.14,9338.38,32.2
ITEM00265,ORD00638,PROD137,9,899.01,7516.62,7.1
ITEM00266,ORD01214,PROD059,9,504.36,4194.26,7.6
ITEM00267,ORD00852,PROD079,4,3726.79,13744.4,7.8
ITEM00268,ORD01300,PROD128,3,1577.27,4731.81,0.0
ITEM00270,ORD00904,PROD114,2,3640.7,4652.81,36.1
ITEM00271,ORD00668,PROD192,4,3762.26,10850.36,27.9
ITEM00272,ORD00914,PROD012,3,4004.95,10260.68,14.6
ITEM00275,ORD00606,PROD004,3,3649.38,10291.25,6.0
ITEM00276,ORD00877,PROD166,5,3819.62,15641.34,18.1
ITEM00277,ORD01434,PROD196,10,2728.61,21992.6,19.4
ITEM00278,ORD00646,PROD190,4,3212.41,12631.2,1.7
ITEM00279,ORD00624,PROD184,2,1358.15,2317.0,14.7
ITEM00280,ORD01452,PROD066,1,4259.81,3079.84,27.7
ITEM00281,ORD00519,PROD122,8,2551.01,12408.11,39.2
ITEM00282,ORD01104,PROD060,2,1465.29,2485.13,15.2
ITEM00283,ORD00292,PROD001,1,3226.11,2180.85,32.4
ITEM00284,ORD00236,PROD161,9,4590.91,38467.23,6.9
ITEM00285,ORD01056,PROD143,3,2618.15,7705.22,1.9
ITEM00286,ORD01001,PROD008,10,1402.64,12385.31,11.7
ITEM00287,ORD00446,PROD048,4,4482.19,16279.31,9.2
ITEM00289,ORD01143,PROD043,10,3224.5,28246.62,12.4
ITEM00290,ORD01351,PROD025,1,2371.78,1743.26,26.5
ITEM00291,ORD00363,PROD056,4,3045.96,8285.01,32.0
ITEM00292,ORD00217,PROD030,5,4095.67,17570.42,14.2
ITEM00293,ORD00261,PROD181,7,3723.27,19807.8,24.0
ITEM00294,ORD00676,PROD021,7,3113.91,16326.23,25.1
ITEM00295,ORD00668,PROD179,10,2124.76,20695.16,2.6
ITEM00296,ORD01045,PROD077,7,134.6,892.26,5.3
ITEM00297,ORD01113,PROD131,2,331.86,620.58,6.5
ITEM00298,ORD01003,PROD045,3,1929.46,5771.01,0.3
ITEM00299,ORD00965,PROD080,1,4388.42,3308.87,24.6
ITEM00300,ORD00573,PROD162,1,2533.46,2318.12,8.5
ITEM00301,ORD00082,PROD024,7,1898.83,8971.97,32.5
ITEM00302,ORD00720,PROD190,8,3875.77,27812.53,10.3
ITEM00303,ORD00119,PROD078,8,3627.54,17992.6,38.0
ITEM00304,ORD00447,PROD189,6,2320.8,13270.33,4.7
ITEM00305,ORD00134,PROD060,6,3650.73,17545.41,19.9
ITEM00306,ORD00698,PROD006,6,4694.15,20363.22,27.7
ITEM00307,ORD00136,PROD071,10,4236.22,41091.33,3.0
ITEM00308,ORD00426,PROD195,3,4267.9,9666.79,24.5
ITEM00309,ORD00636,PROD076,3,3124.77,5793.32,38.2
ITEM00310,ORD01363,PROD080,6,4392.98,22219.69,15.7
ITEM00311,ORD00777,PROD098,10,4753.53,41213.11,13.3
ITEM00312,ORD00765,PROD146,4,3340.63,13108.63,1.9
ITEM00313,ORD00111,PROD119,9,1348.03,8116.49,33.1
ITEM00314,ORD01118,PROD137,3,1450.2,3419.57,21.4
ITEM00315,ORD01444,PROD161,6,1145.81,5919.25,13.9
ITEM00316,ORD01358,PROD151,4,3394.79,13579.16,0.0
ITEM00317,ORD00852,PROD076,6,847.07,4355.63,14.3
ITEM00319,ORD01420,PROD084,7,3963.49,19171.4,30.9
ITEM00320,ORD00857,PROD145,9,3014.15,24631.63,9.2
ITEM00321,ORD01270,PROD106,3,3271.0,9096.65,7.3
ITEM00322,ORD01153,PROD057,4,3312.11,12360.79,6.7
ITEM00323,ORD00879,PROD077,10,376.49,3490.06,7.3
ITEM00324,ORD01413,PROD149,4,1051.55,3289.25,21.8
ITEM00325,ORD00449,PROD193,9,4085.25,36436.34,0.9
ITEM00326,ORD01118,PROD005,4,2127.21,7113.39,16.4
ITEM00327,ORD01005,PROD195,1,3170.78,2270.28,28.4
ITEM00328,ORD00546,PROD006,9,2724.42,19885.54,18.9
ITEM00329,ORD00601,PROD024,10,1239.46,10845.28,12.5
ITEM00330,ORD00982,PROD152,7,2518.42,10841.8,38.5
ITEM00331,ORD01008,PROD116,7,1743.24,9493.69,22.2
ITEM00332,ORD00161,PROD108,5,1687.58,7011.89,16.9
ITEM00333,ORD00468,PROD135,9,598.59,5031.75,6.6
ITEM00334,ORD00631,PROD185,6,3869.01,20474.8,11.8
ITEM00335,ORD00178,PROD187,7,3140.1,19694.71,10.4
ITEM00336,ORD00339,PROD156,1,2709.91,1948.43,28.1
ITEM00337,ORD00696,PROD058,4,3281.37,8570.94,34.7
ITEM00338,ORD00489,PROD064,2,1591.06,2666.62,16.2
ITEM00339,ORD01314,PROD071,1,2349.32,2100.29,10.6
ITEM00340,ORD01063,PROD093,7,120.32,658.63,21.8
ITEM00341,ORD01426,PROD002,2,3744.43,5818.84,22.3
ITEM00342,ORD01311,PROD016,3,581.44,1596.05,8.5
ITEM00343,ORD00510,PROD067,9,4921.15,32243.37,27.2
ITEM00344,ORD00540,PROD027,10,2295.38,15631.54,31.9
ITEM00345,ORD00179,PROD159,10,1669.6,11420.06,31.6
ITEM00346,ORD00053,PROD094,1,830.53,730.04,12.1
ITEM00347,ORD00869,PROD023,10,1070.91,9188.41,14.2
ITEM00348,ORD00755,PROD171,3,2708.21,5597.87,31.1
ITEM00349,ORD00940,PROD023,2,2979.12,4206.52,29.4
ITEM00350,ORD00278,PROD051,5,4159.25,18071.94,13.1
ITEM00351,ORD01252,PROD162,6,3143.46,17521.65,7.1
ITEM00352,ORD01496,PROD012,6,4189.24,20485.38,18.5
ITEM00353,ORD01485,PROD055,7,1294.54,6932.26,23.5
ITEM00354,ORD01272,PROD007,1,1326.25,1124.66,15.2
ITEM00355,ORD00913,PROD114,9,1909.62,16739.73,2.6
ITEM00356,ORD00864,PROD199,1,3947.94,3032.02,23.2
ITEM00357,ORD00784,PROD100,6,3834.27,14700.59,36.1
ITEM00358,ORD00751,PROD100,1,3755.62,3150.97,16.1
ITEM00359,ORD00864,PROD019,3,3805.91,9602.31,15.9
ITEM00360,ORD00322,PROD123,9,3503.51,29860.42,5.3
ITEM00361,ORD01461,PROD002,8,2443.61,16792.49,14.1
ITEM00362,ORD00088,PROD100,5,3520.21,12391.14,29.6
ITEM00363,ORD00863,PROD180,2,1146.72,1449.45,36.8
ITEM00364,ORD01022,PROD028,3,4019.36,8561.24,29.0
ITEM00365,ORD01294,PROD100,8,1651.89,8801.27,33.4
ITEM00366,ORD00101,PROD176,9,3572.57,21349.68,33.6
ITEM00367,ORD00484,PROD186,9,3784.49,0.0,100.0
ITEM00368,ORD01243,PROD103,2,4799.39,7899.8,17.7
ITEM00369,ORD00478,PROD143,9,4680.91,38463.04,8.7
ITEM00370,ORD00439,PROD188,6,1855.79,6847.87,38.5
ITEM00371,ORD00770,PROD069,7,2820.41,19525.7,1.1
ITEM00372,ORD00903,PROD106,4,2131.86,6438.22,24.5
ITEM00373,ORD01393,PROD080,1,1741.09,1462.52,16.0
ITEM00374,ORD00998,PROD177,2,4324.91,8476.82,2.0
ITEM00375,ORD00931,PROD138,4,977.46,2396.73,38.7
ITEM00376,ORD00525,PROD173,3,1897.3,4411.22,22.5
ITEM00377,ORD00638,PROD035,3,3224.13,9333.86,3.5
ITEM00378,ORD00195,PROD165,5,2812.31,10461.79,25.6
ITEM00379,ORD00069,PROD008,9,1555.65,10920.66,22.0
ITEM00380,ORD01401,PROD154,10,4952.49,31002.59,37.4
ITEM00381,ORD01145,PROD134,4,339.35,1311.25,3.4
ITEM00382,ORD00516,PROD126,4,1973.97,7232.63,8.4
ITEM00383,ORD00416,PROD033,6,4077.83,21335.21,12.8
ITEM00384,ORD01199,PROD136,1,4709.39,3536.75,24.9
ITEM00385,ORD00961,PROD080,1,597.45,445.1,25.5
ITEM00386,ORD00250,PROD197,2,2874.81,5726.62,0.4
ITEM00387,ORD00230,PROD134,1,4192.43,4192.43,0.0
ITEM00388,ORD01065,PROD019,1,2129.3,2048.39,3.8
ITEM00389,ORD00381,PROD132,6,2115.03,10583.61,16.6
ITEM00390,ORD01444,PROD028,6,1988.38,9532.29,20.1
ITEM00392,ORD00026,PROD100,1,1124.59,1091.98,2.9
ITEM00393,ORD00447,PROD147,3,1577.26,3397.42,28.2
ITEM00394,ORD01375,PROD101,7,1074.74,7034.17,6.5
ITEM00395,ORD00564,PROD155,6,4203.31,18006.98,28.6
ITEM00396,ORD00073,PROD036,3,113.69,229.54,32.7
ITEM00397,ORD01275,PROD058,7,4291.89,18536.67,38.3
ITEM00398,ORD00503,PROD200,7,4834.59,22031.23,34.9
ITEM00399,ORD00687,PROD072,2,3565.35,4777.57,33.0
ITEM00400,ORD01047,PROD066,2,2359.83,3379.28,28.4
ITEM00401,ORD00376,PROD066,7,2148.3,11474.07,23.7
ITEM00402,ORD00978,PROD015,10,1553.41,14275.84,8.1
ITEM00403,ORD01402,PROD084,7,4760.7,0.0,100.0
ITEM00404,ORD00233,PROD095,4,1045.21,2926.59,30.0
ITEM00405,ORD00995,PROD113,10,1426.49,12767.09,10.5
ITEM00406,ORD00406,PROD037,4,1757.93,6096.5,13.3
ITEM00407,ORD01408,PROD080,4,818.74,3274.96,0.0
ITEM00408,ORD01495,PROD128,8,4766.63,35997.59,5.6
ITEM00409,ORD00277,PROD194,6,284.81,1042.4,39.0
ITEM00410,ORD00109,PROD119,6,2043.9,9087.18,25.9
ITEM00411,ORD00433,PROD044,3,3519.99,8194.54,22.4
ITEM00412,ORD00164,PROD022,10,1495.94,14196.47,5.1
ITEM00413,ORD01361,PROD057,10,4783.19,40991.94,14.3
ITEM00414,ORD00023,PROD200,1,4539.33,4439.46,2.2
ITEM00415,ORD00896,PROD147,8,2508.43,15110.78,24.7
ITEM00416,ORD00814,PROD105,2,2070.64,2488.91,39.9
ITEM00417,ORD00809,PROD051,9,4516.02,30036.05,26.1
ITEM00418,ORD00577,PROD167,7,587.18,2938.84,28.5
ITEM00420,ORD01439,PROD040,5,2922.99,14205.73,2.8
ITEM00421,ORD00737,PROD007,5,3714.75,15546.23,16.3
ITEM00422,ORD00198,PROD182,7,4324.03,24971.27,17.5
ITEM00423,ORD01028,PROD150,9,4228.99,24130.62,36.6
ITEM00424,ORD00547,PROD020,1,3549.82,2314.48,34.8
ITEM00425,ORD00973,PROD105,6,3615.3,16941.3,21.9
ITEM00426,ORD01042,PROD002,4,2843.39,9656.15,15.1
ITEM00428,ORD01021,PROD070,5,480.45,2385.43,0.7
ITEM00429,ORD01467,PROD150,9,3886.26,34976.34,0.0
ITEM00430,ORD01316,PROD174,8,2697.79,19661.49,8.9
ITEM00431,ORD01275,PROD076,3,193.89,513.61,11.7
ITEM00432,ORD00957,PROD029,4,2775.37,10279.97,7.4
ITEM00433,ORD01078,PROD123,10,3108.14,23652.95,23.9
ITEM00435,ORD01049,PROD180,5,2541.27,11600.9,8.7
ITEM00436,ORD00624,PROD041,1,2327.0,2150.15,7.6
ITEM00437,ORD00717,PROD050,7,3313.8,20065.06,13.5
ITEM00438,ORD01026,PROD018,4,2965.32,7140.49,39.8
ITEM00439,ORD01282,PROD160,8,1046.07,7506.6,10.3
ITEM00440,ORD01443,PROD008,1,2972.2,2707.67,8.9
ITEM00441,ORD01486,PROD017,9,3286.32,23957.27,19.0
ITEM00442,ORD01007,PROD113,1,3787.51,3128.48,17.4
ITEM00443,ORD01269,PROD015,1,4256.68,3899.12,8.4
ITEM00444,ORD00729,PROD179,10,4013.98,31871.0,20.6
ITEM00445,ORD00953,PROD100,5,4922.97,23876.4,3.0
ITEM00447,ORD01190,PROD135,7,654.64,2831.97,38.2
ITEM00448,ORD00978,PROD097,1,252.38,234.21,7.2
ITEM00449,ORD00175,PROD063,1,2281.19,1964.1,13.9
ITEM00450,ORD00203,PROD113,8,4592.49,33396.59,9.1
ITEM00451,ORD00599,PROD035,5,1257.86,4251.57,32.4
ITEM00452,ORD01227,PROD026,1,2794.64,1970.22,29.5
ITEM00453,ORD00178,PROD179,6,4734.26,19571.43,31.1
ITEM00455,ORD01233,PROD093,5,3290.99,14365.17,12.7
ITEM00456,ORD00602,PROD143,2,4834.05,6477.63,33.0
ITEM00457,ORD00854,PROD148,10,1536.15,10461.18,31.9
ITEM00458,ORD00138,PROD056,10,1449.3,14493.0,0.0
ITEM00459,ORD01326,PROD089,10,3704.74,26266.61,29.1
ITEM00460,ORD01254,PROD132,3,1272.17,3572.25,6.4
ITEM00461,ORD00111,PROD065,8,1976.49,12633.72,20.1
ITEM00462,ORD00770,PROD187,3,4215.64,9725.48,23.1
ITEM00463,ORD01207,PROD185,2,4476.51,6875.92,23.2
ITEM00464,ORD01451,PROD193,4,2842.67,7606.98,33.1
ITEM00465,ORD00363,PROD168,8,1469.51,9122.72,22.4
ITEM00466,ORD00462,PROD014,2,2577.14,4314.13,16.3
ITEM00467,ORD01308,PROD079,4,3186.51,9801.7,23.1
ITEM00468,ORD01470,PROD124,3,1954.9,5864.7,0.0
ITEM00469,ORD01170,PROD011,8,655.92,3825.33,27.1
ITEM00470,ORD00726,PROD200,2,1151.19,1482.73,35.6
ITEM00471,ORD00198,PROD094,9,2104.06,14921.99,21.2
ITEM00472,ORD00043,PROD178,8,2491.8,17442.6,12.5
ITEM00473,ORD01104,PROD117,9,2785.73,21912.55,12.6
ITEM00474,ORD01330,PROD023,3,2676.8,5629.31,29.9
ITEM00475,ORD01481,PROD041,5,215.81,670.09,37.9
ITEM00477,ORD00273,PROD082,10,4365.97,29906.89,31.5
ITEM00478,ORD01011,PROD100,3,1921.13,4259.15,26.1
ITEM00479,ORD01374,PROD089,7,1444.93,10114.51,0.0
ITEM00480,ORD01059,PROD099,6,518.99,1977.35,36.5
ITEM00481,ORD00815,PROD178,3,1809.45,3485.0,35.8
ITEM00482,ORD00804,PROD072,9,2682.63,14679.35,39.2
ITEM00483,ORD01066,PROD026,10,2888.55,21519.7,25.5
ITEM00484,ORD00872,PROD175,2,3821.39,7084.86,7.3
ITEM00485,ORD01111,PROD110,8,4471.12,24251.35,32.2
ITEM00486,ORD01353,PROD081,6,2326.74,0.0,100.0
ITEM00487,ORD01242,PROD102,6,348.41,1258.46,39.8
ITEM00488,ORD01171,PROD100,1,4854.25,3995.05,17.7
ITEM00489,ORD01076,PROD108,2,4304.43,6844.04,20.5
ITEM00490,ORD00618,PROD118,3,3809.04,7176.23,37.2
ITEM00491,ORD00300,PROD025,5,3745.44,14345.04,23.4
ITEM00492,ORD00037,PROD086,4,3898.26,10774.79,30.9
ITEM00493,ORD00043,PROD118,6,735.11,0.0,100.0
ITEM00494,ORD00469,PROD198,6,4324.7,24183.72,6.8
ITEM00496,ORD00790,PROD022,3,4809.5,12798.08,11.3
ITEM00497,ORD00678,PROD031,8,488.93,3747.16,4.2
ITEM00498,ORD00124,PROD036,3,3590.52,6602.97,38.7
ITEM00499,ORD01314,PROD010,8,4794.99,27926.02,27.2
ITEM00501,ORD00102,PROD005,5,2374.44,9557.12,19.5
ITEM00502,ORD00649,PROD027,7,2656.72,15993.45,14.0
ITEM00503,ORD00287,PROD134,10,817.33,7118.94,12.9
ITEM00504,ORD00536,PROD177,3,4669.14,10589.61,24.4
ITEM00505,ORD00193,PROD169,1,4341.85,4107.39,5.4
ITEM00506,ORD00198,PROD005,4,3441.76,10215.14,25.8
ITEM00507,ORD00559,PROD178,6,1409.14,5859.2,30.7
ITEM00508,ORD00345,PROD087,3,1625.57,4876.71,0.0
ITEM00510,ORD00908,PROD135,4,4527.67,15883.07,12.3
ITEM00512,ORD00766,PROD146,9,4758.55,42612.82,0.5
ITEM00513,ORD00195,PROD050,9,2941.86,16124.33,39.1
ITEM00514,ORD00457,PROD196,6,345.43,1682.93,18.8
ITEM00515,ORD00443,PROD095,9,1602.96,13849.57,4.0
ITEM00516,ORD00691,PROD146,7,300.17,1836.44,12.6
ITEM00517,ORD00365,PROD109,3,1093.96,2523.77,23.1
ITEM00518,ORD01153,PROD126,3,2627.29,5075.92,35.6
ITEM00519,ORD00579,PROD162,4,1995.01,6487.77,18.7
ITEM00520,ORD01230,PROD151,9,1502.89,11470.06,15.2
ITEM00522,ORD00976,PROD105,10,293.05,2537.81,13.4
ITEM00523,ORD00896,PROD047,8,1442.37,10246.6,11.2
ITEM00524,ORD00109,PROD093,4,1307.93,4446.96,15.0
ITEM00525,ORD00510,PROD185,1,1182.25,919.79,22.2
ITEM00526,ORD01459,PROD087,7,2089.64,13428.03,8.2
ITEM00527,ORD01292,PROD036,3,2644.6,6735.8,15.1
ITEM00528,ORD01167,PROD089,1,2690.44,2617.8,2.7
ITEM00529,ORD00856,PROD118,7,803.7,5372.73,4.5
ITEM00530,ORD01412,PROD108,2,3187.58,4322.36,32.2
ITEM00531,ORD00145,PROD021,7,3669.02,17361.8,32.4
ITEM00533,ORD01106,PROD008,2,2238.88,3591.16,19.8
ITEM00534,ORD00554,PROD183,10,574.46,4607.17,19.8
ITEM00535,ORD01296,PROD183,5,1423.41,6647.32,6.6
ITEM00536,ORD01393,PROD061,9,2744.52,22255.31,9.9
ITEM00537,ORD01162,PROD049,3,4550.43,12531.88,8.2
ITEM00538,ORD00338,PROD089,5,806.74,4017.57,0.4
ITEM00540,ORD01210,PROD161,1,3450.73,2339.59,32.2
ITEM00541,ORD00979,PROD132,3,1257.22,3466.16,8.1
ITEM00542,ORD00111,PROD166,1,4210.64,3760.1,10.7
ITEM00543,ORD00617,PROD067,4,4653.95,18113.17,2.7
ITEM00544,ORD00650,PROD138,2,1310.89,2532.64,3.4
ITEM00545,ORD00422,PROD013,2,894.99,1757.76,1.8
ITEM00546,ORD01069,PROD133,5,3781.03,15483.32,18.1
ITEM00547,ORD00869,PROD107,3,2562.84,6896.6,10.3
ITEM00548,ORD01112,PROD017,3,285.42,515.47,39.8
ITEM00549,ORD00910,PROD130,2,4231.48,6541.87,22.7
ITEM00550,ORD00816,PROD111,3,2114.42,4852.59,23.5
ITEM00551,ORD00144,PROD173,6,3808.26,14760.82,35.4
ITEM00552,ORD00294,PROD195,5,3761.69,15046.76,20.0
ITEM00553,ORD01423,PROD172,4,318.18,1238.36,2.7
ITEM00554,ORD01163,PROD177,1,3722.25,2527.41,32.1
ITEM00555,ORD00919,PROD163,3,3952.22,10611.71,10.5
ITEM00556,ORD00843,PROD133,5,284.0,994.0,30.0
ITEM00557,ORD01006,PROD190,4,2435.06,9642.84,1.0
ITEM00558,ORD00772,PROD049,10,1366.78,10469.53,23.4
ITEM00560,ORD00233,PROD003,2,1473.04,2627.9,10.8
ITEM00561,ORD01304,PROD065,1,2600.94,1877.88,27.8
ITEM00562,ORD00402,PROD053,5,4689.9,20870.06,11.0
ITEM00563,ORD00687,PROD072,10,187.27,1363.33,27.2
ITEM00564,ORD00615,PROD038,8,2466.72,18372.13,6.9
ITEM00565,ORD01293,PROD042,5,1322.92,6330.17,4.3
ITEM00566,ORD00658,PROD152,2,2384.74,3257.55,31.7
ITEM00567,ORD00828,PROD155,1,1042.03,873.22,16.2
ITEM00568,ORD00140,PROD171,9,3454.64,29443.9,5.3
ITEM00569,ORD00575,PROD127,8,3783.84,24398.2,19.4
ITEM00571,ORD00465,PROD096,1,3849.06,2644.3,31.3
ITEM00573,ORD00706,PROD034,4,2530.3,8005.87,20.9
ITEM00574,ORD00405,PROD032,9,3407.98,30365.1,1.0
ITEM00575,ORD01363,PROD177,10,1272.98,7930.67,37.7
ITEM00576,ORD01049,PROD177,10,3882.07,25971.05,33.1
ITEM00577,ORD01284,PROD001,7,2122.74,10505.44,29.3
ITEM00578,ORD00392,PROD017,2,2165.4,3321.72,23.3
ITEM00579,ORD01401,PROD183,3,1345.04,2622.83,35.0
ITEM00580,ORD00623,PROD062,8,1958.09,14583.85,6.9
ITEM00582,ORD01313,PROD150,6,1239.63,5913.04,20.5
ITEM00583,ORD01181,PROD140,7,256.75,1516.88,15.6
ITEM00584,ORD01201,PROD145,10,4038.68,32269.05,20.1
ITEM00585,ORD01461,PROD056,1,510.31,396.51,22.3
ITEM00586,ORD00743,PROD003,5,2303.72,7222.16,37.3
ITEM00588,ORD00136,PROD004,7,2321.16,15386.97,5.3
ITEM00589,ORD00366,PROD072,7,4884.48,20925.11,38.8
ITEM00590,ORD00104,PROD002,10,1955.48,17403.77,11.0
ITEM00591,ORD00066,PROD013,5,155.12,741.47,4.4
ITEM00592,ORD01065,PROD064,10,528.03,3416.35,35.3
ITEM00593,ORD00680,PROD126,2,3543.52,5790.11,18.3
ITEM00595,ORD00088,PROD089,9,3318.17,25742.36,13.8
ITEM00596,ORD00639,PROD142,7,4766.79,24925.54,25.3
ITEM00597,ORD00098,PROD080,8,946.14,4859.38,35.8
ITEM00598,ORD00061,PROD189,1,1355.27,0.0,100.0
ITEM00599,ORD00360,PROD169,7,2273.81,15916.67,0.0
ITEM00600,ORD00573,PROD146,8,3486.48,18241.26,34.6
ITEM00601,ORD00213,PROD170,10,4208.33,33372.06,20.7
ITEM00602,ORD01388,PROD005,9,2569.01,23121.09,0.0
ITEM00604,ORD00066,PROD078,6,3403.07,15558.84,23.8
ITEM00605,ORD00441,PROD011,8,3580.65,23832.81,16.8
ITEM00606,ORD00829,PROD087,7,1055.85,5048.02,31.7
ITEM00607,ORD01468,PROD111,8,157.9,1128.04,10.7
ITEM00608,ORD00516,PROD086,5,1313.58,5746.91,12.5
ITEM00609,ORD00376,PROD189,5,61.22,306.1,0.0
ITEM00610,ORD00499,PROD001,8,1879.48,9307.18,38.1
ITEM00611,ORD01006,PROD038,2,302.03,479.62,20.6
ITEM00612,ORD01481,PROD091,10,2457.02,18452.22,24.9
ITEM00613,ORD00509,PROD116,9,2541.35,14157.86,38.1
ITEM00614,ORD00446,PROD141,8,4623.46,24855.72,32.8
ITEM00615,ORD00159,PROD126,8,2899.83,14800.73,36.2
ITEM00616,ORD00419,PROD010,2,3994.96,7510.52,6.0
ITEM00617,ORD00613,PROD173,7,2068.93,13657.01,5.7
ITEM00618,ORD01298,PROD190,6,2568.21,14561.75,5.5
ITEM00619,ORD00306,PROD154,4,4776.01,13220.0,30.8
ITEM00620,ORD00638,PROD012,6,978.2,5734.21,2.3
ITEM00621,ORD00129,PROD157,10,322.96,2551.38,21.0
ITEM00623,ORD01283,PROD157,5,4645.51,17792.3,23.4
ITEM00624,ORD00901,PROD015,3,1783.46,4189.35,21.7
ITEM00625,ORD00254,PROD037,4,4506.88,10888.62,39.6
ITEM00627,ORD01173,PROD119,8,2899.48,21548.94,7.1
ITEM00629,ORD00806,PROD155,8,828.56,4010.23,39.5
ITEM00630,ORD00333,PROD145,4,2583.02,7924.71,23.3
ITEM00631,ORD00154,PROD002,8,2018.31,15855.84,1.8
ITEM00632,ORD00984,PROD070,1,761.99,528.82,30.6
ITEM00633,ORD00961,PROD101,4,2894.04,10893.17,5.9
ITEM00634,ORD01241,PROD050,8,674.25,5156.66,4.4
ITEM00635,ORD01351,PROD102,8,4944.71,32516.41,17.8
ITEM00637,ORD00603,PROD018,6,212.43,838.67,34.2
ITEM00638,ORD01491,PROD200,5,196.08,878.44,10.4
ITEM00639,ORD00289,PROD153,3,815.91,1639.98,33.0
ITEM00640,ORD01315,PROD196,7,1950.2,12941.53,5.2
ITEM00641,ORD01249,PROD148,1,1655.39,1181.95,28.6
ITEM00642,ORD00364,PROD029,2,3473.45,4195.93,39.6
ITEM00643,ORD00202,PROD133,4,3521.31,8915.96,36.7
ITEM00644,ORD00072,PROD196,2,2358.49,2849.06,39.6
ITEM00645,ORD00213,PROD050,4,4881.19,13491.61,30.9
ITEM00646,ORD01014,PROD197,3,622.94,1738.0,7.0
ITEM00647,ORD00279,PROD134,9,1955.01,12791.63,27.3
ITEM00650,ORD01110,PROD136,9,2022.46,13487.79,25.9
ITEM00651,ORD00274,PROD194,3,3873.58,7983.45,31.3
ITEM00652,ORD00166,PROD139,9,2967.17,23820.44,10.8
ITEM00653,ORD01452,PROD049,7,3003.67,14844.14,29.4
ITEM00654,ORD00698,PROD098,1,1945.23,1254.67,35.5
ITEM00655,ORD00178,PROD035,2,2438.71,4097.03,16.0
ITEM00656,ORD00984,PROD105,6,424.0,2544.0,0.0
ITEM00657,ORD00691,PROD151,10,1706.15,15372.41,9.9
ITEM00658,ORD00041,PROD107,4,1372.24,4489.97,18.2
ITEM00659,ORD01500,PROD021,1,3361.74,2776.8,17.4
ITEM00660,ORD01005,PROD106,2,1026.93,1657.47,19.3
ITEM00661,ORD01401,PROD180,7,430.88,2403.88,20.3
ITEM00662,ORD01163,PROD050,6,1278.89,6315.16,17.7
ITEM00663,ORD00864,PROD100,5,4519.59,21761.83,3.7
ITEM00665,ORD00165,PROD172,10,3616.68,32767.12,9.4
ITEM00666,ORD00461,PROD122,9,3025.4,16391.62,39.8
ITEM00667,ORD00295,PROD018,5,2791.33,11165.32,20.0
ITEM00668,ORD00561,PROD117,2,4057.01,4973.89,38.7
ITEM00669,ORD01408,PROD182,10,1286.21,10109.61,21.4
ITEM00670,ORD00124,PROD118,9,2732.11,17236.88,29.9
ITEM00673,ORD00563,PROD154,1,1728.56,1528.05,11.6
ITEM00674,ORD01202,PROD106,9,3617.26,27606.93,15.2
ITEM00675,ORD00798,PROD184,1,3192.08,2410.02,24.5
ITEM00676,ORD00165,PROD175,2,2084.11,2938.6,29.5
ITEM00677,ORD01275,PROD147,3,4805.97,13538.42,6.1
ITEM00678,ORD00860,PROD181,7,4815.82,33103.95,1.8
ITEM00679,ORD01432,PROD077,2,787.71,1323.35,16.0
ITEM00680,ORD01319,PROD173,4,2012.87,7938.76,1.4
ITEM00681,ORD01297,PROD047,10,2570.78,19409.39,24.5
ITEM00682,ORD00654,PROD177,6,3014.15,16185.99,10.5
ITEM00683,ORD00189,PROD099,3,52.41,128.61,18.2
ITEM00684,ORD01250,PROD160,7,1878.75,8574.62,34.8
ITEM00685,ORD00812,PROD026,2,3807.11,4880.72,35.9
ITEM00686,ORD00804,PROD092,9,3177.01,27964.04,2.2
ITEM00687,ORD00352,PROD070,6,4254.36,18098.05,29.1
ITEM00688,ORD00986,PROD182,7,1488.97,10328.98,0.9
ITEM00689,ORD00189,PROD139,7,763.63,4661.2,12.8
ITEM00690,ORD00566,PROD162,4,3981.82,11515.42,27.7
ITEM00691,ORD00719,PROD158,8,4981.07,25941.41,34.9
ITEM00692,ORD00992,PROD119,9,4591.42,35248.33,14.7
ITEM00693,ORD00106,PROD139,2,4468.37,7444.3,16.7
ITEM00694,ORD00869,PROD140,6,2475.54,9699.17,34.7
ITEM00695,ORD00649,PROD187,1,3454.75,2618.7,24.2
ITEM00696,ORD01414,PROD023,1,2614.49,2083.75,20.3
ITEM00697,ORD01089,PROD172,3,3392.88,6982.55,31.4
ITEM00698,ORD01412,PROD163,9,668.67,5717.13,5.0
ITEM00699,ORD00888,PROD068,7,3085.46,16177.07,25.1
ITEM00700,ORD01040,PROD025,3,4761.77,9471.16,33.7
ITEM00701,ORD00893,PROD177,9,1217.98,10731.62,2.1
ITEM00702,ORD00334,PROD036,5,657.69,3288.45,0.0
ITEM00703,ORD00439,PROD067,6,4828.0,17554.61,39.4
ITEM00704,ORD00905,PROD084,1,846.95,801.21,5.4
ITEM00706,ORD00762,PROD114,1,2131.45,2122.92,0.4
ITEM00707,ORD01427,PROD193,3,3757.06,9907.37,12.1
ITEM00708,ORD00919,PROD121,4,3895.88,12591.48,19.2
ITEM00709,ORD00948,PROD010,5,3497.76,12032.29,31.2
ITEM00710,ORD00198,PROD093,4,3692.98,10103.99,31.6
ITEM00711,ORD01385,PROD010,7,4833.34,33833.38,0.0
ITEM00712,ORD00949,PROD137,7,3216.67,20760.39,7.8
ITEM00713,ORD00252,PROD121,3,3768.22,10264.63,9.2
ITEM00714,ORD00365,PROD087,1,1511.61,946.27,37.4
ITEM00716,ORD01179,PROD011,8,2370.44,12686.59,33.1
ITEM00717,ORD01210,PROD083,4,982.53,2774.66,29.4
ITEM00718,ORD01169,PROD111,6,1098.13,4131.17,37.3
ITEM00719,ORD00400,PROD042,3,1832.41,3749.11,31.8
ITEM00720,ORD01422,PROD068,8,2308.13,0.0,100.0
ITEM00721,ORD01343,PROD076,2,3308.93,5254.58,20.6
ITEM00722,ORD01240,PROD137,2,4681.64,5964.41,36.3
ITEM00723,ORD00177,PROD021,4,3569.33,9879.91,30.8
ITEM00724,ORD01009,PROD140,9,2471.47,15992.88,28.1
ITEM00725,ORD00778,PROD191,1,3802.7,2296.83,39.6
ITEM00726,ORD01478,PROD191,10,3870.7,36578.12,5.5
ITEM00727,ORD00980,PROD185,5,2263.02,8678.68,23.3
ITEM00728,ORD00003,PROD138,4,3428.22,11080.01,19.2
ITEM00729,ORD01364,PROD137,1,793.56,793.56,0.0
ITEM00730,ORD01003,PROD169,7,3577.81,19810.33,20.9
ITEM00731,ORD01305,PROD099,7,3743.35,18866.48,28.0
ITEM00732,ORD00024,PROD114,2,2623.1,4113.02,21.6
ITEM00733,ORD00003,PROD133,7,3744.15,20154.76,23.1
ITEM00734,ORD00261,PROD152,10,3607.3,30012.74,16.8
ITEM00735,ORD00351,PROD184,3,3536.1,0.0,100.0
ITEM00736,ORD01325,PROD095,8,905.94,5616.83,22.5
ITEM00737,ORD00899,PROD007,2,3112.93,3965.87,36.3
ITEM00738,ORD01183,PROD026,3,2035.09,4780.43,21.7
ITEM00739,ORD00869,PROD058,6,1495.7,6892.19,23.2
ITEM00740,ORD00330,PROD147,8,2872.45,16039.76,30.2
ITEM00741,ORD00567,PROD029,3,150.61,365.08,19.2
ITEM00742,ORD00627,PROD148,1,532.22,451.32,15.2
ITEM00743,ORD00690,PROD052,7,3000.95,16490.22,21.5
ITEM00744,ORD00375,PROD135,6,2951.56,11528.79,34.9
ITEM00745,ORD00907,PROD119,1,2847.06,1907.53,33.0
ITEM00747,ORD00595,PROD113,9,3488.44,30862.23,1.7
ITEM00748,ORD00402,PROD072,8,4296.15,25158.25,26.8
ITEM00749,ORD00001,PROD184,10,4795.09,29298.0,38.9
ITEM00750,ORD01433,PROD021,5,4089.76,13189.48,35.5
ITEM00751,ORD00022,PROD077,2,2310.36,3257.61,29.5
ITEM00752,ORD00450,PROD044,3,3280.05,6897.95,29.9
ITEM00753,ORD01242,PROD006,4,1671.36,6324.43,5.4
ITEM00754,ORD01117,PROD026,8,2513.65,18701.56,7.0
ITEM00755,ORD01018,PROD062,3,1970.61,5604.41,5.2
ITEM00757,ORD01305,PROD160,8,3016.36,16384.87,32.1
ITEM00759,ORD00861,PROD138,10,3001.83,28637.46,4.6
ITEM00760,ORD00588,PROD080,7,3041.03,13176.78,38.1
ITEM00761,ORD00868,PROD055,2,2324.34,2863.59,38.4
ITEM00762,ORD00698,PROD142,6,1980.74,7653.58,35.6
ITEM00763,ORD01156,PROD192,1,1129.22,1097.6,2.8
ITEM00764,ORD00630,PROD045,10,1889.99,16877.61,10.7
ITEM00766,ORD00180,PROD170,1,3322.87,2176.48,34.5
ITEM00767,ORD01349,PROD196,5,4067.88,16942.72,16.7
ITEM00768,ORD01107,PROD020,2,957.9,1636.09,14.6
ITEM00769,ORD00850,PROD080,10,1062.82,10064.91,5.3
ITEM00770,ORD01112,PROD005,10,2004.56,19163.59,4.4
ITEM00771,ORD01323,PROD075,5,1315.55,4735.98,28.0
ITEM00772,ORD00623,PROD100,2,3166.26,5439.63,14.1
ITEM00773,ORD01231,PROD046,4,4994.24,17579.72,12.0
ITEM00774,ORD01334,PROD080,2,3973.08,5625.88,29.2
ITEM00775,ORD01047,PROD122,1,2254.4,1857.63,17.6
ITEM00776,ORD00997,PROD137,1,4361.92,3048.98,30.1
ITEM00777,ORD01428,PROD112,6,3837.48,15725.99,31.7
ITEM00778,ORD00557,PROD176,8,3755.69,21752.96,27.6
ITEM00779,ORD01234,PROD187,6,4658.5,23059.57,17.5
ITEM00780,ORD01455,PROD051,10,1618.67,12916.99,20.2
ITEM00781,ORD00397,PROD092,1,1706.46,1232.06,27.8
ITEM00782,ORD01432,PROD113,1,2397.31,2013.74,16.0
ITEM00783,ORD00366,PROD193,7,3064.47,20378.73,5.0
ITEM00784,ORD00016,PROD048,9,956.25,6893.61,19.9
ITEM00785,ORD00430,PROD056,3,2890.71,7319.28,15.6
ITEM00786,ORD01479,PROD106,3,1985.92,5957.76,0.0
ITEM00787,ORD01191,PROD170,1,825.19,627.97,23.9
ITEM00788,ORD00290,PROD042,5,424.92,1283.26,39.6
ITEM00789,ORD00342,PROD124,10,4954.59,47861.34,3.4
ITEM00790,ORD00775,PROD059,6,362.47,2174.82,0.0
ITEM00791,ORD01133,PROD060,8,2206.88,12693.97,28.1
ITEM00792,ORD00825,PROD013,3,817.94,1499.28,38.9
ITEM00794,ORD00965,PROD170,3,3850.5,10823.76,6.3
ITEM00795,ORD00053,PROD147,4,3997.02,12934.36,19.1
ITEM00796,ORD01328,PROD003,9,3081.71,21217.57,23.5
ITEM00797,ORD01403,PROD062,10,3262.15,22900.29,29.8
ITEM00798,ORD00424,PROD079,5,4259.94,19744.82,7.3
ITEM00799,ORD00964,PROD082,6,217.45,922.42,29.3
ITEM00800,ORD00752,PROD199,1,4620.34,4250.71,8.0
ITEM00801,ORD00763,PROD076,1,2655.36,2496.04,6.0
ITEM00802,ORD01006,PROD080,5,4103.18,13335.34,35.0
ITEM00803,ORD01089,PROD102,6,2737.54,10692.83,34.9
ITEM00804,ORD00754,PROD168,1,2831.96,2047.51,27.7
ITEM00805,ORD00588,PROD129,8,2992.98,21238.19,11.3
ITEM00806,ORD00672,PROD073,2,2961.95,4780.59,19.3
ITEM00807,ORD00992,PROD064,7,1915.79,10634.55,20.7
ITEM00808,ORD01445,PROD195,6,1249.07,5695.76,24.0
ITEM00809,ORD01421,PROD046,5,3731.58,16549.56,11.3
ITEM00810,ORD00792,PROD017,10,4476.12,32630.91,27.1
ITEM00811,ORD00665,PROD192,7,4603.39,20333.17,36.9
ITEM00812,ORD00440,PROD011,6,52.57,275.99,12.5
ITEM00813,ORD00009,PROD153,8,1262.13,8511.8,15.7
ITEM00815,ORD00294,PROD076,7,180.78,1133.85,10.4
ITEM00816,ORD00534,PROD154,3,2996.1,6543.48,27.2
ITEM00818,ORD00590,PROD144,6,2923.97,10719.27,38.9
ITEM00819,ORD00421,PROD108,8,4886.07,36117.83,7.6
ITEM00820,ORD00037,PROD027,8,3245.44,17421.52,32.9
ITEM00821,ORD01035,PROD125,9,3750.16,20554.63,39.1
ITEM00822,ORD00229,PROD118,6,2290.78,8810.34,35.9
ITEM00823,ORD00456,PROD184,5,4797.99,15233.62,36.5
ITEM00824,ORD00265,PROD171,7,369.37,2050.37,20.7
ITEM00825,ORD00308,PROD049,6,2420.52,11255.42,22.5
ITEM00826,ORD00355,PROD015,3,442.83,1234.17,7.1
ITEM00827,ORD00709,PROD121,6,1948.27,10871.35,7.0
ITEM00828,ORD00944,PROD145,2,4642.48,8681.44,6.5
ITEM00829,ORD00760,PROD001,6,2489.24,13053.57,12.6
ITEM00830,ORD00040,PROD147,3,3665.83,7852.21,28.6
ITEM00832,ORD00156,PROD020,4,1929.93,7619.36,1.3
ITEM00833,ORD00283,PROD178,10,382.43,3227.71,15.6
ITEM00834,ORD00336,PROD185,7,672.14,4093.33,13.0
ITEM00835,ORD00864,PROD147,3,982.8,2827.52,4.1
ITEM00836,ORD00806,PROD157,7,1714.36,10476.45,12.7
ITEM00837,ORD00627,PROD165,6,3082.03,11335.71,38.7
ITEM00838,ORD00489,PROD163,9,149.68,1192.2,11.5
ITEM00839,ORD01418,PROD167,2,2992.34,4374.8,26.9
ITEM00840,ORD00765,PROD129,6,3182.82,17702.84,7.3
ITEM00841,ORD01497,PROD072,8,4921.95,35359.29,10.2
ITEM00842,ORD00007,PROD102,10,4663.24,44767.1,4.0
ITEM00843,ORD01172,PROD115,4,4344.81,11226.99,35.4
ITEM00844,ORD00576,PROD108,10,4979.05,48944.06,1.7
ITEM00845,ORD00646,PROD018,1,3965.27,3889.93,1.9
ITEM00846,ORD00758,PROD120,6,3325.71,15644.14,21.6
ITEM00847,ORD01325,PROD005,10,4478.84,33143.42,26.0
ITEM00848,ORD01320,PROD153,2,135.23,218.26,19.3
ITEM00849,ORD00909,PROD148,3,2053.57,4540.44,26.3
ITEM00850,ORD00476,PROD096,7,1226.13,5844.96,31.9
ITEM00851,ORD00201,PROD031,6,2155.51,11872.55,8.2
ITEM00852,ORD00587,PROD024,10,2778.17,26698.21,3.9
ITEM00853,ORD01168,PROD193,3,1425.91,3002.97,29.8
ITEM00854,ORD00309,PROD011,10,3943.3,29811.35,24.4
ITEM00855,ORD01351,PROD056,9,3372.72,24587.13,19.0
ITEM00856,ORD00869,PROD183,4,3468.88,11169.79,19.5
ITEM00857,ORD00865,PROD090,6,3112.01,13574.59,27.3
ITEM00859,ORD00298,PROD187,6,456.25,1929.94,29.5
ITEM00860,ORD01347,PROD042,8,949.28,5786.81,23.8
ITEM00862,ORD01007,PROD124,9,4687.51,25818.81,38.8
ITEM00863,ORD00898,PROD178,3,602.61,1220.29,32.5
ITEM00864,ORD00878,PROD102,2,1152.34,2164.09,6.1
ITEM00865,ORD00005,PROD035,7,3458.02,14717.33,39.2
ITEM00866,ORD00413,PROD018,9,1117.97,7043.21,30.0
ITEM00867,ORD01138,PROD015,4,4890.0,13379.04,31.6
ITEM00868,ORD00312,PROD186,2,2145.75,2733.69,36.3
ITEM00869,ORD01394,PROD161,7,277.34,1652.11,14.9
ITEM00870,ORD01029,PROD153,6,2842.4,15076.09,11.6
ITEM00871,ORD00122,PROD009,6,1488.52,6662.62,25.4
ITEM00872,ORD00986,PROD037,8,2432.88,12865.07,33.9
ITEM00873,ORD00144,PROD135,1,935.24,914.66,2.2
ITEM00875,ORD00101,PROD089,6,2666.56,10463.58,34.6
ITEM00876,ORD00296,PROD117,6,3931.72,16914.26,28.3
ITEM00878,ORD00648,PROD152,8,3688.95,19330.1,34.5
ITEM00879,ORD01077,PROD180,7,1925.93,10933.5,18.9
ITEM00880,ORD01467,PROD088,2,475.65,682.08,28.3
ITEM00881,ORD01082,PROD096,2,1193.24,1517.8,36.4
ITEM00882,ORD01387,PROD006,6,272.94,1475.51,9.9
ITEM00883,ORD00878,PROD007,5,217.89,1038.25,4.7
ITEM00884,ORD00559,PROD015,8,164.36,912.53,30.6
ITEM00885,ORD00232,PROD196,7,1585.34,10353.86,6.7
ITEM00886,ORD01289,PROD066,6,3708.55,19714.65,11.4
ITEM00887,ORD00942,PROD077,1,4605.56,3113.36,32.4
ITEM00888,ORD01342,PROD071,4,2047.08,6141.24,25.0
ITEM00889,ORD01204,PROD019,6,3867.52,23089.09,0.5
ITEM00890,ORD00491,PROD089,4,1216.78,3806.09,21.8
ITEM00891,ORD01225,PROD110,3,1340.14,2762.03,31.3
ITEM00892,ORD01235,PROD197,7,2036.82,11748.38,17.6
ITEM00893,ORD00797,PROD098,1,1336.26,1135.82,15.0
ITEM00894,ORD01255,PROD175,1,1402.46,1110.75,20.8
ITEM00895,ORD00980,PROD061,9,4005.21,22204.88,38.4
ITEM00896,ORD01236,PROD011,2,1542.88,2987.02,3.2
ITEM00897,ORD00501,PROD096,1,2844.91,2839.22,0.2
ITEM00898,ORD01348,PROD187,1,4764.42,3992.58,16.2
ITEM00899,ORD01311,PROD115,7,4798.27,21193.96,36.9
ITEM00900,ORD00459,PROD041,4,4296.76,17187.04,0.0
ITEM00901,ORD01256,PROD128,3,2770.1,5459.87,34.3
ITEM00902,ORD00416,PROD096,5,4641.03,23205.15,0.0
ITEM00903,ORD00504,PROD112,2,816.2,1544.25,5.4
ITEM00904,ORD01036,PROD040,7,2987.84,14849.56,29.0
ITEM00905,ORD00401,PROD048,10,1805.54,16069.31,11.0
ITEM00906,ORD01484,PROD006,5,2467.0,0.0,100.0
ITEM00907,ORD00402,PROD042,9,3103.63,20837.77,25.4
ITEM00908,ORD01080,PROD030,4,493.28,1734.37,12.1
ITEM00909,ORD00914,PROD116,1,4474.34,4474.34,0.0
ITEM00910,ORD00880,PROD082,5,4179.67,20229.6,3.2
ITEM00911,ORD01135,PROD139,6,232.61,1193.29,14.5
ITEM00912,ORD01050,PROD146,7,1343.12,6900.95,26.6
ITEM00913,ORD00431,PROD046,3,3018.0,7161.71,20.9
ITEM00914,ORD01130,PROD144,6,1321.91,7709.38,2.8
ITEM00915,ORD01474,PROD055,2,4184.36,6460.65,22.8
ITEM00916,ORD00817,PROD145,5,2994.94,11755.14,21.5
ITEM00917,ORD01070,PROD180,4,4062.39,11618.44,28.5
ITEM00918,ORD01190,PROD006,6,3692.92,22157.52,0.0
ITEM00919,ORD01085,PROD083,7,62.03,331.3,23.7
ITEM00920,ORD00307,PROD050,5,2210.96,7064.02,36.1
ITEM00921,ORD00708,PROD118,3,2204.89,5324.81,19.5
ITEM00922,ORD01051,PROD008,6,1798.45,6744.19,37.5
ITEM00923,ORD00252,PROD031,7,3613.37,21196.03,16.2
ITEM00924,ORD00917,PROD191,2,4322.29,7806.06,9.7
ITEM00925,ORD00431,PROD059,6,1402.19,8261.7,1.8
ITEM00926,ORD01142,PROD165,3,4338.04,10970.9,15.7
ITEM00927,ORD01475,PROD123,9,3211.13,28900.17,0.0
ITEM00928,ORD00889,PROD182,3,3500.76,7162.55,31.8
ITEM00930,ORD00210,PROD180,8,2671.01,17201.3,19.5
ITEM00931,ORD00776,PROD190,8,833.87,6457.49,3.2
ITEM00932,ORD00714,PROD008,8,2263.43,11371.47,37.2
ITEM00933,ORD00370,PROD171,10,1711.93,10494.13,38.7
ITEM00934,ORD00291,PROD117,5,3823.47,12808.62,33.0
ITEM00935,ORD00511,PROD048,5,2938.67,13517.88,8.0
ITEM00936,ORD00682,PROD002,10,1009.72,7047.85,30.2
ITEM00937,ORD00077,PROD172,8,827.07,4810.24,27.3
ITEM00938,ORD01006,PROD056,7,2547.94,17086.49,4.2
ITEM00939,ORD01301,PROD040,6,1188.05,6173.11,13.4
ITEM00941,ORD01456,PROD072,4,4377.76,14989.45,14.4
ITEM00942,ORD01294,PROD133,5,254.09,856.28,32.6
ITEM00943,ORD01261,PROD156,4,553.96,1797.05,18.9
ITEM00944,ORD00483,PROD050,2,2584.85,4182.29,19.1
ITEM00945,ORD00983,PROD199,1,829.72,659.63,20.5
ITEM00946,ORD01113,PROD037,10,1149.3,8217.5,28.5
ITEM00947,ORD01005,PROD059,6,4777.43,28177.28,1.7
ITEM00948,ORD00477,PROD166,4,2838.67,11002.68,3.1
ITEM00949,ORD01294,PROD120,5,4055.14,12510.11,38.3
ITEM00951,ORD00273,PROD094,7,1798.42,11065.68,12.1
ITEM00952,ORD00234,PROD108,3,4058.21,8327.45,31.6
ITEM00953,ORD01188,PROD126,10,702.55,5226.97,25.6
ITEM00954,ORD01237,PROD122,9,4965.99,31017.57,30.6
ITEM00955,ORD01071,PROD157,2,4716.69,7688.2,18.5
ITEM00956,ORD00052,PROD070,3,372.05,704.29,36.9
ITEM00957,ORD00772,PROD097,8,4229.54,28456.35,15.9
ITEM00958,ORD01058,PROD100,7,722.94,3770.13,25.5
ITEM00959,ORD00524,PROD140,10,2414.19,20858.6,13.6
ITEM00960,ORD01223,PROD084,7,2121.08,10868.41,26.8
ITEM00961,ORD00828,PROD053,9,510.07,3135.4,31.7
ITEM00962,ORD00063,PROD048,3,612.87,1630.85,11.3
ITEM00963,ORD01366,PROD071,4,316.89,1149.68,9.3
ITEM00965,ORD00428,PROD196,1,1739.38,1681.98,3.3
ITEM00966,ORD00593,PROD076,1,2437.76,1730.81,29.0
ITEM00967,ORD00362,PROD130,8,1462.81,9993.92,14.6
ITEM00968,ORD01218,PROD073,9,3595.52,31680.13,2.1
ITEM00969,ORD01264,PROD040,3,2336.14,5207.26,25.7
ITEM00970,ORD01485,PROD108,3,3000.47,5454.85,39.4
ITEM00971,ORD00719,PROD167,3,4822.15,12151.82,16.0
ITEM00972,ORD00118,PROD144,4,2775.8,8593.88,22.6
ITEM00973,ORD01109,PROD155,6,1493.62,8755.6,2.3
ITEM00974,ORD00809,PROD131,5,1836.99,7531.66,18.0
ITEM00975,ORD00950,PROD141,10,909.81,8552.21,6.0
ITEM00976,ORD00316,PROD187,7,4935.6,30057.8,13.0
ITEM00977,ORD01474,PROD010,6,4891.45,19751.68,32.7
ITEM00978,ORD00316,PROD125,6,2743.57,11440.69,30.5
ITEM00979,ORD00837,PROD113,8,3751.0,21455.72,28.5
ITEM00980,ORD01358,PROD092,4,622.07,2090.16,16.0
ITEM00981,ORD01293,PROD122,4,3841.13,11461.93,25.4
ITEM00982,ORD00889,PROD163,4,1086.92,3999.87,8.0
ITEM00984,ORD01095,PROD112,2,4438.95,5965.95,32.8
ITEM00985,ORD00181,PROD089,6,968.68,4603.17,20.8
ITEM00986,ORD00116,PROD136,7,320.06,2038.78,9.0
ITEM00987,ORD00921,PROD087,5,695.74,3113.44,10.5
ITEM00988,ORD00828,PROD174,2,1926.74,3614.56,6.2
ITEM00989,ORD00902,PROD192,4,571.75,1820.45,20.4
ITEM00990,ORD00936,PROD113,10,3980.05,28895.16,27.4
ITEM00991,ORD00910,PROD141,1,1705.52,1067.66,37.4
ITEM00992,ORD01103,PROD096,1,2792.69,1960.47,29.8
ITEM00993,ORD00847,PROD101,6,2094.69,8508.63,32.3
ITEM00994,ORD00908,PROD077,3,4022.72,10511.37,12.9
ITEM00995,ORD01374,PROD094,8,4008.88,24245.71,24.4
ITEM00996,ORD01459,PROD023,1,792.86,548.66,30.8
ITEM00997,ORD00469,PROD199,7,2420.74,16945.18,0.0
ITEM00998,ORD01437,PROD179,7,157.43,1102.01,0.0
ITEM00999,ORD01233,PROD149,8,2229.49,17835.92,0.0
ITEM01000,ORD00988,PROD046,6,2380.55,14283.3,0.0
ITEM01001,ORD00155,PROD071,8,4325.53,29067.56,16.0
ITEM01002,ORD01092,PROD036,6,857.91,4184.88,18.7
ITEM01003,ORD00139,PROD115,9,3141.01,28269.09,0.0
ITEM01004,ORD01247,PROD146,2,2035.17,3410.94,16.2
ITEM01005,ORD00093,PROD062,2,1620.38,2339.83,27.8
ITEM01006,ORD00735,PROD068,5,624.25,2397.12,23.2
ITEM01007,ORD01336,PROD099,6,4439.84,16276.45,38.9
ITEM01008,ORD01181,PROD138,4,2246.16,7205.68,19.8
ITEM01010,ORD00543,PROD033,6,1585.81,9514.86,0.0
ITEM01012,ORD01027,PROD158,2,4669.04,8012.07,14.2
ITEM01013,ORD01176,PROD172,7,566.12,3717.14,6.2
ITEM01014,ORD01165,PROD144,3,2287.08,5283.15,23.0
ITEM01015,ORD00467,PROD093,9,3175.75,26266.63,8.1
ITEM01016,ORD00445,PROD024,4,4825.81,16774.52,13.1
ITEM01018,ORD00741,PROD089,6,1489.31,8676.72,2.9
ITEM01019,ORD00442,PROD037,8,2787.13,14582.26,34.6
ITEM01020,ORD01418,PROD047,7,4356.84,19427.15,36.3
ITEM01021,ORD00996,PROD171,2,4189.27,7415.01,11.5
ITEM01022,ORD00575,PROD134,5,3311.45,11341.72,31.5
ITEM01023,ORD00088,PROD126,9,771.98,6878.34,1.0
ITEM01024,ORD01370,PROD054,5,675.17,3311.71,1.9
ITEM01025,ORD00870,PROD084,5,2031.64,6572.36,35.3
ITEM01026,ORD00324,PROD028,6,534.09,2643.75,17.5
ITEM01027,ORD00525,PROD023,7,1985.01,8851.16,36.3
ITEM01028,ORD00288,PROD141,7,1322.75,9185.18,0.8
ITEM01029,ORD00795,PROD120,7,3772.71,15951.02,39.6
ITEM01030,ORD00241,PROD124,1,3906.68,3492.57,10.6
ITEM01031,ORD00114,PROD136,4,2405.24,6763.53,29.7
ITEM01032,ORD01453,PROD101,5,3221.8,16109.0,0.0
ITEM01033,ORD00483,PROD062,1,4735.07,2992.56,36.8
ITEM01034,ORD00495,PROD067,8,2700.87,20461.79,5.3
ITEM01035,ORD00311,PROD161,7,314.89,2102.84,4.6
ITEM01036,ORD00573,PROD018,1,1407.73,1023.42,27.3
ITEM01037,ORD01139,PROD071,5,3211.69,12862.82,19.9
ITEM01038,ORD01420,PROD073,5,3525.57,11722.52,33.5
ITEM01039,ORD00968,PROD144,10,2370.55,17660.6,25.5
ITEM01040,ORD01021,PROD123,7,2534.72,10876.48,38.7
ITEM01041,ORD00385,PROD171,4,428.69,1476.41,13.9
ITEM01042,ORD00798,PROD125,6,291.47,1483.0,15.2
ITEM01043,ORD00718,PROD113,1,458.9,323.52,29.5
ITEM01044,ORD00223,PROD077,9,2882.88,20471.33,21.1
ITEM01046,ORD01099,PROD105,1,3014.87,2279.24,24.4
ITEM01047,ORD00561,PROD200,9,1371.16,8033.63,34.9
ITEM01048,ORD01241,PROD051,7,4734.31,24556.87,25.9
ITEM01049,ORD00228,PROD150,3,1475.7,3732.05,15.7
ITEM01051,ORD01099,PROD169,7,928.63,4056.26,37.6
ITEM01052,ORD00838,PROD185,1,2577.09,2151.87,16.5
ITEM01053,ORD00806,PROD020,7,2536.4,15144.84,14.7
ITEM01054,ORD00167,PROD005,2,2328.73,3413.92,26.7
ITEM01055,ORD00434,PROD050,3,3903.61,11710.83,0.0
ITEM01056,ORD00290,PROD018,3,1680.15,3830.74,24.0
ITEM01057,ORD01189,PROD135,4,2619.56,7083.29,32.4
ITEM01058,ORD00617,PROD138,7,915.57,4672.15,27.1
ITEM01059,ORD00044,PROD113,2,987.92,1701.2,13.9
ITEM01060,ORD00820,PROD199,4,762.67,1970.74,35.4
ITEM01061,ORD00488,PROD046,5,940.5,4015.94,14.6
ITEM01062,ORD00747,PROD128,3,108.73,315.1,3.4
ITEM01063,ORD00968,PROD125,8,1341.47,9164.92,14.6
ITEM01064,ORD00374,PROD146,10,1473.07,11858.21,19.5
ITEM01065,ORD00542,PROD108,10,722.91,4445.9,38.5
ITEM01066,ORD00957,PROD015,1,4324.4,2646.53,38.8
ITEM01067,ORD00826,PROD105,9,2483.9,16431.0,26.5
ITEM01068,ORD00418,PROD171,7,1512.15,9484.2,10.4
ITEM01069,ORD01228,PROD139,6,2296.47,8653.1,37.2
ITEM01070,ORD01128,PROD130,2,681.92,1363.84,0.0
ITEM01071,ORD00714,PROD134,2,1234.93,2267.33,8.2
ITEM01072,ORD00975,PROD172,4,1896.13,6135.88,19.1
ITEM01073,ORD00302,PROD098,7,4873.01,33121.85,2.9
ITEM01074,ORD00813,PROD113,5,3571.76,13322.66,25.4
ITEM01075,ORD01353,PROD171,3,947.73,0.0,100.0
ITEM01076,ORD01433,PROD183,4,2642.43,10284.34,2.7
ITEM01077,ORD01072,PROD073,1,4708.59,4520.25,4.0
ITEM01078,ORD00662,PROD187,10,4163.28,41049.94,1.4
ITEM01079,ORD00071,PROD045,6,2831.19,13691.63,19.4
ITEM01080,ORD00024,PROD003,3,663.27,1874.4,5.8
ITEM01081,ORD00953,PROD085,9,969.73,8518.11,2.4
ITEM01082,ORD00287,PROD176,10,1085.24,8974.93,17.3
ITEM01083,ORD01133,PROD180,8,4220.13,29068.26,13.9
ITEM01084,ORD01387,PROD008,4,2724.55,7814.01,28.3
ITEM01085,ORD01448,PROD171,8,4445.09,28199.65,20.7
ITEM01086,ORD00613,PROD084,4,2254.67,8360.32,7.3
ITEM01087,ORD00465,PROD121,5,4219.45,13059.2,38.1
ITEM01088,ORD01041,PROD137,1,126.8,85.84,32.3
ITEM01089,ORD01328,PROD076,9,2617.98,22666.47,3.8
ITEM01091,ORD01423,PROD045,10,3276.95,26248.37,19.9
ITEM01092,ORD00727,PROD037,3,3659.34,10352.27,5.7
ITEM01093,ORD01075,PROD018,9,3830.64,22512.67,34.7
ITEM01094,ORD00017,PROD104,4,2349.26,6559.13,30.2
ITEM01095,ORD00056,PROD054,6,4427.05,21621.71,18.6
ITEM01096,ORD01186,PROD068,8,3870.44,0.0,100.0
ITEM01097,ORD01274,PROD198,1,3240.93,2570.06,20.7
ITEM01098,ORD01206,PROD105,4,498.52,1423.77,28.6
ITEM01099,ORD01047,PROD085,2,4994.55,7891.39,21.0
ITEM01100,ORD00879,PROD024,4,176.53,486.52,31.1
ITEM01101,ORD00889,PROD137,4,1315.39,3267.43,37.9
ITEM01102,ORD01407,PROD185,8,91.69,564.81,23.0
ITEM01103,ORD01434,PROD104,4,186.03,480.7,35.4
ITEM01104,ORD01165,PROD082,1,4485.97,2911.39,35.1
ITEM01105,ORD00330,PROD198,1,2410.25,2357.22,2.2
ITEM01106,ORD01429,PROD030,8,4870.18,38610.79,0.9
ITEM01107,ORD00549,PROD089,8,1256.98,9271.48,7.8
ITEM01108,ORD01321,PROD060,7,4727.87,0.0,100.0
ITEM01109,ORD00642,PROD022,6,3596.7,17587.86,18.5
ITEM01110,ORD01414,PROD034,10,3196.89,29795.01,6.8
ITEM01111,ORD00034,PROD017,1,3125.92,2444.47,21.8
ITEM01112,ORD00670,PROD076,1,4243.18,3004.17,29.2
ITEM01113,ORD00133,PROD019,9,538.64,4392.07,9.4
ITEM01114,ORD00548,PROD174,7,2721.05,16037.87,15.8
ITEM01115,ORD01263,PROD060,6,2205.4,8653.99,34.6
ITEM01116,ORD00059,PROD183,9,3909.96,29207.4,17.0
ITEM01117,ORD00636,PROD134,3,216.4,570.0,12.2
ITEM01118,ORD01031,PROD033,6,4525.71,24601.76,9.4
ITEM01119,ORD00957,PROD161,6,2128.14,8989.26,29.6
ITEM01120,ORD00458,PROD158,3,290.09,789.33,9.3
ITEM01121,ORD00707,PROD129,10,3694.79,0.0,100.0
ITEM01122,ORD01477,PROD165,2,1159.18,1938.15,16.4
ITEM01123,ORD01244,PROD124,1,1778.12,1520.29,14.5
ITEM01124,ORD00999,PROD160,1,2876.01,2841.5,1.2
ITEM01126,ORD00560,PROD137,5,235.18,827.83,29.6
ITEM01127,ORD00463,PROD192,5,3135.19,15142.97,3.4
ITEM01128,ORD00588,PROD188,9,4058.16,34112.89,6.6
ITEM01129,ORD00659,PROD111,9,2925.76,21118.14,19.8
ITEM01130,ORD00481,PROD170,6,2245.24,9079.75,32.6
ITEM01131,ORD00782,PROD131,8,3032.07,15233.12,37.2
ITEM01132,ORD00602,PROD110,3,3354.56,8976.8,10.8
ITEM01133,ORD01267,PROD081,6,346.4,1777.03,14.5
ITEM01134,ORD01158,PROD028,1,1575.96,1235.55,21.6
ITEM01135,ORD00803,PROD164,2,3890.62,5952.65,23.5
ITEM01136,ORD00206,PROD065,8,4749.56,25533.63,32.8
ITEM01137,ORD01466,PROD112,7,4396.57,23635.96,23.2
ITEM01138,ORD00126,PROD105,1,3469.37,3441.62,0.8
ITEM01139,ORD00999,PROD014,4,652.12,1645.95,36.9
ITEM01140,ORD01023,PROD027,5,4818.87,20191.07,16.2
ITEM01141,ORD01478,PROD127,5,1929.64,7612.43,21.1
ITEM01142,ORD01176,PROD004,9,3054.35,21743.92,20.9
ITEM01143,ORD01240,PROD197,9,1178.25,9914.97,6.5
ITEM01144,ORD01303,PROD189,4,4326.54,14087.21,18.6
ITEM01145,ORD00911,PROD090,5,3848.75,16530.38,14.1
ITEM01146,ORD00935,PROD146,10,2314.91,16736.8,27.7
ITEM01147,ORD00292,PROD061,5,4581.47,14798.15,35.4
ITEM01149,ORD00330,PROD107,9,1312.59,9486.09,19.7
ITEM01150,ORD00290,PROD119,3,3239.59,9718.77,0.0
ITEM01151,ORD01429,PROD010,8,2822.74,15333.12,32.1
ITEM01152,ORD00880,PROD028,7,3347.09,19610.6,16.3
ITEM01153,ORD00630,PROD177,10,2376.61,17967.17,24.4
ITEM01154,ORD00776,PROD086,5,4289.52,19839.03,7.5
ITEM01155,ORD01496,PROD095,8,656.97,5066.55,3.6
ITEM01156,ORD01383,PROD178,8,2204.32,13314.09,24.5
ITEM01157,ORD00174,PROD043,1,3475.76,3232.46,7.0
ITEM01158,ORD00664,PROD048,6,860.23,4949.76,4.1
ITEM01159,ORD00496,PROD100,10,1092.44,8531.96,21.9
ITEM01160,ORD00486,PROD079,1,2678.19,2370.2,11.5
ITEM01161,ORD00070,PROD020,10,628.04,4446.52,29.2
ITEM01162,ORD00022,PROD189,4,3992.69,11722.54,26.6
ITEM01163,ORD00303,PROD035,7,2450.44,13739.62,19.9
ITEM01164,ORD01018,PROD068,8,4831.56,36797.16,4.8
ITEM01165,ORD00023,PROD099,6,4034.55,21399.25,11.6
ITEM01166,ORD00279,PROD096,3,4847.85,12318.39,15.3
ITEM01167,ORD00943,PROD086,6,1874.21,9558.47,15.0
ITEM01168,ORD00745,PROD040,10,3475.26,20921.07,39.8
ITEM01169,ORD00123,PROD177,3,1882.5,4885.09,13.5
ITEM01170,ORD00976,PROD169,5,4672.27,21328.91,8.7
ITEM01171,ORD00860,PROD189,8,1982.36,11846.58,25.3
ITEM01172,ORD01253,PROD154,4,4148.97,10073.7,39.3
ITEM01173,ORD00964,PROD093,6,180.6,989.33,8.7
ITEM01174,ORD01420,PROD184,1,3444.84,2456.17,28.7
ITEM01175,ORD00895,PROD125,9,3143.89,17231.66,39.1
ITEM01176,ORD01421,PROD144,6,3377.64,19110.69,5.7
ITEM01177,ORD01154,PROD116,9,2926.29,21806.71,17.2
ITEM01179,ORD01101,PROD082,9,204.01,1551.5,15.5
ITEM01180,ORD01417,PROD030,5,1357.8,5098.54,24.9
ITEM01181,ORD00080,PROD098,5,1022.9,4408.7,13.8
ITEM01182,ORD00654,PROD140,7,4019.74,21891.5,22.2
ITEM01183,ORD00222,PROD062,8,3419.78,20409.25,25.4
ITEM01184,ORD00517,PROD036,5,2843.04,10163.87,28.5
ITEM01187,ORD01135,PROD041,10,2408.34,17629.05,26.8
ITEM01188,ORD00773,PROD119,1,2417.33,1568.85,35.1
ITEM01189,ORD01330,PROD184,5,4132.9,13514.58,34.6
ITEM01190,ORD01218,PROD032,8,1533.28,9690.33,21.0
ITEM01191,ORD01388,PROD022,3,3801.57,9545.74,16.3
ITEM01192,ORD00021,PROD055,2,3498.68,6675.48,4.6
ITEM01193,ORD00240,PROD168,10,633.22,0.0,100.0
ITEM01195,ORD01057,PROD129,9,2337.63,13212.28,37.2
ITEM01196,ORD00145,PROD013,6,2971.11,12318.22,30.9
ITEM01197,ORD00318,PROD016,4,4140.68,15916.77,3.9
ITEM01198,ORD00077,PROD037,6,3033.55,16017.14,12.0
ITEM01199,ORD01020,PROD022,10,1306.35,10215.66,21.8
ITEM01200,ORD00701,PROD192,4,2810.24,9431.17,16.1
ITEM01201,ORD00014,PROD072,5,4438.74,14448.1,34.9
ITEM01202,ORD00112,PROD154,8,1244.54,9607.85,3.5
ITEM01203,ORD00052,PROD133,4,98.16,297.23,24.3
ITEM01204,ORD00825,PROD014,3,3434.73,10005.37,2.9
ITEM01205,ORD01254,PROD009,2,2035.1,2710.75,33.4
ITEM01206,ORD01266,PROD185,4,831.81,2122.78,36.2
ITEM01207,ORD01401,PROD196,5,3394.09,12015.08,29.2
ITEM01208,ORD00166,PROD137,7,4773.14,26629.35,20.3
ITEM01209,ORD00713,PROD066,4,3682.32,12637.72,14.2
ITEM01210,ORD00750,PROD114,10,442.33,3277.67,25.9
ITEM01211,ORD01085,PROD176,3,2556.81,7486.34,2.4
ITEM01212,ORD00710,PROD081,10,463.15,3445.84,25.6
ITEM01213,ORD01165,PROD086,3,3004.2,6209.68,31.1
ITEM01214,ORD00449,PROD093,3,4182.51,8695.44,30.7
ITEM01216,ORD01356,PROD176,1,2327.95,2097.48,9.9
ITEM01217,ORD00322,PROD125,5,1284.29,4225.31,34.2
ITEM01218,ORD00295,PROD064,3,2140.55,4398.83,31.5
ITEM01220,ORD00525,PROD176,4,4518.07,11674.69,35.4
ITEM01221,ORD00653,PROD166,6,2580.23,14970.49,3.3
ITEM01222,ORD00729,PROD056,2,4072.43,5888.73,27.7
ITEM01223,ORD00894,PROD039,2,4936.15,9191.11,6.9
ITEM01224,ORD00694,PROD144,8,1829.33,14444.39,1.3
ITEM01225,ORD00375,PROD047,1,965.18,781.8,19.0
ITEM01226,ORD00435,PROD059,8,1104.89,7637.0,13.6
ITEM01228,ORD00261,PROD018,5,2850.12,8906.62,37.5
ITEM01229,ORD00197,PROD049,9,3102.07,27527.77,1.4
ITEM01231,ORD01098,PROD170,5,4240.06,16430.23,22.5
ITEM01232,ORD01260,PROD181,6,4283.1,25056.14,2.5
ITEM01233,ORD00634,PROD017,1,4180.97,3758.69,10.1
ITEM01235,ORD00172,PROD163,6,3744.48,18490.24,17.7
ITEM01236,ORD00389,PROD062,6,3075.67,17881.95,3.1
ITEM01237,ORD01274,PROD107,7,337.68,1744.45,26.2
ITEM01238,ORD01172,PROD100,4,4004.25,13486.31,15.8
ITEM01239,ORD01177,PROD149,8,4983.62,38792.5,2.7
ITEM01240,ORD00766,PROD186,5,4568.2,16514.04,27.7
ITEM01241,ORD01344,PROD068,8,1782.19,10094.32,29.2
ITEM01242,ORD00175,PROD160,5,3797.75,14032.69,26.1
ITEM01243,ORD00916,PROD133,9,2104.4,15189.56,19.8
ITEM01244,ORD00824,PROD064,5,4405.06,20175.17,8.4
ITEM01245,ORD01156,PROD092,2,3977.01,0.0,100.0
ITEM01247,ORD00408,PROD132,6,1802.9,10341.43,4.4
ITEM01248,ORD00428,PROD165,9,1938.01,10657.12,38.9
ITEM01249,ORD00107,PROD003,5,502.47,2218.41,11.7
ITEM01250,ORD00489,PROD135,10,4865.96,29974.31,38.4
ITEM01251,ORD01130,PROD070,1,2673.67,2138.94,20.0
ITEM01252,ORD00163,PROD100,6,4104.74,23618.67,4.1
ITEM01253,ORD00649,PROD154,3,2083.0,4130.59,33.9
ITEM01254,ORD00889,PROD133,1,1501.91,0.0,100.0
ITEM01255,ORD01196,PROD193,9,626.17,5618.62,0.3
ITEM01256,ORD00670,PROD128,7,3314.35,19372.38,16.5
ITEM01257,ORD01203,PROD053,9,435.15,3160.49,19.3
ITEM01258,ORD00086,PROD036,3,3374.88,6743.01,33.4
ITEM01259,ORD00987,PROD148,7,2085.03,13836.26,5.2
ITEM01261,ORD00716,PROD081,2,3454.67,6605.33,4.4
ITEM01263,ORD01380,PROD070,3,2559.17,4783.09,37.7
ITEM01264,ORD00892,PROD194,9,3144.4,25101.75,11.3
ITEM01265,ORD01225,PROD086,7,2466.11,11894.05,31.1
ITEM01266,ORD00757,PROD110,3,2788.51,5755.48,31.2
ITEM01267,ORD01451,PROD037,4,102.83,338.93,17.6
ITEM01268,ORD00134,PROD122,3,2289.75,6182.32,10.0
ITEM01269,ORD00027,PROD028,4,1021.58,2995.27,26.7
ITEM01270,ORD00884,PROD166,1,4481.77,3890.18,13.2
ITEM01271,ORD00428,PROD049,1,1759.2,1634.3,7.1
ITEM01272,ORD00843,PROD120,8,3158.85,17992.81,28.8
ITEM01273,ORD00230,PROD014,9,194.82,1272.95,27.4
ITEM01274,ORD01333,PROD161,7,3998.11,21773.71,22.2
ITEM01275,ORD00131,PROD037,1,4305.5,3000.93,30.3
ITEM01276,ORD00288,PROD067,1,3971.03,3768.51,5.1
ITEM01277,ORD01063,PROD077,1,3689.36,2818.67,23.6
ITEM01278,ORD00993,PROD101,6,4639.04,19706.64,29.2
ITEM01279,ORD00597,PROD157,6,660.09,2530.79,36.1
ITEM01280,ORD00085,PROD135,7,800.78,3497.81,37.6
ITEM01281,ORD01444,PROD071,9,4305.28,29641.85,23.5
ITEM01282,ORD01030,PROD090,1,707.13,568.53,19.6
ITEM01283,ORD01328,PROD145,8,980.64,7641.15,2.6
ITEM01284,ORD00232,PROD139,6,4371.8,17312.33,34.0
ITEM01285,ORD00131,PROD158,1,1966.69,1815.25,7.7
ITEM01286,ORD00929,PROD186,8,4105.93,23321.68,29.0
ITEM01287,ORD00391,PROD008,8,4561.25,24302.34,33.4
ITEM01288,ORD00051,PROD155,5,4465.57,22149.23,0.8
ITEM01289,ORD01407,PROD016,7,1978.07,12434.15,10.2
ITEM01290,ORD00770,PROD098,4,4265.67,11090.74,35.0
ITEM01291,ORD01184,PROD103,1,3794.51,2280.5,39.9
ITEM01293,ORD00470,PROD147,8,4443.54,30749.3,13.5
ITEM01295,ORD00298,PROD120,10,4888.76,29772.55,39.1
ITEM01296,ORD00142,PROD135,4,335.54,1116.68,16.8
ITEM01297,ORD00565,PROD051,10,166.82,1327.89,20.4
ITEM01298,ORD00644,PROD014,4,71.7,212.23,26.0
ITEM01299,ORD00272,PROD107,1,4490.67,4140.4,7.8
ITEM01300,ORD01117,PROD038,6,4582.01,23835.62,13.3
ITEM01301,ORD00903,PROD109,9,3885.25,24057.47,31.2
ITEM01302,ORD01064,PROD075,7,841.57,5455.06,7.4
ITEM01304,ORD01234,PROD185,9,1835.61,12225.16,26.0
ITEM01305,ORD01189,PROD085,4,1680.91,6703.47,0.3
ITEM01306,ORD01158,PROD129,9,2575.22,20812.93,10.2
ITEM01307,ORD00813,PROD137,6,654.32,3580.44,8.8
ITEM01310,ORD01181,PROD142,5,3178.15,12776.16,19.6
ITEM01311,ORD00481,PROD128,2,1689.54,3159.44,6.5
ITEM01312,ORD00016,PROD046,3,2390.47,4733.13,34.0
ITEM01313,ORD01315,PROD069,9,2880.14,19000.28,26.7
ITEM01314,ORD00384,PROD069,8,4194.96,21377.52,36.3
ITEM01315,ORD01132,PROD195,6,931.93,0.0,100.0
ITEM01316,ORD00588,PROD077,6,2093.24,12559.44,0.0
ITEM01317,ORD00116,PROD100,5,4155.72,12716.5,38.8
ITEM01318,ORD00739,PROD063,5,3097.47,9726.06,37.2
ITEM01319,ORD00296,PROD022,2,2859.09,5203.54,9.0
ITEM01320,ORD00154,PROD037,4,2181.86,7060.5,19.1
ITEM01321,ORD01030,PROD187,4,465.99,1638.42,12.1
ITEM01322,ORD00736,PROD136,10,4876.01,32327.95,33.7
ITEM01323,ORD00097,PROD176,2,1872.39,3696.1,1.3
ITEM01324,ORD00657,PROD072,5,1938.3,9313.53,3.9
ITEM01325,ORD00786,PROD036,9,2266.34,17031.55,16.5
ITEM01326,ORD00107,PROD176,4,1237.27,4152.28,16.1
ITEM01327,ORD01147,PROD011,5,820.49,3642.98,11.2
ITEM01328,ORD00389,PROD149,9,2649.51,19958.76,16.3
ITEM01329,ORD00219,PROD045,1,3854.16,3276.04,15.0
ITEM01331,ORD00197,PROD079,9,4588.69,31758.32,23.1
ITEM01332,ORD00307,PROD150,1,4068.31,2644.4,35.0
ITEM01333,ORD01337,PROD063,8,1606.67,12262.11,4.6
ITEM01335,ORD00110,PROD146,9,336.53,2056.53,32.1
ITEM01336,ORD00538,PROD012,4,990.04,3568.1,9.9
ITEM01337,ORD01438,PROD151,10,3995.85,33724.97,15.6
ITEM01338,ORD01495,PROD133,1,3172.98,2547.9,19.7
ITEM01340,ORD00725,PROD176,7,4205.5,23050.35,21.7
ITEM01341,ORD01082,PROD021,3,2552.16,5673.45,25.9
ITEM01343,ORD00863,PROD036,9,363.31,2720.47,16.8
ITEM01344,ORD00668,PROD010,3,1878.95,3804.87,32.5
ITEM01345,ORD00540,PROD047,1,2140.33,1701.56,20.5
ITEM01346,ORD01256,PROD193,3,3174.92,9524.76,0.0
ITEM01347,ORD01130,PROD019,10,2242.19,20090.02,10.4
ITEM01348,ORD00140,PROD088,4,1358.8,4326.42,20.4
ITEM01349,ORD01123,PROD168,6,4430.9,18157.83,31.7
ITEM01350,ORD00557,PROD025,9,2888.9,18148.07,30.2
ITEM01351,ORD00558,PROD036,9,1271.08,10249.99,10.4
ITEM01352,ORD00032,PROD166,7,4593.79,31256.15,2.8
ITEM01353,ORD01217,PROD176,1,954.85,697.04,27.0
ITEM01354,ORD00496,PROD130,1,2140.67,1333.64,37.7
ITEM01355,ORD01114,PROD091,6,4613.41,20566.58,25.7
ITEM01357,ORD00724,PROD054,4,2253.4,8355.61,7.3
ITEM01358,ORD00631,PROD099,4,2222.14,7173.07,19.3
ITEM01359,ORD00941,PROD131,9,2507.63,16723.38,25.9
ITEM01360,ORD00143,PROD072,6,2458.73,11226.56,23.9
ITEM01361,ORD01275,PROD009,8,1041.42,0.0,100.0
ITEM01362,ORD00383,PROD084,2,4211.62,7252.41,13.9
ITEM01363,ORD01024,PROD075,8,2991.29,21561.22,9.9
ITEM01364,ORD01314,PROD028,2,2509.06,4190.13,16.5
ITEM01365,ORD00106,PROD184,1,1791.69,1637.6,8.6
ITEM01366,ORD01408,PROD100,1,2662.99,2023.87,24.0
ITEM01367,ORD00764,PROD172,5,3589.16,15576.95,13.2
ITEM01368,ORD00520,PROD085,6,2238.98,10572.46,21.3
ITEM01369,ORD01046,PROD043,10,3091.57,19136.82,38.1
ITEM01370,ORD00937,PROD059,6,3174.08,18644.55,2.1
ITEM01371,ORD00627,PROD126,3,1352.16,3569.7,12.0
ITEM01372,ORD01085,PROD003,10,934.35,8063.44,13.7
ITEM01373,ORD00967,PROD001,7,2387.29,13987.13,16.3
ITEM01374,ORD00076,PROD197,6,4945.83,25342.43,14.6
ITEM01375,ORD00689,PROD138,4,2807.64,10848.72,3.4
ITEM01376,ORD00818,PROD116,10,718.05,4552.44,36.6
ITEM01377,ORD00780,PROD128,9,1981.87,16195.84,9.2
ITEM01378,ORD00314,PROD122,9,3711.22,29960.68,10.3
ITEM01379,ORD00461,PROD096,2,348.96,562.52,19.4
ITEM01380,ORD00057,PROD020,9,306.44,2333.23,15.4
ITEM01381,ORD01489,PROD158,2,3544.87,4891.92,31.0
ITEM01382,ORD00097,PROD014,8,1197.48,9005.05,6.0
ITEM01383,ORD00761,PROD193,2,785.8,1038.83,33.9
ITEM01384,ORD00804,PROD012,1,2948.08,2609.05,11.5
ITEM01385,ORD00014,PROD053,10,4540.02,28602.13,37.0
ITEM01386,ORD01197,PROD046,7,1810.31,8857.85,30.1
ITEM01387,ORD01329,PROD041,5,4680.69,17248.34,26.3
ITEM01388,ORD00633,PROD186,9,4352.98,31028.04,20.8
ITEM01389,ORD00558,PROD111,8,3649.54,20320.64,30.4
ITEM01390,ORD01283,PROD007,1,4561.1,3849.57,15.6
ITEM01391,ORD00802,PROD122,9,2874.52,21498.54,16.9
ITEM01392,ORD00222,PROD062,4,329.67,851.87,35.4
ITEM01393,ORD00739,PROD074,7,1898.91,8932.47,32.8
ITEM01394,ORD00022,PROD195,1,3759.94,3101.95,17.5
ITEM01395,ORD00200,PROD119,2,4329.43,7100.27,18.0
ITEM01396,ORD00284,PROD131,5,54.6,223.04,18.3
ITEM01397,ORD01378,PROD192,5,921.91,2811.83,39.0
ITEM01398,ORD01487,PROD074,5,1263.74,5680.51,10.1
ITEM01399,ORD00453,PROD062,7,1725.24,8876.36,26.5
ITEM01400,ORD00686,PROD042,1,4244.47,3573.84,15.8
ITEM01402,ORD00855,PROD120,10,4392.22,35049.92,20.2
ITEM01403,ORD00809,PROD066,9,2710.55,17686.34,27.5
ITEM01404,ORD01287,PROD137,9,2493.04,19363.44,13.7
ITEM01405,ORD00768,PROD080,5,3632.01,14128.52,22.2
ITEM01406,ORD00771,PROD109,9,3701.89,20623.23,38.1
ITEM01407,ORD00887,PROD070,2,2026.86,0.0,100.0
ITEM01408,ORD00114,PROD163,4,3154.53,12290.05,2.6
ITEM01409,ORD00738,PROD057,5,1509.82,5246.62,30.5
ITEM01410,ORD00060,PROD020,3,2986.06,6387.18,28.7
ITEM01411,ORD00715,PROD199,8,3481.48,21891.55,21.4
ITEM01412,ORD01265,PROD016,8,4718.3,25856.28,31.5
ITEM01413,ORD00043,PROD054,5,4571.88,14492.86,36.6
ITEM01414,ORD01048,PROD036,9,1094.89,8316.78,15.6
ITEM01415,ORD00739,PROD056,7,2280.88,15056.09,5.7
ITEM01416,ORD01319,PROD060,1,3002.36,2969.33,1.1
ITEM01417,ORD00764,PROD140,10,2563.92,15537.36,39.4
ITEM01418,ORD01426,PROD170,5,699.12,2761.52,21.0
ITEM01419,ORD00938,PROD091,6,4804.01,19110.35,33.7
ITEM01421,ORD00676,PROD063,10,2886.23,26351.28,8.7
ITEM01422,ORD00993,PROD115,5,1181.54,4584.38,22.4
ITEM01423,ORD01102,PROD184,2,3270.75,5926.6,9.4
ITEM01424,ORD01177,PROD112,5,1412.4,6285.18,11.0
ITEM01425,ORD00436,PROD124,1,2101.3,1632.71,22.3
ITEM01426,ORD00976,PROD061,10,1677.45,16522.88,1.5
ITEM01427,ORD01174,PROD015,9,3760.11,22098.17,34.7
ITEM01428,ORD01433,PROD192,1,3725.01,3345.06,10.2
ITEM01429,ORD00510,PROD092,3,2639.08,7917.24,0.0
ITEM01430,ORD01196,PROD141,7,1577.41,6790.75,38.5
ITEM01431,ORD00198,PROD088,6,1317.34,6765.86,14.4
ITEM01432,ORD01233,PROD138,4,3847.71,11881.73,22.8
ITEM01433,ORD00632,PROD045,6,4285.88,15892.04,38.2
ITEM01434,ORD00999,PROD020,1,3210.38,2982.44,7.1
ITEM01435,ORD00546,PROD159,8,2053.09,14930.07,9.1
ITEM01436,ORD00463,PROD109,4,693.51,2715.79,2.1
ITEM01437,ORD00946,PROD191,8,3051.52,19017.07,22.1
ITEM01438,ORD00312,PROD072,9,3126.48,18683.84,33.6
ITEM01439,ORD01162,PROD196,10,4626.82,33775.79,27.0
ITEM01440,ORD01216,PROD088,4,3120.57,9598.87,23.1
ITEM01441,ORD00086,PROD155,10,4037.42,33106.84,18.0
ITEM01442,ORD01444,PROD157,2,4338.51,8677.02,0.0
ITEM01443,ORD00391,PROD108,9,4576.68,30151.17,26.8
ITEM01444,ORD00667,PROD140,9,869.61,6613.38,15.5
ITEM01445,ORD00313,PROD039,7,4026.2,20827.53,26.1
ITEM01446,ORD00170,PROD036,6,871.44,3445.67,34.1
ITEM01447,ORD01422,PROD070,8,4790.82,30661.25,20.0
ITEM01448,ORD01161,PROD053,4,399.85,1277.92,20.1
ITEM01449,ORD01499,PROD024,2,3975.25,4937.26,37.9
ITEM01450,ORD00794,PROD035,7,4405.3,24207.12,21.5
ITEM01451,ORD00038,PROD175,8,1928.33,13683.43,11.3
ITEM01452,ORD01214,PROD171,1,3940.18,3124.56,20.7
ITEM01453,ORD00256,PROD021,10,3867.0,37509.9,3.0
ITEM01455,ORD00283,PROD092,4,2588.04,8778.63,15.2
ITEM01456,ORD00934,PROD094,4,522.99,1343.04,35.8
ITEM01457,ORD00866,PROD129,8,4181.69,26762.82,20.0
ITEM01458,ORD00558,PROD129,9,2364.94,20049.96,5.8
ITEM01459,ORD01019,PROD158,8,1470.57,10188.11,13.4
ITEM01460,ORD00146,PROD134,7,4558.6,22815.79,28.5
ITEM01461,ORD00632,PROD051,2,3746.96,6347.35,15.3
ITEM01462,ORD00384,PROD189,4,2718.34,7198.16,33.8
ITEM01463,ORD00515,PROD158,8,3032.83,16547.12,31.8
ITEM01464,ORD01384,PROD044,5,3287.99,16061.83,2.3
ITEM01465,ORD01336,PROD177,10,1909.26,18309.8,4.1
ITEM01466,ORD00467,PROD053,7,920.26,6023.1,6.5
ITEM01467,ORD00345,PROD006,10,4741.88,42107.89,11.2
ITEM01468,ORD00166,PROD123,2,4226.79,5351.12,36.7
ITEM01470,ORD00153,PROD031,9,822.47,7246.78,2.1
ITEM01471,ORD01296,PROD069,4,493.75,1649.12,16.5
ITEM01472,ORD01190,PROD029,8,1807.88,11151.0,22.9
ITEM01473,ORD00101,PROD033,7,2176.69,13743.62,9.8
ITEM01474,ORD00268,PROD199,8,3447.17,21924.0,20.5
ITEM01475,ORD00895,PROD197,1,3596.08,3089.03,14.1
ITEM01476,ORD01328,PROD085,1,4936.85,4694.94,4.9
ITEM01477,ORD00854,PROD120,5,2334.12,9324.81,20.1
ITEM01478,ORD01380,PROD006,7,1845.63,8991.91,30.4
ITEM01479,ORD00274,PROD170,8,2424.49,13305.6,31.4
ITEM01480,ORD00481,PROD106,7,2622.28,15914.62,13.3
ITEM01481,ORD00994,PROD116,3,1244.45,3274.15,12.3
ITEM01482,ORD00922,PROD015,7,3815.75,23131.08,13.4
ITEM01483,ORD00394,PROD118,1,4325.88,3962.51,8.4
ITEM01484,ORD01296,PROD128,6,1140.49,5775.44,15.6
ITEM01485,ORD01131,PROD159,1,1643.79,1241.06,24.5
ITEM01486,ORD00224,PROD181,10,50.35,478.32,5.0
ITEM01487,ORD00449,PROD173,7,787.22,4965.0,9.9
ITEM01488,ORD00511,PROD188,7,601.59,2648.8,37.1
ITEM01489,ORD00016,PROD185,1,2187.56,1325.66,39.4
ITEM01490,ORD01254,PROD167,8,335.51,1908.38,28.9
ITEM01491,ORD01101,PROD166,10,3216.94,21939.53,31.8
ITEM01492,ORD00499,PROD048,4,564.35,2137.76,5.3
ITEM01493,ORD00201,PROD077,10,4653.93,28900.91,37.9
ITEM01494,ORD00539,PROD065,10,2129.95,17955.48,15.7
ITEM01495,ORD00758,PROD183,9,1133.99,7195.17,29.5
ITEM01496,ORD00333,PROD088,5,3575.14,17875.7,0.0
ITEM01497,ORD00512,PROD077,9,808.0,5912.14,18.7
ITEM01498,ORD01006,PROD189,9,3717.02,29137.72,12.9
ITEM01499,ORD01094,PROD121,5,4606.95,22827.44,0.9
ITEM01500,ORD00027,PROD084,1,2870.91,2408.69,16.1
ITEM01501,ORD00425,PROD168,6,2972.53,16782.9,5.9
ITEM01502,ORD00633,PROD155,4,1953.99,6518.51,16.6
ITEM01503,ORD00791,PROD113,6,1940.2,9883.38,15.1
ITEM01504,ORD00445,PROD018,1,2701.72,2463.97,8.8
ITEM01505,ORD00402,PROD027,7,1577.5,7718.71,30.1
ITEM01506,ORD00371,PROD060,2,3221.53,3930.27,39.0
ITEM01507,ORD01055,PROD029,10,1428.85,9973.37,30.2
ITEM01508,ORD00908,PROD096,2,1899.82,2857.33,24.8
ITEM01509,ORD00542,PROD194,9,474.67,2887.89,32.4
ITEM01510,ORD01297,PROD178,2,1854.66,3397.74,8.4
ITEM01512,ORD00747,PROD135,5,1443.04,6933.81,3.9
ITEM01513,ORD00854,PROD125,9,371.31,2546.44,23.8
ITEM01514,ORD00656,PROD054,3,2497.84,5785.0,22.8
ITEM01515,ORD00827,PROD030,2,3130.14,4000.32,36.1
ITEM01516,ORD01132,PROD173,10,319.02,2504.31,21.5
ITEM01517,ORD00805,PROD011,1,3220.44,2296.17,28.7
ITEM01518,ORD00848,PROD034,5,1576.09,5603.0,28.9
ITEM01519,ORD01089,PROD077,7,525.28,3540.91,3.7
ITEM01520,ORD00070,PROD041,10,1427.61,12363.1,13.4
ITEM01523,ORD01135,PROD082,8,3572.86,21379.99,25.2
ITEM01525,ORD00065,PROD186,2,3744.75,7489.5,0.0
ITEM01526,ORD00102,PROD110,10,2814.01,21499.04,23.6
ITEM01527,ORD01466,PROD060,10,1553.56,14727.75,5.2
ITEM01528,ORD00738,PROD147,2,3069.61,6077.83,1.0
ITEM01529,ORD01140,PROD072,4,946.69,3112.72,17.8
ITEM01530,ORD01180,PROD110,1,724.61,631.86,12.8
ITEM01531,ORD01347,PROD136,10,4183.55,37359.1,10.7
ITEM01532,ORD00717,PROD074,8,321.58,2572.64,0.0
ITEM01533,ORD01433,PROD096,7,2555.46,17530.46,2.0
ITEM01534,ORD00441,PROD132,6,1356.4,6600.24,18.9
ITEM01535,ORD01116,PROD055,2,1243.16,1852.31,25.5
ITEM01536,ORD00238,PROD182,6,2412.58,14012.26,3.2
ITEM01537,ORD00671,PROD026,6,4356.97,24521.03,6.2
ITEM01538,ORD00961,PROD004,6,4914.22,19194.94,34.9
ITEM01540,ORD00109,PROD004,8,1632.1,11803.35,9.6
ITEM01541,ORD00190,PROD050,4,778.68,2152.27,30.9
ITEM01542,ORD00644,PROD089,4,2866.24,11063.69,3.5
ITEM01543,ORD00553,PROD143,7,1663.19,8440.69,27.5
ITEM01545,ORD01403,PROD089,6,3616.14,19982.79,7.9
ITEM01546,ORD01114,PROD129,3,3084.85,7653.51,17.3
ITEM01547,ORD01410,PROD183,3,2620.99,5449.04,30.7
ITEM01548,ORD00683,PROD122,3,2903.87,5418.62,37.8
ITEM01549,ORD00930,PROD035,7,4389.42,27038.83,12.0
ITEM01550,ORD01107,PROD097,8,3633.55,25754.6,11.4
ITEM01551,ORD00219,PROD049,9,708.25,6176.65,3.1
ITEM01552,ORD01147,PROD175,2,4861.2,8302.93,14.6
ITEM01553,ORD01302,PROD048,2,1881.96,3632.18,3.5
ITEM01554,ORD00102,PROD178,1,4941.62,4309.09,12.8
ITEM01555,ORD00985,PROD122,5,4689.2,22414.38,4.4
ITEM01556,ORD00930,PROD090,9,2571.15,19461.03,15.9
ITEM01557,ORD01272,PROD009,4,4936.87,14988.34,24.1
ITEM01558,ORD01460,PROD048,9,203.57,1722.2,6.0
ITEM01559,ORD00561,PROD126,9,962.34,5915.5,31.7
ITEM01560,ORD01269,PROD163,3,3537.05,6663.8,37.2
ITEM01561,ORD01483,PROD019,10,1982.21,14906.22,24.8
ITEM01562,ORD00219,PROD156,4,3809.36,11702.35,23.2
ITEM01563,ORD00578,PROD040,5,1694.27,7310.78,13.7
ITEM01564,ORD01087,PROD100,3,808.3,1464.64,39.6
ITEM01565,ORD01065,PROD079,5,3869.47,14317.04,26.0
ITEM01566,ORD00235,PROD048,3,2961.03,5658.53,36.3
ITEM01567,ORD00712,PROD029,1,2265.46,2265.46,0.0
ITEM01568,ORD01372,PROD191,7,2872.99,13735.77,31.7
ITEM01569,ORD01300,PROD002,6,417.48,1585.59,36.7
ITEM01570,ORD00234,PROD045,9,3616.19,29551.5,9.2
ITEM01572,ORD00556,PROD141,9,1897.62,11271.86,34.0
ITEM01574,ORD00833,PROD113,7,4568.93,26353.59,17.6
ITEM01575,ORD00190,PROD042,10,1535.41,15139.14,1.4
ITEM01576,ORD01222,PROD133,9,3091.54,19365.41,30.4
ITEM01577,ORD01348,PROD141,9,4453.44,40000.8,0.2
ITEM01578,ORD01217,PROD008,1,2650.16,2435.5,8.1
ITEM01579,ORD00699,PROD126,5,2999.4,13377.32,10.8
ITEM01580,ORD00518,PROD064,1,1260.21,1135.45,9.9
ITEM01581,ORD00227,PROD112,6,4908.72,26300.92,10.7
ITEM01582,ORD00931,PROD107,5,1086.63,5232.12,3.7
ITEM01583,ORD00191,PROD189,4,910.24,3156.71,13.3
ITEM01584,ORD00073,PROD199,8,4275.71,23978.18,29.9
ITEM01585,ORD00008,PROD183,2,3589.76,6562.08,8.6
ITEM01586,ORD00833,PROD164,5,1203.03,4403.09,26.8
ITEM01587,ORD00745,PROD079,10,4917.7,48095.11,2.2
ITEM01588,ORD00850,PROD146,7,2587.44,14924.35,17.6
ITEM01590,ORD00811,PROD011,8,872.35,6978.8,0.0
ITEM01591,ORD00801,PROD097,2,659.06,1005.73,23.7
ITEM01592,ORD00877,PROD167,5,1968.86,7068.21,28.2
ITEM01593,ORD01099,PROD160,3,407.22,754.99,38.2
ITEM01594,ORD01134,PROD081,5,929.78,2975.3,36.0
ITEM01595,ORD00742,PROD149,9,2745.0,24705.0,0.0
ITEM01596,ORD00595,PROD182,3,169.67,308.97,39.3
ITEM01597,ORD00643,PROD159,6,694.93,3590.01,13.9
ITEM01598,ORD01367,PROD001,10,559.47,4056.16,27.5
ITEM01599,ORD00682,PROD187,1,4869.19,4762.07,2.2
ITEM01600,ORD00482,PROD188,3,3800.8,10684.05,6.3
ITEM01601,ORD01299,PROD175,3,1015.09,2688.97,11.7
ITEM01602,ORD01403,PROD162,1,924.3,574.91,37.8
ITEM01603,ORD00818,PROD030,2,4170.98,5722.58,31.4
ITEM01604,ORD00451,PROD145,5,1971.43,6564.86,33.4
ITEM01605,ORD01020,PROD104,7,227.48,1203.82,24.4
ITEM01606,ORD01017,PROD170,1,3182.2,2583.95,18.8
ITEM01607,ORD00872,PROD162,9,85.64,606.59,21.3
ITEM01608,ORD00888,PROD069,6,1182.02,5496.39,22.5
ITEM01609,ORD00739,PROD057,7,3565.77,17721.88,29.0
ITEM01610,ORD01238,PROD191,5,4223.26,21116.3,0.0
ITEM01611,ORD01272,PROD170,4,225.7,724.95,19.7
ITEM01612,ORD00722,PROD183,6,547.45,2568.64,21.8
ITEM01613,ORD01267,PROD062,8,1054.92,5232.4,38.0
ITEM01615,ORD00094,PROD106,6,2856.96,12187.79,28.9
ITEM01616,ORD00346,PROD037,10,296.94,1844.0,37.9
ITEM01617,ORD01358,PROD049,6,2428.55,11117.9,23.7
ITEM01619,ORD00565,PROD086,7,2466.31,16470.02,4.6
ITEM01620,ORD00577,PROD007,4,3259.51,12203.61,6.4
ITEM01621,ORD00272,PROD045,1,1164.49,747.6,35.8
ITEM01622,ORD00478,PROD019,6,2578.81,14529.02,6.1
ITEM01623,ORD01150,PROD020,5,3232.02,12895.76,20.2
ITEM01625,ORD00877,PROD131,2,3020.23,3841.73,36.4
ITEM01626,ORD00371,PROD121,1,4223.22,2829.56,33.0
ITEM01627,ORD00378,PROD002,8,4846.73,30010.95,22.6
ITEM01628,ORD00781,PROD176,3,1979.92,5838.78,1.7
ITEM01629,ORD00879,PROD012,1,1438.79,1069.02,25.7
ITEM01630,ORD00552,PROD002,3,3384.51,7483.15,26.3
ITEM01631,ORD01046,PROD011,4,3680.17,10319.2,29.9
ITEM01632,ORD00635,PROD138,9,4166.54,0.0,100.0
ITEM01633,ORD01258,PROD036,3,4446.9,13073.89,2.0
ITEM01635,ORD00221,PROD033,4,1457.31,5829.24,0.0
ITEM01636,ORD01079,PROD015,3,3626.78,8443.14,22.4
ITEM01637,ORD01328,PROD092,10,4681.25,40586.44,13.3
ITEM01640,ORD00640,PROD192,6,1559.8,8254.46,11.8
ITEM01641,ORD00789,PROD043,5,719.39,2622.18,27.1
ITEM01643,ORD01124,PROD139,5,1650.84,6000.8,27.3
ITEM01644,ORD01059,PROD151,5,2237.67,10226.15,8.6
ITEM01645,ORD00479,PROD061,5,606.11,3012.37,0.6
ITEM01646,ORD00828,PROD148,6,890.51,3579.85,33.0
ITEM01647,ORD00447,PROD184,2,981.63,1853.32,5.6
ITEM01648,ORD01459,PROD092,3,2752.65,5425.47,34.3
ITEM01649,ORD00687,PROD099,8,1881.38,15051.04,0.0
ITEM01650,ORD01101,PROD197,8,3089.59,18092.64,26.8
ITEM01651,ORD00123,PROD013,9,612.38,3676.12,33.3
ITEM01652,ORD01351,PROD136,10,3727.33,23892.19,35.9
ITEM01653,ORD00767,PROD147,9,859.99,4829.7,37.6
ITEM01654,ORD00424,PROD136,7,4763.51,26275.52,21.2
ITEM01655,ORD00412,PROD008,7,1460.21,6153.32,39.8
ITEM01656,ORD00178,PROD075,8,1911.32,13669.76,10.6
ITEM01657,ORD01349,PROD109,6,4499.86,23624.26,12.5
ITEM01658,ORD00739,PROD099,2,3261.42,5792.28,11.2
ITEM01659,ORD00169,PROD019,10,2922.73,25661.57,12.2
ITEM01660,ORD01291,PROD115,10,2915.81,20818.88,28.6
ITEM01661,ORD00409,PROD030,9,1754.54,12616.9,20.1
ITEM01662,ORD00159,PROD004,9,3397.11,26813.39,12.3
ITEM01663,ORD01388,PROD024,4,969.01,3387.66,12.6
ITEM01664,ORD00404,PROD074,7,1719.87,8908.93,26.0
ITEM01665,ORD00708,PROD121,10,3968.7,28217.46,28.9
ITEM01666,ORD00883,PROD138,4,4056.14,14731.9,9.2
ITEM01667,ORD00233,PROD047,6,1014.07,6047.91,0.6
ITEM01668,ORD00224,PROD068,9,1163.65,10284.34,1.8
ITEM01669,ORD00910,PROD120,1,567.79,359.41,36.7
ITEM01670,ORD00010,PROD091,10,754.49,5198.44,31.1
ITEM01671,ORD00336,PROD145,2,3685.55,6309.66,14.4
ITEM01672,ORD00994,PROD158,10,2318.08,19935.49,14.0
ITEM01674,ORD00593,PROD026,2,4453.66,6760.66,24.1
ITEM01675,ORD00973,PROD197,4,2783.91,7405.2,33.5
ITEM01676,ORD00385,PROD032,6,3738.3,15857.87,29.3
ITEM01677,ORD00609,PROD125,10,4577.75,34836.68,23.9
ITEM01678,ORD00629,PROD050,7,1171.57,5035.41,38.6
ITEM01679,ORD00935,PROD146,4,2470.69,6858.64,30.6
ITEM01680,ORD01184,PROD012,2,2876.33,4734.44,17.7
ITEM01681,ORD00393,PROD101,6,3432.02,18841.79,8.5
ITEM01683,ORD00350,PROD083,4,794.05,2915.75,8.2
ITEM01684,ORD00360,PROD015,9,474.96,3009.35,29.6
ITEM01686,ORD01271,PROD104,4,2167.41,7490.57,13.6
ITEM01687,ORD00226,PROD132,8,1284.45,6761.34,34.2
ITEM01688,ORD00989,PROD136,5,1004.25,5001.16,0.4
ITEM01689,ORD00779,PROD162,2,4033.72,6857.32,15.0
ITEM01690,ORD00156,PROD187,2,3715.21,6546.2,11.9
ITEM01691,ORD01250,PROD129,1,2253.91,1516.88,32.7
ITEM01692,ORD01432,PROD094,4,3678.28,9563.53,35.0
ITEM01693,ORD00835,PROD119,6,3977.83,18186.64,23.8
ITEM01694,ORD01142,PROD184,4,367.84,966.68,34.3
ITEM01695,ORD00329,PROD110,10,921.81,6480.32,29.7
ITEM01696,ORD00349,PROD200,1,2749.92,2667.42,3.0
ITEM01697,ORD00710,PROD010,9,1012.0,7760.02,14.8
ITEM01698,ORD01070,PROD047,9,3692.21,31900.69,4.0
ITEM01699,ORD01119,PROD120,1,2619.46,1959.36,25.2
ITEM01700,ORD00699,PROD051,5,4490.47,15896.26,29.2
ITEM01701,ORD01365,PROD032,3,1442.44,3544.08,18.1
ITEM01702,ORD01071,PROD109,9,3919.66,22153.92,37.2
ITEM01703,ORD00560,PROD006,7,218.22,1524.48,0.2
ITEM01704,ORD01355,PROD062,7,4180.77,20046.79,31.5
ITEM01705,ORD00404,PROD090,9,472.65,3143.6,26.1
ITEM01706,ORD00247,PROD014,4,2624.49,10078.04,4.0
ITEM01707,ORD00442,PROD040,4,66.26,265.04,0.0
ITEM01708,ORD01300,PROD177,5,2860.05,13041.83,8.8
ITEM01709,ORD01445,PROD079,5,2924.12,9196.36,37.1
ITEM01710,ORD00644,PROD088,7,2797.17,17152.25,12.4
ITEM01711,ORD01426,PROD004,8,3262.43,20200.97,22.6
ITEM01712,ORD01396,PROD101,9,561.16,4858.52,3.8
ITEM01713,ORD01395,PROD052,10,967.75,7161.35,26.0
ITEM01714,ORD01015,PROD033,3,487.44,1101.13,24.7
ITEM01715,ORD00624,PROD190,4,1259.54,3169.0,37.1
ITEM01717,ORD01081,PROD016,1,2386.78,1606.3,32.7
ITEM01718,ORD00917,PROD177,9,401.23,2820.25,21.9
ITEM01719,ORD00630,PROD178,7,2429.82,15750.09,7.4
ITEM01720,ORD00916,PROD173,8,3067.44,22036.49,10.2
ITEM01721,ORD00561,PROD090,10,1155.3,11553.0,0.0
ITEM01722,ORD00057,PROD040,3,4829.43,14299.94,1.3
ITEM01723,ORD00925,PROD071,9,527.21,4370.04,7.9
ITEM01724,ORD00400,PROD023,4,4146.3,14362.78,13.4
ITEM01725,ORD01250,PROD170,3,261.55,617.52,21.3
ITEM01726,ORD00977,PROD110,2,4306.07,6407.43,25.6
ITEM01727,ORD00311,PROD156,3,1194.43,2780.63,22.4
ITEM01728,ORD01177,PROD066,1,369.36,329.84,10.7
ITEM01729,ORD01288,PROD200,2,1420.91,2239.35,21.2
ITEM01730,ORD00860,PROD197,1,1313.85,798.82,39.2
ITEM01731,ORD00214,PROD163,3,233.88,504.48,28.1
ITEM01732,ORD00998,PROD191,9,2259.85,13260.8,34.8
ITEM01733,ORD00712,PROD081,8,2745.46,18910.73,13.9
ITEM01734,ORD00835,PROD111,4,4024.77,10061.92,37.5
ITEM01735,ORD00700,PROD077,1,3532.31,3532.31,0.0
ITEM01736,ORD00900,PROD098,6,3221.08,16930.0,12.4
ITEM01737,ORD00994,PROD138,10,293.72,2581.8,12.1
ITEM01738,ORD01208,PROD107,7,2988.63,16464.36,21.3
ITEM01739,ORD01171,PROD097,7,4660.87,31679.93,2.9
ITEM01740,ORD00114,PROD120,6,2111.6,7905.83,37.6
ITEM01741,ORD00789,PROD102,4,1746.14,4539.96,35.0
ITEM01742,ORD00256,PROD198,6,2836.15,12592.51,26.0
ITEM01743,ORD01038,PROD163,4,2099.29,6768.11,19.4
ITEM01744,ORD00498,PROD169,4,2227.07,6725.75,24.5
ITEM01745,ORD00593,PROD188,4,3804.99,10699.63,29.7
ITEM01747,ORD00306,PROD066,1,819.26,817.62,0.2
ITEM01748,ORD00674,PROD106,6,3957.94,22987.72,3.2
ITEM01749,ORD00255,PROD158,7,3807.17,22732.61,14.7
ITEM01750,ORD00177,PROD031,7,1081.2,7553.26,0.2
ITEM01751,ORD01037,PROD072,9,4964.55,38336.26,14.2
ITEM01752,ORD00077,PROD043,5,495.63,1747.1,29.5
ITEM01753,ORD01224,PROD183,1,2586.91,2286.83,11.6
ITEM01754,ORD00648,PROD130,9,2095.36,16802.69,10.9
ITEM01755,ORD00534,PROD079,1,4339.8,2768.79,36.2
ITEM01756,ORD00684,PROD003,4,3408.16,10837.95,20.5
ITEM01757,ORD00642,PROD005,8,3981.99,26886.4,15.6
ITEM01758,ORD00160,PROD002,2,4442.39,7854.15,11.6
ITEM01759,ORD01199,PROD004,8,1541.34,9901.57,19.7
ITEM01760,ORD01357,PROD179,1,3443.16,3288.22,4.5
ITEM01761,ORD00259,PROD029,6,2001.76,7566.65,37.0
ITEM01762,ORD00593,PROD055,4,2640.69,10478.26,0.8
ITEM01764,ORD00756,PROD114,2,2069.7,3001.06,27.5
ITEM01765,ORD00265,PROD068,6,1008.71,6052.26,0.0
ITEM01766,ORD01053,PROD049,3,1501.75,4298.01,4.6
ITEM01767,ORD00885,PROD115,10,502.44,4034.59,19.7
ITEM01768,ORD00486,PROD131,7,4340.7,23457.14,22.8
ITEM01769,ORD00638,PROD070,6,1351.14,6688.14,17.5
ITEM01770,ORD01121,PROD126,3,2118.71,5294.66,16.7
ITEM01771,ORD00515,PROD188,3,4073.71,9752.46,20.2
ITEM01772,ORD00013,PROD025,10,2031.27,12634.5,37.8
ITEM01773,ORD00137,PROD005,2,2593.77,5063.04,2.4
ITEM01775,ORD00179,PROD122,9,2252.32,15122.08,25.4
ITEM01776,ORD01374,PROD062,2,4543.73,7860.65,13.5
ITEM01777,ORD00925,PROD130,3,832.92,1706.65,31.7
ITEM01778,ORD00099,PROD046,10,3250.49,29514.45,9.2
ITEM01779,ORD01332,PROD049,3,469.59,1050.94,25.4
ITEM01780,ORD01368,PROD047,6,4165.43,15745.33,37.0
ITEM01781,ORD00780,PROD038,8,968.42,4811.11,37.9
ITEM01782,ORD00516,PROD084,9,2451.31,16943.45,23.2
ITEM01783,ORD01243,PROD186,7,1774.87,9864.73,20.6
ITEM01784,ORD00241,PROD170,2,3254.39,6430.67,1.2
ITEM01785,ORD00624,PROD176,2,1218.91,1628.46,33.2
ITEM01786,ORD00627,PROD139,8,3050.72,19671.04,19.4
ITEM01787,ORD00667,PROD177,3,3611.59,9870.48,8.9
ITEM01788,ORD00435,PROD058,4,2366.18,8925.23,5.7
ITEM01789,ORD00503,PROD058,8,2933.97,15819.97,32.6
ITEM01790,ORD01009,PROD124,5,1705.69,7795.0,8.6
ITEM01791,ORD01412,PROD110,10,4422.84,31579.08,28.6
ITEM01792,ORD00716,PROD200,9,734.32,5174.75,21.7
ITEM01793,ORD00368,PROD198,2,1215.96,2227.64,8.4
ITEM01794,ORD00042,PROD043,9,2160.85,17891.84,8.0
ITEM01795,ORD00198,PROD165,1,2620.84,2458.35,6.2
ITEM01796,ORD00737,PROD187,2,4935.16,9633.43,2.4
ITEM01797,ORD00781,PROD037,10,238.95,2160.11,9.6
ITEM01798,ORD01256,PROD054,5,3960.27,16019.29,19.1
ITEM01799,ORD00196,PROD185,8,731.65,5788.81,1.1
ITEM01800,ORD00566,PROD061,9,2089.23,16227.05,13.7
ITEM01801,ORD00892,PROD069,3,2770.56,7713.24,7.2
ITEM01802,ORD01379,PROD085,2,4366.82,5493.46,37.1
ITEM01803,ORD00224,PROD012,1,1234.21,878.76,28.8
ITEM01804,ORD00778,PROD030,1,1180.52,1166.35,1.2
ITEM01806,ORD00612,PROD071,8,2322.3,14584.04,21.5
ITEM01807,ORD00157,PROD031,4,2899.81,0.0,100.0
ITEM01808,ORD00719,PROD121,3,4926.39,10123.73,31.5
ITEM01809,ORD00971,PROD127,8,3473.48,20451.85,26.4
ITEM01810,ORD00467,PROD104,4,505.35,1879.9,7.0
ITEM01811,ORD00385,PROD095,7,947.42,4947.43,25.4
ITEM01812,ORD00974,PROD119,9,2085.25,11992.27,36.1
ITEM01813,ORD00872,PROD138,9,1992.03,13822.7,22.9
ITEM01814,ORD01061,PROD108,4,754.95,2418.86,19.9
ITEM01815,ORD00554,PROD112,10,2602.78,16996.15,34.7
ITEM01816,ORD00015,PROD021,6,4055.34,16764.78,31.1
ITEM01817,ORD01483,PROD011,6,1163.74,6800.9,2.6
ITEM01818,ORD01268,PROD179,5,4830.75,15772.4,34.7
ITEM01819,ORD00182,PROD167,8,1932.44,15227.63,1.5
ITEM01820,ORD00413,PROD013,2,3518.12,6832.19,2.9
ITEM01822,ORD00147,PROD005,1,1808.98,1555.72,14.0
ITEM01823,ORD01289,PROD090,6,2026.96,8282.16,31.9
ITEM01824,ORD01007,PROD154,2,3025.49,5905.76,2.4
ITEM01825,ORD01038,PROD023,6,708.51,3702.67,12.9
ITEM01826,ORD00141,PROD032,2,4642.87,6230.73,32.9
ITEM01827,ORD00032,PROD136,3,2337.74,6480.22,7.6
ITEM01828,ORD01267,PROD098,3,2427.86,6933.97,4.8
ITEM01829,ORD00012,PROD042,4,4031.42,10610.7,34.2
ITEM01830,ORD00998,PROD165,10,1588.03,12942.44,18.5
ITEM01831,ORD00228,PROD188,6,2266.35,12999.78,4.4
ITEM01832,ORD01176,PROD069,3,4426.96,9309.9,29.9
ITEM01834,ORD00987,PROD156,2,3199.76,4703.65,26.5
ITEM01835,ORD01316,PROD193,3,3210.28,6231.15,35.3
ITEM01836,ORD00210,PROD062,7,1878.8,10889.52,17.2
ITEM01837,ORD01346,PROD160,2,681.0,1071.89,21.3
ITEM01838,ORD00613,PROD056,9,1438.21,12400.25,4.2
ITEM01839,ORD00707,PROD161,5,1548.44,5907.3,23.7
ITEM01840,ORD00209,PROD053,9,3107.38,18541.74,33.7
ITEM01841,ORD00639,PROD078,5,3414.26,10379.35,39.2
ITEM01842,ORD01194,PROD131,5,4136.48,15242.93,26.3
ITEM01843,ORD00735,PROD171,3,4155.53,10409.6,16.5
ITEM01844,ORD00203,PROD148,1,2507.71,1923.41,23.3
ITEM01845,ORD00573,PROD022,9,1454.44,12304.56,6.0
ITEM01846,ORD01193,PROD074,4,3707.91,11939.47,19.5
ITEM01847,ORD01415,PROD015,10,486.64,2953.9,39.3
ITEM01848,ORD01335,PROD033,9,4429.25,28860.99,27.6
ITEM01849,ORD00736,PROD102,6,3855.77,20474.14,11.5
ITEM01850,ORD00670,PROD151,7,3103.27,18464.46,15.0
ITEM01851,ORD01090,PROD165,10,4736.63,37987.77,19.8
ITEM01853,ORD01112,PROD100,5,1923.99,7695.96,20.0
ITEM01854,ORD00997,PROD058,5,4465.59,21814.41,2.3
ITEM01855,ORD00436,PROD023,5,3380.17,13317.87,21.2
ITEM01856,ORD00786,PROD082,4,581.96,2088.07,10.3
ITEM01858,ORD00075,PROD089,1,1237.48,1043.2,15.7
ITEM01859,ORD00957,PROD163,3,3742.75,10936.32,2.6
ITEM01860,ORD00359,PROD090,6,3422.72,17579.09,14.4
ITEM01861,ORD01219,PROD174,7,4103.84,17264.85,39.9
ITEM01862,ORD00808,PROD135,7,3993.46,24991.07,10.6
ITEM01863,ORD00874,PROD013,4,2991.78,11009.75,8.0
ITEM01864,ORD01488,PROD167,1,2912.85,2647.78,9.1
ITEM01865,ORD00160,PROD005,6,3821.2,22010.11,4.0
ITEM01867,ORD00102,PROD124,9,1249.13,10488.94,6.7
ITEM01868,ORD01096,PROD095,2,2826.23,4312.83,23.7
ITEM01869,ORD00527,PROD128,10,4293.18,29537.08,31.2
ITEM01870,ORD00495,PROD198,1,4171.26,2894.85,30.6
ITEM01871,ORD01066,PROD087,6,3410.63,18806.21,8.1
ITEM01872,ORD01063,PROD118,3,2265.17,5130.61,24.5
ITEM01873,ORD00141,PROD085,6,2626.01,13298.11,15.6
ITEM01875,ORD01108,PROD177,3,275.95,706.98,14.6
ITEM01877,ORD01085,PROD029,9,1294.41,9832.34,15.6
ITEM01878,ORD00287,PROD131,3,1524.47,3215.11,29.7
ITEM01879,ORD00960,PROD196,1,3426.23,2460.03,28.2
ITEM01881,ORD00348,PROD189,4,3798.71,14708.61,3.2
ITEM01882,ORD00401,PROD186,2,3688.12,5598.57,24.1
ITEM01883,ORD01336,PROD142,7,458.64,3008.22,6.3
ITEM01885,ORD01218,PROD050,6,955.61,4747.47,17.2
ITEM01886,ORD01238,PROD126,1,2741.35,2289.03,16.5
ITEM01888,ORD00934,PROD171,9,1144.97,7409.1,28.1
ITEM01889,ORD00036,PROD190,1,344.1,254.63,26.0
ITEM01890,ORD00639,PROD138,7,4387.58,18581.4,39.5
ITEM01891,ORD01482,PROD072,9,1920.05,11664.3,32.5
ITEM01892,ORD00789,PROD071,4,527.29,1697.87,19.5
ITEM01893,ORD00565,PROD066,5,1940.82,9607.06,1.0
ITEM01894,ORD00514,PROD100,1,1934.86,1760.72,9.0
ITEM01895,ORD00698,PROD138,4,2482.65,6117.25,38.4
ITEM01896,ORD00007,PROD164,2,1315.4,2223.03,15.5
ITEM01897,ORD00484,PROD082,10,175.85,1436.69,18.3
ITEM01898,ORD00045,PROD005,9,3613.97,26866.25,17.4
ITEM01899,ORD01358,PROD027,6,3848.61,21706.16,6.0
ITEM01900,ORD00015,PROD171,6,2719.79,14719.5,9.8
ITEM01901,ORD00774,PROD051,1,4437.68,2831.24,36.2
ITEM01902,ORD01376,PROD162,6,3184.49,17425.53,8.8
ITEM01904,ORD00536,PROD023,10,2940.68,18261.62,37.9
ITEM01905,ORD00733,PROD063,9,1447.66,9341.75,28.3
ITEM01906,ORD01461,PROD130,1,2713.33,1817.93,33.0
ITEM01907,ORD01483,PROD094,4,172.78,449.23,35.0
ITEM01909,ORD01381,PROD174,6,1720.88,7733.63,25.1
ITEM01910,ORD01250,PROD077,10,2199.12,20055.97,8.8
ITEM01911,ORD01259,PROD028,4,2668.57,10215.29,4.3
ITEM01912,ORD00098,PROD141,3,4109.97,9592.67,22.2
ITEM01913,ORD01048,PROD080,6,2559.44,10795.72,29.7
ITEM01914,ORD00172,PROD046,7,4785.45,24889.13,25.7
ITEM01915,ORD01052,PROD158,1,3924.71,3100.52,21.0
ITEM01916,ORD00982,PROD058,1,2699.57,2345.93,13.1
ITEM01917,ORD00473,PROD042,2,581.21,731.16,37.1
ITEM01918,ORD00433,PROD104,4,347.38,1008.79,27.4
ITEM01919,ORD00109,PROD190,8,678.01,4068.06,25.0
ITEM01920,ORD00059,PROD072,9,573.23,4539.98,12.0
ITEM01921,ORD00364,PROD083,8,4996.24,31616.21,20.9
ITEM01922,ORD01010,PROD117,3,471.98,1414.52,0.1
ITEM01924,ORD00774,PROD017,9,3241.65,23835.85,18.3
ITEM01925,ORD00490,PROD121,2,1489.58,1942.41,34.8
ITEM01926,ORD01464,PROD115,5,2167.27,9817.73,9.4
ITEM01927,ORD00285,PROD064,3,1746.82,3615.92,31.0
ITEM01928,ORD00936,PROD059,10,4181.26,30941.32,26.0
ITEM01929,ORD00376,PROD125,4,3418.55,11417.96,16.5
ITEM01930,ORD00341,PROD170,7,218.33,1082.04,29.2
ITEM01932,ORD01017,PROD018,10,1797.04,13855.18,22.9
ITEM01933,ORD00455,PROD013,2,1788.18,2760.95,22.8
ITEM01934,ORD00874,PROD109,7,3655.56,16556.03,35.3
ITEM01935,ORD01256,PROD093,5,2463.94,8340.44,32.3
ITEM01936,ORD00664,PROD050,2,3524.99,4949.09,29.8
ITEM01937,ORD00122,PROD103,6,3449.16,17156.12,17.1
ITEM01938,ORD00537,PROD012,9,3879.13,29535.7,15.4
ITEM01939,ORD00426,PROD089,10,3433.25,32581.54,5.1
ITEM01940,ORD00300,PROD076,9,3688.8,33033.2,0.5
ITEM01941,ORD01330,PROD186,7,2018.15,11570.05,18.1
ITEM01942,ORD00791,PROD145,10,2698.98,24209.85,10.3
ITEM01943,ORD00092,PROD125,5,4658.74,20731.39,11.0
ITEM01944,ORD00680,PROD022,6,2203.84,8185.06,38.1
ITEM01945,ORD01199,PROD048,8,3096.93,19820.35,20.0
ITEM01946,ORD00099,PROD122,8,767.62,5975.15,2.7
ITEM01947,ORD00534,PROD148,8,1968.82,14805.53,6.0
ITEM01948,ORD00951,PROD060,4,151.92,576.08,5.2
ITEM01949,ORD00479,PROD021,4,743.29,1911.74,35.7
ITEM01950,ORD00731,PROD161,1,3039.97,3024.77,0.5
ITEM01951,ORD00432,PROD010,2,2132.09,2810.09,34.1
ITEM01952,ORD00671,PROD137,5,1774.82,6540.21,26.3
ITEM01953,ORD00289,PROD040,8,4533.61,28471.07,21.5
ITEM01954,ORD00337,PROD100,9,526.08,2997.08,36.7
ITEM01955,ORD00857,PROD043,8,1997.08,13324.52,16.6
ITEM01956,ORD01346,PROD166,2,3133.24,5194.91,17.1
ITEM01957,ORD00750,PROD166,8,2155.36,16070.36,6.8
ITEM01958,ORD00533,PROD124,7,4231.78,28082.09,5.2
ITEM01959,ORD01208,PROD120,2,2090.51,4139.21,1.0
ITEM01960,ORD00422,PROD081,2,1275.31,1566.08,38.6
ITEM01961,ORD00108,PROD108,6,1339.73,7089.85,11.8
ITEM01962,ORD00705,PROD199,1,3146.8,3042.96,3.3
ITEM01963,ORD00429,PROD187,6,3560.67,18586.7,13.0
ITEM01964,ORD01154,PROD154,9,2325.16,13999.79,33.1
ITEM01965,ORD00959,PROD156,2,935.06,1572.77,15.9
ITEM01966,ORD00389,PROD181,4,1783.23,4707.73,34.0
ITEM01967,ORD00626,PROD158,3,4604.82,11065.38,19.9
ITEM01969,ORD00198,PROD001,4,1580.62,4982.11,21.2
ITEM01970,ORD00399,PROD112,7,577.83,3122.59,22.8
ITEM01971,ORD01387,PROD178,2,211.38,258.73,38.8
ITEM01972,ORD01349,PROD006,4,2862.45,10236.12,10.6
ITEM01973,ORD00711,PROD077,10,2556.9,18281.84,28.5
ITEM01974,ORD01259,PROD030,5,1444.57,6081.64,15.8
ITEM01975,ORD01204,PROD130,3,2320.49,5694.48,18.2
ITEM01976,ORD00890,PROD112,2,4576.91,7048.44,23.0
ITEM01977,ORD00607,PROD158,10,72.25,593.9,17.8
ITEM01979,ORD00862,PROD003,4,192.54,673.12,12.6
ITEM01980,ORD00122,PROD157,3,874.54,2348.14,10.5
ITEM01981,ORD01298,PROD093,2,3044.86,4427.23,27.3
ITEM01982,ORD00778,PROD099,1,815.04,665.89,18.3
ITEM01983,ORD00127,PROD104,3,4116.06,7767.01,37.1
ITEM01984,ORD01465,PROD026,9,120.56,1017.77,6.2
ITEM01985,ORD00053,PROD022,7,933.18,6186.05,5.3
ITEM01988,ORD01275,PROD048,8,2713.49,18126.11,16.5
ITEM01989,ORD01448,PROD141,8,3166.66,16998.63,32.9
ITEM01991,ORD00321,PROD034,9,359.48,2022.08,37.5
ITEM01992,ORD00957,PROD023,3,1065.09,2671.25,16.4
ITEM01993,ORD00523,PROD181,7,878.31,5576.39,9.3
ITEM01994,ORD00023,PROD005,2,4878.92,6928.07,29.0
ITEM01995,ORD01435,PROD124,3,2299.0,4345.11,37.0
ITEM01996,ORD00644,PROD081,10,1575.86,12165.64,22.8
ITEM01997,ORD00184,PROD129,4,1694.06,5739.48,15.3
ITEM01998,ORD00530,PROD111,7,1041.15,7135.0,2.1
ITEM01999,ORD01341,PROD078,8,3242.08,25677.27,1.0
ITEM02000,ORD01432,PROD057,1,3066.41,2220.08,27.6
ITEM02001,ORD00497,PROD093,6,1848.05,7662.02,30.9
ITEM02002,ORD00235,PROD144,3,4466.53,12501.82,6.7
ITEM02003,ORD00793,PROD061,9,4089.4,32093.61,12.8
ITEM02004,ORD00596,PROD006,1,1783.22,1353.46,24.1
ITEM02005,ORD00187,PROD150,1,3506.09,2114.17,39.7
ITEM02006,ORD00142,PROD127,10,3027.18,22340.59,26.2
ITEM02007,ORD01246,PROD083,10,1523.4,11379.8,25.3
ITEM02008,ORD01260,PROD058,3,3277.81,6922.73,29.6
ITEM02009,ORD00183,PROD051,10,3427.03,31939.92,6.8
ITEM02010,ORD01437,PROD177,9,450.34,2735.82,32.5
ITEM02011,ORD00410,PROD097,8,3150.36,19381.01,23.1
ITEM02012,ORD00890,PROD051,9,3706.45,21549.3,35.4
ITEM02013,ORD00752,PROD029,10,4350.31,36499.1,16.1
ITEM02015,ORD00636,PROD149,1,4149.75,3987.91,3.9
ITEM02016,ORD01469,PROD035,1,447.65,390.35,12.8
ITEM02017,ORD00102,PROD129,6,2259.5,10520.23,22.4
ITEM02018,ORD01313,PROD162,6,1752.02,6948.51,33.9
ITEM02019,ORD00321,PROD152,7,2526.08,17505.73,1.0
ITEM02021,ORD00739,PROD149,3,3912.97,9344.17,20.4
ITEM02022,ORD00591,PROD025,5,3122.36,12598.72,19.3
ITEM02023,ORD00355,PROD133,1,73.11,58.78,19.6
ITEM02024,ORD00877,PROD176,1,1996.08,1413.22,29.2
ITEM02025,ORD00084,PROD104,5,3916.45,14001.31,28.5
ITEM02026,ORD00087,PROD031,8,3461.03,20018.6,27.7
ITEM02027,ORD00846,PROD169,8,1479.78,9920.45,16.2
ITEM02028,ORD00261,PROD122,9,1102.49,6697.63,32.5
ITEM02029,ORD01106,PROD082,10,517.73,3215.1,37.9
ITEM02030,ORD01323,PROD166,7,1286.74,6926.52,23.1
ITEM02031,ORD01178,PROD102,2,2549.21,5016.85,1.6
ITEM02033,ORD00376,PROD111,4,1113.25,4453.0,0.0
ITEM02034,ORD00343,PROD056,3,4657.27,9822.18,29.7
ITEM02035,ORD00388,PROD065,6,3651.96,16959.7,22.6
ITEM02036,ORD01067,PROD082,6,4706.6,18722.85,33.7
ITEM02037,ORD00532,PROD169,7,3822.91,24004.05,10.3
ITEM02038,ORD00418,PROD071,3,3306.32,7955.01,19.8
ITEM02039,ORD00738,PROD152,4,272.56,993.21,8.9
ITEM02040,ORD00948,PROD098,5,1735.83,7203.69,17.0
ITEM02041,ORD01248,PROD072,6,724.35,4250.49,2.2
ITEM02042,ORD01262,PROD171,5,2302.85,8244.2,28.4
ITEM02043,ORD00385,PROD176,6,224.37,1094.48,18.7
ITEM02044,ORD01102,PROD044,8,249.84,1257.19,37.1
ITEM02045,ORD01324,PROD045,2,2636.75,5062.56,4.0
ITEM02046,ORD01223,PROD008,8,4284.75,27970.85,18.4
ITEM02047,ORD00654,PROD107,5,859.48,3235.94,24.7
ITEM02048,ORD01174,PROD197,4,4428.29,17713.16,0.0
ITEM02049,ORD00616,PROD146,10,2328.31,18230.67,21.7
ITEM02050,ORD00753,PROD195,9,78.75,687.49,3.0
ITEM02051,ORD01152,PROD147,8,1507.83,8709.23,27.8
ITEM02053,ORD00343,PROD040,8,541.84,2670.19,38.4
ITEM02054,ORD00319,PROD087,5,2378.13,9143.91,23.1
ITEM02055,ORD00668,PROD199,8,1982.66,15512.33,2.2
ITEM02056,ORD00131,PROD088,9,2118.66,12184.41,36.1
ITEM02057,ORD01313,PROD136,9,3343.25,20641.23,31.4
ITEM02058,ORD00989,PROD199,6,2641.35,9873.37,37.7
ITEM02059,ORD00571,PROD062,10,2100.59,21005.9,0.0
ITEM02060,ORD00996,PROD014,8,4194.28,32346.29,3.6
ITEM02061,ORD00660,PROD003,6,1008.89,4086.0,32.5
ITEM02062,ORD00361,PROD051,6,3499.72,13375.93,36.3
ITEM02063,ORD01222,PROD090,9,3774.87,28300.2,16.7
ITEM02064,ORD00555,PROD137,8,2146.12,10713.43,37.6
ITEM02065,ORD01276,PROD016,3,2108.01,4717.73,25.4
ITEM02066,ORD00912,PROD170,8,4340.76,34621.9,0.3
ITEM02067,ORD00939,PROD180,6,2928.53,16639.91,5.3
ITEM02068,ORD00728,PROD182,5,1672.52,7894.29,5.6
ITEM02069,ORD00816,PROD142,9,326.18,2935.62,0.0
ITEM02070,ORD00751,PROD199,8,433.93,2704.25,22.1
ITEM02071,ORD00645,PROD118,8,1386.46,8662.6,21.9
ITEM02072,ORD00210,PROD095,10,671.52,4277.58,36.3
ITEM02073,ORD00333,PROD104,1,811.6,739.37,8.9
ITEM02074,ORD01055,PROD161,1,692.07,546.74,21.0
ITEM02075,ORD01051,PROD063,8,1969.96,13884.28,11.9
ITEM02076,ORD01379,PROD066,7,60.2,405.81,3.7
ITEM02077,ORD01266,PROD191,4,1265.91,4177.5,17.5
ITEM02078,ORD01375,PROD075,3,2982.47,7274.24,18.7
ITEM02079,ORD00683,PROD158,3,1687.33,4074.9,19.5
ITEM02080,ORD00893,PROD025,5,3406.15,14867.84,12.7
ITEM02081,ORD00414,PROD185,2,2400.5,4320.9,10.0
ITEM02082,ORD01098,PROD011,6,265.61,1325.93,16.8
ITEM02083,ORD00386,PROD130,6,888.89,4928.01,7.6
ITEM02084,ORD00877,PROD133,4,1702.32,6046.64,11.2
ITEM02085,ORD01005,PROD090,1,4463.33,3160.04,29.2
ITEM02086,ORD00836,PROD060,4,275.02,679.85,38.2
ITEM02088,ORD00711,PROD143,3,2392.69,6036.76,15.9
ITEM02089,ORD00930,PROD140,9,2484.48,19900.68,11.0
ITEM02090,ORD00120,PROD062,4,1133.72,3378.49,25.5
ITEM02091,ORD00431,PROD022,6,2970.83,17557.61,1.5
ITEM02092,ORD00165,PROD156,4,3082.0,7840.61,36.4
ITEM02093,ORD00007,PROD194,10,2824.7,25196.32,10.8
ITEM02094,ORD00161,PROD048,4,4136.79,15521.24,6.2
ITEM02095,ORD00344,PROD113,10,4869.29,47621.66,2.2
ITEM02098,ORD00147,PROD116,7,1767.7,8550.36,30.9
ITEM02099,ORD00503,PROD114,1,3245.35,2313.93,28.7
ITEM02100,ORD00460,PROD130,8,4333.46,34667.68,0.0
ITEM02101,ORD01319,PROD054,3,1482.89,3016.2,32.2
ITEM02102,ORD01434,PROD074,4,3466.49,8721.69,37.1
ITEM02103,ORD01057,PROD013,10,2373.19,18487.15,22.1
ITEM02104,ORD01010,PROD128,4,1732.41,5328.89,23.1
ITEM02105,ORD00730,PROD150,5,4911.12,19595.37,20.2
ITEM02106,ORD00431,PROD176,9,2019.58,17067.47,6.1
ITEM02107,ORD01313,PROD161,7,3412.66,21738.64,9.0
ITEM02108,ORD01394,PROD049,3,3198.28,9479.7,1.2
ITEM02110,ORD00366,PROD129,1,124.63,92.35,25.9
ITEM02111,ORD00151,PROD021,10,897.93,5486.35,38.9
ITEM02112,ORD00618,PROD143,6,353.79,1596.3,24.8
ITEM02113,ORD00589,PROD023,4,1711.47,5723.16,16.4
ITEM02114,ORD01048,PROD099,2,3199.28,5918.67,7.5
ITEM02115,ORD00440,PROD170,9,1410.24,12070.24,4.9
ITEM02116,ORD00688,PROD122,9,3780.41,22761.85,33.1
ITEM02117,ORD00591,PROD023,10,4673.0,34112.9,27.0
ITEM02118,ORD01385,PROD126,9,986.64,6970.61,21.5
ITEM02119,ORD00680,PROD116,4,4485.81,14049.56,21.7
ITEM02120,ORD00930,PROD171,4,4553.99,12969.76,28.8
ITEM02121,ORD00591,PROD025,3,2135.91,4088.13,36.2
ITEM02122,ORD01155,PROD031,7,975.74,6830.18,0.0
ITEM02123,ORD01038,PROD002,9,2882.34,21531.08,17.0
ITEM02124,ORD01079,PROD058,3,3471.49,7425.52,28.7
ITEM02125,ORD01459,PROD073,7,872.57,5032.98,17.6
ITEM02126,ORD01288,PROD012,9,4278.02,24987.91,35.1
ITEM02127,ORD00474,PROD045,9,4697.11,25744.86,39.1
ITEM02128,ORD01267,PROD014,10,4972.24,47087.11,5.3
ITEM02129,ORD00871,PROD126,10,4315.9,26024.88,39.7
ITEM02130,ORD01066,PROD057,2,4993.42,7570.02,24.2
ITEM02131,ORD00411,PROD112,3,968.35,1824.37,37.2
ITEM02132,ORD01151,PROD017,8,3392.99,25433.85,6.3
ITEM02133,ORD01420,PROD128,10,3545.85,34962.08,1.4
ITEM02134,ORD00261,PROD080,5,2104.17,7322.51,30.4
ITEM02135,ORD00742,PROD082,4,3231.48,10870.7,15.9
ITEM02136,ORD00309,PROD117,6,2786.44,14160.69,15.3
ITEM02137,ORD00762,PROD194,4,3592.61,10246.12,28.7
ITEM02138,ORD00587,PROD067,10,444.45,3355.6,24.5
ITEM02139,ORD00441,PROD028,4,3824.1,14011.5,8.4
ITEM02140,ORD00074,PROD122,8,1838.97,8841.77,39.9
ITEM02141,ORD01277,PROD161,6,4052.68,18407.27,24.3
ITEM02142,ORD00394,PROD158,4,119.34,346.56,27.4
ITEM02143,ORD00700,PROD017,2,2809.89,5602.92,0.3
ITEM02144,ORD01412,PROD129,7,3422.29,21919.77,8.5
ITEM02145,ORD00510,PROD070,3,3728.62,9731.7,13.0
ITEM02146,ORD00696,PROD164,7,4353.72,24990.35,18.0
ITEM02147,ORD00355,PROD136,3,3339.63,7253.68,27.6
ITEM02148,ORD00132,PROD002,1,3744.09,2298.87,38.6
ITEM02149,ORD00721,PROD005,5,4466.94,17867.76,20.0
ITEM02150,ORD00130,PROD016,6,1807.68,8503.33,21.6
ITEM02151,ORD01004,PROD008,3,2142.96,4885.95,24.0
ITEM02152,ORD00401,PROD193,1,3940.46,2443.09,38.0
ITEM02153,ORD01394,PROD004,6,2863.7,11872.9,30.9
ITEM02154,ORD00587,PROD024,5,894.1,3777.57,15.5
ITEM02155,ORD00778,PROD059,3,166.14,450.57,9.6
ITEM02156,ORD00861,PROD062,3,4892.67,11889.19,19.0
ITEM02157,ORD00044,PROD016,1,3492.67,2151.48,38.4
ITEM02158,ORD00886,PROD176,4,2418.36,8560.99,11.5
ITEM02159,ORD01091,PROD164,4,3984.66,12464.02,21.8
ITEM02160,ORD01483,PROD044,7,2690.81,13053.12,30.7
ITEM02161,ORD01176,PROD185,6,1241.81,6273.62,15.8
ITEM02162,ORD01312,PROD031,3,4957.41,12567.03,15.5
ITEM02163,ORD01158,PROD071,10,2248.87,22173.86,1.4
ITEM02164,ORD01460,PROD141,7,1487.84,7936.14,23.8
ITEM02165,ORD00311,PROD151,4,233.22,679.14,27.2
ITEM02166,ORD00524,PROD005,2,3685.98,4496.9,39.0
ITEM02167,ORD00964,PROD066,5,4997.74,18816.49,24.7
ITEM02168,ORD00209,PROD003,7,3049.71,21347.97,0.0
ITEM02169,ORD00734,PROD021,9,2437.71,17858.66,18.6
ITEM02170,ORD00975,PROD024,5,2941.65,11575.39,21.3
ITEM02171,ORD00658,PROD187,1,2224.64,1441.57,35.2
ITEM02172,ORD00851,PROD064,5,4591.7,22774.83,0.8
ITEM02173,ORD00216,PROD198,4,130.57,476.32,8.8
ITEM02174,ORD00036,PROD165,2,693.95,1172.78,15.5
ITEM02175,ORD01118,PROD147,4,421.45,1382.36,18.0
ITEM02176,ORD00096,PROD042,2,1853.94,2869.9,22.6
ITEM02177,ORD01361,PROD028,7,2105.52,12660.49,14.1
ITEM02178,ORD00158,PROD091,2,1373.0,2636.16,4.0
ITEM02179,ORD00080,PROD170,6,2045.53,7670.74,37.5
ITEM02180,ORD00437,PROD163,8,2396.94,14669.27,23.5
ITEM02181,ORD00042,PROD143,9,1971.99,16150.6,9.0
ITEM02182,ORD00333,PROD186,7,912.12,4035.22,36.8
ITEM02183,ORD00368,PROD020,6,3100.87,15944.67,14.3
ITEM02185,ORD01466,PROD039,3,4737.89,10546.54,25.8
ITEM02186,ORD00287,PROD120,8,1040.34,8264.46,0.7
ITEM02189,ORD00693,PROD038,10,2171.14,15871.03,26.9
ITEM02191,ORD00219,PROD074,10,2896.71,18307.21,36.8
ITEM02192,ORD00367,PROD064,2,4722.4,8415.32,10.9
ITEM02193,ORD00198,PROD166,10,3075.23,24417.33,20.6
ITEM02194,ORD00856,PROD115,10,2285.77,21531.95,5.8
ITEM02195,ORD01222,PROD182,3,2605.92,6543.47,16.3
ITEM02196,ORD01049,PROD108,6,3564.39,15590.64,27.1
ITEM02197,ORD00460,PROD074,6,1360.21,5443.56,33.3
ITEM02198,ORD00280,PROD083,3,2055.62,6160.69,0.1
ITEM02199,ORD00392,PROD097,7,3145.49,14179.87,35.6
ITEM02200,ORD00314,PROD020,9,359.63,2485.76,23.2
ITEM02201,ORD01138,PROD133,3,2849.36,7753.11,9.3
ITEM02202,ORD00728,PROD188,5,985.68,3676.59,25.4
ITEM02203,ORD00532,PROD190,9,1206.22,10443.45,3.8
ITEM02204,ORD00203,PROD080,8,65.07,322.75,38.0
ITEM02205,ORD00537,PROD110,9,3067.91,22668.79,17.9
ITEM02206,ORD00260,PROD144,4,995.43,3706.98,6.9
ITEM02207,ORD00337,PROD147,3,321.07,869.78,9.7
ITEM02208,ORD00839,PROD026,2,4151.71,6061.5,27.0
ITEM02209,ORD00473,PROD096,3,2968.67,7890.72,11.4
ITEM02210,ORD01286,PROD177,7,3239.84,21749.05,4.1
ITEM02211,ORD00273,PROD163,7,4757.97,25911.9,22.2
ITEM02213,ORD00262,PROD191,3,3308.53,6411.93,35.4
ITEM02214,ORD00234,PROD051,8,1120.95,6618.09,26.2
ITEM02215,ORD00605,PROD053,4,1131.79,3802.81,16.0
ITEM02216,ORD00541,PROD102,7,1985.67,11870.34,14.6
ITEM02218,ORD00416,PROD159,1,3409.94,3065.54,10.1
ITEM02219,ORD00973,PROD195,10,974.75,9123.66,6.4
ITEM02220,ORD00218,PROD114,1,1789.85,1406.82,21.4
ITEM02221,ORD00689,PROD080,5,1592.57,6505.65,18.3
ITEM02222,ORD01324,PROD125,2,4228.91,7468.26,11.7
ITEM02223,ORD00075,PROD012,6,113.61,417.86,38.7
ITEM02224,ORD00547,PROD162,10,4844.94,33478.54,30.9
ITEM02225,ORD00660,PROD152,9,592.32,4813.78,9.7
ITEM02226,ORD00256,PROD027,4,2094.63,7875.81,6.0
ITEM02227,ORD01266,PROD075,2,2277.1,3602.37,20.9
ITEM02228,ORD00805,PROD132,2,3845.78,6130.17,20.3
ITEM02229,ORD01001,PROD119,1,1431.43,1382.76,3.4
ITEM02230,ORD01114,PROD190,2,1695.4,2607.53,23.1
ITEM02231,ORD00903,PROD177,3,4471.01,9724.45,27.5
ITEM02232,ORD01012,PROD031,9,1998.63,10864.55,39.6
ITEM02233,ORD01128,PROD155,7,2503.73,0.0,100.0
ITEM02234,ORD01025,PROD048,7,2386.31,10506.92,37.1
ITEM02235,ORD00067,PROD179,2,4448.6,5471.78,38.5
ITEM02236,ORD00161,PROD173,8,1458.05,8375.04,28.2
ITEM02237,ORD01391,PROD156,2,895.36,1201.57,32.9
ITEM02238,ORD00256,PROD193,1,1077.07,1021.06,5.2
ITEM02240,ORD00723,PROD131,5,4537.79,21872.15,3.6
ITEM02241,ORD01241,PROD058,10,171.71,1179.65,31.3
ITEM02242,ORD00206,PROD058,6,613.17,3186.03,13.4
ITEM02243,ORD00427,PROD134,7,1340.62,9384.34,0.0
ITEM02244,ORD00366,PROD034,10,1480.2,13395.81,9.5
ITEM02245,ORD00866,PROD191,2,2199.14,3285.52,25.3
ITEM02246,ORD01100,PROD097,8,3464.6,18459.39,33.4
ITEM02247,ORD00612,PROD089,6,1379.41,6199.07,25.1
ITEM02248,ORD00382,PROD109,7,145.67,727.04,28.7
ITEM02249,ORD00401,PROD032,7,1810.72,8504.95,32.9
ITEM02250,ORD00359,PROD146,9,2959.37,25062.9,5.9
ITEM02251,ORD01447,PROD121,5,4374.05,19639.48,10.2
ITEM02252,ORD01406,PROD137,10,2276.45,16276.62,28.5
ITEM02253,ORD00806,PROD163,2,2684.6,5014.83,6.6
ITEM02254,ORD00390,PROD200,7,467.08,2968.76,9.2
ITEM02255,ORD00692,PROD149,4,3364.65,13431.68,0.2
ITEM02256,ORD00728,PROD097,1,3121.38,2475.25,20.7
ITEM02257,ORD00551,PROD140,4,3900.67,11577.19,25.8
ITEM02258,ORD00849,PROD019,4,568.2,1947.79,14.3
ITEM02259,ORD01251,PROD035,10,129.39,822.92,36.4
ITEM02260,ORD01394,PROD097,8,2709.24,19484.85,10.1
ITEM02261,ORD00084,PROD104,7,3636.0,16034.76,37.0
ITEM02262,ORD00426,PROD106,3,601.24,1509.71,16.3
ITEM02263,ORD00394,PROD175,9,4660.33,33134.95,21.0
ITEM02264,ORD01469,PROD158,7,4374.84,19507.41,36.3
ITEM02265,ORD00793,PROD149,3,3543.12,7493.7,29.5
ITEM02266,ORD01153,PROD031,9,697.44,5580.22,11.1
ITEM02267,ORD01446,PROD099,1,3158.37,2198.23,30.4
ITEM02268,ORD00386,PROD187,4,4412.3,17155.02,2.8
ITEM02269,ORD00178,PROD147,4,3745.19,11625.07,22.4
ITEM02270,ORD00072,PROD146,1,2639.72,2301.84,12.8
ITEM02271,ORD00699,PROD041,1,730.36,706.26,3.3
ITEM02272,ORD00911,PROD187,3,3452.29,8389.06,19.0
ITEM02274,ORD01163,PROD118,1,3989.85,3754.45,5.9
ITEM02275,ORD00932,PROD116,1,424.73,399.67,5.9
ITEM02276,ORD00507,PROD173,4,4564.54,15957.63,12.6
ITEM02277,ORD00361,PROD007,2,937.78,1823.04,2.8
ITEM02278,ORD00411,PROD173,5,1767.96,7929.3,10.3
ITEM02279,ORD01441,PROD129,8,2822.34,22330.35,1.1
ITEM02280,ORD01123,PROD163,5,766.29,3160.95,17.5
ITEM02281,ORD00206,PROD109,4,2655.49,6798.05,36.0
ITEM02282,ORD00726,PROD179,1,3269.31,1997.55,38.9
ITEM02283,ORD00601,PROD097,8,4342.46,0.0,100.0
ITEM02284,ORD00698,PROD091,6,2446.6,13402.47,8.7
ITEM02285,ORD00694,PROD117,7,3579.25,18866.23,24.7
ITEM02286,ORD00282,PROD076,4,4987.3,15719.97,21.2
ITEM02287,ORD00930,PROD138,5,468.45,1894.88,19.1
ITEM02288,ORD01146,PROD188,4,791.66,2251.48,28.9
ITEM02289,ORD01495,PROD109,5,2566.11,10302.93,19.7
ITEM02290,ORD00962,PROD096,5,3280.29,10431.32,36.4
ITEM02291,ORD00896,PROD153,9,851.72,5296.85,30.9
ITEM02292,ORD01309,PROD116,4,347.86,1248.12,10.3
ITEM02293,ORD00332,PROD114,1,446.13,390.36,12.5
ITEM02294,ORD01291,PROD170,5,176.97,822.91,7.0
ITEM02295,ORD00781,PROD082,3,1670.65,4024.6,19.7
ITEM02296,ORD00014,PROD154,6,4639.73,17593.86,36.8
ITEM02297,ORD00374,PROD119,9,1284.56,10948.3,5.3
ITEM02299,ORD00676,PROD112,2,1451.44,2717.1,6.4
ITEM02300,ORD00880,PROD124,1,3908.8,2998.05,23.3
ITEM02301,ORD00583,PROD055,6,3998.29,18688.01,22.1
ITEM02302,ORD00045,PROD178,10,1152.62,8909.75,22.7
ITEM02303,ORD01385,PROD171,8,1880.68,11088.49,26.3
ITEM02304,ORD01195,PROD161,4,3906.45,12469.39,20.2
ITEM02305,ORD00477,PROD130,10,1271.67,9194.17,27.7
ITEM02306,ORD00030,PROD005,7,3300.68,23104.76,0.0
ITEM02308,ORD01254,PROD119,7,1822.35,10702.66,16.1
ITEM02309,ORD01262,PROD082,1,386.91,385.36,0.4
ITEM02310,ORD01094,PROD009,10,863.67,6702.08,22.4
ITEM02311,ORD00888,PROD188,9,1689.25,9213.17,39.4
ITEM02312,ORD01043,PROD106,2,4263.88,5832.99,31.6
ITEM02313,ORD01244,PROD135,5,1162.32,4643.47,20.1
ITEM02314,ORD00161,PROD035,8,4498.01,34940.54,2.9
ITEM02315,ORD01229,PROD050,3,4025.47,11303.52,6.4
ITEM02317,ORD00765,PROD188,9,1956.92,11166.19,36.6
ITEM02318,ORD00026,PROD064,9,3199.54,21539.3,25.2
ITEM02319,ORD00987,PROD200,5,4693.57,16098.95,31.4
ITEM02320,ORD01426,PROD122,8,562.82,3746.13,16.8
ITEM02321,ORD01149,PROD061,9,471.13,2662.83,37.2
ITEM02322,ORD00895,PROD058,3,371.64,0.0,100.0
ITEM02323,ORD01015,PROD145,2,1211.01,1654.24,31.7
ITEM02324,ORD01166,PROD062,1,3508.56,2484.06,29.2
ITEM02325,ORD00803,PROD072,2,2019.12,2616.78,35.2
ITEM02326,ORD01167,PROD120,3,1588.04,3301.54,30.7
ITEM02327,ORD01171,PROD198,9,3628.75,0.0,100.0
ITEM02328,ORD01243,PROD073,7,902.85,5371.96,15.0
ITEM02329,ORD01160,PROD177,8,2869.01,22791.42,0.7
ITEM02330,ORD00446,PROD024,7,3278.65,16868.65,26.5
ITEM02331,ORD01368,PROD171,8,557.38,4236.09,5.0
ITEM02332,ORD01075,PROD185,10,1828.57,15359.99,16.0
ITEM02333,ORD00222,PROD045,3,1001.79,2196.93,26.9
ITEM02334,ORD01167,PROD112,1,3936.48,2657.12,32.5
ITEM02335,ORD01324,PROD128,8,1233.93,8568.41,13.2
ITEM02336,ORD00253,PROD144,2,4822.15,9113.86,5.5
ITEM02337,ORD01286,PROD129,3,4745.73,12557.2,11.8
ITEM02339,ORD00595,PROD087,8,3283.14,20092.82,23.5
ITEM02340,ORD01151,PROD115,2,1087.19,0.0,100.0
ITEM02341,ORD01397,PROD014,6,1256.75,5836.35,22.6
ITEM02343,ORD00559,PROD063,3,4085.98,9303.78,24.1
ITEM02344,ORD00797,PROD166,5,3505.63,15494.88,11.6
ITEM02345,ORD00242,PROD140,5,2917.65,12604.25,13.6
ITEM02346,ORD00355,PROD095,8,2382.57,0.0,100.0
ITEM02347,ORD00481,PROD067,6,2171.55,8912.04,31.6
ITEM02348,ORD01351,PROD104,3,253.51,472.29,37.9
ITEM02349,ORD00171,PROD001,5,1885.93,7006.23,25.7
ITEM02350,ORD01226,PROD191,8,3099.59,24672.74,0.5
ITEM02351,ORD01426,PROD191,7,2527.73,17375.62,1.8
ITEM02352,ORD01357,PROD194,5,3610.81,16916.64,6.3
ITEM02353,ORD00018,PROD093,7,4657.76,25040.12,23.2
ITEM02354,ORD00074,PROD040,8,3818.72,24378.71,20.2
ITEM02355,ORD00291,PROD021,1,1410.03,1112.51,21.1
ITEM02356,ORD00593,PROD118,10,4325.71,40445.39,6.5
ITEM02357,ORD00187,PROD054,5,2262.15,7566.89,33.1
ITEM02358,ORD00742,PROD035,6,298.16,1710.25,4.4
ITEM02359,ORD00690,PROD018,1,2900.46,2030.32,30.0
ITEM02360,ORD00232,PROD064,2,517.28,759.37,26.6
ITEM02361,ORD01013,PROD056,10,3095.18,20830.56,32.7
ITEM02362,ORD00670,PROD001,1,569.03,355.07,37.6
ITEM02363,ORD01065,PROD164,6,3127.31,12177.75,35.1
ITEM02364,ORD00812,PROD086,7,2816.12,14863.48,24.6
ITEM02365,ORD00446,PROD132,9,220.46,1259.93,36.5
ITEM02366,ORD00928,PROD113,1,80.35,52.71,34.4
ITEM02367,ORD00432,PROD175,7,2628.01,12123.01,34.1
ITEM02369,ORD00419,PROD150,4,969.54,2691.44,30.6
ITEM02370,ORD00416,PROD043,6,1367.02,7004.61,14.6
ITEM02371,ORD00340,PROD161,10,693.76,4856.32,30.0
ITEM02372,ORD00970,PROD131,2,3001.76,3686.16,38.6
ITEM02373,ORD00071,PROD135,1,3031.22,2133.98,29.6
ITEM02374,ORD00268,PROD004,7,1619.12,10234.46,9.7
ITEM02375,ORD01034,PROD043,6,4892.44,18229.23,37.9
ITEM02376,ORD01215,PROD183,1,4510.16,3355.56,25.6
ITEM02378,ORD00823,PROD174,4,4950.64,16099.48,18.7
ITEM02379,ORD00837,PROD041,10,1531.95,14997.79,2.1
ITEM02381,ORD01028,PROD169,2,1889.49,3076.09,18.6
ITEM02382,ORD00887,PROD089,1,1826.12,1630.73,10.7
ITEM02383,ORD01092,PROD086,3,4638.98,11718.06,15.8
ITEM02384,ORD00756,PROD199,9,3251.97,19111.83,34.7
ITEM02385,ORD01105,PROD193,5,4971.97,21578.35,13.2
ITEM02386,ORD00551,PROD128,6,1647.38,7660.32,22.5
ITEM02387,ORD00436,PROD102,4,856.77,2865.04,16.4
ITEM02388,ORD00143,PROD159,8,3795.76,0.0,100.0
ITEM02389,ORD00183,PROD194,10,1064.02,10395.48,2.3
ITEM02390,ORD00789,PROD056,9,3237.54,23397.7,19.7
ITEM02391,ORD00331,PROD015,7,2513.19,17398.81,1.1
ITEM02392,ORD00138,PROD132,6,818.11,2999.19,38.9
ITEM02393,ORD00122,PROD134,9,4259.95,29981.53,21.8
ITEM02395,ORD01375,PROD056,9,2955.51,17396.13,34.6
ITEM02396,ORD01422,PROD128,6,2446.14,10992.95,25.1
ITEM02397,ORD00830,PROD176,9,273.17,2013.54,18.1
ITEM02398,ORD00727,PROD009,2,809.35,1152.51,28.8
ITEM02399,ORD00173,PROD113,10,3230.17,24581.59,23.9
ITEM02400,ORD00625,PROD154,8,1297.44,7473.25,28.0
ITEM02401,ORD01436,PROD188,5,4876.52,15580.48,36.1
ITEM02402,ORD01262,PROD150,5,120.58,575.77,4.5
ITEM02404,ORD00946,PROD018,6,1556.88,6099.86,34.7
ITEM02405,ORD00424,PROD178,3,3425.99,6824.57,33.6
ITEM02406,ORD01257,PROD173,10,1457.89,9884.49,32.2
ITEM02407,ORD00825,PROD154,10,1956.68,17277.48,11.7
ITEM02408,ORD00745,PROD186,5,550.59,2320.74,15.7
ITEM02409,ORD01402,PROD003,10,2733.26,17383.53,36.4
ITEM02410,ORD00595,PROD107,4,3323.63,11872.01,10.7
ITEM02411,ORD00412,PROD033,8,4041.23,26866.1,16.9
ITEM02412,ORD00161,PROD049,9,4849.13,38361.47,12.1
ITEM02413,ORD00038,PROD176,7,3759.81,20449.61,22.3
ITEM02414,ORD00697,PROD170,2,701.99,908.38,35.3
ITEM02415,ORD00725,PROD167,10,1527.93,10237.13,33.0
ITEM02416,ORD00899,PROD022,1,431.23,277.71,35.6
ITEM02417,ORD01015,PROD089,1,656.68,565.4,13.9
ITEM02418,ORD00136,PROD190,6,3146.94,12386.36,34.4
ITEM02419,ORD01358,PROD073,4,2764.34,9044.92,18.2
ITEM02420,ORD00093,PROD058,9,1571.78,13778.22,2.6
ITEM02421,ORD00420,PROD198,3,917.32,1962.15,28.7
ITEM02422,ORD01394,PROD079,10,3233.6,24640.03,23.8
ITEM02424,ORD01355,PROD160,5,850.96,2672.01,37.2
ITEM02425,ORD00295,PROD021,3,1690.23,3752.31,26.0
ITEM02426,ORD00945,PROD145,9,2477.78,15253.21,31.6
ITEM02427,ORD00677,PROD126,1,4171.76,3904.77,6.4
ITEM02428,ORD01175,PROD080,6,3718.73,13699.8,38.6
ITEM02429,ORD00849,PROD117,2,1896.97,2435.71,35.8
ITEM02430,ORD00085,PROD001,6,878.96,3939.5,25.3
ITEM02431,ORD01142,PROD164,3,525.34,1085.88,31.1
ITEM02432,ORD01290,PROD140,9,2423.75,13328.2,38.9
ITEM02433,ORD01118,PROD074,3,161.35,396.92,18.0
ITEM02434,ORD01185,PROD139,3,1950.59,4260.09,27.2
ITEM02435,ORD00678,PROD191,5,770.77,2955.9,23.3
ITEM02436,ORD01123,PROD102,2,4938.31,5985.23,39.4
ITEM02437,ORD00785,PROD125,7,729.07,4016.45,21.3
ITEM02439,ORD00925,PROD029,2,1444.37,1767.91,38.8
ITEM02440,ORD01245,PROD181,4,2351.61,7224.15,23.2
ITEM02441,ORD00388,PROD113,6,1712.29,7674.48,25.3
ITEM02443,ORD01068,PROD198,5,2838.65,9438.51,33.5
ITEM02444,ORD00614,PROD041,10,3693.35,25077.85,32.1
ITEM02445,ORD00418,PROD076,7,3375.69,14650.49,38.0
ITEM02446,ORD00524,PROD157,4,1770.92,6283.22,11.3
ITEM02447,ORD00330,PROD136,10,3131.69,26149.61,16.5
ITEM02449,ORD00205,PROD081,2,3098.98,5249.67,15.3
ITEM02450,ORD00537,PROD150,6,3193.24,17760.8,7.3
ITEM02451,ORD01162,PROD097,8,4082.07,24557.73,24.8
ITEM02452,ORD00567,PROD062,6,4663.08,22606.61,19.2
ITEM02453,ORD00683,PROD066,3,1090.63,2676.41,18.2
ITEM02454,ORD00343,PROD052,2,2061.09,2972.09,27.9
ITEM02455,ORD00208,PROD109,10,4404.53,39816.95,9.6
ITEM02457,ORD00708,PROD186,10,1685.99,15460.53,8.3
ITEM02458,ORD01449,PROD013,9,4517.96,39604.44,2.6
ITEM02459,ORD01123,PROD158,8,631.29,4004.9,20.7
ITEM02460,ORD00888,PROD065,1,949.75,790.19,16.8
ITEM02461,ORD00093,PROD027,5,1727.65,8387.74,2.9
ITEM02462,ORD00869,PROD107,7,3716.8,25549.28,1.8
ITEM02463,ORD00285,PROD037,8,3252.41,20216.98,22.3
ITEM02464,ORD01317,PROD162,1,1817.03,1702.56,6.3
ITEM02465,ORD00011,PROD179,8,2666.66,12885.3,39.6
ITEM02466,ORD01280,PROD200,8,4135.23,25340.69,23.4
ITEM02467,ORD01049,PROD178,5,4689.08,16646.23,29.0
ITEM02468,ORD00221,PROD198,7,4786.58,20539.21,38.7
ITEM02469,ORD01130,PROD101,8,627.8,3781.87,24.7
ITEM02470,ORD00092,PROD117,3,3712.14,10189.82,8.5
ITEM02471,ORD01397,PROD046,8,2345.07,14351.83,23.5
ITEM02472,ORD00559,PROD069,5,1905.74,6917.84,27.4
ITEM02473,ORD00098,PROD003,4,3228.98,8382.43,35.1
ITEM02474,ORD01338,PROD130,9,567.54,4316.14,15.5
ITEM02475,ORD01177,PROD156,4,3966.14,15182.38,4.3
ITEM02476,ORD01476,PROD098,6,3326.29,16505.05,17.3
ITEM02477,ORD01493,PROD042,8,3025.58,20404.51,15.7
ITEM02478,ORD01492,PROD144,1,4170.5,3257.16,21.9
ITEM02479,ORD01268,PROD171,1,4955.51,4856.4,2.0
ITEM02480,ORD01198,PROD127,5,566.43,2407.33,15.0
ITEM02481,ORD00237,PROD015,2,3209.66,5109.78,20.4
ITEM02482,ORD00650,PROD022,3,1328.75,2610.99,34.5
ITEM02483,ORD00255,PROD183,3,1666.25,4633.84,7.3
ITEM02484,ORD00619,PROD064,9,1808.33,15461.22,5.0
ITEM02485,ORD00213,PROD037,3,3808.53,11185.65,2.1
ITEM02487,ORD00005,PROD096,2,67.46,98.22,27.2
ITEM02488,ORD00734,PROD102,3,1911.16,4248.51,25.9
ITEM02489,ORD00123,PROD109,2,3634.69,6934.99,4.6
ITEM02490,ORD01144,PROD115,8,4755.45,28342.48,25.5
ITEM02491,ORD00715,PROD016,4,4957.01,14613.27,26.3
ITEM02492,ORD00030,PROD017,10,1015.88,0.0,100.0
ITEM02493,ORD01363,PROD174,6,256.3,1536.26,0.1
ITEM02494,ORD00163,PROD159,6,4580.6,19430.91,29.3
ITEM02495,ORD01442,PROD020,4,2014.75,5327.0,33.9
ITEM02496,ORD00496,PROD131,1,4011.89,2527.49,37.0
ITEM02497,ORD01382,PROD120,10,1907.72,19077.2,0.0
ITEM02498,ORD00546,PROD031,7,761.72,4212.31,21.0
ITEM02499,ORD00982,PROD119,8,1609.47,8807.02,31.6
ITEM02500,ORD01289,PROD029,10,2068.33,14043.96,32.1
ITEM02501,ORD00559,PROD002,5,3409.78,13247.0,22.3
ITEM02502,ORD01465,PROD069,8,4142.7,25055.05,24.4
ITEM02503,ORD00331,PROD086,1,4662.26,4513.07,3.2
ITEM02504,ORD01232,PROD184,5,3108.6,14874.65,4.3
ITEM02505,ORD01410,PROD157,10,1002.77,8964.76,10.6
ITEM02506,ORD00823,PROD147,7,213.24,1189.67,20.3
ITEM02507,ORD00449,PROD154,8,3355.01,22572.51,15.9
ITEM02508,ORD00850,PROD041,9,333.9,2271.86,24.4
ITEM02509,ORD00522,PROD184,6,902.01,5412.06,0.0
ITEM02510,ORD00148,PROD012,4,1852.34,5268.05,28.9
ITEM02511,ORD00375,PROD122,6,268.97,1345.93,16.6
ITEM02512,ORD00352,PROD021,4,3164.45,9189.56,27.4
ITEM02514,ORD00621,PROD156,7,568.91,3723.52,6.5
ITEM02515,ORD00927,PROD141,3,2362.06,6653.92,6.1
ITEM02516,ORD00278,PROD172,1,704.76,468.67,33.5
ITEM02517,ORD00656,PROD006,7,3082.65,14133.95,34.5
ITEM02518,ORD01418,PROD039,7,410.66,2713.64,5.6
ITEM02519,ORD00547,PROD045,6,1354.51,8062.04,0.8
ITEM02520,ORD01412,PROD021,5,1032.12,5108.99,1.0
ITEM02521,ORD00449,PROD063,7,2319.09,13766.12,15.2
ITEM02522,ORD01433,PROD027,7,3903.65,21068.0,22.9
ITEM02523,ORD01178,PROD143,3,4902.79,13561.12,7.8
ITEM02524,ORD00366,PROD150,7,97.57,533.42,21.9
ITEM02525,ORD00585,PROD166,2,470.89,792.04,15.9
ITEM02526,ORD00698,PROD102,7,3673.64,15583.58,39.4
ITEM02527,ORD00434,PROD009,10,402.85,3609.54,10.4
ITEM02528,ORD01229,PROD081,2,939.54,1867.81,0.6
ITEM02529,ORD01483,PROD009,10,432.03,3339.59,22.7
ITEM02530,ORD00815,PROD049,3,4407.67,8330.5,37.0
ITEM02531,ORD00027,PROD080,5,399.91,1771.6,11.4
ITEM02532,ORD00593,PROD099,7,478.86,2051.44,38.8
ITEM02533,ORD00260,PROD028,5,4321.01,18342.69,15.1
ITEM02534,ORD00520,PROD163,9,4885.46,42386.25,3.6
ITEM02535,ORD00054,PROD024,10,2820.15,23717.46,15.9
ITEM02536,ORD01100,PROD122,4,3678.74,13714.34,6.8
ITEM02537,ORD00172,PROD061,2,1790.83,2747.13,23.3
ITEM02541,ORD01289,PROD181,1,1440.52,1417.47,1.6
ITEM02542,ORD00567,PROD066,4,4479.18,12165.45,32.1
ITEM02543,ORD00284,PROD023,2,1118.8,1476.82,34.0
ITEM02544,ORD00753,PROD072,10,1176.96,11746.06,0.2
ITEM02545,ORD01378,PROD105,9,3129.4,26474.72,6.0
ITEM02546,ORD00486,PROD089,7,3720.06,18983.47,27.1
ITEM02547,ORD01170,PROD094,4,4702.45,16308.1,13.3
ITEM02549,ORD01438,PROD084,2,3920.8,6194.86,21.0
ITEM02551,ORD00820,PROD047,1,3019.0,2692.95,10.8
ITEM02552,ORD01082,PROD064,4,1194.07,4609.11,3.5
ITEM02553,ORD01334,PROD053,5,1680.08,6821.12,18.8
ITEM02554,ORD00692,PROD088,3,1979.06,3894.79,34.4
ITEM02555,ORD01282,PROD094,8,938.27,6778.06,9.7
ITEM02556,ORD00381,PROD151,6,1228.66,5071.91,31.2
ITEM02557,ORD00927,PROD020,10,978.6,9786.0,0.0
ITEM02558,ORD00886,PROD107,5,1839.38,8966.98,2.5
ITEM02559,ORD01031,PROD194,2,2139.31,3461.4,19.1
ITEM02560,ORD00363,PROD078,10,3927.17,27254.56,30.6
ITEM02562,ORD01165,PROD159,6,4226.98,20365.59,19.7
ITEM02563,ORD00201,PROD023,8,375.2,2671.42,11.0
ITEM02564,ORD01123,PROD090,3,3308.86,8378.03,15.6
ITEM02565,ORD01327,PROD168,10,3563.62,35315.47,0.9
ITEM02566,ORD01125,PROD106,6,4308.82,17088.78,33.9
ITEM02567,ORD00210,PROD104,9,1734.09,15263.46,2.2
ITEM02568,ORD00339,PROD050,7,3261.58,17648.41,22.7
ITEM02569,ORD00313,PROD007,10,422.38,3243.88,23.2
ITEM02570,ORD00629,PROD177,10,2241.96,16030.01,28.5
ITEM02571,ORD00787,PROD051,5,4918.04,21983.64,10.6
ITEM02572,ORD00799,PROD098,2,4245.35,5518.96,35.0
ITEM02573,ORD00252,PROD052,4,4442.47,11674.81,34.3
ITEM02574,ORD00532,PROD060,7,818.9,5732.3,0.0
ITEM02575,ORD00327,PROD132,5,3555.6,11182.36,37.1
ITEM02576,ORD01100,PROD106,3,3414.65,6750.76,34.1
ITEM02577,ORD00081,PROD184,10,4214.94,39156.79,7.1
ITEM02578,ORD01240,PROD079,10,189.86,1858.73,2.1
ITEM02579,ORD01000,PROD131,6,549.63,2206.21,33.1
ITEM02580,ORD00004,PROD103,4,3657.27,13005.25,11.1
ITEM02582,ORD00017,PROD005,2,4828.07,6035.09,37.5
ITEM02583,ORD01246,PROD014,5,4981.32,16911.58,32.1
ITEM02584,ORD00959,PROD115,2,4474.43,6845.88,23.5
ITEM02585,ORD01203,PROD076,6,1342.9,7485.32,7.1
ITEM02586,ORD01446,PROD068,4,1253.39,4782.94,4.6
ITEM02587,ORD00032,PROD054,6,1548.33,8249.5,11.2
ITEM02588,ORD01244,PROD084,3,3462.22,10137.38,2.4
ITEM02589,ORD00892,PROD046,10,4735.63,37648.26,20.5
ITEM02590,ORD01381,PROD082,9,3454.36,23161.48,25.5
ITEM02591,ORD00506,PROD167,8,636.56,4858.23,4.6
ITEM02592,ORD00734,PROD001,2,3794.81,4735.92,37.6
ITEM02593,ORD00208,PROD017,3,1877.28,0.0,100.0
ITEM02594,ORD01406,PROD146,5,1645.1,7567.46,8.0
ITEM02595,ORD00652,PROD023,9,4833.43,34496.19,20.7
ITEM02596,ORD01276,PROD106,5,4251.08,13922.29,34.5
ITEM02597,ORD00159,PROD094,6,1399.89,7509.01,10.6
ITEM02598,ORD00154,PROD060,4,1943.64,5014.59,35.5
ITEM02599,ORD00961,PROD102,1,2117.14,1814.39,14.3
ITEM02600,ORD00700,PROD067,2,911.69,1661.1,8.9
ITEM02601,ORD01330,PROD119,5,4288.51,14859.69,30.7
ITEM02602,ORD00437,PROD006,3,4937.02,12944.87,12.6
ITEM02603,ORD00483,PROD101,5,490.91,2454.55,0.0
ITEM02604,ORD00241,PROD167,2,3242.07,4188.75,35.4
ITEM02605,ORD00901,PROD112,8,1601.93,9009.25,29.7
ITEM02607,ORD00278,PROD110,6,1755.37,8720.68,17.2
ITEM02608,ORD01374,PROD161,1,1339.46,940.3,29.8
ITEM02609,ORD00718,PROD200,4,2730.43,7055.43,35.4
ITEM02610,ORD00418,PROD174,10,4371.58,28021.83,35.9
ITEM02611,ORD00490,PROD123,6,2228.04,12993.93,2.8
ITEM02612,ORD01022,PROD125,2,1327.09,1682.75,36.6
ITEM02613,ORD01226,PROD130,6,1991.97,10864.2,9.1
ITEM02614,ORD00971,PROD161,6,3249.31,14017.52,28.1
ITEM02615,ORD00004,PROD026,2,4705.72,7971.49,15.3
ITEM02616,ORD01089,PROD054,9,1120.12,6411.57,36.4
ITEM02617,ORD00798,PROD068,9,3511.44,21268.79,32.7
ITEM02618,ORD00106,PROD017,10,2343.05,22071.53,5.8
ITEM02619,ORD00632,PROD080,9,4659.3,41304.69,1.5
ITEM02620,ORD01326,PROD088,6,3577.5,20069.78,6.5
ITEM02621,ORD00483,PROD039,7,1020.93,7146.51,0.0
ITEM02622,ORD00958,PROD071,8,4071.33,32570.64,0.0
ITEM02623,ORD00981,PROD071,6,3005.0,17903.79,0.7
ITEM02624,ORD00708,PROD141,6,4043.6,15333.33,36.8
ITEM02625,ORD01128,PROD111,9,3903.28,25152.74,28.4
ITEM02626,ORD00944,PROD071,1,3053.36,2030.48,33.5
ITEM02627,ORD00369,PROD198,6,3487.68,14166.96,32.3
ITEM02628,ORD00754,PROD150,10,1531.05,10150.86,33.7
ITEM02629,ORD00407,PROD017,2,1353.38,1840.6,32.0
ITEM02630,ORD00957,PROD176,1,2919.98,2814.86,3.6
ITEM02631,ORD00177,PROD081,3,2773.72,5392.11,35.2
ITEM02632,ORD01009,PROD056,1,4744.96,4308.42,9.2
ITEM02633,ORD00284,PROD089,8,4959.49,36025.74,9.2
ITEM02634,ORD00073,PROD007,8,2183.48,14236.29,18.5
ITEM02635,ORD01403,PROD147,8,3957.3,25073.45,20.8
ITEM02637,ORD00663,PROD172,6,3844.44,22397.71,2.9
ITEM02638,ORD00472,PROD068,1,2463.94,1505.47,38.9
ITEM02639,ORD00492,PROD051,7,557.6,3684.62,5.6
ITEM02640,ORD00466,PROD090,2,2520.17,4092.76,18.8
ITEM02641,ORD00051,PROD189,10,760.51,4874.87,35.9
ITEM02642,ORD00016,PROD194,1,71.64,71.43,0.3
ITEM02643,ORD00409,PROD020,2,1554.06,2505.14,19.4
ITEM02644,ORD00382,PROD134,3,3103.66,7597.76,18.4
ITEM02645,ORD00690,PROD071,3,1241.16,3488.9,6.3
ITEM02646,ORD00784,PROD011,10,4802.86,39239.37,18.3
ITEM02647,ORD01179,PROD097,6,1914.88,0.0,100.0
ITEM02648,ORD00852,PROD054,4,1018.12,3473.83,14.7
ITEM02649,ORD00557,PROD154,9,2742.98,16367.36,33.7
ITEM02650,ORD00912,PROD040,2,2875.12,4329.93,24.7
ITEM02651,ORD00515,PROD154,1,2817.81,1786.49,36.6
ITEM02652,ORD00138,PROD183,1,2057.66,1804.57,12.3
ITEM02653,ORD00391,PROD066,5,4032.49,19174.49,4.9
ITEM02654,ORD00484,PROD164,4,4378.41,13117.72,25.1
ITEM02655,ORD00144,PROD188,8,3709.47,23295.47,21.5
ITEM02656,ORD00206,PROD104,4,4679.69,12672.6,32.3
ITEM02657,ORD00731,PROD094,8,599.6,3679.15,23.3
ITEM02658,ORD00188,PROD026,9,840.03,4702.49,37.8
ITEM02659,ORD01219,PROD200,4,2866.44,10525.57,8.2
ITEM02660,ORD00850,PROD053,8,4957.44,36883.35,7.0
ITEM02661,ORD01031,PROD038,1,2742.93,2027.03,26.1
ITEM02662,ORD00465,PROD117,4,4596.1,12556.55,31.7
ITEM02663,ORD01250,PROD022,8,4553.68,36283.72,0.4
ITEM02664,ORD00596,PROD013,6,2276.17,12823.94,6.1
ITEM02665,ORD01105,PROD009,5,1388.64,5714.25,17.7
ITEM02666,ORD01418,PROD077,4,1775.96,4567.77,35.7
ITEM02667,ORD00617,PROD159,7,1282.62,7999.7,10.9
ITEM02668,ORD00324,PROD168,1,3334.63,3227.92,3.2
ITEM02669,ORD00289,PROD150,3,335.02,751.78,25.2
ITEM02670,ORD00845,PROD027,5,1637.85,5732.48,30.0
ITEM02671,ORD01344,PROD045,4,3129.39,9137.82,27.0
ITEM02672,ORD00886,PROD110,7,3097.78,21597.72,0.4
ITEM02673,ORD00405,PROD197,2,171.57,249.81,27.2
ITEM02674,ORD00178,PROD200,9,962.34,7491.82,13.5
ITEM02675,ORD00754,PROD072,5,2724.19,10924.0,19.8
ITEM02676,ORD00620,PROD193,7,1986.49,12598.32,9.4
ITEM02677,ORD00435,PROD061,9,1842.86,10034.37,39.5
ITEM02678,ORD00037,PROD133,2,58.0,95.12,18.0
ITEM02679,ORD01215,PROD068,6,3408.84,18612.27,9.0
ITEM02681,ORD00061,PROD121,9,4284.62,26106.19,32.3
ITEM02682,ORD00423,PROD183,3,558.26,1666.41,0.5
ITEM02683,ORD01315,PROD007,1,713.04,446.36,37.4
ITEM02684,ORD01338,PROD188,9,1243.46,10519.67,6.0
ITEM02685,ORD00638,PROD157,1,3471.13,2749.13,20.8
ITEM02686,ORD01417,PROD144,3,2565.59,6218.99,19.2
ITEM02687,ORD01165,PROD026,10,2296.72,20348.94,11.4
ITEM02688,ORD00241,PROD148,6,4428.88,16076.83,39.5
ITEM02689,ORD00506,PROD041,1,2494.66,1935.86,22.4
ITEM02691,ORD00729,PROD005,7,2175.61,10995.53,27.8
ITEM02692,ORD00781,PROD093,3,2471.05,7198.17,2.9
ITEM02693,ORD01312,PROD013,5,1853.89,8843.06,4.6
ITEM02694,ORD00702,PROD156,10,4737.47,38041.88,19.7
ITEM02695,ORD00402,PROD025,2,2921.27,3727.54,36.2
ITEM02696,ORD01454,PROD099,10,212.74,1616.82,24.0
ITEM02697,ORD00777,PROD055,2,3765.99,5023.83,33.3
ITEM02698,ORD00885,PROD062,7,4237.56,26844.94,9.5
ITEM02699,ORD01017,PROD146,3,1776.81,5330.43,0.0
ITEM02700,ORD00181,PROD174,9,2170.63,19027.74,2.6
ITEM02701,ORD00425,PROD189,6,4498.33,20323.45,24.7
ITEM02702,ORD00822,PROD039,6,632.18,2803.09,26.1
ITEM02703,ORD00627,PROD169,7,2346.6,10134.97,38.3
ITEM02704,ORD00858,PROD063,6,379.77,2012.02,11.7
ITEM02705,ORD01446,PROD101,3,4373.85,12268.65,6.5
ITEM02706,ORD00401,PROD033,5,4369.28,14484.16,33.7
ITEM02707,ORD00674,PROD082,10,1817.69,17304.41,4.8
ITEM02709,ORD00618,PROD057,9,3535.41,23545.83,26.0
ITEM02710,ORD00666,PROD035,5,555.94,1670.6,39.9
ITEM02711,ORD00346,PROD142,3,186.63,405.92,27.5
ITEM02712,ORD00377,PROD110,3,3841.47,11524.41,0.0
ITEM02713,ORD01055,PROD093,5,1364.0,6294.86,7.7
ITEM02714,ORD01309,PROD126,3,4495.24,10437.95,22.6
ITEM02715,ORD00278,PROD192,5,2581.9,9165.74,29.0
ITEM02716,ORD00436,PROD031,6,3368.34,17542.31,13.2
ITEM02717,ORD00286,PROD029,6,3781.27,14542.76,35.9
ITEM02718,ORD00666,PROD178,6,1156.84,5934.59,14.5
ITEM02719,ORD01407,PROD156,5,2873.88,8779.7,38.9
ITEM02720,ORD00444,PROD044,2,2194.62,3989.82,9.1
ITEM02721,ORD00633,PROD182,10,3575.92,22421.02,37.3
ITEM02722,ORD01048,PROD076,6,441.88,2256.24,14.9
ITEM02723,ORD01352,PROD147,9,494.58,4215.31,5.3
ITEM02724,ORD00658,PROD191,2,656.38,1094.84,16.6
ITEM02725,ORD01486,PROD028,7,4260.52,25588.68,14.2
ITEM02727,ORD01468,PROD131,7,3193.8,20612.79,7.8
ITEM02728,ORD01220,PROD197,5,354.9,1197.79,32.5
ITEM02729,ORD00916,PROD191,9,1079.29,6614.97,31.9
ITEM02731,ORD01164,PROD055,5,4077.54,12253.01,39.9
ITEM02732,ORD00434,PROD001,7,1636.66,9153.84,20.1
ITEM02734,ORD00524,PROD110,2,3050.77,5833.07,4.4
ITEM02735,ORD01221,PROD045,8,4907.84,29447.04,25.0
ITEM02737,ORD00728,PROD195,7,2955.46,14605.88,29.4
ITEM02738,ORD00898,PROD137,3,4094.87,8058.7,34.4
ITEM02739,ORD00935,PROD029,10,1600.18,14337.61,10.4
ITEM02740,ORD00646,PROD132,9,4848.54,27142.13,37.8
ITEM02741,ORD01126,PROD055,10,3115.94,19505.78,37.4
ITEM02742,ORD00492,PROD168,2,4112.1,5789.84,29.6
ITEM02743,ORD01314,PROD160,10,191.69,1203.81,37.2
ITEM02746,ORD00362,PROD094,10,3556.93,33435.14,6.0
ITEM02747,ORD00245,PROD030,8,1067.2,6778.85,20.6
ITEM02748,ORD01371,PROD107,6,4640.09,25251.37,9.3
ITEM02749,ORD01245,PROD127,10,4339.6,26905.52,38.0
ITEM02750,ORD01017,PROD147,4,3675.31,14701.24,0.0
ITEM02751,ORD00001,PROD023,1,609.34,405.82,33.4
ITEM02752,ORD01400,PROD127,2,643.93,1229.91,4.5
ITEM02753,ORD00794,PROD116,3,1081.89,2541.36,21.7
ITEM02754,ORD00603,PROD103,8,111.64,886.87,0.7
ITEM02755,ORD00014,PROD032,8,2540.96,14676.58,27.8
ITEM02756,ORD00888,PROD175,9,2452.3,13529.34,38.7
ITEM02757,ORD00591,PROD184,2,1000.31,1726.54,13.7
ITEM02758,ORD00181,PROD147,9,4694.26,39459.95,6.6
ITEM02759,ORD00295,PROD112,5,3311.1,13707.95,17.2
ITEM02760,ORD00402,PROD003,8,2598.79,14698.76,29.3
ITEM02761,ORD01418,PROD126,5,2951.34,9901.75,32.9
ITEM02762,ORD01313,PROD159,5,4863.33,23271.03,4.3
ITEM02763,ORD00157,PROD022,1,123.56,76.98,37.7
ITEM02764,ORD00663,PROD025,3,708.9,1337.69,37.1
ITEM02765,ORD00576,PROD121,9,4013.55,21781.54,39.7
ITEM02766,ORD00084,PROD037,2,1230.86,2195.85,10.8
ITEM02767,ORD00319,PROD157,4,4935.46,16484.44,16.5
ITEM02768,ORD00632,PROD039,8,2891.17,18133.42,21.6
ITEM02769,ORD00536,PROD061,4,1153.67,3945.55,14.5
ITEM02770,ORD00943,PROD059,9,858.3,6141.14,20.5
ITEM02771,ORD01031,PROD181,3,3085.33,8154.53,11.9
ITEM02772,ORD00419,PROD084,6,4996.48,24133.0,19.5
ITEM02773,ORD00018,PROD145,8,93.02,674.21,9.4
ITEM02774,ORD00927,PROD032,2,4126.06,5660.95,31.4
ITEM02775,ORD00685,PROD064,7,2191.9,12520.13,18.4
ITEM02776,ORD00030,PROD188,4,1974.92,6675.23,15.5
ITEM02777,ORD00220,PROD054,4,4448.75,10801.56,39.3
ITEM02778,ORD00819,PROD093,4,1390.77,4656.3,16.3
ITEM02779,ORD00404,PROD053,10,1664.81,15166.42,8.9
ITEM02780,ORD00291,PROD022,9,1462.24,10936.09,16.9
ITEM02781,ORD01019,PROD096,5,3359.58,10834.65,35.5
ITEM02782,ORD01300,PROD064,3,1791.41,5374.23,0.0
ITEM02783,ORD00043,PROD091,1,1479.78,1392.47,5.9
ITEM02784,ORD00389,PROD111,2,2266.45,3105.04,31.5
ITEM02785,ORD01333,PROD043,1,4709.53,3631.05,22.9
ITEM02786,ORD00552,PROD183,5,1330.05,4282.76,35.6
ITEM02787,ORD01170,PROD194,9,387.69,2711.12,22.3
ITEM02788,ORD00236,PROD140,9,3793.22,26287.01,23.0
ITEM02789,ORD00518,PROD118,6,4329.72,17535.37,32.5
ITEM02790,ORD00210,PROD185,5,1229.24,6097.03,0.8
ITEM02791,ORD00034,PROD036,2,1226.1,1853.86,24.4
ITEM02792,ORD01384,PROD184,10,3106.4,23111.62,25.6
ITEM02793,ORD00710,PROD080,4,2464.0,8042.5,18.4
ITEM02794,ORD00257,PROD091,8,3702.17,22805.37,23.0
ITEM02795,ORD00780,PROD179,5,622.15,2230.41,28.3
ITEM02796,ORD01240,PROD163,1,3597.06,3248.15,9.7
ITEM02797,ORD01288,PROD006,2,970.89,1914.6,1.4
ITEM02798,ORD00813,PROD198,8,4573.09,28133.65,23.1
ITEM02799,ORD00412,PROD070,8,1760.41,8633.05,38.7
ITEM02800,ORD00847,PROD184,7,1219.23,6776.48,20.6
ITEM02801,ORD00610,PROD178,9,4518.17,36353.2,10.6
ITEM02803,ORD00952,PROD148,8,1860.25,9956.06,33.1
ITEM02804,ORD00313,PROD065,3,4848.25,13642.98,6.2
ITEM02805,ORD01496,PROD027,10,1441.68,12095.7,16.1
ITEM02806,ORD00152,PROD069,1,2806.03,1835.14,34.6
ITEM02807,ORD00384,PROD115,10,2603.67,23459.07,9.9
ITEM02808,ORD00832,PROD171,2,4005.09,7874.01,1.7
ITEM02809,ORD00536,PROD128,8,4098.62,29214.96,10.9
ITEM02810,ORD01402,PROD024,1,2088.1,1530.58,26.7
ITEM02811,ORD00642,PROD194,6,1730.04,9747.05,6.1
ITEM02812,ORD00584,PROD110,8,3575.82,21140.25,26.1
ITEM02813,ORD00416,PROD141,5,299.91,1052.68,29.8
ITEM02814,ORD00794,PROD043,3,1490.65,2714.47,39.3
ITEM02815,ORD00997,PROD137,1,4336.24,3239.17,25.3
ITEM02816,ORD00857,PROD171,8,1163.61,6311.42,32.2
ITEM02817,ORD01044,PROD157,4,68.81,273.86,0.5
ITEM02818,ORD01327,PROD138,3,1563.62,4690.86,0.0
ITEM02819,ORD00986,PROD045,1,4617.82,3980.56,13.8
ITEM02820,ORD01252,PROD020,3,1860.73,4097.33,26.6
ITEM02821,ORD00888,PROD138,10,4924.11,38703.5,21.4
ITEM02822,ORD00981,PROD167,9,4188.47,33285.77,11.7
ITEM02823,ORD01350,PROD033,5,1489.85,6413.8,13.9
ITEM02824,ORD00627,PROD075,7,2874.17,14868.08,26.1
ITEM02825,ORD00799,PROD074,9,1091.99,7891.81,19.7
ITEM02826,ORD00982,PROD099,9,2902.5,18102.89,30.7
ITEM02827,ORD01290,PROD141,1,4659.55,3429.43,26.4
ITEM02828,ORD00381,PROD042,5,4868.74,15336.53,37.0
ITEM02829,ORD00792,PROD025,2,3343.58,6473.17,3.2
ITEM02831,ORD01053,PROD050,9,1776.62,13735.05,14.1
ITEM02832,ORD00837,PROD097,8,4968.95,27985.13,29.6
ITEM02833,ORD01453,PROD034,2,3738.18,5442.79,27.2
ITEM02834,ORD00399,PROD154,2,4335.61,7630.67,12.0
ITEM02835,ORD00010,PROD125,3,2981.6,7495.74,16.2
ITEM02836,ORD00183,PROD002,8,4862.03,38896.24,0.0
ITEM02837,ORD01416,PROD055,9,4674.45,28902.12,31.3
ITEM02838,ORD00477,PROD134,2,310.95,478.24,23.1
ITEM02839,ORD00423,PROD111,1,1948.79,1235.53,36.6
ITEM02840,ORD00452,PROD165,3,3398.62,9563.72,6.2
ITEM02841,ORD00272,PROD073,6,1442.69,7868.43,9.1
ITEM02842,ORD01000,PROD165,5,2496.84,10636.54,14.8
ITEM02843,ORD01260,PROD179,5,1884.39,7367.96,21.8
ITEM02844,ORD01149,PROD169,7,1724.72,9066.85,24.9
ITEM02845,ORD01473,PROD164,5,834.85,4078.24,2.3
ITEM02846,ORD01127,PROD165,5,2213.09,8808.1,20.4
ITEM02847,ORD00277,PROD113,3,2076.25,5225.92,16.1
ITEM02848,ORD00194,PROD060,8,2960.8,18451.71,22.1
ITEM02849,ORD00927,PROD037,3,3792.84,9694.5,14.8
ITEM02850,ORD00003,PROD184,6,3006.99,13729.92,23.9
ITEM02851,ORD00351,PROD042,5,3041.23,12910.02,15.1
ITEM02852,ORD01313,PROD056,2,3106.06,4808.18,22.6
ITEM02853,ORD00855,PROD036,4,1485.75,4843.54,18.5
ITEM02854,ORD01365,PROD036,4,392.02,994.16,36.6
ITEM02855,ORD00992,PROD065,6,1211.03,6801.14,6.4
ITEM02856,ORD00248,PROD041,2,524.55,1030.22,1.8
ITEM02857,ORD01235,PROD111,5,4068.28,14666.15,27.9
ITEM02858,ORD01161,PROD052,5,1107.7,4181.57,24.5
ITEM02859,ORD00789,PROD116,9,2108.67,18788.25,1.0
ITEM02860,ORD00145,PROD143,6,2660.15,15801.29,1.0
ITEM02861,ORD00608,PROD186,4,2164.44,6605.87,23.7
ITEM02862,ORD01235,PROD055,10,2272.31,21177.93,6.8
ITEM02863,ORD00580,PROD101,3,1779.73,3748.11,29.8
ITEM02864,ORD01277,PROD132,1,3669.53,2528.31,31.1
ITEM02865,ORD00193,PROD192,8,1666.75,11733.92,12.0
ITEM02866,ORD01107,PROD021,9,1672.62,13924.56,7.5
ITEM02867,ORD00721,PROD041,7,4541.64,30042.95,5.5
ITEM02868,ORD00245,PROD088,1,3808.89,2289.14,39.9
ITEM02869,ORD00632,PROD065,7,4818.91,26344.98,21.9
ITEM02870,ORD00942,PROD027,5,1897.01,7758.77,18.2
ITEM02871,ORD00727,PROD076,4,3412.66,12503.99,8.4
ITEM02872,ORD00866,PROD088,2,3246.25,4635.64,28.6
ITEM02873,ORD00253,PROD035,6,896.84,5058.18,6.0
ITEM02874,ORD00852,PROD134,3,3654.53,10963.59,0.0
ITEM02875,ORD00086,PROD200,7,993.14,6076.03,12.6
ITEM02876,ORD00428,PROD125,6,2289.36,12568.59,8.5
ITEM02877,ORD01116,PROD139,4,1912.54,6120.13,20.0
ITEM02878,ORD00580,PROD072,5,4044.64,15551.64,23.1
ITEM02879,ORD01195,PROD123,8,830.69,4392.69,33.9
ITEM02880,ORD00669,PROD089,1,1096.07,769.44,29.8
ITEM02881,ORD01416,PROD157,10,3914.23,33466.67,14.5
ITEM02882,ORD00308,PROD002,9,4467.67,35062.27,12.8
ITEM02883,ORD00816,PROD072,2,4170.75,7515.69,9.9
ITEM02884,ORD00060,PROD067,8,188.39,1124.31,25.4
ITEM02885,ORD00858,PROD120,8,2975.74,20568.31,13.6
ITEM02886,ORD01056,PROD073,8,1119.92,8583.07,4.2
ITEM02887,ORD00377,PROD179,3,2264.79,5652.92,16.8
ITEM02889,ORD01028,PROD114,8,2379.71,12260.27,35.6
ITEM02890,ORD00939,PROD109,2,2592.49,3142.1,39.4
ITEM02891,ORD01160,PROD080,7,1937.32,10537.08,22.3
ITEM02892,ORD00642,PROD055,1,2656.9,2622.36,1.3
ITEM02893,ORD01456,PROD070,1,2523.15,1867.13,26.0
ITEM02894,ORD00828,PROD069,3,705.42,1864.43,11.9
ITEM02895,ORD00147,PROD020,4,4376.16,14966.47,14.5
ITEM02896,ORD00629,PROD001,1,653.38,473.05,27.6
ITEM02897,ORD00174,PROD089,9,4547.89,29838.71,27.1
ITEM02898,ORD00023,PROD118,10,603.91,5441.23,9.9
ITEM02899,ORD01159,PROD151,9,4509.93,29224.35,28.0
ITEM02900,ORD00779,PROD077,5,3088.68,15134.53,2.0
ITEM02901,ORD00784,PROD171,7,1185.39,7119.45,14.2
ITEM02902,ORD00144,PROD188,2,2858.73,5717.46,0.0
ITEM02903,ORD01378,PROD009,10,4687.63,0.0,100.0
ITEM02904,ORD00755,PROD099,3,587.31,1522.31,13.6
ITEM02905,ORD01260,PROD177,3,4073.08,10887.34,10.9
ITEM02907,ORD01272,PROD047,3,4510.2,9958.52,26.4
ITEM02908,ORD00390,PROD194,3,4583.87,8718.52,36.6
ITEM02909,ORD00324,PROD090,6,3491.81,18939.58,9.6
ITEM02910,ORD01499,PROD056,1,4915.24,3209.65,34.7
ITEM02911,ORD00691,PROD046,3,2123.7,5326.24,16.4
ITEM02912,ORD00926,PROD149,8,3165.32,24689.5,2.5
ITEM02913,ORD01081,PROD064,4,810.49,2013.26,37.9
ITEM02914,ORD01227,PROD162,10,4019.81,36419.48,9.4
ITEM02915,ORD00095,PROD033,7,2275.58,13667.13,14.2
ITEM02916,ORD01121,PROD069,5,2614.41,11830.21,9.5
ITEM02917,ORD01034,PROD077,1,2520.04,2489.8,1.2
ITEM02918,ORD00687,PROD069,5,3080.09,13167.38,14.5
ITEM02919,ORD00089,PROD170,7,1987.47,10142.06,27.1
ITEM02920,ORD00868,PROD138,7,206.65,1287.43,11.0
ITEM02921,ORD01165,PROD194,7,4730.09,25296.52,23.6
ITEM02922,ORD00031,PROD060,1,1322.24,1322.24,0.0
ITEM02923,ORD00392,PROD072,10,1671.84,12873.17,23.0
ITEM02924,ORD00113,PROD187,9,4251.08,34816.35,9.0
ITEM02925,ORD01441,PROD096,8,3598.98,28791.84,0.0
ITEM02926,ORD00456,PROD031,8,600.74,4286.88,10.8
ITEM02927,ORD00585,PROD148,10,1098.9,8483.51,22.8
ITEM02928,ORD00989,PROD151,4,772.81,2315.34,25.1
ITEM02929,ORD01494,PROD095,7,2159.94,11294.33,25.3
ITEM02930,ORD00146,PROD082,5,684.05,2879.85,15.8
ITEM02931,ORD00161,PROD002,5,4904.86,21507.81,12.3
ITEM02932,ORD00377,PROD193,1,986.07,978.18,0.8
ITEM02933,ORD00101,PROD141,2,4256.46,5558.94,34.7
ITEM02934,ORD00282,PROD167,10,1504.73,13858.56,7.9
ITEM02935,ORD00961,PROD179,3,4917.04,12302.43,16.6
ITEM02936,ORD00436,PROD155,6,3630.06,18513.31,15.0
ITEM02937,ORD00051,PROD116,3,4929.94,12127.65,18.0
ITEM02938,ORD01332,PROD124,7,4089.04,20351.15,28.9
ITEM02939,ORD00285,PROD082,3,3339.47,0.0,100.0
ITEM02940,ORD00480,PROD068,10,2758.54,24330.32,11.8
ITEM02941,ORD01082,PROD127,7,412.46,2673.57,7.4
ITEM02942,ORD01281,PROD035,8,4855.54,37601.3,3.2
ITEM02943,ORD00743,PROD184,2,1812.87,2189.95,39.6
ITEM02944,ORD01308,PROD140,3,1098.73,2376.55,27.9
ITEM02945,ORD01175,PROD031,2,610.12,870.03,28.7
ITEM02946,ORD00677,PROD191,6,243.31,1391.25,4.7
ITEM02947,ORD01439,PROD083,8,4408.41,34703.0,1.6
ITEM02948,ORD00200,PROD172,10,3778.37,30642.58,18.9
ITEM02949,ORD01422,PROD116,2,240.44,294.78,38.7
ITEM02950,ORD01408,PROD008,1,3240.09,3207.69,1.0
ITEM02951,ORD00286,PROD110,3,2324.18,0.0,100.0
ITEM02952,ORD01214,PROD109,6,2015.05,8306.04,31.3
ITEM02953,ORD01283,PROD046,4,2790.36,7656.75,31.4
ITEM02954,ORD00316,PROD089,4,4674.48,12265.84,34.4
ITEM02955,ORD00073,PROD183,4,3490.13,10875.25,22.1
ITEM02956,ORD00952,PROD001,1,2321.03,1469.21,36.7
ITEM02957,ORD00313,PROD027,8,4962.88,33072.63,16.7
ITEM02958,ORD00302,PROD181,3,2187.78,5434.45,17.2
ITEM02959,ORD00404,PROD110,7,3367.8,20769.22,11.9
ITEM02960,ORD00094,PROD045,5,4705.47,21692.22,7.8
ITEM02961,ORD00420,PROD048,9,4366.8,34270.65,12.8
ITEM02962,ORD00497,PROD007,3,3468.11,9509.56,8.6
ITEM02963,ORD00762,PROD077,1,1811.03,1763.94,2.6
ITEM02964,ORD01134,PROD050,10,1499.45,14154.81,5.6
ITEM02965,ORD00308,PROD169,10,2447.4,17180.75,29.8
ITEM02966,ORD00456,PROD115,10,2318.33,14721.4,36.5
ITEM02967,ORD00460,PROD114,3,4632.55,12202.14,12.2
ITEM02969,ORD01108,PROD067,7,636.34,3345.24,24.9
ITEM02970,ORD01265,PROD157,6,4011.04,21515.22,10.6
ITEM02971,ORD01384,PROD074,1,3620.43,2874.62,20.6
ITEM02972,ORD00736,PROD141,3,4883.53,11178.4,23.7
ITEM02973,ORD00139,PROD122,4,2854.27,7501.02,34.3
ITEM02974,ORD00217,PROD043,1,211.02,180.0,14.7
ITEM02975,ORD01432,PROD073,6,4714.52,27268.78,3.6
ITEM02976,ORD00246,PROD133,6,2031.54,8434.95,30.8
ITEM02977,ORD00494,PROD065,4,572.28,1952.62,14.7
ITEM02978,ORD01284,PROD150,8,4043.17,27008.38,16.5
ITEM02979,ORD01270,PROD034,2,359.43,708.8,1.4
ITEM02980,ORD01194,PROD110,6,2808.06,15332.01,9.0
ITEM02981,ORD01019,PROD030,3,665.44,1906.49,4.5
ITEM02982,ORD00962,PROD090,4,2788.31,10550.97,5.4
ITEM02983,ORD00499,PROD045,2,1193.35,1470.21,38.4
ITEM02984,ORD01109,PROD133,9,3420.24,30043.39,2.4
ITEM02985,ORD01355,PROD194,5,2715.66,12329.1,9.2
ITEM02986,ORD00938,PROD176,3,3621.84,7866.64,27.6
ITEM02987,ORD01233,PROD174,4,3382.91,13261.01,2.0
ITEM02988,ORD00323,PROD061,3,50.98,119.6,21.8
ITEM02989,ORD00900,PROD002,9,3323.01,18751.75,37.3
ITEM02990,ORD01130,PROD083,8,2432.99,14189.2,27.1
ITEM02991,ORD00959,PROD193,3,283.34,554.21,34.8
ITEM02992,ORD00799,PROD109,6,228.84,1161.59,15.4
ITEM02993,ORD00897,PROD141,3,4984.24,13188.3,11.8
ITEM02994,ORD01093,PROD035,9,1681.67,12138.29,19.8
ITEM02995,ORD00321,PROD187,10,1221.04,12198.19,0.1
ITEM02996,ORD00504,PROD014,7,3796.08,18414.78,30.7
ITEM02997,ORD00802,PROD144,3,1964.86,5859.21,0.6
ITEM02998,ORD00016,PROD013,1,3593.04,2684.0,25.3
ITEM02999,ORD01301,PROD131,6,3711.53,14541.77,34.7
ITEM03000,ORD01130,PROD045,2,2166.33,3262.49,24.7
