order_id,customer_id,order_date,ship_date,order_status,payment_method,sales_channel,order_amount,discount_amount,shipping_fee,city,state,net_amount,order_month,order_year
ORD00001,CUST0030,2022-01-01,2022-01-04,Shipped,Credit Card,Mobile App,46753.88,17427.65,149,Hyderabad,RJ,29475.23,2022-01,2022
ORD00002,CUST0983,2022-01-01,2022-01-04,Returned,Debit Card,In-Store,13875.49,425.08,199,Hyderabad,MH,13649.41,2022-01,2022
ORD00003,CUST0547,2022-01-02,2022-01-06,Shipped,Upi,In-Store,20497.61,4474.85,199,Ahmedabad,KA,16221.76,2022-01,2022
ORD00004,CUST0228,2022-03-01,2022-01-04,Cancelled,Upi,Mobile App,31214.91,5909.67,0,Jaipur,TN,25305.24,2022-03,2022
ORD00005,CUST0051,2022-01-03,2022-01-06,Pending,Net Banking,In-Store,31991.69,4627.35,0,Delhi,DL,27364.34,2022-01,2022
ORD00006,CUST0788,2022-01-04,2022-01-06,Returned,Cod,Online,40333.19,4893.35,199,Toronto,MH,35638.84,2022-01,2022
ORD00007,CUST0410,2022-05-01,2022-01-06,Delivered,Upi,Online,7364.16,693.1,99,Toronto,WB,6770.06,2022-05,2022
ORD00008,CUST0619,2022-06-01,2022-01-07,Cancelled,Debit Card,Online,15431.2,2587.97,149,Kolkata,NSW,12992.23,2022-06,2022
ORD00009,CUST0455,2022-06-01,2022-01-09,Cancelled,Debit Card,In-Store,7625.71,1025.74,149,Toronto,RJ,6748.97,2022-06,2022
ORD00010,CUST0976,2022-07-01,2022-01-11,Delivered,Upi,Online,37585.38,2459.99,99,Ahmedabad,ON,35224.39,2022-07,2022
ORD00011,CUST0906,2022-01-08,2022-01-12,Returned,Credit Card,Mobile App,48497.84,12801.97,99,Kolkata,KA,35794.87,2022-01,2022
ORD00012,CUST0533,2022-01-09,2022-01-12,Delivered,Upi,Online,4488.28,222.12,199,Kolkata,TN,4465.16,2022-01,2022
ORD00013,CUST0779,2022-09-01,2022-01-11,Returned,Wallet,Mobile App,27566.52,5857.29,149,Chennai,TS,21858.23,2022-09,2022
ORD00014,CUST0613,2022-10-01,2022-01-15,Returned,Debit Card,In-Store,21508.82,2638.9,99,London,KA,18968.92,2022-10,2022
ORD00015,CUST0599,2022-11-01,2022-11-04,Shipped,Net Banking,Online,25072.1,8664.92,49,Hyderabad,RJ,16456.18,2022-11,2022
ORD00017,CUST0584,2022-01-12,2022-01-16,Shipped,Debit Card,Mobile App,43321.95,316.88,0,Toronto,LDN,43005.07,2022-01,2022
ORD00018,CUST0381,2022-01-13,2022-01-14,Shipped,Net Banking,Mobile App,9169.07,590.48,99,Bangalore,MH,8677.59,2022-01,2022
ORD00019,CUST0106,2022-01-14,2022-01-17,Shipped,Credit Card,In-Store,14020.4,0.0,49,London,LDN,14069.4,2022-01,2022
ORD00020,CUST0657,2022-01-14,2022-01-21,Shipped,Debit Card,Mobile App,20132.28,2504.1,199,Mumbai,KA,17827.18,2022-01,2022
ORD00021,CUST0262,2022-01-15,2022-01-20,Returned,Cod,In-Store,12061.9,686.46,199,Jaipur,KA,11574.44,2022-01,2022
ORD00022,CUST0355,2022-01-16,2022-01-22,Returned,Wallet,Online,10211.52,255.21,49,Chennai,LDN,10005.31,2022-01,2022
ORD00023,CUST0291,2022-01-17,2022-01-22,Pending,Cod,In-Store,41420.79,10320.37,0,Hyderabad,LDN,31100.42,2022-01,2022
ORD00024,CUST0623,2022-01-17,2022-01-22,Delivered,Cod,Mobile App,1718.44,9.08,99,Jaipur,TS,1808.36,2022-01,2022
ORD00025,CUST0562,2022-01-18,2022-01-24,Delivered,Credit Card,Online,5927.14,253.53,149,London,WB,5822.61,2022-01,2022
ORD00026,CUST0210,2022-01-19,2022-01-25,Cancelled,Upi,In-Store,23385.08,6100.99,149,Delhi,KA,17433.09,2022-01,2022
ORD00027,CUST0422,2022-01-19,2022-01-22,Returned,Wallet,Mobile App,44242.84,13408.6,49,Bangalore,WB,30883.24,2022-01,2022
ORD00028,CUST0473,2022-01-20,2022-01-25,Returned,Cod,Mobile App,34218.77,8442.99,0,Hyderabad,GJ,25775.78,2022-01,2022
ORD00030,CUST0082,2022-01-22,2022-01-25,Cancelled,Credit Card,Online,18296.46,68.98,0,London,DL,18227.48,2022-01,2022
ORD00031,CUST0267,2022-01-22,2022-01-23,Delivered,Cod,Mobile App,17102.23,0.0,49,Toronto,NY,17151.23,2022-01,2022
ORD00032,CUST0397,2022-01-23,2022-01-29,Shipped,Cod,In-Store,27949.77,0.0,149,Kolkata,TN,28098.77,2022-01,2022
ORD00033,CUST0493,2022-01-24,2022-01-25,Delivered,Cod,In-Store,38991.54,9338.38,0,Kolkata,ON,29653.16,2022-01,2022
ORD00034,CUST0270,2022-01-25,2022-01-28,Shipped,Debit Card,In-Store,47280.12,2000.58,0,Hyderabad,KA,45279.54,2022-01,2022
ORD00035,CUST0578,2022-01-25,2022-01-28,Pending,Wallet,Mobile App,38981.94,7328.32,49,Ahmedabad,MH,31702.62,2022-01,2022
ORD00036,CUST0037,2022-01-26,2022-01-27,Shipped,Credit Card,Mobile App,29826.52,9045.41,149,Hyderabad,KA,20930.11,2022-01,2022
ORD00037,CUST0967,2022-01-27,2022-02-02,Returned,Credit Card,In-Store,6118.66,484.51,99,Bangalore,MH,5733.15,2022-01,2022
ORD00038,CUST0446,2022-01-28,2022-02-04,Pending,Cod,In-Store,43927.5,0.0,0,London,TN,43927.5,2022-01,2022
ORD00039,CUST0389,2022-01-28,2022-02-04,Returned,Wallet,In-Store,27396.79,7383.29,199,Sydney,NSW,20212.5,2022-01,2022
ORD00040,CUST0540,2022-01-29,2022-02-01,Shipped,Upi,In-Store,43369.87,8682.67,0,Kolkata,ON,34687.2,2022-01,2022
ORD00041,CUST0528,2022-01-30,2022-02-05,Pending,Net Banking,Mobile App,43419.52,3372.04,49,Hyderabad,TS,40096.48,2022-01,2022
ORD00042,CUST0741,2022-01-30,2022-02-04,Cancelled,Debit Card,Mobile App,9392.52,3645.34,0,Hyderabad,KA,5747.18,2022-01,2022
ORD00043,CUST0428,2022-01-31,2022-02-03,Delivered,Wallet,Mobile App,49666.38,11968.9,149,Sydney,TN,37846.48,2022-01,2022
ORD00044,CUST0461,2022-02-01,2022-02-04,Returned,Debit Card,Online,13053.12,3479.34,0,Mumbai,RJ,9573.78,2022-02,2022
ORD00045,CUST0382,2022-02-02,2022-02-08,Pending,Wallet,Online,34163.69,905.93,199,Hyderabad,WB,33456.76,2022-02,2022
ORD00046,CUST0071,2022-02-02,2022-02-09,Returned,Wallet,In-Store,42500.25,15544.73,99,Ahmedabad,GJ,27054.52,2022-02,2022
ORD00047,CUST0890,2022-03-02,2022-02-08,Shipped,Credit Card,Online,47171.76,1687.67,0,New York,ON,45484.09,2022-03,2022
ORD00048,CUST0575,2022-02-04,2022-02-07,Shipped,Cod,In-Store,44742.99,14737.47,149,Jaipur,MH,30154.52,2022-02,2022
ORD00049,CUST0346,2022-02-05,2022-02-11,Delivered,Upi,In-Store,581.34,45.95,0,Chennai,NSW,535.39,2022-02,2022
ORD00050,CUST0782,2022-05-02,2022-02-12,Delivered,Debit Card,Mobile App,32474.01,9961.0,49,Toronto,GJ,22562.01,2022-05,2022
ORD00051,CUST0504,2022-02-06,2022-02-10,Delivered,Net Banking,Mobile App,37428.07,1684.36,199,New York,GJ,35942.71,2022-02,2022
ORD00052,CUST0915,2022-02-07,2022-02-10,Delivered,Net Banking,Mobile App,14499.06,0.0,199,Toronto,WB,14698.06,2022-02,2022
ORD00053,CUST0104,2022-02-07,2022-02-10,Returned,Wallet,In-Store,45652.45,13487.38,199,Bangalore,MH,32364.07,2022-02,2022
ORD00054,CUST0087,2022-02-08,2022-02-11,Shipped,Credit Card,Mobile App,871.97,299.31,0,Toronto,TS,572.66,2022-02,2022
ORD00055,CUST0436,2022-02-09,2022-02-13,Returned,Cod,Online,3656.29,696.55,99,Ahmedabad,ON,3058.74,2022-02,2022
ORD00056,CUST0312,2022-02-10,2022-02-15,Returned,Net Banking,Mobile App,49459.17,13814.66,149,Surat,KA,35793.51,2022-02,2022
ORD00058,CUST0442,2022-02-11,2022-02-18,Shipped,Upi,Mobile App,4764.27,620.98,0,Kolkata,LDN,4143.29,2022-02,2022
ORD00059,CUST0047,2022-02-12,2022-02-14,Cancelled,Upi,Online,24983.58,2594.06,49,Kolkata,TN,22438.52,2022-02,2022
ORD00060,CUST0360,2022-02-13,2022-02-14,Shipped,Net Banking,Mobile App,29301.87,4975.3,0,Chennai,NY,24326.57,2022-02,2022
ORD00062,CUST0623,2022-02-14,2022-02-21,Pending,Credit Card,In-Store,45301.06,16446.23,99,Surat,NY,28953.83,2022-02,2022
ORD00063,CUST0815,2022-02-15,2022-02-22,Delivered,Upi,Online,29654.54,9075.2,149,Toronto,NY,20728.34,2022-02,2022
ORD00064,CUST0375,2022-02-16,2022-02-18,Delivered,Credit Card,In-Store,13053.91,1965.3,0,New York,GJ,11088.61,2022-02,2022
ORD00066,CUST0412,2022-02-17,2022-02-21,Cancelled,Debit Card,Mobile App,21813.07,6440.49,99,Jaipur,RJ,15471.58,2022-02,2022
ORD00067,CUST0213,2022-02-18,2022-02-23,Pending,Upi,Mobile App,23182.54,1310.71,99,Delhi,GJ,21970.83,2022-02,2022
ORD00068,CUST0311,2022-02-18,2022-02-19,Pending,Debit Card,In-Store,23088.56,564.71,199,New York,NY,22722.85,2022-02,2022
ORD00069,CUST0255,2022-02-19,2022-02-23,Cancelled,Credit Card,Mobile App,40294.9,12164.2,149,London,LDN,28279.7,2022-02,2022
ORD00070,CUST0949,2022-02-20,2022-02-21,Delivered,Net Banking,Mobile App,11571.02,3075.94,0,Jaipur,WB,8495.08,2022-02,2022
ORD00071,CUST0769,2022-02-21,2022-02-23,Delivered,Cod,Online,15414.09,1407.44,0,Ahmedabad,LDN,14006.65,2022-02,2022
ORD00072,CUST0092,2022-02-21,2022-02-25,Cancelled,Wallet,Online,14895.69,434.33,99,Ahmedabad,WB,14560.36,2022-02,2022
ORD00073,CUST0516,2022-02-22,2022-02-28,Cancelled,Debit Card,In-Store,23005.04,1666.19,0,Sydney,GJ,21338.85,2022-02,2022
ORD00074,CUST0050,2022-02-23,2022-02-27,Cancelled,Wallet,In-Store,13052.05,3924.7,199,Sydney,TS,9326.35,2022-02,2022
ORD00075,CUST0939,2022-02-24,2022-02-27,Pending,Debit Card,In-Store,22598.33,5016.83,99,Hyderabad,MH,17680.5,2022-02,2022
ORD00076,CUST0641,2022-02-24,2022-02-27,Pending,Cod,Mobile App,21487.68,1169.85,149,Hyderabad,RJ,20466.83,2022-02,2022
ORD00077,CUST0672,2022-02-25,2022-03-03,Returned,Upi,Mobile App,10423.03,1993.86,0,Surat,LDN,8429.17,2022-02,2022
ORD00079,CUST0215,2022-02-26,2022-03-05,Delivered,Credit Card,In-Store,20936.69,1158.75,199,Bangalore,GJ,19976.94,2022-02,2022
ORD00080,CUST0603,2022-02-27,2022-03-06,Returned,Wallet,Online,21618.75,4357.91,149,Hyderabad,GJ,17409.84,2022-02,2022
ORD00081,CUST0955,2022-02-28,2022-03-03,Delivered,Credit Card,Online,33623.91,406.31,99,Kolkata,NSW,33316.6,2022-02,2022
ORD00082,CUST0151,2022-01-03,2022-03-02,Returned,Debit Card,Online,49683.04,11751.47,49,Jaipur,KA,37980.57,2022-01,2022
ORD00084,CUST0738,2022-03-02,2022-03-08,Shipped,Net Banking,In-Store,47185.15,11399.63,49,New York,MH,35834.52,2022-03,2022
ORD00085,CUST0034,2022-03-03,2022-03-05,Pending,Upi,In-Store,37135.96,14215.54,99,Delhi,GJ,23019.42,2022-03,2022
ORD00086,CUST0138,2022-03-04,2022-03-06,Delivered,Credit Card,Online,47582.08,14779.22,99,Hyderabad,NY,32901.86,2022-03,2022
ORD00087,CUST0358,2022-03-04,2022-03-08,Cancelled,Net Banking,In-Store,16151.28,2908.73,149,Hyderabad,MH,13391.55,2022-03,2022
ORD00088,CUST0542,2022-03-05,2022-03-12,Returned,Cod,Online,25040.59,3395.51,99,Kolkata,KA,21744.08,2022-03,2022
ORD00089,CUST0855,2022-03-06,2022-03-12,Delivered,Cod,In-Store,29376.16,10136.6,49,Sydney,ON,19288.56,2022-03,2022
ORD00090,CUST0985,2022-03-07,2022-03-14,Delivered,Wallet,In-Store,7443.41,538.69,49,Surat,TS,6953.72,2022-03,2022
ORD00091,CUST0355,2022-03-07,2022-03-08,Shipped,Wallet,Mobile App,6598.87,1923.29,49,Chennai,NSW,4724.58,2022-03,2022
ORD00092,CUST0439,2022-03-08,2022-03-11,Shipped,Credit Card,Mobile App,47190.28,2779.04,0,Toronto,LDN,44411.24,2022-03,2022
ORD00093,CUST0340,2022-09-03,2022-03-12,Shipped,Credit Card,In-Store,23292.95,3456.6,149,Surat,MH,19985.35,2022-09,2022
ORD00094,CUST0777,2022-03-09,2022-03-12,Delivered,Upi,Online,24641.81,4168.75,0,Surat,MH,20473.06,2022-03,2022
ORD00095,CUST0810,2022-03-10,2022-03-16,Pending,Debit Card,In-Store,44163.74,6570.66,99,London,TN,37692.08,2022-03,2022
ORD00096,CUST0220,2022-03-11,2022-03-18,Delivered,Cod,Online,28898.51,2689.75,99,Pune,NSW,26307.76,2022-03,2022
ORD00097,CUST0246,2022-03-12,2022-03-16,Delivered,Cod,Mobile App,21299.08,4929.33,49,Chennai,TN,16418.75,2022-03,2022
ORD00098,CUST0790,2022-12-03,2022-03-14,Cancelled,Upi,Online,9440.3,3392.8,149,Delhi,LDN,6196.5,2022-12,2022
ORD00099,CUST0481,2022-03-13,2022-03-18,Shipped,Credit Card,Online,39756.2,221.27,99,Toronto,MH,39633.93,2022-03,2022
ORD00100,CUST0721,2022-03-14,2022-03-15,Pending,Wallet,Mobile App,24823.24,768.85,149,Pune,ON,24203.39,2022-03,2022
ORD00101,CUST0489,2022-03-15,2022-03-22,Pending,Credit Card,In-Store,22583.79,7981.46,0,Pune,MH,14602.33,2022-03,2022
ORD00102,CUST0494,2022-03-15,2022-03-18,Pending,Upi,Online,4111.21,1519.26,149,Toronto,NSW,2740.95,2022-03,2022
ORD00103,CUST0814,2022-03-16,2022-03-19,Cancelled,Upi,In-Store,17187.42,74.11,0,Kolkata,DL,17113.31,2022-03,2022
ORD00104,CUST0248,2022-03-17,2022-03-20,Cancelled,Wallet,Mobile App,9319.01,3113.04,49,Kolkata,MH,6254.97,2022-03,2022
ORD00105,CUST0019,2022-03-17,2022-03-20,Cancelled,Upi,In-Store,28920.85,9865.61,149,Hyderabad,LDN,19204.24,2022-03,2022
ORD00107,CUST0205,2022-03-19,2022-03-26,Shipped,Upi,Mobile App,1722.31,273.98,99,Bangalore,NSW,1547.33,2022-03,2022
ORD00108,CUST0102,2022-03-20,2022-03-22,Delivered,Upi,Online,17554.72,5115.64,199,Chennai,ON,12638.08,2022-03,2022
ORD00109,CUST0388,2022-03-20,2022-03-26,Cancelled,Net Banking,In-Store,11027.29,2667.33,49,Surat,ON,8408.96,2022-03,2022
ORD00110,CUST0508,2022-03-21,2022-03-28,Shipped,Debit Card,In-Store,37929.72,2733.71,0,Hyderabad,GJ,35196.01,2022-03,2022
ORD00111,CUST0705,2022-03-22,2022-03-28,Pending,Credit Card,Online,41130.1,3655.79,0,Mumbai,LDN,37474.31,2022-03,2022
ORD00112,CUST0571,2022-03-23,2022-03-28,Returned,Net Banking,In-Store,40873.5,972.78,149,Bangalore,NSW,40049.72,2022-03,2022
ORD00113,CUST0493,2022-03-23,2022-03-27,Cancelled,Debit Card,Mobile App,32329.49,10656.61,149,New York,GJ,21821.88,2022-03,2022
ORD00114,CUST0111,2022-03-24,2022-03-31,Returned,Credit Card,Mobile App,15255.75,5963.35,199,Kolkata,KA,9491.4,2022-03,2022
ORD00115,CUST0607,2022-03-25,2022-03-28,Delivered,Credit Card,Mobile App,31367.43,4687.98,149,Toronto,TS,26828.45,2022-03,2022
ORD00116,CUST0802,2022-03-26,2022-04-01,Cancelled,Net Banking,In-Store,27351.97,3297.04,0,Toronto,ON,24054.93,2022-03,2022
ORD00117,CUST0165,2022-03-26,2022-03-27,Delivered,Upi,Online,18233.06,3010.52,0,Surat,GJ,15222.54,2022-03,2022
ORD00118,CUST0860,2022-03-27,2022-04-01,Returned,Cod,Online,33288.86,12281.81,199,Toronto,ON,21206.05,2022-03,2022
ORD00119,CUST0426,2022-03-28,2022-03-31,Delivered,Debit Card,Mobile App,29791.59,1977.02,0,Mumbai,KA,27814.57,2022-03,2022
ORD00120,CUST0111,2022-03-28,2022-03-31,Cancelled,Debit Card,Mobile App,47230.37,16665.08,49,Sydney,MH,30614.29,2022-03,2022
ORD00121,CUST0381,2022-03-29,2022-04-01,Cancelled,Credit Card,In-Store,27156.47,9926.99,199,Jaipur,TS,17428.48,2022-03,2022
ORD00122,CUST0290,2022-03-30,2022-04-04,Delivered,Wallet,Online,17489.95,1346.23,49,Surat,KA,16192.72,2022-03,2022
ORD00123,CUST0561,2022-03-31,2022-04-03,Returned,Upi,In-Store,12309.46,331.05,49,Toronto,WB,12027.41,2022-03,2022
ORD00124,CUST0493,2022-03-31,2022-04-06,Pending,Credit Card,Mobile App,40287.5,5544.41,0,Kolkata,MH,34743.09,2022-03,2022
ORD00125,CUST0690,2022-04-01,2022-04-05,Shipped,Net Banking,Mobile App,11389.48,1538.24,99,Hyderabad,TS,9950.24,2022-04,2022
ORD00126,CUST0158,2022-04-02,2022-04-05,Cancelled,Wallet,In-Store,1766.17,604.25,199,Toronto,DL,1360.92,2022-04,2022
ORD00127,CUST0013,2022-03-04,2022-04-10,Shipped,Wallet,In-Store,28057.08,7801.47,49,Surat,WB,20304.61,2022-03,2022
ORD00128,CUST0873,2022-03-04,2022-04-05,Shipped,Credit Card,In-Store,12355.6,4325.19,99,Kolkata,LDN,8129.41,2022-03,2022
ORD00129,CUST0106,2022-04-04,2022-04-07,Returned,Net Banking,In-Store,8244.25,0.0,0,Kolkata,ON,8244.25,2022-04,2022
ORD00130,CUST0148,2022-05-04,2022-04-12,Pending,Credit Card,In-Store,37356.39,8044.56,49,Kolkata,NY,29360.83,2022-05,2022
ORD00131,CUST0269,2022-04-05,2022-04-08,Pending,Credit Card,Mobile App,39454.14,11878.2,0,New York,RJ,27575.94,2022-04,2022
ORD00132,CUST0681,2022-04-06,2022-04-10,Returned,Credit Card,Online,22272.12,2969.67,199,Toronto,GJ,19501.45,2022-04,2022
ORD00133,CUST0059,2022-04-07,2022-04-12,Cancelled,Upi,Mobile App,30625.25,7531.22,0,Jaipur,NY,23094.03,2022-04,2022
ORD00134,CUST0142,2022-04-08,2022-04-11,Delivered,Credit Card,In-Store,24871.01,1970.66,149,Delhi,TN,23049.35,2022-04,2022
ORD00135,CUST0977,2022-04-08,2022-04-11,Delivered,Credit Card,Mobile App,13964.97,366.25,0,Delhi,GJ,13598.72,2022-04,2022
ORD00136,CUST0384,2022-09-04,2022-04-12,Returned,Wallet,Mobile App,43361.51,11116.46,199,New York,KA,32444.05,2022-09,2022
ORD00137,CUST0979,2022-04-10,2022-04-11,Delivered,Wallet,Mobile App,31144.49,9926.74,199,Jaipur,GJ,21416.75,2022-04,2022
ORD00138,CUST0838,2022-04-11,2022-04-18,Returned,Wallet,Mobile App,3893.07,356.73,149,Bangalore,NSW,3685.34,2022-04,2022
ORD00139,CUST0298,2022-04-11,2022-04-14,Pending,Cod,In-Store,6492.63,1099.99,99,Sydney,WB,5491.64,2022-04,2022
ORD00140,CUST0346,2022-12-04,2022-04-17,Delivered,Credit Card,In-Store,42667.05,10744.51,149,Bangalore,ON,32071.54,2022-12,2022
ORD00141,CUST0329,2022-04-13,2022-04-20,Delivered,Wallet,Mobile App,45294.74,12704.62,199,Surat,LDN,32789.12,2022-04,2022
ORD00142,CUST0025,2022-04-13,2022-04-19,Delivered,Credit Card,Mobile App,38345.98,405.7,199,Toronto,ON,38139.28,2022-04,2022
ORD00143,CUST0674,2022-04-14,2022-04-20,Returned,Credit Card,In-Store,43980.04,15874.78,99,Toronto,LDN,28204.26,2022-04,2022
ORD00144,CUST0060,2022-04-15,2022-04-20,Shipped,Wallet,Mobile App,9633.49,2717.22,0,Bangalore,LDN,6916.27,2022-04,2022
ORD00145,CUST0351,2022-04-16,2022-04-20,Pending,Net Banking,Online,16660.06,66.19,0,Chennai,TN,16593.87,2022-04,2022
ORD00146,CUST0303,2022-04-16,2022-04-22,Delivered,Upi,Online,7064.74,1644.35,0,New York,GJ,5420.39,2022-04,2022
ORD00147,CUST0605,2022-04-17,2022-04-23,Pending,Net Banking,Online,2563.53,872.99,149,Toronto,RJ,1839.54,2022-04,2022
ORD00148,CUST0033,2022-04-18,2022-04-23,Pending,Net Banking,In-Store,7068.91,1318.03,49,New York,MH,5799.88,2022-04,2022
ORD00149,CUST0520,2022-04-19,2022-04-24,Returned,Upi,Mobile App,43012.48,2637.96,0,New York,LDN,40374.52,2022-04,2022
ORD00150,CUST0763,2022-04-19,2022-04-26,Returned,Credit Card,In-Store,40950.06,10291.28,99,New York,KA,30757.78,2022-04,2022
ORD00151,CUST0738,2022-04-20,2022-04-23,Shipped,Credit Card,In-Store,5562.12,401.21,0,Bangalore,TN,5160.91,2022-04,2022
ORD00152,CUST0038,2022-04-21,2022-04-25,Shipped,Upi,In-Store,24682.64,4259.45,149,Hyderabad,RJ,20572.19,2022-04,2022
ORD00153,CUST0682,2022-04-22,2022-04-29,Cancelled,Debit Card,Online,10527.58,987.4,49,Kolkata,NY,9589.18,2022-04,2022
ORD00154,CUST0578,2022-04-22,2022-04-29,Pending,Wallet,Mobile App,21556.92,821.53,199,Jaipur,DL,20934.39,2022-04,2022
ORD00156,CUST0941,2022-04-24,2022-05-01,Cancelled,Credit Card,In-Store,44182.68,5894.74,199,Bangalore,RJ,38486.94,2022-04,2022
ORD00157,CUST0564,2022-04-24,2022-04-29,Cancelled,Credit Card,Mobile App,26411.86,2029.54,199,Bangalore,KA,24581.32,2022-04,2022
ORD00158,CUST0864,2022-04-25,2022-05-01,Delivered,Wallet,Mobile App,35003.59,9949.44,149,Mumbai,ON,25203.15,2022-04,2022
ORD00159,CUST0214,2022-04-26,2022-04-28,Returned,Upi,Mobile App,997.67,202.69,149,Chennai,RJ,943.98,2022-04,2022
ORD00160,CUST0582,2022-04-27,2022-05-03,Delivered,Debit Card,In-Store,38968.04,5649.0,49,Ahmedabad,GJ,33368.04,2022-04,2022
ORD00161,CUST0867,2022-04-27,2022-04-29,Pending,Cod,In-Store,16012.22,2390.51,199,Chennai,TN,13820.71,2022-04,2022
ORD00162,CUST0508,2022-04-28,2022-05-03,Shipped,Credit Card,Mobile App,8713.41,3030.79,0,Chennai,WB,5682.62,2022-04,2022
ORD00163,CUST0412,2022-04-29,2022-04-30,Pending,Cod,In-Store,17698.17,5633.78,149,Ahmedabad,NY,12213.39,2022-04,2022
ORD00164,CUST0647,2022-04-30,2022-05-05,Pending,Credit Card,In-Store,15063.8,1037.01,149,London,TN,14175.79,2022-04,2022
ORD00165,CUST0470,2022-04-30,2022-05-07,Returned,Net Banking,In-Store,44052.51,11385.27,0,Jaipur,NY,32667.24,2022-04,2022
ORD00166,CUST0243,2022-01-05,2022-05-03,Delivered,Net Banking,Online,8210.01,3028.04,0,Toronto,NY,5181.97,2022-01,2022
ORD00167,CUST0533,2022-02-05,2022-05-09,Shipped,Upi,In-Store,29741.68,9375.3,199,Hyderabad,KA,20565.38,2022-02,2022
ORD00168,CUST0523,2022-05-02,2022-05-08,Shipped,Net Banking,Online,8595.02,2384.69,0,Mumbai,ON,6210.33,2022-05,2022
ORD00169,CUST0490,2022-05-03,2022-05-05,Shipped,Cod,Mobile App,13187.58,4383.78,99,Kolkata,NSW,8902.8,2022-05,2022
ORD00170,CUST0139,2022-05-04,2022-05-11,Delivered,Net Banking,Online,29077.55,5004.93,49,New York,GJ,24121.62,2022-05,2022
ORD00171,CUST0318,2022-05-05,2022-05-07,Cancelled,Credit Card,Online,32386.09,243.06,49,London,RJ,32192.03,2022-05,2022
ORD00172,CUST0387,2022-05-05,2022-05-08,Returned,Credit Card,Online,38036.88,8747.28,49,Delhi,NY,29338.6,2022-05,2022
ORD00173,CUST0100,2022-06-05,2022-05-10,Delivered,Wallet,Online,30997.43,1667.27,99,Chennai,WB,29429.16,2022-06,2022
ORD00174,CUST0402,2022-05-07,2022-05-10,Cancelled,Cod,Online,47486.92,4220.5,0,Jaipur,RJ,43266.42,2022-05,2022
ORD00176,CUST0014,2022-08-05,2022-05-14,Pending,Cod,Mobile App,20058.72,3211.27,149,Ahmedabad,GJ,16996.45,2022-08,2022
ORD00177,CUST0208,2022-09-05,2022-05-13,Delivered,Cod,Online,48783.26,16982.59,149,Hyderabad,LDN,31949.67,2022-09,2022
ORD00178,CUST0818,2022-05-10,2022-05-11,Shipped,Cod,In-Store,35690.09,5053.55,0,London,MH,30636.54,2022-05,2022
ORD00179,CUST0813,2022-05-11,2022-05-13,Delivered,Cod,In-Store,8755.86,950.46,0,Jaipur,TS,7805.4,2022-05,2022
ORD00180,CUST0791,2022-05-11,2022-05-14,Pending,Cod,In-Store,7416.0,661.3,0,Pune,KA,6754.7,2022-05,2022
ORD00181,CUST0289,2022-12-05,2022-05-14,Pending,Net Banking,In-Store,9991.55,1640.08,0,Ahmedabad,NY,8351.47,2022-12,2022
ORD00182,CUST0255,2022-05-13,2022-05-16,Shipped,Wallet,Online,13022.86,3711.78,149,Jaipur,TN,9460.08,2022-05,2022
ORD00183,CUST0539,2022-05-13,2022-05-14,Cancelled,Upi,Mobile App,35799.27,5571.65,99,Chennai,MH,30326.62,2022-05,2022
ORD00184,CUST0226,2022-05-14,2022-05-21,Cancelled,Net Banking,Mobile App,45778.12,3600.49,49,Mumbai,GJ,42226.63,2022-05,2022
ORD00185,CUST0791,2022-05-15,2022-05-22,Shipped,Upi,Mobile App,19479.24,2820.69,149,Hyderabad,ON,16807.55,2022-05,2022
ORD00186,CUST0688,2022-05-16,2022-05-22,Cancelled,Wallet,Mobile App,21157.29,5860.96,99,Toronto,NY,15395.33,2022-05,2022
ORD00187,CUST0061,2022-05-16,2022-05-19,Returned,Wallet,In-Store,48736.43,15961.95,149,Pune,TN,32923.48,2022-05,2022
ORD00188,CUST0029,2022-05-17,2022-05-20,Shipped,Credit Card,Online,42931.57,1718.75,199,Pune,DL,41411.82,2022-05,2022
ORD00189,CUST0031,2022-05-18,2022-05-21,Delivered,Wallet,Online,41811.08,8268.8,199,Surat,RJ,33741.28,2022-05,2022
ORD00190,CUST0595,2022-05-19,2022-05-26,Delivered,Upi,Mobile App,34896.93,574.77,49,Kolkata,GJ,34371.16,2022-05,2022
ORD00191,CUST0082,2022-05-19,2022-05-26,Cancelled,Upi,Mobile App,15451.86,4768.42,0,New York,GJ,10683.44,2022-05,2022
ORD00192,CUST0299,2022-05-20,2022-05-21,Cancelled,Upi,In-Store,13506.55,2314.49,99,Toronto,MH,11291.06,2022-05,2022
ORD00193,CUST0229,2022-05-21,2022-05-24,Returned,Cod,Online,19497.19,0.0,199,Pune,GJ,19696.19,2022-05,2022
ORD00194,CUST0321,2022-05-21,2022-05-25,Pending,Wallet,Mobile App,43719.91,13513.14,99,New York,TN,30305.77,2022-05,2022
ORD00195,CUST0162,2022-05-22,2022-05-25,Shipped,Cod,Online,38077.15,6366.83,199,Toronto,DL,31909.32,2022-05,2022
ORD00196,CUST0630,2022-05-23,2022-05-24,Shipped,Upi,Mobile App,8730.53,0.0,99,Ahmedabad,NSW,8829.53,2022-05,2022
ORD00197,CUST0315,2022-05-24,2022-05-28,Pending,Wallet,In-Store,29821.44,2709.42,99,New York,DL,27211.02,2022-05,2022
ORD00198,CUST0634,2022-05-24,2022-05-27,Cancelled,Cod,Online,37121.73,3978.22,0,Kolkata,LDN,33143.51,2022-05,2022
ORD00199,CUST0960,2022-05-25,2022-05-29,Returned,Wallet,Mobile App,16132.23,3806.99,0,New York,WB,12325.24,2022-05,2022
ORD00200,CUST0232,2022-05-26,2022-06-02,Cancelled,Cod,In-Store,39072.53,7454.34,0,Sydney,NY,31618.19,2022-05,2022
ORD00201,CUST0019,2022-05-27,2022-06-02,Returned,Wallet,Mobile App,15305.76,5182.1,149,New York,GJ,10272.66,2022-05,2022
ORD00202,CUST0504,2022-05-27,2022-05-30,Returned,Wallet,Online,22834.97,8733.78,199,Toronto,GJ,14300.19,2022-05,2022
ORD00203,CUST0709,2022-05-28,2022-06-02,Cancelled,Debit Card,In-Store,2656.34,773.25,0,Pune,KA,1883.09,2022-05,2022
ORD00204,CUST0998,2022-05-29,2022-06-03,Delivered,Net Banking,Mobile App,32626.08,11172.99,149,Sydney,NY,21602.09,2022-05,2022
ORD00205,CUST0732,2022-05-30,2022-06-02,Pending,Wallet,In-Store,23420.96,6365.22,149,Toronto,DL,17204.74,2022-05,2022
ORD00206,CUST0285,2022-05-30,2022-05-31,Returned,Debit Card,In-Store,46238.35,16670.39,0,Ahmedabad,NY,29567.96,2022-05,2022
ORD00207,CUST0109,2022-05-31,2022-06-03,Shipped,Wallet,Online,34730.94,7216.63,199,Jaipur,TN,27713.31,2022-05,2022
ORD00208,CUST0449,2022-06-01,2022-06-05,Shipped,Credit Card,Mobile App,46925.28,2799.61,149,Kolkata,MH,44274.67,2022-06,2022
ORD00209,CUST0582,2022-06-01,2022-06-04,Shipped,Credit Card,Mobile App,42171.85,187.12,199,Jaipur,TN,42183.73,2022-06,2022
ORD00210,CUST0580,2022-06-02,2022-06-07,Cancelled,Net Banking,In-Store,22775.66,7664.08,199,New York,TS,15310.58,2022-06,2022
ORD00212,CUST0660,2022-06-04,2022-06-09,Returned,Cod,In-Store,12474.13,1332.28,149,Mumbai,GJ,11290.85,2022-06,2022
ORD00213,CUST0423,2022-06-04,2022-06-09,Pending,Upi,Online,1449.78,0.0,149,Pune,LDN,1598.78,2022-06,2022
ORD00214,CUST0322,2022-06-05,2022-06-10,Returned,Net Banking,Mobile App,23603.06,7472.34,0,Pune,MH,16130.72,2022-06,2022
ORD00215,CUST0278,2022-06-06,2022-06-11,Returned,Credit Card,Mobile App,36771.29,6186.84,149,Delhi,MH,30733.45,2022-06,2022
ORD00216,CUST0424,2022-07-06,2022-06-13,Pending,Upi,Online,38827.47,9540.82,199,Sydney,MH,29485.65,2022-07,2022
ORD00217,CUST0773,2022-06-07,2022-06-14,Pending,Cod,Online,21602.3,1883.98,99,London,NSW,19817.32,2022-06,2022
ORD00218,CUST0397,2022-06-08,2022-06-09,Shipped,Cod,Mobile App,2429.87,457.52,49,Bangalore,GJ,2021.35,2022-06,2022
ORD00219,CUST0157,2022-09-06,2022-06-13,Delivered,Net Banking,Mobile App,34018.89,2301.85,199,Kolkata,NSW,31916.04,2022-09,2022
ORD00221,CUST0635,2022-06-10,2022-06-13,Delivered,Upi,Mobile App,31920.26,10829.4,99,London,MH,21189.86,2022-06,2022
ORD00222,CUST0509,2022-11-06,2022-06-13,Cancelled,Net Banking,Mobile App,5985.62,1090.37,99,Ahmedabad,GJ,4994.25,2022-11,2022
ORD00223,CUST0710,2022-06-12,2022-06-14,Cancelled,Credit Card,In-Store,38273.21,11709.19,199,New York,GJ,26763.02,2022-06,2022
ORD00224,CUST0200,2022-12-06,2022-06-19,Cancelled,Wallet,Online,22194.82,3614.51,49,Kolkata,MH,18629.31,2022-12,2022
ORD00225,CUST0368,2022-06-13,2022-06-20,Pending,Net Banking,Mobile App,3579.43,1092.45,199,Hyderabad,MH,2685.98,2022-06,2022
ORD00226,CUST0103,2022-06-14,2022-06-19,Cancelled,Upi,Online,43995.03,8351.43,199,New York,LDN,35842.6,2022-06,2022
ORD00227,CUST0535,2022-06-15,2022-06-18,Cancelled,Net Banking,Online,25497.61,6279.65,199,Hyderabad,RJ,19416.96,2022-06,2022
ORD00228,CUST0621,2022-06-15,2022-06-20,Delivered,Cod,Online,24577.85,5523.65,149,Surat,RJ,19203.2,2022-06,2022
ORD00229,CUST0818,2022-06-16,2022-06-19,Pending,Credit Card,Online,38496.27,11897.12,49,Hyderabad,ON,26648.15,2022-06,2022
ORD00230,CUST0387,2022-06-17,2022-06-24,Cancelled,Credit Card,Mobile App,45729.56,111.14,149,Chennai,TS,45767.42,2022-06,2022
ORD00231,CUST0161,2022-06-18,2022-06-23,Delivered,Cod,Mobile App,13194.48,2138.69,99,Kolkata,GJ,11154.79,2022-06,2022
ORD00232,CUST0149,2022-06-18,2022-06-22,Cancelled,Net Banking,Mobile App,34803.26,7455.72,49,Chennai,TS,27396.54,2022-06,2022
ORD00233,CUST0345,2022-06-19,2022-06-25,Returned,Credit Card,In-Store,38577.03,14777.18,99,Bangalore,NY,23898.85,2022-06,2022
ORD00234,CUST0159,2022-06-20,2022-06-22,Cancelled,Cod,In-Store,34647.22,1565.43,99,Ahmedabad,GJ,33180.79,2022-06,2022
ORD00235,CUST0464,2022-06-20,2022-06-25,Shipped,Upi,In-Store,20985.48,224.83,149,Mumbai,GJ,20909.65,2022-06,2022
ORD00237,CUST0336,2022-06-22,2022-06-27,Shipped,Cod,Mobile App,26572.05,10188.68,99,Kolkata,ON,16482.37,2022-06,2022
ORD00238,CUST0648,2022-06-23,2022-06-28,Cancelled,Cod,Mobile App,37150.71,4130.21,49,Delhi,WB,33069.5,2022-06,2022
ORD00239,CUST0414,2022-06-23,2022-06-25,Returned,Credit Card,Mobile App,39162.22,10867.33,0,Hyderabad,TN,28294.89,2022-06,2022
ORD00240,CUST0058,2022-06-24,2022-06-26,Cancelled,Credit Card,Online,20772.84,4171.17,0,Kolkata,ON,16601.67,2022-06,2022
ORD00241,CUST0005,2022-06-25,2022-06-28,Returned,Cod,Mobile App,32080.57,8511.92,0,Pune,MH,23568.65,2022-06,2022
ORD00242,CUST0170,2022-06-26,2022-06-29,Pending,Cod,Mobile App,29036.93,8776.18,0,Chennai,GJ,20260.75,2022-06,2022
ORD00243,CUST0131,2022-06-26,2022-06-29,Shipped,Credit Card,In-Store,12704.63,3925.22,49,Hyderabad,WB,8828.41,2022-06,2022
ORD00244,CUST0256,2022-06-27,2022-06-30,Cancelled,Upi,In-Store,4748.37,2.8,149,Toronto,RJ,4894.57,2022-06,2022
ORD00245,CUST0039,2022-06-28,2022-07-05,Delivered,Cod,Online,2814.52,674.45,49,Hyderabad,WB,2189.07,2022-06,2022
ORD00246,CUST0133,2022-06-28,2022-07-01,Returned,Debit Card,In-Store,22368.7,428.8,0,Bangalore,LDN,21939.9,2022-06,2022
ORD00247,CUST0230,2022-06-29,2022-07-02,Delivered,Credit Card,In-Store,25927.31,9315.73,0,Mumbai,WB,16611.58,2022-06,2022
ORD00248,CUST0919,2022-06-30,2022-07-03,Delivered,Net Banking,Online,26481.74,6362.38,149,Mumbai,KA,20268.36,2022-06,2022
ORD00250,CUST0294,2022-07-01,2022-07-05,Cancelled,Debit Card,Online,33059.62,254.43,49,Bangalore,DL,32854.19,2022-07,2022
ORD00251,CUST0040,2022-02-07,2022-02-10,Pending,Upi,Mobile App,48300.45,18381.4,49,Delhi,TN,29968.05,2022-02,2022
ORD00253,CUST0392,2022-07-04,2022-07-06,Returned,Credit Card,In-Store,35989.69,12733.99,149,Jaipur,MH,23404.7,2022-07,2022
ORD00254,CUST0762,2022-07-04,2022-07-08,Returned,Net Banking,In-Store,23665.17,3709.88,0,Kolkata,ON,19955.29,2022-07,2022
ORD00255,CUST0480,2022-07-05,2022-07-09,Returned,Debit Card,In-Store,42049.53,4038.57,0,Ahmedabad,MH,38010.96,2022-07,2022
ORD00256,CUST0463,2022-07-06,2022-07-09,Returned,Upi,Mobile App,40242.79,16004.81,149,Hyderabad,GJ,24386.98,2022-07,2022
ORD00257,CUST0874,2022-07-07,2022-07-09,Returned,Wallet,In-Store,13301.67,1432.98,99,Ahmedabad,MH,11967.69,2022-07,2022
ORD00258,CUST0869,2022-07-07,2022-07-12,Returned,Wallet,Online,32582.94,8366.32,99,London,DL,24315.62,2022-07,2022
ORD00259,CUST1000,2022-08-07,2022-07-15,Delivered,Upi,In-Store,43764.74,15755.14,0,Delhi,GJ,28009.6,2022-08,2022
ORD00260,CUST0977,2022-07-09,2022-07-10,Pending,Wallet,In-Store,14832.23,3927.12,49,Sydney,ON,10954.11,2022-07,2022
ORD00261,CUST0105,2022-09-07,2022-07-16,Returned,Upi,Online,18759.36,3060.19,0,Pune,NSW,15699.17,2022-09,2022
ORD00262,CUST0189,2022-07-10,2022-07-16,Returned,Upi,In-Store,7894.88,703.68,99,Bangalore,TS,7290.2,2022-07,2022
ORD00263,CUST0369,2022-07-11,2022-07-13,Returned,Credit Card,Online,45482.69,10367.8,149,Mumbai,RJ,35263.89,2022-07,2022
ORD00265,CUST0676,2022-12-07,2022-07-19,Delivered,Debit Card,Online,15980.43,5397.94,99,Pune,LDN,10681.49,2022-12,2022
ORD00266,CUST0378,2022-07-13,2022-07-16,Pending,Cod,Online,34950.22,5940.34,199,Delhi,MH,29208.88,2022-07,2022
ORD00267,CUST0532,2022-07-14,2022-07-19,Shipped,Wallet,Online,40776.11,12881.55,99,New York,TS,27993.56,2022-07,2022
ORD00268,CUST0578,2022-07-15,2022-07-16,Returned,Cod,Mobile App,43697.83,14456.45,99,Surat,LDN,29340.38,2022-07,2022
ORD00269,CUST0755,2022-07-15,2022-07-16,Pending,Cod,In-Store,27384.54,1301.93,199,Delhi,KA,26281.61,2022-07,2022
ORD00271,CUST0846,2022-07-17,2022-07-18,Pending,Cod,Mobile App,48040.44,4435.5,0,Jaipur,MH,43604.94,2022-07,2022
ORD00272,CUST0269,2022-07-17,2022-07-18,Shipped,Debit Card,In-Store,30255.52,7563.03,199,Pune,GJ,22891.49,2022-07,2022
ORD00273,CUST0105,2022-07-18,2022-07-24,Delivered,Debit Card,Mobile App,6554.45,1524.5,199,New York,MH,5228.95,2022-07,2022
ORD00274,CUST0946,2022-07-19,2022-07-20,Returned,Cod,Mobile App,42780.44,11406.59,49,New York,MH,31422.85,2022-07,2022
ORD00275,CUST0529,2022-07-20,2022-07-23,Cancelled,Cod,In-Store,12902.96,3121.65,149,Mumbai,DL,9930.31,2022-07,2022
ORD00276,CUST0872,2022-07-20,2022-07-21,Returned,Debit Card,In-Store,28227.41,1454.4,149,Toronto,TN,26922.01,2022-07,2022
ORD00277,CUST0645,2022-07-21,2022-07-24,Pending,Wallet,Online,22739.87,8472.11,199,Pune,NSW,14466.76,2022-07,2022
ORD00278,CUST0170,2022-07-22,2022-07-26,Delivered,Upi,Mobile App,17303.16,4223.86,199,Kolkata,NSW,13278.3,2022-07,2022
ORD00279,CUST0791,2022-07-23,2022-07-30,Returned,Upi,Mobile App,32899.48,2030.82,199,Pune,NSW,31067.66,2022-07,2022
ORD00280,CUST0883,2022-07-23,2022-07-28,Shipped,Cod,Mobile App,12472.62,1599.57,199,New York,TN,11072.05,2022-07,2022
ORD00281,CUST0520,2022-07-24,2022-07-29,Shipped,Debit Card,In-Store,20050.88,4128.62,149,Delhi,LDN,16071.26,2022-07,2022
ORD00282,CUST0904,2022-07-25,2022-07-28,Delivered,Cod,Mobile App,45826.59,7952.35,99,Chennai,MH,37973.24,2022-07,2022
ORD00283,CUST0931,2022-07-25,2022-07-27,Returned,Net Banking,Mobile App,8716.06,1824.3,99,Chennai,LDN,6990.76,2022-07,2022
ORD00284,CUST0013,2022-07-26,2022-07-30,Cancelled,Credit Card,In-Store,4872.72,390.09,199,Pune,MH,4681.63,2022-07,2022
ORD00285,CUST0345,2022-07-27,2022-08-01,Delivered,Debit Card,Mobile App,30014.58,0.0,49,Sydney,GJ,30063.58,2022-07,2022
ORD00286,CUST0072,2022-07-28,2022-07-31,Returned,Debit Card,Online,14550.68,289.09,149,Jaipur,DL,14410.59,2022-07,2022
ORD00287,CUST0423,2022-07-28,2022-07-31,Cancelled,Credit Card,Mobile App,30885.29,9228.44,0,Pune,MH,21656.85,2022-07,2022
ORD00288,CUST0413,2022-07-29,2022-08-02,Cancelled,Cod,Online,32637.96,2961.29,0,Mumbai,TS,29676.67,2022-07,2022
ORD00290,CUST0045,2022-07-31,2022-08-02,Cancelled,Debit Card,In-Store,24835.74,1513.05,199,Delhi,GJ,23521.69,2022-07,2022
ORD00291,CUST0727,2022-07-31,2022-08-07,Delivered,Debit Card,In-Store,30683.59,5336.23,99,New York,WB,25446.36,2022-07,2022
ORD00292,CUST0556,2022-01-08,2022-08-02,Returned,Cod,In-Store,8072.47,0.0,49,Hyderabad,TN,8121.47,2022-01,2022
ORD00293,CUST0821,2022-02-08,2022-02-11,Delivered,Credit Card,Online,48484.09,12585.78,0,Chennai,NY,35898.31,2022-02,2022
ORD00294,CUST0118,2022-08-03,2022-08-06,Pending,Credit Card,Online,41599.38,515.5,149,Bangalore,LDN,41232.88,2022-08,2022
ORD00295,CUST0871,2022-08-03,2022-08-10,Returned,Net Banking,In-Store,47126.23,1928.5,99,Sydney,MH,45296.73,2022-08,2022
ORD00296,CUST0185,2022-04-08,2022-08-08,Returned,Credit Card,Online,6342.61,2378.97,199,Bangalore,DL,4162.64,2022-04,2022
ORD00297,CUST0223,2022-08-05,2022-08-06,Shipped,Debit Card,Online,1794.37,708.95,99,London,LDN,1184.42,2022-08,2022
ORD00298,CUST0594,2022-08-05,2022-08-07,Delivered,Debit Card,Mobile App,315.26,59.76,99,Surat,LDN,354.5,2022-08,2022
ORD00299,CUST0131,2022-06-08,2022-08-09,Cancelled,Cod,In-Store,22483.64,3673.75,0,Jaipur,DL,18809.89,2022-06,2022
ORD00300,CUST0500,2022-07-08,2022-08-14,Delivered,Wallet,Online,16726.96,0.0,99,Sydney,MH,16825.96,2022-07,2022
ORD00301,CUST0540,2022-08-08,2022-08-11,Pending,Upi,Mobile App,39790.59,4891.91,99,Ahmedabad,GJ,34997.68,2022-08,2022
ORD00302,CUST0567,2022-08-08,2022-08-12,Cancelled,Credit Card,In-Store,11354.36,329.47,49,Kolkata,WB,11073.89,2022-08,2022
ORD00303,CUST0301,2022-08-09,2022-08-16,Cancelled,Credit Card,In-Store,42535.97,1649.26,0,Kolkata,GJ,40886.71,2022-08,2022
ORD00304,CUST0790,2022-10-08,2022-10-11,Pending,Wallet,In-Store,32153.94,942.43,99,London,TS,31310.51,2022-10,2022
ORD00305,CUST0283,2022-08-11,2022-08-15,Delivered,Wallet,Online,37902.71,11549.64,49,Chennai,MH,26402.07,2022-08,2022
ORD00306,CUST0498,2022-11-08,2022-08-13,Shipped,Wallet,In-Store,16742.94,4165.74,199,Bangalore,DL,12776.2,2022-11,2022
ORD00307,CUST0651,2022-08-12,2022-08-15,Cancelled,Cod,Mobile App,9993.97,1935.95,49,Sydney,NY,8107.02,2022-08,2022
ORD00308,CUST0629,2022-08-13,2022-08-15,Shipped,Credit Card,In-Store,36614.94,11868.59,99,Ahmedabad,TN,24845.35,2022-08,2022
ORD00310,CUST0598,2022-08-14,2022-08-21,Pending,Cod,Online,47942.57,7977.31,49,Surat,ON,40014.26,2022-08,2022
ORD00311,CUST0571,2022-08-15,2022-08-19,Cancelled,Upi,In-Store,3377.88,1308.83,0,London,WB,2069.05,2022-08,2022
ORD00312,CUST0391,2022-08-16,2022-08-17,Returned,Credit Card,In-Store,16135.5,5017.44,199,London,TN,11317.06,2022-08,2022
ORD00313,CUST0819,2022-08-16,2022-08-20,Cancelled,Cod,In-Store,1802.39,662.5,199,Mumbai,WB,1338.89,2022-08,2022
ORD00314,CUST0199,2022-08-17,2022-08-20,Returned,Net Banking,Online,4582.44,1274.06,49,Toronto,ON,3357.38,2022-08,2022
ORD00315,CUST0427,2022-08-18,2022-08-22,Delivered,Credit Card,Mobile App,4015.0,564.79,49,Hyderabad,MH,3499.21,2022-08,2022
ORD00316,CUST0085,2022-08-19,2022-08-20,Pending,Cod,In-Store,40715.76,9093.37,99,Bangalore,LDN,31721.39,2022-08,2022
ORD00317,CUST0335,2022-08-19,2022-08-21,Cancelled,Cod,Online,27275.99,862.51,0,Chennai,GJ,26413.48,2022-08,2022
ORD00318,CUST0144,2022-08-20,2022-08-26,Delivered,Net Banking,In-Store,13102.54,3764.69,199,Chennai,MH,9536.85,2022-08,2022
ORD00319,CUST0486,2022-08-21,2022-08-22,Pending,Upi,In-Store,30153.64,1410.87,149,Jaipur,NSW,28891.77,2022-08,2022
ORD00320,CUST0401,2022-08-22,2022-08-29,Shipped,Upi,Online,23692.46,479.33,0,Delhi,MH,23213.13,2022-08,2022
ORD00322,CUST0331,2022-08-23,2022-08-26,Pending,Cod,In-Store,13886.94,102.07,49,Kolkata,MH,13833.87,2022-08,2022
ORD00324,CUST0565,2022-08-24,2022-08-25,Shipped,Net Banking,In-Store,19743.45,1266.1,0,London,DL,18477.35,2022-08,2022
ORD00325,CUST0830,2022-08-25,2022-09-01,Cancelled,Cod,In-Store,41056.31,9109.29,99,Toronto,GJ,32046.02,2022-08,2022
ORD00327,CUST0877,2022-08-27,2022-08-28,Delivered,Wallet,Mobile App,30443.22,4115.27,149,Surat,GJ,26476.95,2022-08,2022
ORD00328,CUST0879,2022-08-27,2022-09-02,Delivered,Cod,In-Store,30055.63,10422.71,49,Delhi,KA,19681.92,2022-08,2022
ORD00329,CUST0289,2022-08-28,2022-08-31,Pending,Wallet,Online,10084.37,3761.63,199,London,KA,6521.74,2022-08,2022
ORD00330,CUST0311,2022-08-29,2022-08-31,Cancelled,Wallet,Online,42515.21,8556.4,199,Sydney,TN,34157.81,2022-08,2022
ORD00331,CUST0311,2022-08-30,2022-09-03,Cancelled,Wallet,Online,42037.54,8195.34,199,Ahmedabad,TS,34041.2,2022-08,2022
ORD00332,CUST0160,2022-08-30,2022-09-01,Cancelled,Credit Card,Mobile App,24200.1,9378.23,199,Mumbai,KA,15020.87,2022-08,2022
ORD00333,CUST0016,2022-08-31,2022-09-06,Shipped,Credit Card,Online,35810.37,8587.11,199,Mumbai,WB,27422.26,2022-08,2022
ORD00334,CUST0149,2022-01-09,2022-09-03,Returned,Credit Card,In-Store,41134.0,10352.63,99,Pune,NSW,30880.37,2022-01,2022
ORD00335,CUST0164,2022-09-01,2022-09-07,Pending,Credit Card,Mobile App,10064.64,3446.77,49,Bangalore,LDN,6666.87,2022-09,2022
ORD00336,CUST0819,2022-09-02,2022-09-05,Pending,Net Banking,Online,4902.8,1053.34,199,Bangalore,GJ,4048.46,2022-09,2022
ORD00337,CUST0266,2022-03-09,2022-09-06,Cancelled,Credit Card,Mobile App,8234.17,1315.3,49,Surat,NSW,6967.87,2022-03,2022
ORD00338,CUST0711,2022-09-04,2022-09-05,Cancelled,Debit Card,Mobile App,32844.27,424.99,149,Delhi,RJ,32568.28,2022-09,2022
ORD00339,CUST0569,2022-09-04,2022-09-11,Cancelled,Debit Card,Mobile App,8030.72,58.11,49,Jaipur,ON,8021.61,2022-09,2022
ORD00340,CUST0153,2022-09-05,2022-09-06,Delivered,Wallet,In-Store,449.82,85.9,99,Hyderabad,ON,462.92,2022-09,2022
ORD00341,CUST0258,2022-09-06,2022-09-08,Returned,Credit Card,In-Store,24064.36,6720.92,0,Pune,GJ,17343.44,2022-09,2022
ORD00342,CUST0550,2022-09-07,2022-09-10,Delivered,Upi,Online,33977.69,1869.95,49,Ahmedabad,NSW,32156.74,2022-09,2022
ORD00344,CUST0857,2022-09-08,2022-09-12,Cancelled,Upi,Online,28871.3,4864.52,149,New York,LDN,24155.78,2022-09,2022
ORD00345,CUST0403,2022-09-09,2022-09-12,Shipped,Upi,Mobile App,6700.3,1092.0,49,Toronto,TN,5657.3,2022-09,2022
ORD00346,CUST0196,2022-09-10,2022-09-11,Returned,Net Banking,Online,18858.75,20.94,49,Sydney,NSW,18886.81,2022-09,2022
ORD00348,CUST0073,2022-11-09,2022-09-13,Returned,Credit Card,Mobile App,27820.65,4990.18,49,Surat,KA,22879.47,2022-11,2022
ORD00349,CUST0251,2022-09-12,2022-09-17,Delivered,Wallet,Online,2516.09,934.1,0,Sydney,TN,1581.99,2022-09,2022
ORD00350,CUST0890,2022-09-12,2022-09-18,Pending,Upi,Mobile App,19850.91,3445.9,0,Toronto,NY,16405.01,2022-09,2022
ORD00351,CUST0473,2022-09-13,2022-09-16,Cancelled,Cod,Online,26592.0,0.0,149,Kolkata,NSW,26741.0,2022-09,2022
ORD00352,CUST0241,2022-09-14,2022-09-20,Delivered,Upi,Online,29429.64,128.89,49,Pune,RJ,29349.75,2022-09,2022
ORD00353,CUST0474,2022-09-15,2022-09-18,Delivered,Debit Card,Online,49422.99,1160.5,49,Surat,DL,48311.49,2022-09,2022
ORD00355,CUST0308,2022-09-16,2022-09-18,Cancelled,Net Banking,Online,47143.61,14274.63,199,Mumbai,RJ,33067.98,2022-09,2022
ORD00356,CUST0376,2022-09-17,2022-09-18,Shipped,Credit Card,Online,11640.13,522.01,49,Pune,DL,11167.12,2022-09,2022
ORD00357,CUST0043,2022-09-18,2022-09-21,Pending,Cod,Online,31201.72,6657.78,0,Sydney,GJ,24543.94,2022-09,2022
ORD00358,CUST0232,2022-09-18,2022-09-20,Shipped,Net Banking,Mobile App,17505.96,5705.04,149,Bangalore,DL,11949.92,2022-09,2022
ORD00359,CUST0966,2022-09-19,2022-09-22,Delivered,Cod,Online,12963.7,1417.47,199,Ahmedabad,ON,11745.23,2022-09,2022
ORD00360,CUST0076,2022-09-20,2022-09-26,Cancelled,Wallet,Online,14362.92,3199.12,199,Mumbai,NSW,11362.8,2022-09,2022
ORD00361,CUST0858,2022-09-20,2022-09-23,Pending,Credit Card,Online,16535.95,3398.43,0,London,RJ,13137.52,2022-09,2022
ORD00362,CUST0856,2022-09-21,2022-09-27,Pending,Wallet,Mobile App,6126.7,1343.03,149,Bangalore,NSW,4932.67,2022-09,2022
ORD00363,CUST0893,2022-09-22,2022-09-24,Cancelled,Wallet,Online,10646.93,3774.61,99,Pune,GJ,6971.32,2022-09,2022
ORD00364,CUST0113,2022-09-23,2022-09-28,Delivered,Upi,Online,20366.61,7062.78,199,Surat,NY,13502.83,2022-09,2022
ORD00365,CUST0936,2022-09-23,2022-09-28,Delivered,Credit Card,Mobile App,6255.06,1542.58,0,Surat,LDN,4712.48,2022-09,2022
ORD00366,CUST0546,2022-09-24,2022-09-27,Shipped,Wallet,In-Store,702.37,272.38,149,Kolkata,GJ,578.99,2022-09,2022
ORD00367,CUST0033,2022-09-25,2022-09-28,Returned,Net Banking,In-Store,7063.03,1530.59,0,Delhi,ON,5532.44,2022-09,2022
ORD00368,CUST0713,2022-09-26,2022-09-29,Returned,Cod,In-Store,43198.27,2665.56,149,Delhi,TN,40681.71,2022-09,2022
ORD00370,CUST0390,2022-09-27,2022-09-28,Pending,Wallet,Online,3643.21,1391.55,0,Hyderabad,NSW,2251.66,2022-09,2022
ORD00371,CUST0696,2022-09-28,2022-10-03,Returned,Wallet,In-Store,36319.2,13817.68,149,Chennai,TS,22650.52,2022-09,2022
ORD00372,CUST0390,2022-09-29,2022-10-02,Returned,Debit Card,Mobile App,21220.01,2944.16,149,Pune,NY,18424.85,2022-09,2022
ORD00373,CUST0647,2022-09-29,2022-10-05,Delivered,Credit Card,Mobile App,9044.21,1093.34,49,Jaipur,GJ,7999.87,2022-09,2022
ORD00374,CUST0602,2022-09-30,2022-10-01,Cancelled,Wallet,In-Store,22172.65,2353.39,149,Sydney,LDN,19968.26,2022-09,2022
ORD00375,CUST0832,2022-10-01,2022-10-05,Pending,Credit Card,In-Store,18331.81,711.82,99,Chennai,NY,17718.99,2022-10,2022
ORD00376,CUST0125,2022-01-10,2022-10-07,Pending,Cod,Online,23430.16,509.97,149,Mumbai,NSW,23069.19,2022-01,2022
ORD00377,CUST0943,2022-10-02,2022-10-08,Cancelled,Debit Card,In-Store,4089.6,1051.82,199,Hyderabad,LDN,3236.78,2022-10,2022
ORD00378,CUST0270,2022-10-03,2022-10-06,Returned,Debit Card,In-Store,21792.89,6482.03,99,Sydney,MH,15409.86,2022-10,2022
ORD00379,CUST0807,2022-10-04,2022-10-11,Pending,Net Banking,In-Store,10818.92,1428.52,0,Mumbai,KA,9390.4,2022-10,2022
ORD00380,CUST0125,2022-10-04,2022-10-08,Pending,Credit Card,Online,16181.23,3930.57,99,New York,NSW,12349.66,2022-10,2022
ORD00381,CUST0619,2022-10-05,2022-10-12,Shipped,Cod,In-Store,19859.8,7585.22,99,Ahmedabad,DL,12373.58,2022-10,2022
ORD00382,CUST0781,2022-10-06,2022-10-09,Returned,Credit Card,In-Store,9368.2,910.17,149,Ahmedabad,DL,8607.03,2022-10,2022
ORD00383,CUST0255,2022-10-07,2022-10-09,Shipped,Net Banking,Online,4526.24,480.43,0,London,KA,4045.81,2022-10,2022
ORD00384,CUST0686,2022-10-07,2022-10-08,Returned,Cod,In-Store,9361.87,95.62,99,London,GJ,9365.25,2022-10,2022
ORD00385,CUST0588,2022-10-08,2022-10-11,Delivered,Cod,Mobile App,9563.72,3126.88,199,London,LDN,6635.84,2022-10,2022
ORD00386,CUST0419,2022-10-09,2022-10-11,Delivered,Cod,Online,34162.36,2874.19,149,Pune,MH,31437.17,2022-10,2022
ORD00387,CUST0007,2022-10-09,2022-10-14,Returned,Cod,In-Store,43442.0,16013.75,99,Delhi,GJ,27527.25,2022-10,2022
ORD00388,CUST0393,2022-10-10,2022-10-11,Cancelled,Cod,Online,19799.68,6366.74,149,Chennai,WB,13581.94,2022-10,2022
ORD00389,CUST0088,2022-11-10,2022-10-16,Delivered,Net Banking,Mobile App,32671.77,3375.48,149,Mumbai,TN,29445.29,2022-11,2022
ORD00390,CUST0026,2022-10-12,2022-10-14,Delivered,Upi,Mobile App,46659.3,2976.0,199,Kolkata,ON,43882.3,2022-10,2022
ORD00392,CUST0466,2022-10-13,2022-10-14,Delivered,Credit Card,In-Store,49579.61,1294.2,199,Mumbai,GJ,48484.41,2022-10,2022
ORD00393,CUST0954,2022-10-14,2022-10-17,Pending,Credit Card,In-Store,8841.84,986.4,49,Surat,NSW,7904.44,2022-10,2022
ORD00394,CUST0802,2022-10-15,2022-10-22,Delivered,Credit Card,In-Store,33026.16,7987.71,199,Toronto,TN,25237.45,2022-10,2022
ORD00395,CUST0807,2022-10-15,2022-10-18,Pending,Upi,Online,40004.8,7733.27,99,Bangalore,DL,32370.53,2022-10,2022
ORD00396,CUST0095,2022-10-16,2022-10-21,Delivered,Upi,Mobile App,13509.58,1848.63,149,Bangalore,DL,11809.95,2022-10,2022
ORD00397,CUST0895,2022-10-17,2022-10-20,Delivered,Wallet,Mobile App,16248.01,3694.11,199,Delhi,TS,12752.9,2022-10,2022
ORD00398,CUST0514,2022-10-18,2022-10-19,Shipped,Wallet,Mobile App,47973.98,2385.59,0,Kolkata,GJ,45588.39,2022-10,2022
ORD00399,CUST0582,2022-10-18,2022-10-22,Shipped,Wallet,Mobile App,14288.87,1405.2,49,Jaipur,NSW,12932.67,2022-10,2022
ORD00400,CUST0854,2022-10-19,2022-10-24,Pending,Wallet,In-Store,49645.47,14391.35,49,Surat,TN,35303.12,2022-10,2022
ORD00401,CUST0763,2022-10-20,2022-10-26,Returned,Debit Card,Online,23425.23,2045.9,0,Ahmedabad,TN,21379.33,2022-10,2022
ORD00402,CUST0128,2022-10-20,2022-10-23,Shipped,Cod,In-Store,35022.19,473.08,149,Hyderabad,DL,34698.11,2022-10,2022
ORD00404,CUST0105,2022-10-22,2022-10-26,Shipped,Wallet,Mobile App,11978.21,3821.39,99,Toronto,RJ,8255.82,2022-10,2022
ORD00406,CUST0595,2022-10-23,2022-10-28,Returned,Cod,Online,32051.63,10142.23,99,Sydney,WB,22008.4,2022-10,2022
ORD00407,CUST0824,2022-10-24,2022-10-27,Delivered,Cod,Online,24853.34,183.94,149,Ahmedabad,KA,24818.4,2022-10,2022
ORD00408,CUST0819,2022-10-25,2022-10-27,Returned,Wallet,Mobile App,25366.34,4343.0,149,Delhi,TN,21172.34,2022-10,2022
ORD00410,CUST0129,2022-10-26,2022-10-29,Pending,Credit Card,Online,20301.41,6535.84,99,Ahmedabad,NSW,13864.57,2022-10,2022
ORD00411,CUST0752,2022-10-27,2022-10-29,Shipped,Wallet,Mobile App,47197.45,16670.86,99,Chennai,WB,30625.59,2022-10,2022
ORD00412,CUST0323,2022-10-28,2022-11-02,Shipped,Wallet,In-Store,14207.95,2545.02,99,Sydney,LDN,11761.93,2022-10,2022
ORD00413,CUST0868,2022-10-28,2022-11-01,Pending,Cod,Mobile App,10522.4,2200.1,49,Bangalore,ON,8371.3,2022-10,2022
ORD00414,CUST0971,2022-10-29,2022-11-04,Shipped,Upi,In-Store,28579.57,5537.64,199,Mumbai,MH,23240.93,2022-10,2022
ORD00415,CUST0388,2022-10-30,2022-11-03,Cancelled,Debit Card,Online,42121.47,10078.1,0,Hyderabad,ON,32043.37,2022-10,2022
ORD00416,CUST0980,2022-10-31,2022-11-07,Returned,Upi,In-Store,25353.7,348.68,199,Chennai,GJ,25204.02,2022-10,2022
ORD00417,CUST0674,2022-10-31,2022-11-07,Cancelled,Wallet,In-Store,808.88,91.27,49,Delhi,TS,766.61,2022-10,2022
ORD00418,CUST0693,2022-11-01,2022-11-03,Returned,Credit Card,Mobile App,43632.43,5176.53,49,Surat,NY,38504.9,2022-11,2022
ORD00419,CUST0614,2022-11-02,2022-11-03,Shipped,Upi,Mobile App,29564.83,10562.78,0,Bangalore,NSW,19002.05,2022-11,2022
ORD00420,CUST0147,2022-03-11,2022-11-09,Pending,Upi,Mobile App,27447.83,7728.09,199,Ahmedabad,MH,19918.74,2022-03,2022
ORD00421,CUST0910,2022-11-03,2022-11-06,Pending,Wallet,In-Store,43364.49,1809.68,199,Hyderabad,MH,41753.81,2022-11,2022
ORD00422,CUST0312,2022-04-11,2022-11-11,Delivered,Upi,Mobile App,11476.12,74.75,0,Chennai,TN,11401.37,2022-04,2022
ORD00423,CUST0744,2022-05-11,2022-11-09,Shipped,Cod,In-Store,37091.49,14654.26,49,Toronto,NSW,22486.23,2022-05,2022
ORD00424,CUST0498,2022-05-11,2022-11-08,Delivered,Credit Card,Mobile App,29619.76,6291.88,99,Delhi,RJ,23426.88,2022-05,2022
ORD00425,CUST0420,2022-11-06,2022-11-07,Delivered,Credit Card,Mobile App,41352.87,15369.11,49,Bangalore,DL,26032.76,2022-11,2022
ORD00426,CUST0574,2022-07-11,2022-11-11,Pending,Debit Card,In-Store,37351.51,10399.9,0,Kolkata,RJ,26951.61,2022-07,2022
ORD00427,CUST0566,2022-11-08,2022-11-11,Shipped,Credit Card,In-Store,26365.14,9586.3,49,Kolkata,ON,16827.84,2022-11,2022
ORD00428,CUST0686,2022-11-08,2022-11-14,Shipped,Debit Card,Online,27347.21,5284.34,99,Kolkata,MH,22161.87,2022-11,2022
ORD00429,CUST0796,2022-11-09,2022-11-14,Pending,Upi,Online,14577.14,2261.98,0,Pune,TN,12315.16,2022-11,2022
ORD00431,CUST0297,2022-11-11,2022-11-12,Pending,Cod,Mobile App,15366.77,4595.24,199,Sydney,WB,10970.53,2022-11,2022
ORD00432,CUST0065,2022-11-11,2022-11-12,Cancelled,Cod,Mobile App,48430.04,7582.5,99,Mumbai,TS,40946.54,2022-11,2022
ORD00433,CUST0993,2022-11-12,2022-11-14,Cancelled,Upi,Online,31214.25,7084.0,149,Bangalore,RJ,24279.25,2022-11,2022
ORD00434,CUST0047,2022-11-13,2022-11-18,Delivered,Wallet,Mobile App,12147.95,18.01,199,Chennai,MH,12328.94,2022-11,2022
ORD00435,CUST0226,2022-11-14,2022-11-19,Delivered,Cod,Online,10146.4,3263.02,0,Chennai,LDN,6883.38,2022-11,2022
ORD00436,CUST0269,2022-11-14,2022-11-16,Shipped,Wallet,In-Store,44014.84,0.0,149,Kolkata,DL,44163.84,2022-11,2022
ORD00437,CUST0081,2022-11-15,2022-11-19,Returned,Wallet,Mobile App,16200.31,5837.74,149,Delhi,NY,10511.57,2022-11,2022
ORD00438,CUST0288,2022-11-16,2022-11-19,Returned,Upi,In-Store,13961.37,2788.15,199,Kolkata,MH,11372.22,2022-11,2022
ORD00439,CUST0096,2022-11-16,2022-11-19,Shipped,Net Banking,Online,37605.23,5392.2,149,Pune,MH,32362.03,2022-11,2022
ORD00441,CUST0774,2022-11-18,2022-11-25,Delivered,Debit Card,Online,22375.9,4663.31,149,Jaipur,DL,17861.59,2022-11,2022
ORD00442,CUST0072,2022-11-19,2022-11-20,Cancelled,Credit Card,Mobile App,14629.39,336.42,0,Mumbai,RJ,14292.97,2022-11,2022
ORD00443,CUST0529,2022-11-19,2022-11-24,Delivered,Net Banking,In-Store,16322.3,1004.84,99,Kolkata,KA,15416.46,2022-11,2022
ORD00444,CUST0107,2022-11-20,2022-11-26,Returned,Cod,Online,38515.03,0.0,149,Toronto,TS,38664.03,2022-11,2022
ORD00445,CUST0114,2022-11-21,2022-11-23,Delivered,Net Banking,In-Store,10159.39,0.0,199,Bangalore,DL,10358.39,2022-11,2022
ORD00446,CUST0967,2022-11-22,2022-11-23,Delivered,Upi,Mobile App,41841.22,13733.66,0,Hyderabad,LDN,28107.56,2022-11,2022
ORD00447,CUST0879,2022-11-22,2022-11-25,Delivered,Credit Card,Online,47920.74,7824.68,0,Ahmedabad,TS,40096.06,2022-11,2022
ORD00448,CUST0876,2022-11-23,2022-11-29,Delivered,Cod,Online,46836.83,2882.96,49,Pune,MH,44002.87,2022-11,2022
ORD00449,CUST0576,2022-11-24,2022-11-30,Returned,Cod,Mobile App,8750.59,2790.79,99,Pune,RJ,6058.8,2022-11,2022
ORD00450,CUST0649,2022-11-24,2022-11-27,Delivered,Wallet,Online,36820.64,3289.39,199,Pune,DL,33730.25,2022-11,2022
ORD00452,CUST0320,2022-11-26,2022-11-29,Pending,Debit Card,In-Store,41201.26,7838.63,149,Kolkata,MH,33511.63,2022-11,2022
ORD00453,CUST0010,2022-11-27,2022-12-03,Shipped,Credit Card,Mobile App,44776.66,15719.11,49,Ahmedabad,KA,29106.55,2022-11,2022
ORD00454,CUST0972,2022-11-27,2022-11-30,Cancelled,Credit Card,Mobile App,7727.54,830.64,49,Bangalore,RJ,6945.9,2022-11,2022
ORD00455,CUST0351,2022-11-28,2022-11-29,Delivered,Debit Card,In-Store,26378.68,3153.03,0,Mumbai,TS,23225.65,2022-11,2022
ORD00456,CUST0944,2022-11-29,2022-12-05,Shipped,Upi,Online,38526.69,11585.62,149,New York,WB,27090.07,2022-11,2022
ORD00457,CUST0088,2022-11-30,2022-12-02,Delivered,Credit Card,Mobile App,49185.12,11273.96,149,Chennai,DL,38060.16,2022-11,2022
ORD00458,CUST0715,2022-11-30,2022-12-03,Pending,Upi,Mobile App,28694.56,7768.54,99,Kolkata,WB,21025.02,2022-11,2022
ORD00460,CUST0238,2022-12-02,2022-12-05,Pending,Debit Card,Online,13586.22,3536.08,0,Ahmedabad,RJ,10050.14,2022-12,2022
ORD00461,CUST0161,2022-12-03,2022-12-10,Cancelled,Upi,Online,17753.33,3766.87,49,London,GJ,14035.46,2022-12,2022
ORD00462,CUST0323,2022-03-12,2022-12-04,Returned,Wallet,Mobile App,42092.43,295.69,49,Mumbai,RJ,41845.74,2022-03,2022
ORD00463,CUST0652,2022-12-04,2022-12-08,Returned,Cod,Online,11445.15,2579.83,149,Bangalore,GJ,9014.32,2022-12,2022
ORD00464,CUST0119,2022-12-05,2022-12-06,Cancelled,Wallet,Mobile App,26676.26,4911.38,199,Ahmedabad,NY,21963.88,2022-12,2022
ORD00465,CUST0456,2022-12-05,2022-12-08,Cancelled,Upi,Mobile App,32849.67,876.35,149,London,ON,32122.32,2022-12,2022
ORD00467,CUST0602,2022-12-07,2022-12-11,Pending,Debit Card,Mobile App,6543.91,1587.22,199,Delhi,TN,5155.69,2022-12,2022
ORD00468,CUST0685,2022-12-08,2022-12-13,Shipped,Net Banking,Mobile App,40318.45,4458.47,199,Mumbai,KA,36058.98,2022-12,2022
ORD00470,CUST0318,2022-12-09,2022-12-12,Returned,Cod,In-Store,27476.95,7874.14,99,Pune,DL,19701.81,2022-12,2022
ORD00471,CUST0320,2022-12-10,2022-12-15,Returned,Wallet,Mobile App,24080.22,8939.46,49,London,TS,15189.76,2022-12,2022
ORD00472,CUST0462,2022-11-12,2022-12-18,Delivered,Cod,Mobile App,9704.24,9.66,149,Sydney,GJ,9843.58,2022-11,2022
ORD00473,CUST0040,2022-11-12,2022-12-12,Returned,Cod,Mobile App,32894.44,8450.47,0,Sydney,GJ,24443.97,2022-11,2022
ORD00474,CUST0515,2022-12-12,2022-12-19,Shipped,Cod,In-Store,26528.59,9481.56,0,New York,GJ,17047.03,2022-12,2022
ORD00475,CUST0370,2022-12-13,2022-12-18,Delivered,Debit Card,Mobile App,14815.56,869.27,149,Kolkata,GJ,14095.29,2022-12,2022
ORD00476,CUST0425,2022-12-13,2022-12-15,Delivered,Cod,In-Store,28200.01,0.0,199,Jaipur,NSW,28399.01,2022-12,2022
ORD00477,CUST0002,2022-12-14,2022-12-17,Cancelled,Upi,Online,46399.77,4372.09,149,Ahmedabad,NSW,42176.68,2022-12,2022
ORD00478,CUST0587,2022-12-15,2022-12-20,Pending,Net Banking,In-Store,23740.48,0.0,199,Mumbai,MH,23939.48,2022-12,2022
ORD00479,CUST0763,2022-12-16,2022-12-21,Cancelled,Wallet,In-Store,44206.78,4031.64,199,Kolkata,TN,40374.14,2022-12,2022
ORD00480,CUST0282,2022-12-16,2022-12-18,Shipped,Wallet,Online,39849.14,15596.85,99,Surat,NY,24351.29,2022-12,2022
ORD00482,CUST0049,2022-12-18,2022-12-21,Shipped,Cod,In-Store,14100.34,2628.39,149,Pune,MH,11620.95,2022-12,2022
ORD00483,CUST0827,2022-12-19,2022-12-24,Pending,Net Banking,Online,3623.01,1146.41,149,Ahmedabad,TS,2625.6,2022-12,2022
ORD00484,CUST0925,2022-12-19,2022-12-26,Shipped,Net Banking,In-Store,29708.09,919.69,199,Delhi,TN,28987.4,2022-12,2022
ORD00485,CUST0396,2022-12-20,2022-12-24,Returned,Upi,Online,42165.35,12631.84,149,Toronto,NY,29682.51,2022-12,2022
ORD00486,CUST0465,2022-12-21,2022-12-25,Delivered,Upi,In-Store,3333.62,658.87,0,Delhi,TS,2674.75,2022-12,2022
ORD00487,CUST0103,2022-12-22,2022-12-24,Pending,Cod,Mobile App,25545.4,6218.0,149,Bangalore,NY,19476.4,2022-12,2022
ORD00488,CUST0304,2022-12-22,2022-12-29,Pending,Upi,Online,10583.88,1115.86,199,Delhi,GJ,9667.02,2022-12,2022
ORD00489,CUST0677,2022-12-23,2022-12-24,Pending,Wallet,Mobile App,1240.42,77.18,0,London,TS,1163.24,2022-12,2022
ORD00490,CUST0838,2022-12-24,2022-12-31,Delivered,Credit Card,In-Store,7631.79,1812.33,0,Jaipur,TN,5819.46,2022-12,2022
ORD00491,CUST0516,2022-12-24,2022-12-27,Returned,Upi,Online,39338.93,9482.68,99,Delhi,LDN,29955.25,2022-12,2022
ORD00492,CUST0470,2022-12-25,2022-12-29,Pending,Wallet,In-Store,40383.28,1611.59,199,Sydney,TN,38970.69,2022-12,2022
ORD00493,CUST0540,2022-12-26,2023-01-01,Delivered,Cod,Online,32214.41,10918.55,0,Kolkata,TS,21295.86,2022-12,2022
ORD00495,CUST0071,2022-12-27,2022-12-30,Delivered,Net Banking,Online,38045.21,14696.47,0,Sydney,KA,23348.74,2022-12,2022
ORD00496,CUST0023,2022-12-28,2023-01-02,Shipped,Credit Card,Online,29348.21,2576.14,49,London,DL,26821.07,2022-12,2022
ORD00497,CUST0203,2022-12-29,2022-12-31,Shipped,Upi,In-Store,27708.63,9902.68,49,Surat,MH,17854.95,2022-12,2022
ORD00498,CUST0108,2022-12-30,2023-01-03,Pending,Credit Card,Online,33171.41,11272.14,99,Chennai,WB,21998.27,2022-12,2022
ORD00499,CUST0269,2022-12-30,2022-12-31,Returned,Wallet,Online,2406.39,687.12,0,Toronto,MH,1719.27,2022-12,2022
ORD00500,CUST0829,2022-12-31,2023-01-03,Delivered,Credit Card,Online,25600.52,4237.05,199,Bangalore,DL,21562.47,2022-12,2022
ORD00501,CUST0827,2023-01-01,2023-01-07,Shipped,Cod,Mobile App,49827.53,0.0,99,Chennai,NSW,49926.53,2023-01,2023
ORD00502,CUST0363,2023-01-01,2023-01-04,Pending,Upi,In-Store,22168.73,6559.59,49,Pune,MH,15658.14,2023-01,2023
ORD00504,CUST0933,2023-03-01,2023-01-05,Shipped,Debit Card,Mobile App,42223.47,5375.75,0,Toronto,MH,36847.72,2023-03,2023
ORD00505,CUST0400,2023-04-01,2023-01-11,Delivered,Debit Card,In-Store,26287.4,6496.85,49,Chennai,TS,19839.55,2023-04,2023
ORD00506,CUST0279,2023-01-04,2023-01-09,Shipped,Wallet,Online,14079.82,251.82,99,Surat,NSW,13927.0,2023-01,2023
ORD00507,CUST0323,2023-05-01,2023-01-11,Pending,Cod,Online,5323.06,162.57,0,Toronto,WB,5160.49,2023-05,2023
ORD00508,CUST0486,2023-06-01,2023-01-11,Delivered,Cod,In-Store,2665.17,980.51,0,Chennai,MH,1684.66,2023-06,2023
ORD00509,CUST0129,2023-01-07,2023-01-13,Delivered,Upi,Mobile App,48891.07,15513.7,0,Toronto,DL,33377.37,2023-01,2023
ORD00510,CUST0970,2023-01-07,2023-01-14,Cancelled,Debit Card,Online,22254.08,2886.79,149,London,MH,19516.29,2023-01,2023
ORD00511,CUST0783,2023-08-01,2023-01-13,Returned,Cod,Online,30126.85,8961.59,199,Chennai,NY,21364.26,2023-08,2023
ORD00512,CUST0157,2023-01-09,2023-01-12,Cancelled,Upi,Mobile App,22571.68,4030.48,0,Mumbai,TS,18541.2,2023-01,2023
ORD00513,CUST0469,2023-10-01,2023-01-13,Returned,Credit Card,In-Store,31976.6,3869.85,99,New York,DL,28205.75,2023-10,2023
ORD00514,CUST0336,2023-01-10,2023-01-16,Returned,Cod,Online,13243.89,0.0,199,Sydney,TN,13442.89,2023-01,2023
ORD00515,CUST0678,2023-01-11,2023-01-15,Returned,Wallet,In-Store,40988.2,6939.44,149,Pune,DL,34197.76,2023-01,2023
ORD00516,CUST0484,2023-01-12,2023-01-15,Delivered,Cod,Mobile App,3413.04,297.52,49,Hyderabad,TN,3164.52,2023-01,2023
ORD00517,CUST0615,2023-01-12,2023-01-17,Pending,Debit Card,In-Store,37943.29,7680.21,49,Jaipur,MH,30312.08,2023-01,2023
ORD00518,CUST0276,2023-01-13,2023-01-16,Shipped,Credit Card,In-Store,47250.67,6918.47,49,Hyderabad,MH,40381.2,2023-01,2023
ORD00519,CUST0810,2023-01-14,2023-01-21,Returned,Upi,Online,7450.38,1308.83,0,London,MH,6141.55,2023-01,2023
ORD00520,CUST0056,2023-01-15,2023-01-16,Pending,Wallet,In-Store,38723.76,3227.66,0,Surat,LDN,35496.1,2023-01,2023
ORD00521,CUST0466,2023-01-15,2023-01-22,Pending,Debit Card,Mobile App,16638.19,2451.06,99,London,GJ,14286.13,2023-01,2023
ORD00522,CUST0744,2023-01-16,2023-01-19,Shipped,Debit Card,In-Store,11415.76,799.33,0,Pune,GJ,10616.43,2023-01,2023
ORD00523,CUST0275,2023-01-17,2023-01-20,Shipped,Credit Card,Mobile App,18705.13,4115.06,99,Delhi,TS,14689.07,2023-01,2023
ORD00524,CUST0028,2023-01-18,2023-01-25,Pending,Debit Card,In-Store,39875.14,382.26,149,Sydney,KA,39641.88,2023-01,2023
ORD00525,CUST0228,2023-01-18,2023-01-23,Shipped,Debit Card,Online,39755.99,13462.32,99,Sydney,MH,26392.67,2023-01,2023
ORD00526,CUST0220,2023-01-19,2023-01-22,Cancelled,Cod,Online,17334.31,4383.43,99,Kolkata,LDN,13049.88,2023-01,2023
ORD00527,CUST0879,2023-01-20,2023-01-25,Cancelled,Credit Card,In-Store,46086.75,8978.73,199,Pune,GJ,37307.02,2023-01,2023
ORD00528,CUST0960,2023-01-20,2023-01-27,Cancelled,Cod,In-Store,246.58,1.29,49,Ahmedabad,ON,294.29,2023-01,2023
ORD00529,CUST0461,2023-01-21,2023-01-28,Cancelled,Cod,In-Store,33253.78,5380.32,199,Sydney,KA,28072.46,2023-01,2023
ORD00530,CUST0272,2023-01-22,2023-01-25,Returned,Credit Card,In-Store,14405.3,5753.09,49,Mumbai,NY,8701.21,2023-01,2023
ORD00531,CUST0265,2023-01-23,2023-01-25,Shipped,Debit Card,In-Store,13745.52,2636.46,0,Ahmedabad,NY,11109.06,2023-01,2023
ORD00532,CUST0634,2023-01-23,2023-01-27,Returned,Debit Card,Online,28166.39,7818.93,149,Surat,KA,20496.46,2023-01,2023
ORD00533,CUST0643,2023-01-24,2023-01-28,Pending,Wallet,Mobile App,6510.23,2110.26,49,Hyderabad,NY,4448.97,2023-01,2023
ORD00534,CUST0595,2023-01-25,2023-01-30,Returned,Cod,Online,31882.4,0.0,49,Chennai,TN,31931.4,2023-01,2023
ORD00535,CUST0629,2023-01-26,2023-01-29,Shipped,Net Banking,Online,21295.14,7263.7,99,Bangalore,GJ,14130.44,2023-01,2023
ORD00536,CUST0944,2023-01-26,2023-01-29,Returned,Credit Card,Online,28799.38,7439.57,149,Sydney,MH,21508.81,2023-01,2023
ORD00537,CUST0993,2023-01-27,2023-01-30,Pending,Wallet,Mobile App,27935.73,2107.56,149,Delhi,WB,25977.17,2023-01,2023
ORD00538,CUST0538,2023-01-28,2023-02-02,Shipped,Upi,Online,37338.12,14785.11,149,London,ON,22702.01,2023-01,2023
ORD00539,CUST0461,2023-01-29,2023-02-03,Delivered,Wallet,Online,7063.54,885.62,149,Jaipur,NSW,6326.92,2023-01,2023
ORD00540,CUST0004,2023-01-29,2023-02-01,Delivered,Cod,Online,40584.26,14962.92,49,Chennai,LDN,25670.34,2023-01,2023
ORD00541,CUST0619,2023-01-30,2023-02-01,Cancelled,Upi,Online,6768.61,1892.36,49,Mumbai,GJ,4925.25,2023-01,2023
ORD00542,CUST0966,2023-01-31,2023-02-02,Delivered,Cod,Online,2076.93,747.4,49,Bangalore,KA,1378.53,2023-01,2023
ORD00543,CUST0236,2023-01-31,2023-02-05,Pending,Upi,In-Store,27730.96,9884.46,149,Hyderabad,NY,17995.5,2023-01,2023
ORD00544,CUST0253,2023-02-01,2023-02-08,Shipped,Net Banking,In-Store,4779.99,1652.43,199,Bangalore,DL,3326.56,2023-02,2023
ORD00545,CUST0624,2023-02-02,2023-02-09,Pending,Cod,Online,15291.01,0.0,0,Kolkata,GJ,15291.01,2023-02,2023
ORD00546,CUST0110,2023-02-03,2023-02-07,Pending,Cod,Mobile App,10643.31,3307.36,99,New York,WB,7434.95,2023-02,2023
ORD00547,CUST0726,2023-02-03,2023-02-05,Shipped,Wallet,Mobile App,19833.1,2859.91,99,Hyderabad,ON,17072.19,2023-02,2023
ORD00548,CUST0235,2023-04-02,2023-02-09,Delivered,Upi,In-Store,40696.45,1791.35,149,Kolkata,ON,39054.1,2023-04,2023
ORD00549,CUST0403,2023-02-05,2023-02-07,Delivered,Net Banking,Online,19042.54,506.41,199,London,DL,18735.13,2023-02,2023
ORD00550,CUST0766,2023-02-06,2023-02-07,Cancelled,Upi,Mobile App,45239.34,6901.57,199,Jaipur,LDN,38536.77,2023-02,2023
ORD00551,CUST0993,2023-02-06,2023-02-12,Pending,Upi,Mobile App,37920.89,9698.02,149,Toronto,RJ,28371.87,2023-02,2023
ORD00552,CUST0630,2023-02-07,2023-02-09,Pending,Cod,In-Store,44051.85,0.0,99,Pune,ON,44150.85,2023-02,2023
ORD00553,CUST0296,2023-02-08,2023-02-12,Cancelled,Cod,Mobile App,16236.48,6317.96,99,New York,ON,10017.52,2023-02,2023
ORD00554,CUST0092,2023-02-08,2023-02-15,Cancelled,Upi,In-Store,48940.61,16282.41,99,New York,GJ,32757.2,2023-02,2023
ORD00555,CUST0191,2023-02-09,2023-02-11,Pending,Upi,Online,12865.32,2826.9,149,Pune,ON,10187.42,2023-02,2023
ORD00556,CUST0836,2023-02-10,2023-02-14,Pending,Credit Card,Mobile App,26843.59,6148.93,99,London,RJ,20793.66,2023-02,2023
ORD00557,CUST0646,2023-02-11,2023-02-17,Returned,Credit Card,Online,11747.91,1187.44,99,Delhi,GJ,10659.47,2023-02,2023
ORD00558,CUST0415,2023-02-11,2023-02-12,Pending,Upi,In-Store,34818.25,5205.9,149,Surat,RJ,29761.35,2023-02,2023
ORD00559,CUST0987,2023-12-02,2023-12-05,Pending,Cod,In-Store,7525.96,279.35,99,Mumbai,GJ,7345.61,2023-12,2023
ORD00560,CUST0308,2023-02-13,2023-02-19,Delivered,Cod,Online,26346.56,4916.87,99,Bangalore,LDN,21528.69,2023-02,2023
ORD00561,CUST0073,2023-02-14,2023-02-19,Delivered,Debit Card,Mobile App,34441.36,3988.49,199,London,RJ,30651.87,2023-02,2023
ORD00562,CUST0005,2023-02-14,2023-02-16,Returned,Upi,In-Store,24827.8,4324.47,0,Mumbai,NSW,20503.33,2023-02,2023
ORD00563,CUST0854,2023-02-15,2023-02-18,Returned,Wallet,In-Store,26463.99,3958.76,0,Hyderabad,NSW,22505.23,2023-02,2023
ORD00564,CUST0395,2023-02-16,2023-02-17,Cancelled,Net Banking,Online,26842.09,10361.36,0,Delhi,GJ,16480.73,2023-02,2023
ORD00565,CUST0018,2023-02-16,2023-02-19,Delivered,Upi,Online,16296.17,6116.4,99,Sydney,GJ,10278.77,2023-02,2023
ORD00566,CUST0230,2023-02-17,2023-02-20,Pending,Wallet,Online,20686.38,5223.79,0,Toronto,WB,15462.59,2023-02,2023
ORD00567,CUST0172,2023-02-18,2023-02-21,Cancelled,Debit Card,Mobile App,27484.75,1069.9,199,New York,GJ,26613.85,2023-02,2023
ORD00568,CUST0437,2023-02-19,2023-02-23,Cancelled,Upi,In-Store,16072.17,1936.33,99,Delhi,LDN,14234.84,2023-02,2023
ORD00569,CUST0778,2023-02-19,2023-02-26,Pending,Debit Card,Online,20386.65,4468.07,0,Pune,GJ,15918.58,2023-02,2023
ORD00570,CUST0829,2023-02-20,2023-02-27,Pending,Cod,Online,28951.48,2292.06,0,London,MH,26659.42,2023-02,2023
ORD00573,CUST0240,2023-02-22,2023-03-01,Delivered,Upi,Online,16823.35,4679.41,99,Jaipur,TN,12242.94,2023-02,2023
ORD00574,CUST0963,2023-02-23,2023-02-24,Shipped,Upi,Mobile App,14486.5,0.0,99,Mumbai,RJ,14585.5,2023-02,2023
ORD00575,CUST0067,2023-02-24,2023-03-03,Cancelled,Credit Card,In-Store,24071.94,992.7,0,Toronto,GJ,23079.24,2023-02,2023
ORD00576,CUST0720,2023-02-25,2023-03-04,Pending,Upi,Online,28362.85,216.62,149,Pune,GJ,28295.23,2023-02,2023
ORD00577,CUST0662,2023-02-25,2023-03-01,Pending,Wallet,Mobile App,42455.35,8818.94,49,Delhi,NY,33685.41,2023-02,2023
ORD00578,CUST0570,2023-02-26,2023-03-02,Cancelled,Wallet,Mobile App,1964.18,778.77,49,Mumbai,DL,1234.41,2023-02,2023
ORD00579,CUST0047,2023-02-27,2023-03-03,Delivered,Credit Card,Mobile App,9291.04,654.46,99,Surat,KA,8735.58,2023-02,2023
ORD00580,CUST0357,2023-02-27,2023-02-28,Shipped,Wallet,In-Store,4870.73,1292.21,199,Chennai,ON,3777.52,2023-02,2023
ORD00581,CUST0501,2023-02-28,2023-03-06,Pending,Credit Card,In-Store,5782.2,480.47,199,Chennai,TN,5500.73,2023-02,2023
ORD00582,CUST0948,2023-01-03,2023-03-07,Shipped,Credit Card,Online,5141.33,468.53,49,Hyderabad,GJ,4721.8,2023-01,2023
ORD00583,CUST0971,2023-03-02,2023-03-09,Returned,Credit Card,Mobile App,47772.31,2230.85,49,Kolkata,RJ,45590.46,2023-03,2023
ORD00584,CUST0407,2023-02-03,2023-02-06,Cancelled,Credit Card,Online,12782.73,4256.16,149,Toronto,DL,8675.57,2023-02,2023
ORD00585,CUST0248,2023-03-03,2023-03-06,Delivered,Upi,In-Store,10907.26,810.06,149,Pune,RJ,10246.2,2023-03,2023
ORD00586,CUST0090,2023-04-03,2023-04-06,Returned,Cod,In-Store,30509.65,5225.65,0,London,GJ,25284.0,2023-04,2023
ORD00587,CUST0702,2023-03-05,2023-03-09,Returned,Credit Card,Mobile App,21559.42,1667.2,49,Chennai,TN,19941.22,2023-03,2023
ORD00588,CUST0857,2023-03-05,2023-03-11,Shipped,Wallet,Online,29208.83,4166.46,149,Chennai,GJ,25191.37,2023-03,2023
ORD00589,CUST0038,2023-03-06,2023-03-08,Shipped,Net Banking,Online,23730.32,8589.53,49,Kolkata,GJ,15189.79,2023-03,2023
ORD00590,CUST0084,2023-07-03,2023-03-14,Delivered,Cod,Online,31885.11,4598.13,199,Chennai,NY,27485.98,2023-07,2023
ORD00591,CUST0028,2023-03-07,2023-03-10,Cancelled,Net Banking,In-Store,20297.82,6287.43,99,Toronto,NY,14109.39,2023-03,2023
ORD00592,CUST0547,2023-03-08,2023-03-10,Returned,Wallet,In-Store,49093.64,7939.11,99,Chennai,ON,41253.53,2023-03,2023
ORD00593,CUST0618,2023-09-03,2023-03-16,Delivered,Wallet,Online,24447.47,8773.96,49,Mumbai,KA,15722.51,2023-09,2023
ORD00594,CUST0416,2023-03-10,2023-03-17,Pending,Upi,Online,32015.09,775.77,149,Pune,MH,31388.32,2023-03,2023
ORD00595,CUST0660,2023-10-03,2023-03-16,Returned,Debit Card,Mobile App,23689.35,9405.8,49,Ahmedabad,TS,14332.55,2023-10,2023
ORD00596,CUST0341,2023-03-11,2023-03-12,Pending,Credit Card,In-Store,34928.66,2225.01,149,London,RJ,32852.65,2023-03,2023
ORD00597,CUST0303,2023-03-12,2023-03-16,Shipped,Cod,Online,46197.82,7277.2,99,Toronto,GJ,39019.62,2023-03,2023
ORD00598,CUST0417,2023-03-13,2023-03-19,Delivered,Credit Card,Online,28103.53,7854.85,149,Pune,TN,20397.68,2023-03,2023
ORD00599,CUST0806,2023-03-13,2023-03-15,Returned,Cod,In-Store,38317.03,8451.88,99,London,MH,29964.15,2023-03,2023
ORD00600,CUST0097,2023-03-14,2023-03-19,Shipped,Upi,Online,10207.14,3718.6,149,Hyderabad,TS,6637.54,2023-03,2023
ORD00601,CUST0170,2023-03-15,2023-03-21,Delivered,Debit Card,In-Store,14960.73,2027.21,0,Chennai,MH,12933.52,2023-03,2023
ORD00602,CUST0330,2023-03-16,2023-03-23,Shipped,Credit Card,Mobile App,32278.58,12059.43,49,Ahmedabad,DL,20268.15,2023-03,2023
ORD00603,CUST0232,2023-03-16,2023-03-22,Returned,Credit Card,Online,11307.82,1227.82,99,London,GJ,10179.0,2023-03,2023
ORD00605,CUST0039,2023-03-18,2023-03-24,Pending,Upi,Online,26966.16,3193.17,149,Mumbai,MH,23921.99,2023-03,2023
ORD00606,CUST0398,2023-03-18,2023-03-20,Returned,Credit Card,In-Store,30460.08,10836.71,199,Mumbai,MH,19822.37,2023-03,2023
ORD00607,CUST0954,2023-03-19,2023-03-25,Delivered,Wallet,In-Store,4899.46,1686.28,199,Surat,LDN,3412.18,2023-03,2023
ORD00608,CUST0296,2023-03-20,2023-03-22,Pending,Credit Card,Online,39102.42,10257.01,149,Sydney,RJ,28994.41,2023-03,2023
ORD00609,CUST0022,2023-03-21,2023-03-26,Delivered,Upi,In-Store,24905.43,2074.32,49,Jaipur,WB,22880.11,2023-03,2023
ORD00610,CUST0063,2023-03-21,2023-03-22,Pending,Credit Card,Online,8385.7,2784.38,0,Hyderabad,RJ,5601.32,2023-03,2023
ORD00611,CUST0288,2023-03-22,2023-03-28,Cancelled,Net Banking,Mobile App,30715.87,0.0,199,Delhi,ON,30914.87,2023-03,2023
ORD00612,CUST0452,2023-03-23,2023-03-30,Pending,Upi,In-Store,19391.21,2133.8,49,Kolkata,NSW,17306.41,2023-03,2023
ORD00613,CUST0298,2023-03-24,2023-03-26,Cancelled,Cod,Mobile App,48954.38,7798.08,49,Toronto,DL,41205.3,2023-03,2023
ORD00614,CUST0974,2023-03-24,2023-03-29,Pending,Credit Card,In-Store,38685.72,6141.13,99,Hyderabad,NY,32643.59,2023-03,2023
ORD00615,CUST0534,2023-03-25,2023-03-29,Returned,Cod,Online,37458.4,14855.93,49,Chennai,LDN,22651.47,2023-03,2023
ORD00616,CUST0410,2023-03-26,2023-03-31,Pending,Cod,Mobile App,17289.19,2804.03,49,Ahmedabad,ON,14534.16,2023-03,2023
ORD00617,CUST0476,2023-03-26,2023-03-31,Pending,Credit Card,In-Store,37427.76,8759.28,199,Ahmedabad,GJ,28867.48,2023-03,2023
ORD00618,CUST0614,2023-03-27,2023-03-31,Cancelled,Credit Card,Online,10840.05,3558.4,99,Mumbai,NSW,7380.65,2023-03,2023
ORD00619,CUST0308,2023-03-28,2023-04-04,Cancelled,Wallet,In-Store,49674.45,2182.44,149,New York,LDN,47641.01,2023-03,2023
ORD00620,CUST0898,2023-03-29,2023-04-05,Returned,Net Banking,In-Store,14677.37,2701.6,199,New York,TN,12174.77,2023-03,2023
ORD00621,CUST0575,2023-03-29,2023-03-30,Delivered,Upi,Online,1376.18,375.38,199,Bangalore,TS,1199.8,2023-03,2023
ORD00622,CUST0388,2023-03-30,2023-03-31,Pending,Credit Card,In-Store,30044.11,394.92,149,Delhi,DL,29798.19,2023-03,2023
ORD00623,CUST0794,2023-03-31,2023-04-03,Delivered,Upi,Mobile App,38690.53,426.21,149,Toronto,RJ,38413.32,2023-03,2023
ORD00624,CUST0651,2023-01-04,2023-04-03,Returned,Credit Card,Mobile App,30121.43,8812.1,0,Ahmedabad,RJ,21309.33,2023-01,2023
ORD00625,CUST0652,2023-01-04,2023-04-07,Returned,Wallet,In-Store,11398.43,1240.95,99,Mumbai,NY,10256.48,2023-01,2023
ORD00626,CUST0598,2023-04-02,2023-04-08,Shipped,Cod,Online,21021.18,4053.15,49,Sydney,MH,17017.03,2023-04,2023
ORD00627,CUST0836,2023-04-03,2023-04-09,Delivered,Net Banking,Online,39748.84,4474.87,199,London,GJ,35472.97,2023-04,2023
ORD00628,CUST0532,2023-04-04,2023-04-08,Pending,Cod,Mobile App,4521.68,112.28,0,Hyderabad,GJ,4409.4,2023-04,2023
ORD00629,CUST0606,2023-04-04,2023-04-09,Pending,Cod,Mobile App,10903.86,322.38,99,Ahmedabad,NY,10680.48,2023-04,2023
ORD00630,CUST0279,2023-04-05,2023-04-09,Pending,Cod,Mobile App,20082.79,7834.86,199,Mumbai,WB,12446.93,2023-04,2023
ORD00631,CUST0521,2023-04-06,2023-04-13,Delivered,Wallet,Mobile App,32918.95,10160.88,0,Delhi,ON,22758.07,2023-04,2023
ORD00632,CUST0259,2023-04-06,2023-04-08,Shipped,Upi,Mobile App,46142.77,16493.86,0,Sydney,TS,29648.91,2023-04,2023
ORD00633,CUST0530,2023-04-07,2023-04-13,Shipped,Credit Card,Online,44096.84,15049.65,0,Bangalore,LDN,29047.19,2023-04,2023
ORD00634,CUST0072,2023-04-08,2023-04-10,Pending,Upi,In-Store,1745.72,673.72,199,Pune,NY,1271.0,2023-04,2023
ORD00635,CUST0479,2023-09-04,2023-04-10,Returned,Cod,In-Store,7304.54,2789.67,49,London,MH,4563.87,2023-09,2023
ORD00636,CUST0013,2023-09-04,2023-04-12,Cancelled,Cod,In-Store,46733.29,5652.17,99,London,TN,41180.12,2023-09,2023
ORD00637,CUST0920,2023-04-10,2023-04-13,Cancelled,Upi,Online,10555.54,833.81,149,Sydney,NY,9870.73,2023-04,2023
ORD00638,CUST0666,2023-11-04,2023-04-18,Returned,Credit Card,Online,49220.06,1893.37,199,Surat,NY,47525.69,2023-11,2023
ORD00639,CUST0253,2023-04-12,2023-04-18,Pending,Upi,Online,19169.66,612.18,149,Bangalore,ON,18706.48,2023-04,2023
ORD00640,CUST0416,2023-12-04,2023-04-18,Pending,Wallet,Online,4411.88,874.46,49,Jaipur,DL,3586.42,2023-12,2023
ORD00641,CUST0828,2023-04-13,2023-04-19,Cancelled,Credit Card,Online,4978.28,1357.77,0,New York,MH,3620.51,2023-04,2023
ORD00642,CUST0110,2023-04-14,2023-04-15,Returned,Wallet,Mobile App,23250.13,8067.16,49,Sydney,GJ,15231.97,2023-04,2023
ORD00643,CUST0026,2023-04-14,2023-04-17,Pending,Credit Card,Mobile App,40169.91,1418.24,0,Toronto,ON,38751.67,2023-04,2023
ORD00644,CUST0055,2023-04-15,2023-04-16,Shipped,Upi,Mobile App,23022.89,5820.2,99,Chennai,MH,17301.69,2023-04,2023
ORD00645,CUST0944,2023-04-16,2023-04-23,Cancelled,Cod,Mobile App,34890.3,10782.6,199,Sydney,RJ,24306.7,2023-04,2023
ORD00646,CUST0914,2023-04-17,2023-04-21,Delivered,Cod,In-Store,42471.74,6260.38,149,Chennai,MH,36360.36,2023-04,2023
ORD00648,CUST0818,2023-04-18,2023-04-21,Pending,Credit Card,Online,30771.84,1368.72,149,Sydney,TN,29552.12,2023-04,2023
ORD00649,CUST0480,2023-04-19,2023-04-25,Cancelled,Wallet,Mobile App,14384.78,1435.62,49,Surat,GJ,12998.16,2023-04,2023
ORD00650,CUST0005,2023-04-20,2023-04-21,Pending,Upi,Online,2489.47,707.0,0,London,DL,1782.47,2023-04,2023
ORD00651,CUST0772,2023-04-20,2023-04-24,Shipped,Upi,In-Store,2664.82,636.16,149,Ahmedabad,ON,2177.66,2023-04,2023
ORD00652,CUST0074,2023-04-21,2023-04-28,Shipped,Credit Card,Mobile App,3414.82,748.35,99,Delhi,RJ,2765.47,2023-04,2023
ORD00653,CUST0456,2023-04-22,2023-04-29,Shipped,Upi,In-Store,8857.47,0.0,99,Ahmedabad,NY,8956.47,2023-04,2023
ORD00654,CUST0498,2023-04-23,2023-04-26,Returned,Credit Card,Mobile App,18227.88,3547.57,0,New York,MH,14680.31,2023-04,2023
ORD00655,CUST0973,2023-04-23,2023-04-24,Shipped,Wallet,Online,27185.89,7664.1,99,Sydney,TN,19620.79,2023-04,2023
ORD00656,CUST0979,2023-04-24,2023-04-26,Pending,Cod,Online,18008.51,2812.4,99,Sydney,NY,15295.11,2023-04,2023
ORD00657,CUST0784,2023-04-25,2023-04-30,Delivered,Debit Card,In-Store,29934.43,11748.21,0,Jaipur,WB,18186.22,2023-04,2023
ORD00658,CUST0883,2023-04-25,2023-04-29,Delivered,Wallet,Online,31470.54,9195.3,149,Pune,LDN,22424.24,2023-04,2023
ORD00659,CUST0228,2023-04-26,2023-04-30,Delivered,Cod,In-Store,45859.03,3819.27,99,Kolkata,KA,42138.76,2023-04,2023
ORD00660,CUST0670,2023-04-27,2023-04-28,Cancelled,Upi,Mobile App,7367.66,2919.13,149,Jaipur,MH,4597.53,2023-04,2023
ORD00661,CUST0493,2023-04-28,2023-05-05,Pending,Cod,Online,7887.51,0.0,99,Delhi,MH,7986.51,2023-04,2023
ORD00662,CUST0321,2023-04-28,2023-05-01,Shipped,Debit Card,In-Store,43710.84,8329.73,0,Ahmedabad,TS,35381.11,2023-04,2023
ORD00664,CUST0930,2023-04-30,2023-05-03,Shipped,Wallet,Mobile App,47790.47,8047.52,49,Surat,TS,39791.95,2023-04,2023
ORD00665,CUST0318,2023-05-01,2023-05-05,Delivered,Cod,In-Store,25646.37,0.0,0,Ahmedabad,GJ,25646.37,2023-05,2023
ORD00666,CUST0610,2023-05-01,2023-05-04,Delivered,Upi,Mobile App,49025.23,8076.42,199,Pune,TN,41147.81,2023-05,2023
ORD00667,CUST0203,2023-02-05,2023-05-05,Shipped,Upi,Mobile App,49414.95,15895.94,0,Mumbai,ON,33519.01,2023-02,2023
ORD00668,CUST0829,2023-05-03,2023-05-04,Shipped,Wallet,In-Store,484.61,79.02,49,Pune,TN,454.59,2023-05,2023
ORD00669,CUST0207,2023-03-05,2023-05-04,Cancelled,Wallet,Online,17623.6,5588.4,49,Surat,GJ,12084.2,2023-03,2023
ORD00670,CUST0836,2023-05-04,2023-05-09,Cancelled,Credit Card,Online,7489.35,524.22,49,Delhi,KA,7014.13,2023-05,2023
ORD00671,CUST0957,2023-05-05,2023-05-08,Delivered,Credit Card,Online,23605.02,8179.88,199,Ahmedabad,GJ,15624.14,2023-05,2023
ORD00673,CUST0455,2023-05-06,2023-05-10,Shipped,Cod,Mobile App,37590.33,4029.33,199,Chennai,NY,33760.0,2023-05,2023
ORD00674,CUST0541,2023-05-07,2023-05-08,Shipped,Wallet,Mobile App,44506.35,1811.94,0,London,GJ,42694.41,2023-05,2023
ORD00675,CUST0106,2023-05-08,2023-05-10,Shipped,Upi,In-Store,1582.09,539.81,99,Toronto,MH,1141.28,2023-05,2023
ORD00676,CUST0114,2023-05-09,2023-05-14,Returned,Upi,Online,47189.59,17510.09,49,Surat,TS,29728.5,2023-05,2023
ORD00677,CUST0954,2023-05-09,2023-05-10,Pending,Credit Card,In-Store,6649.47,2196.03,149,Chennai,MH,4602.44,2023-05,2023
ORD00678,CUST0907,2023-10-05,2023-05-11,Returned,Upi,Mobile App,46806.81,6728.65,149,Mumbai,WB,40227.16,2023-10,2023
ORD00679,CUST0076,2023-05-11,2023-05-13,Delivered,Credit Card,In-Store,37982.63,7964.06,0,Toronto,TN,30018.57,2023-05,2023
ORD00680,CUST0453,2023-12-05,2023-05-16,Shipped,Upi,Online,42589.22,404.25,99,London,RJ,42283.97,2023-12,2023
ORD00681,CUST0110,2023-12-05,2023-05-16,Pending,Credit Card,Online,43349.42,16355.25,49,Delhi,MH,27043.17,2023-12,2023
ORD00682,CUST0588,2023-05-13,2023-05-19,Pending,Wallet,In-Store,43592.19,2201.36,199,Mumbai,NSW,41589.83,2023-05,2023
ORD00683,CUST0721,2023-05-14,2023-05-19,Returned,Net Banking,Mobile App,32823.75,3780.13,199,New York,WB,29242.62,2023-05,2023
ORD00686,CUST0853,2023-05-16,2023-05-17,Shipped,Upi,In-Store,24936.32,9104.02,0,Pune,KA,15832.3,2023-05,2023
ORD00687,CUST0054,2023-05-17,2023-05-19,Pending,Credit Card,Online,27959.73,8646.37,49,Sydney,MH,19362.36,2023-05,2023
ORD00688,CUST0038,2023-05-17,2023-05-23,Returned,Cod,Mobile App,31066.2,11244.73,149,Surat,LDN,19970.47,2023-05,2023
ORD00689,CUST0285,2023-05-18,2023-05-21,Pending,Wallet,Mobile App,12053.58,3473.83,199,Delhi,GJ,8778.75,2023-05,2023
ORD00690,CUST0631,2023-05-19,2023-05-24,Cancelled,Upi,Online,16663.49,2154.01,99,Toronto,NY,14608.48,2023-05,2023
ORD00691,CUST0025,2023-05-20,2023-05-25,Delivered,Wallet,Online,29658.59,3630.94,0,Kolkata,DL,26027.65,2023-05,2023
ORD00692,CUST0175,2023-05-20,2023-05-27,Cancelled,Upi,In-Store,28838.04,8496.5,149,Surat,ON,20490.54,2023-05,2023
ORD00693,CUST0945,2023-05-21,2023-05-27,Delivered,Net Banking,Online,31917.88,8802.57,99,Toronto,MH,23214.31,2023-05,2023
ORD00694,CUST0096,2023-05-22,2023-05-28,Returned,Net Banking,In-Store,40070.03,6878.43,149,Jaipur,TN,33340.6,2023-05,2023
ORD00695,CUST0275,2023-05-22,2023-05-27,Shipped,Credit Card,In-Store,16644.82,3060.63,49,Chennai,GJ,13633.19,2023-05,2023
ORD00696,CUST0294,2023-05-23,2023-05-26,Shipped,Wallet,Online,22258.2,384.9,149,Chennai,RJ,22022.3,2023-05,2023
ORD00697,CUST0301,2023-05-24,2023-05-29,Delivered,Credit Card,Online,4752.35,423.28,199,London,NY,4528.07,2023-05,2023
ORD00698,CUST0089,2023-05-25,2023-05-31,Shipped,Upi,Online,27636.67,1547.8,49,New York,TS,26137.87,2023-05,2023
ORD00699,CUST0968,2023-05-25,2023-05-26,Returned,Cod,Mobile App,9803.12,2834.62,199,Delhi,KA,7167.5,2023-05,2023
ORD00700,CUST0996,2023-05-26,2023-05-27,Returned,Credit Card,Online,42459.09,5023.1,99,Ahmedabad,MH,37534.99,2023-05,2023
ORD00701,CUST0830,2023-05-27,2023-05-30,Shipped,Credit Card,Mobile App,42998.1,3101.88,0,Surat,NY,39896.22,2023-05,2023
ORD00702,CUST0366,2023-05-28,2023-06-01,Returned,Net Banking,In-Store,12095.38,681.4,99,Chennai,MH,11512.98,2023-05,2023
ORD00703,CUST0343,2023-05-28,2023-05-31,Cancelled,Wallet,Online,337.89,4.31,0,Kolkata,MH,333.58,2023-05,2023
ORD00704,CUST0870,2023-05-29,2023-06-05,Returned,Debit Card,Mobile App,5619.49,744.01,49,Hyderabad,NY,4924.48,2023-05,2023
ORD00705,CUST0607,2023-05-30,2023-05-31,Cancelled,Credit Card,Mobile App,5489.82,1173.89,99,New York,NY,4414.93,2023-05,2023
ORD00706,CUST0434,2023-05-30,2023-06-01,Delivered,Cod,Mobile App,29289.46,337.35,49,Ahmedabad,MH,29001.11,2023-05,2023
ORD00707,CUST0459,2023-05-31,2023-06-04,Cancelled,Wallet,In-Store,19003.3,1232.57,49,Mumbai,LDN,17819.73,2023-05,2023
ORD00708,CUST0287,2023-06-01,2023-06-06,Pending,Upi,Online,49837.79,4244.08,49,Jaipur,MH,45642.71,2023-06,2023
ORD00709,CUST0233,2023-06-02,2023-06-06,Delivered,Upi,Mobile App,30029.21,4310.23,49,Surat,ON,25767.98,2023-06,2023
ORD00710,CUST0238,2023-02-06,2023-06-06,Shipped,Cod,Mobile App,26937.24,8732.3,199,London,TN,18403.94,2023-02,2023
ORD00711,CUST0239,2023-06-03,2023-06-04,Pending,Upi,Online,1110.76,367.95,199,Sydney,NY,941.81,2023-06,2023
ORD00713,CUST0678,2023-06-05,2023-06-11,Cancelled,Upi,In-Store,14844.99,0.0,49,London,TS,14893.99,2023-06,2023
ORD00714,CUST0532,2023-06-05,2023-06-12,Shipped,Wallet,Mobile App,20422.82,4424.19,49,Hyderabad,TS,16047.63,2023-06,2023
ORD00715,CUST0311,2023-06-06,2023-06-10,Pending,Debit Card,In-Store,12112.82,853.19,149,Mumbai,ON,11408.63,2023-06,2023
ORD00716,CUST0680,2023-06-07,2023-06-13,Shipped,Upi,Mobile App,42936.05,14327.12,149,Kolkata,NSW,28757.93,2023-06,2023
ORD00717,CUST0579,2023-06-08,2023-06-09,Delivered,Wallet,Mobile App,17812.07,235.24,49,Pune,MH,17625.83,2023-06,2023
ORD00718,CUST0748,2023-06-08,2023-06-11,Pending,Cod,Online,7928.88,143.22,199,London,GJ,7984.66,2023-06,2023
ORD00720,CUST0719,2023-06-10,2023-06-11,Pending,Upi,Online,5401.52,517.16,49,Toronto,RJ,4933.36,2023-06,2023
ORD00721,CUST0948,2023-10-06,2023-06-15,Pending,Wallet,Mobile App,24521.51,4778.88,199,New York,LDN,19941.63,2023-10,2023
ORD00722,CUST0351,2023-06-11,2023-06-16,Shipped,Wallet,Mobile App,1181.78,335.03,99,Hyderabad,GJ,945.75,2023-06,2023
ORD00723,CUST0384,2023-06-12,2023-06-15,Delivered,Credit Card,Mobile App,9291.87,1265.6,99,Sydney,NY,8125.27,2023-06,2023
ORD00724,CUST0963,2023-06-13,2023-06-16,Pending,Credit Card,Mobile App,37024.1,5241.09,199,Pune,WB,31982.01,2023-06,2023
ORD00725,CUST0166,2023-06-13,2023-06-14,Returned,Wallet,In-Store,29010.42,7213.72,49,Sydney,GJ,21845.7,2023-06,2023
ORD00726,CUST0235,2023-06-14,2023-06-15,Delivered,Net Banking,Mobile App,39003.84,11341.64,49,Bangalore,GJ,27711.2,2023-06,2023
ORD00727,CUST0582,2023-06-15,2023-06-19,Returned,Credit Card,Online,48122.42,12528.95,149,London,LDN,35742.47,2023-06,2023
ORD00728,CUST0112,2023-06-16,2023-06-20,Cancelled,Credit Card,Mobile App,38442.14,4380.31,149,Pune,RJ,34210.83,2023-06,2023
ORD00729,CUST0492,2023-06-16,2023-06-23,Cancelled,Wallet,Mobile App,41909.55,7442.09,0,Surat,NSW,34467.46,2023-06,2023
ORD00730,CUST0795,2023-06-17,2023-06-22,Shipped,Net Banking,Mobile App,17701.91,4798.49,0,Chennai,RJ,12903.42,2023-06,2023
ORD00731,CUST0697,2023-06-18,2023-06-25,Cancelled,Net Banking,Online,48704.34,8336.39,149,Sydney,RJ,40516.95,2023-06,2023
ORD00732,CUST0028,2023-06-18,2023-06-23,Returned,Upi,Mobile App,17295.58,0.0,149,Pune,ON,17444.58,2023-06,2023
ORD00733,CUST0839,2023-06-19,2023-06-23,Delivered,Upi,Mobile App,8090.04,280.05,99,Ahmedabad,GJ,7908.99,2023-06,2023
ORD00734,CUST0217,2023-06-20,2023-06-23,Pending,Credit Card,In-Store,33142.83,10567.97,199,Mumbai,KA,22773.86,2023-06,2023
ORD00735,CUST0745,2023-06-21,2023-06-28,Returned,Net Banking,Mobile App,3555.45,161.95,149,New York,NY,3542.5,2023-06,2023
ORD00736,CUST0240,2023-06-21,2023-06-27,Shipped,Net Banking,Online,22145.77,3422.69,149,Ahmedabad,LDN,18872.08,2023-06,2023
ORD00737,CUST0369,2023-06-22,2023-06-25,Pending,Cod,Mobile App,12379.11,748.53,149,Sydney,LDN,11779.58,2023-06,2023
ORD00738,CUST0250,2023-06-23,2023-06-28,Pending,Upi,In-Store,7850.09,2728.71,149,Kolkata,KA,5270.38,2023-06,2023
ORD00740,CUST0002,2023-06-24,2023-06-26,Shipped,Cod,Online,4248.01,0.0,199,Pune,DL,4447.01,2023-06,2023
ORD00741,CUST0898,2023-06-25,2023-06-28,Shipped,Wallet,In-Store,46954.09,4598.52,99,Mumbai,ON,42454.57,2023-06,2023
ORD00742,CUST0960,2023-06-26,2023-06-28,Delivered,Credit Card,In-Store,37641.84,8501.02,49,Surat,MH,29189.82,2023-06,2023
ORD00743,CUST0776,2023-06-27,2023-07-01,Delivered,Upi,Mobile App,3750.16,214.81,149,Hyderabad,LDN,3684.35,2023-06,2023
ORD00744,CUST0057,2023-06-27,2023-07-04,Shipped,Cod,Online,25160.02,3825.32,199,Kolkata,MH,21533.7,2023-06,2023
ORD00745,CUST0319,2023-06-28,2023-07-04,Shipped,Net Banking,In-Store,37772.79,8089.01,99,Bangalore,GJ,29782.78,2023-06,2023
ORD00746,CUST0633,2023-06-29,2023-07-02,Delivered,Upi,Mobile App,10165.1,2777.15,149,Sydney,ON,7536.95,2023-06,2023
ORD00747,CUST0712,2023-06-29,2023-07-04,Returned,Upi,Mobile App,49273.04,17649.93,199,Mumbai,KA,31822.11,2023-06,2023
ORD00748,CUST0817,2023-06-30,2023-07-06,Delivered,Net Banking,Mobile App,38969.27,10401.66,0,Ahmedabad,NY,28567.61,2023-06,2023
ORD00749,CUST0600,2023-07-01,2023-07-06,Delivered,Upi,Mobile App,8267.01,1415.21,99,Jaipur,NY,6950.8,2023-07,2023
ORD00750,CUST0598,2023-02-07,2023-07-08,Pending,Upi,In-Store,39671.51,3496.31,99,New York,MH,36274.2,2023-02,2023
ORD00751,CUST0185,2023-02-07,2023-07-07,Delivered,Upi,In-Store,9235.63,1033.1,99,Pune,TS,8301.53,2023-02,2023
ORD00752,CUST0394,2023-07-03,2023-07-04,Shipped,Wallet,Online,12520.47,4758.69,99,Kolkata,MH,7860.78,2023-07,2023
ORD00753,CUST0642,2023-07-04,2023-07-05,Pending,Wallet,Mobile App,37593.41,9226.85,149,Bangalore,ON,28515.56,2023-07,2023
ORD00754,CUST0414,2023-05-07,2023-07-09,Cancelled,Net Banking,In-Store,14745.91,2511.88,49,New York,ON,12283.03,2023-05,2023
ORD00756,CUST0220,2023-07-06,2023-07-09,Delivered,Credit Card,In-Store,15813.58,6063.39,199,Bangalore,TS,9949.19,2023-07,2023
ORD00757,CUST0737,2023-07-07,2023-07-10,Pending,Net Banking,Mobile App,16416.85,3505.54,99,Ahmedabad,GJ,13010.31,2023-07,2023
ORD00758,CUST0396,2023-07-07,2023-07-10,Delivered,Net Banking,Mobile App,33641.17,11658.25,49,Delhi,ON,22031.92,2023-07,2023
ORD00759,CUST0735,2023-08-07,2023-07-14,Delivered,Upi,Online,35577.0,2551.91,49,Surat,DL,33074.09,2023-08,2023
ORD00760,CUST0115,2023-07-09,2023-07-12,Delivered,Credit Card,In-Store,30733.06,7183.01,49,New York,DL,23599.05,2023-07,2023
ORD00761,CUST0981,2023-10-07,2023-07-12,Pending,Credit Card,Online,43336.99,1264.56,199,Sydney,ON,42271.43,2023-10,2023
ORD00762,CUST0758,2023-07-10,2023-07-11,Delivered,Cod,Mobile App,39150.77,5813.86,0,Bangalore,KA,33336.91,2023-07,2023
ORD00763,CUST0629,2023-07-11,2023-07-14,Returned,Wallet,Mobile App,14706.1,2902.56,199,Kolkata,TS,12002.54,2023-07,2023
ORD00764,CUST0490,2023-07-12,2023-07-19,Returned,Cod,In-Store,42744.62,11423.59,0,Mumbai,WB,31321.03,2023-07,2023
ORD00765,CUST0664,2023-07-13,2023-07-15,Pending,Upi,Online,24688.06,5601.6,49,Toronto,DL,19135.46,2023-07,2023
ORD00767,CUST0468,2023-07-14,2023-07-16,Cancelled,Cod,In-Store,26532.02,993.44,149,Sydney,GJ,25687.58,2023-07,2023
ORD00768,CUST0242,2023-07-15,2023-07-16,Returned,Credit Card,Online,47192.8,17886.02,49,New York,MH,29355.78,2023-07,2023
ORD00769,CUST0107,2023-07-16,2023-07-18,Pending,Net Banking,Mobile App,44053.46,12218.94,199,New York,NY,32033.52,2023-07,2023
ORD00770,CUST0466,2023-07-16,2023-07-19,Delivered,Upi,In-Store,3295.16,1215.95,149,Kolkata,GJ,2228.21,2023-07,2023
ORD00771,CUST0222,2023-07-17,2023-07-22,Shipped,Credit Card,In-Store,686.36,54.12,49,Toronto,RJ,681.24,2023-07,2023
ORD00772,CUST0985,2023-07-18,2023-07-20,Delivered,Cod,In-Store,39212.78,12673.76,149,London,LDN,26688.02,2023-07,2023
ORD00774,CUST0890,2023-07-19,2023-07-20,Returned,Net Banking,Mobile App,36030.07,7465.32,199,Delhi,TS,28763.75,2023-07,2023
ORD00775,CUST0311,2023-07-20,2023-07-23,Pending,Net Banking,In-Store,40873.63,12641.97,199,Delhi,DL,28430.66,2023-07,2023
ORD00776,CUST0782,2023-07-21,2023-07-26,Delivered,Net Banking,Mobile App,10704.56,3635.76,199,Jaipur,MH,7267.8,2023-07,2023
ORD00777,CUST0438,2023-07-21,2023-07-24,Returned,Debit Card,Online,25524.49,9581.94,199,Kolkata,LDN,16141.55,2023-07,2023
ORD00778,CUST0712,2023-07-22,2023-07-25,Returned,Cod,In-Store,37029.3,1270.76,49,Jaipur,TS,35807.54,2023-07,2023
ORD00779,CUST0935,2023-07-23,2023-07-26,Pending,Cod,In-Store,32041.74,3245.12,99,Sydney,RJ,28895.62,2023-07,2023
ORD00780,CUST0159,2023-07-24,2023-07-27,Returned,Net Banking,In-Store,30009.76,288.42,99,Sydney,WB,29820.34,2023-07,2023
ORD00781,CUST0280,2023-07-24,2023-07-29,Pending,Cod,Mobile App,35788.1,744.37,49,Mumbai,WB,35092.73,2023-07,2023
ORD00782,CUST0519,2023-07-25,2023-07-28,Delivered,Cod,In-Store,38203.53,1430.06,199,London,GJ,36972.47,2023-07,2023
ORD00783,CUST0508,2023-07-26,2023-08-02,Cancelled,Wallet,Online,41261.02,15994.81,0,Delhi,DL,25266.21,2023-07,2023
ORD00784,CUST0735,2023-07-26,2023-08-01,Returned,Credit Card,In-Store,14659.5,643.4,99,Mumbai,RJ,14115.1,2023-07,2023
ORD00785,CUST0741,2023-07-27,2023-07-29,Shipped,Debit Card,Online,34577.06,9798.89,0,Surat,WB,24778.17,2023-07,2023
ORD00786,CUST0156,2023-07-28,2023-07-30,Delivered,Upi,In-Store,47587.77,13966.98,199,Toronto,TS,33819.79,2023-07,2023
ORD00787,CUST0952,2023-07-29,2023-08-04,Returned,Wallet,Online,1882.54,192.23,0,Chennai,TS,1690.31,2023-07,2023
ORD00788,CUST0941,2023-07-29,2023-07-31,Pending,Upi,Mobile App,12175.32,1697.59,149,Kolkata,KA,10626.73,2023-07,2023
ORD00789,CUST0201,2023-07-30,2023-08-04,Returned,Cod,Mobile App,34386.47,11466.35,49,Sydney,WB,22969.12,2023-07,2023
ORD00790,CUST0812,2023-07-31,2023-08-06,Returned,Credit Card,In-Store,13794.58,3563.01,149,Mumbai,KA,10380.57,2023-07,2023
ORD00791,CUST0765,2023-01-08,2023-08-05,Pending,Cod,Online,25333.72,1997.16,199,Surat,ON,23535.56,2023-01,2023
ORD00792,CUST0832,2023-01-08,2023-01-11,Delivered,Upi,Mobile App,20225.46,7535.17,149,New York,TS,12839.29,2023-01,2023
ORD00794,CUST0843,2023-03-08,2023-08-06,Shipped,Upi,Online,44440.01,14048.55,0,Surat,NSW,30391.46,2023-03,2023
ORD00795,CUST0358,2023-08-04,2023-08-09,Returned,Debit Card,Online,34726.35,8971.04,49,Hyderabad,GJ,25804.31,2023-08,2023
ORD00796,CUST0867,2023-08-04,2023-08-11,Returned,Wallet,In-Store,4761.1,696.67,149,Sydney,MH,4213.43,2023-08,2023
ORD00797,CUST0539,2023-08-05,2023-08-07,Pending,Cod,Online,48890.52,2206.39,199,Surat,LDN,46883.13,2023-08,2023
ORD00798,CUST0386,2023-06-08,2023-08-07,Delivered,Wallet,In-Store,19330.47,2754.58,199,Mumbai,TS,16774.89,2023-06,2023
ORD00799,CUST0879,2023-08-06,2023-08-10,Returned,Debit Card,Online,20749.78,3954.83,0,Sydney,GJ,16794.95,2023-08,2023
ORD00800,CUST0338,2023-08-07,2023-08-11,Shipped,Upi,Mobile App,16708.69,6543.4,49,Jaipur,RJ,10214.29,2023-08,2023
ORD00801,CUST0994,2023-08-08,2023-08-11,Shipped,Credit Card,Online,32216.83,863.07,99,Delhi,WB,31452.76,2023-08,2023
ORD00802,CUST0678,2023-08-09,2023-08-10,Returned,Wallet,Mobile App,7582.56,1121.06,99,New York,GJ,6560.5,2023-08,2023
ORD00803,CUST0250,2023-09-08,2023-08-16,Shipped,Credit Card,Online,28967.27,6874.13,199,Ahmedabad,DL,22292.14,2023-09,2023
ORD00804,CUST0856,2023-08-10,2023-08-11,Delivered,Cod,Mobile App,20068.97,1140.13,149,Mumbai,DL,19077.84,2023-08,2023
ORD00805,CUST0637,2023-11-08,2023-08-16,Cancelled,Credit Card,Online,16824.04,291.49,99,Mumbai,ON,16631.55,2023-11,2023
ORD00806,CUST0158,2023-08-12,2023-08-16,Pending,Credit Card,In-Store,21323.59,0.0,199,Sydney,MH,21522.59,2023-08,2023
ORD00807,CUST0887,2023-08-12,2023-08-19,Returned,Cod,In-Store,422.36,133.24,99,Chennai,DL,388.12,2023-08,2023
ORD00808,CUST0491,2023-08-13,2023-08-15,Delivered,Wallet,Mobile App,23155.09,4436.42,149,Bangalore,RJ,18867.67,2023-08,2023
ORD00809,CUST0675,2023-08-14,2023-08-16,Delivered,Wallet,Mobile App,32402.71,3305.68,0,Ahmedabad,GJ,29097.03,2023-08,2023
ORD00810,CUST0832,2023-08-14,2023-08-15,Shipped,Cod,Online,35535.01,2339.72,49,London,GJ,33244.29,2023-08,2023
ORD00812,CUST0567,2023-08-16,2023-08-18,Cancelled,Upi,Online,9603.13,3515.77,199,New York,MH,6286.36,2023-08,2023
ORD00813,CUST0465,2023-08-17,2023-08-20,Pending,Debit Card,Online,6340.58,1831.31,0,Bangalore,TN,4509.27,2023-08,2023
ORD00814,CUST0680,2023-08-17,2023-08-20,Returned,Wallet,Mobile App,11265.64,3898.04,49,Jaipur,TN,7416.6,2023-08,2023
ORD00815,CUST0095,2023-08-18,2023-08-19,Cancelled,Upi,In-Store,23510.22,8650.39,0,Mumbai,KA,14859.83,2023-08,2023
ORD00816,CUST0268,2023-08-19,2023-08-25,Pending,Cod,Online,14695.22,1875.34,149,Pune,MH,12968.88,2023-08,2023
ORD00818,CUST0081,2023-08-20,2023-08-24,Shipped,Upi,In-Store,2497.69,141.43,99,Toronto,ON,2455.26,2023-08,2023
ORD00819,CUST0948,2023-08-21,2023-08-28,Returned,Wallet,In-Store,14584.34,1263.62,0,New York,MH,13320.72,2023-08,2023
ORD00820,CUST0982,2023-08-22,2023-08-25,Returned,Upi,In-Store,42453.44,11746.69,149,New York,LDN,30855.75,2023-08,2023
ORD00821,CUST0248,2023-08-22,2023-08-24,Pending,Credit Card,Online,30990.27,11502.59,149,London,TS,19636.68,2023-08,2023
ORD00822,CUST0281,2023-08-23,2023-08-25,Shipped,Cod,Mobile App,29169.95,5539.22,149,Jaipur,NY,23779.73,2023-08,2023
ORD00823,CUST0591,2023-08-24,2023-08-27,Cancelled,Credit Card,In-Store,17558.36,2800.64,149,Ahmedabad,TS,14906.72,2023-08,2023
ORD00824,CUST0206,2023-08-25,2023-08-27,Shipped,Wallet,Online,30509.06,8313.86,199,Ahmedabad,TN,22394.2,2023-08,2023
ORD00825,CUST0811,2023-08-25,2023-09-01,Shipped,Net Banking,In-Store,38971.04,250.63,199,Sydney,ON,38919.41,2023-08,2023
ORD00826,CUST0128,2023-08-26,2023-08-28,Delivered,Upi,In-Store,46814.84,15722.78,49,Ahmedabad,ON,31141.06,2023-08,2023
ORD00827,CUST0917,2023-08-27,2023-08-30,Cancelled,Upi,Mobile App,35661.06,2799.77,149,Sydney,MH,33010.29,2023-08,2023
ORD00828,CUST0784,2023-08-28,2023-08-29,Delivered,Net Banking,Online,9196.72,3081.96,199,Ahmedabad,GJ,6313.76,2023-08,2023
ORD00830,CUST0940,2023-08-29,2023-09-05,Pending,Credit Card,Mobile App,33620.92,5666.25,0,Mumbai,KA,27954.67,2023-08,2023
ORD00832,CUST0400,2023-08-31,2023-09-02,Pending,Cod,Online,3555.22,1008.03,49,Hyderabad,NSW,2596.19,2023-08,2023
ORD00833,CUST0451,2023-08-31,2023-09-03,Returned,Wallet,Mobile App,1731.57,277.97,199,New York,WB,1652.6,2023-08,2023
ORD00834,CUST0960,2023-09-01,2023-09-02,Returned,Wallet,Mobile App,13156.54,2466.73,99,Surat,NY,10788.81,2023-09,2023
ORD00835,CUST0035,2023-02-09,2023-09-06,Delivered,Net Banking,Online,45933.84,3735.49,99,Ahmedabad,WB,42297.35,2023-02,2023
ORD00836,CUST0441,2023-09-02,2023-09-08,Delivered,Cod,Online,10430.1,2052.63,0,Bangalore,ON,8377.47,2023-09,2023
ORD00837,CUST0007,2023-09-03,2023-09-09,Cancelled,Upi,Mobile App,28565.71,5393.13,0,London,RJ,23172.58,2023-09,2023
ORD00838,CUST0375,2023-09-04,2023-09-11,Returned,Cod,Online,48517.93,13796.18,149,Kolkata,GJ,34870.75,2023-09,2023
ORD00840,CUST0573,2023-09-05,2023-09-12,Shipped,Net Banking,In-Store,49746.24,9846.87,49,Bangalore,NSW,39948.37,2023-09,2023
ORD00841,CUST0657,2023-09-06,2023-09-11,Cancelled,Wallet,In-Store,18306.87,5702.08,49,Delhi,GJ,12653.79,2023-09,2023
ORD00842,CUST0104,2023-07-09,2023-09-14,Cancelled,Credit Card,Online,13267.09,4717.63,49,Delhi,NY,8598.46,2023-07,2023
ORD00843,CUST0490,2023-09-08,2023-09-09,Shipped,Net Banking,In-Store,6513.93,6.81,0,Surat,TS,6507.12,2023-09,2023
ORD00844,CUST0894,2023-08-09,2023-09-13,Returned,Wallet,In-Store,32925.67,273.82,149,Pune,GJ,32800.85,2023-08,2023
ORD00845,CUST0235,2023-09-09,2023-09-11,Returned,Upi,In-Store,33360.33,5030.61,0,Kolkata,ON,28329.72,2023-09,2023
ORD00846,CUST0845,2023-09-10,2023-09-16,Returned,Wallet,Online,28017.97,3787.14,49,New York,ON,24279.83,2023-09,2023
ORD00848,CUST0474,2023-09-11,2023-09-13,Delivered,Upi,Online,34834.09,2760.91,49,Toronto,MH,32122.18,2023-09,2023
ORD00849,CUST0623,2023-09-12,2023-09-19,Cancelled,Cod,Mobile App,32807.19,2848.59,199,London,ON,30157.6,2023-09,2023
ORD00850,CUST0129,2023-09-13,2023-09-16,Delivered,Net Banking,In-Store,10118.54,52.06,0,Surat,TN,10066.48,2023-09,2023
ORD00851,CUST0122,2023-09-13,2023-09-16,Cancelled,Net Banking,In-Store,2715.52,891.51,199,Kolkata,NY,2023.01,2023-09,2023
ORD00852,CUST0902,2023-09-14,2023-09-20,Delivered,Debit Card,Online,26099.95,7591.1,99,Hyderabad,ON,18607.85,2023-09,2023
ORD00853,CUST0735,2023-09-15,2023-09-19,Cancelled,Wallet,Mobile App,2338.26,492.65,49,Kolkata,MH,1894.61,2023-09,2023
ORD00854,CUST0125,2023-09-16,2023-09-20,Shipped,Credit Card,In-Store,3317.0,721.45,199,Mumbai,TS,2794.55,2023-09,2023
ORD00855,CUST0398,2023-09-16,2023-09-23,Pending,Net Banking,Mobile App,2623.56,776.15,0,Ahmedabad,ON,1847.41,2023-09,2023
ORD00856,CUST0140,2023-09-17,2023-09-18,Returned,Upi,Online,31704.53,5290.33,0,Ahmedabad,TN,26414.2,2023-09,2023
ORD00857,CUST0348,2023-09-18,2023-09-19,Delivered,Debit Card,Online,8602.64,3152.66,0,Chennai,RJ,5449.98,2023-09,2023
ORD00858,CUST0026,2023-09-19,2023-09-20,Delivered,Wallet,Online,7102.49,389.52,149,New York,DL,6861.97,2023-09,2023
ORD00859,CUST0403,2023-09-19,2023-09-25,Pending,Cod,Online,49208.69,14979.76,99,Pune,ON,34327.93,2023-09,2023
ORD00860,CUST0715,2023-09-20,2023-09-23,Returned,Wallet,In-Store,49071.5,15096.43,0,Surat,GJ,33975.07,2023-09,2023
ORD00863,CUST0571,2023-09-22,2023-09-24,Delivered,Wallet,Online,46500.44,11246.79,199,London,GJ,35452.65,2023-09,2023
ORD00864,CUST0628,2023-09-23,2023-09-24,Returned,Wallet,Online,4823.76,1127.85,0,Toronto,LDN,3695.91,2023-09,2023
ORD00865,CUST0193,2023-09-24,2023-09-29,Returned,Debit Card,Online,21167.32,1970.94,149,Surat,RJ,19345.38,2023-09,2023
ORD00866,CUST0957,2023-09-24,2023-09-26,Returned,Credit Card,In-Store,1536.2,447.63,149,New York,GJ,1237.57,2023-09,2023
ORD00867,CUST0898,2023-09-25,2023-10-02,Cancelled,Upi,Online,34534.95,1357.83,149,Delhi,GJ,33326.12,2023-09,2023
ORD00868,CUST0380,2023-09-26,2023-09-28,Shipped,Wallet,Mobile App,6350.74,1348.31,49,Surat,KA,5051.43,2023-09,2023
ORD00870,CUST0270,2023-09-27,2023-09-29,Pending,Credit Card,Mobile App,43966.98,13758.44,49,Bangalore,WB,30257.54,2023-09,2023
ORD00871,CUST0403,2023-09-28,2023-10-01,Returned,Credit Card,Online,29647.01,2182.91,149,Bangalore,NSW,27613.1,2023-09,2023
ORD00872,CUST0310,2023-09-29,2023-10-01,Delivered,Credit Card,Online,34587.38,154.86,49,Mumbai,GJ,34481.52,2023-09,2023
ORD00873,CUST0411,2023-09-29,2023-10-01,Cancelled,Cod,Mobile App,47485.16,18794.83,99,Pune,KA,28789.33,2023-09,2023
ORD00874,CUST0214,2023-09-30,2023-10-06,Delivered,Credit Card,In-Store,32077.11,0.0,199,Sydney,TS,32276.11,2023-09,2023
ORD00875,CUST0840,2023-01-10,2023-10-07,Pending,Credit Card,Mobile App,29080.93,2813.14,99,Sydney,GJ,26366.79,2023-01,2023
ORD00876,CUST0607,2023-10-02,2023-10-04,Pending,Credit Card,In-Store,16240.6,4043.82,149,Sydney,MH,12345.78,2023-10,2023
ORD00877,CUST0548,2023-10-02,2023-10-08,Returned,Upi,Online,48729.12,16293.96,149,Delhi,TS,32584.16,2023-10,2023
ORD00879,CUST0611,2023-10-04,2023-10-07,Shipped,Cod,In-Store,45930.96,17291.91,99,Pune,RJ,28738.05,2023-10,2023
ORD00880,CUST0459,2023-10-05,2023-10-08,Shipped,Upi,Mobile App,44607.89,13930.3,99,Kolkata,DL,30776.59,2023-10,2023
ORD00881,CUST0016,2023-05-10,2023-10-09,Shipped,Credit Card,Online,28625.69,10916.66,49,Chennai,DL,17758.03,2023-05,2023
ORD00882,CUST0105,2023-06-10,2023-06-13,Delivered,Upi,In-Store,17688.73,2805.3,0,Sydney,NY,14883.43,2023-06,2023
ORD00883,CUST0962,2023-10-07,2023-10-08,Cancelled,Debit Card,In-Store,32449.53,10922.69,99,London,TN,21625.84,2023-10,2023
ORD00885,CUST0679,2023-08-10,2023-10-12,Shipped,Wallet,In-Store,13561.51,3818.95,49,Surat,DL,9791.56,2023-08,2023
ORD00886,CUST0644,2023-09-10,2023-09-13,Cancelled,Wallet,Online,41780.01,8210.19,149,London,RJ,33718.82,2023-09,2023
ORD00887,CUST0662,2023-10-10,2023-10-12,Returned,Cod,Online,32163.77,9957.15,199,New York,WB,22405.62,2023-10,2023
ORD00888,CUST0336,2023-10-10,2023-10-14,Shipped,Credit Card,Online,36581.21,2193.78,0,Ahmedabad,ON,34387.43,2023-10,2023
ORD00889,CUST0370,2023-11-10,2023-10-13,Shipped,Net Banking,Mobile App,41797.1,604.03,99,Toronto,TS,41292.07,2023-11,2023
ORD00890,CUST0498,2023-12-10,2023-10-18,Cancelled,Upi,Mobile App,1245.59,329.62,199,Hyderabad,TN,1114.97,2023-12,2023
ORD00891,CUST0006,2023-10-13,2023-10-19,Returned,Cod,In-Store,8186.34,2786.57,149,London,KA,5548.77,2023-10,2023
ORD00892,CUST0868,2023-10-13,2023-10-16,Cancelled,Wallet,Mobile App,31736.0,0.0,49,Jaipur,TN,31785.0,2023-10,2023
ORD00893,CUST0895,2023-10-14,2023-10-18,Delivered,Wallet,Online,31983.04,253.47,49,Toronto,DL,31778.57,2023-10,2023
ORD00894,CUST0237,2023-10-15,2023-10-17,Returned,Wallet,Mobile App,45244.46,11785.43,149,New York,NSW,33608.03,2023-10,2023
ORD00895,CUST0614,2023-10-16,2023-10-19,Cancelled,Debit Card,Mobile App,28753.46,4180.52,149,Surat,TS,24721.94,2023-10,2023
ORD00896,CUST0735,2023-10-16,2023-10-20,Pending,Credit Card,Mobile App,14485.19,144.17,99,Bangalore,MH,14440.02,2023-10,2023
ORD00897,CUST0244,2023-10-17,2023-10-19,Shipped,Net Banking,Mobile App,4691.88,1204.88,99,Pune,LDN,3586.0,2023-10,2023
ORD00898,CUST0257,2023-10-18,2023-10-19,Cancelled,Cod,Online,48055.45,7063.74,149,Mumbai,WB,41140.71,2023-10,2023
ORD00899,CUST0678,2023-10-18,2023-10-24,Delivered,Wallet,In-Store,12860.04,3705.55,199,Mumbai,NSW,9353.49,2023-10,2023
ORD00900,CUST0136,2023-10-19,2023-10-24,Returned,Upi,In-Store,18158.16,2207.52,99,Ahmedabad,MH,16049.64,2023-10,2023
ORD00901,CUST0487,2023-10-20,2023-10-23,Shipped,Cod,In-Store,3372.62,513.74,149,Pune,DL,3007.88,2023-10,2023
ORD00902,CUST0713,2023-10-21,2023-10-24,Shipped,Upi,Mobile App,33166.73,5556.53,199,Delhi,RJ,27809.2,2023-10,2023
ORD00903,CUST0861,2023-10-21,2023-10-24,Cancelled,Upi,Online,13456.63,1067.38,99,Kolkata,ON,12488.25,2023-10,2023
ORD00904,CUST0102,2023-10-22,2023-10-28,Cancelled,Credit Card,Mobile App,33101.39,12271.73,199,Ahmedabad,DL,21028.66,2023-10,2023
ORD00905,CUST0742,2023-10-23,2023-10-27,Delivered,Upi,Mobile App,42748.33,14228.78,49,London,KA,28568.55,2023-10,2023
ORD00907,CUST0405,2023-10-24,2023-10-28,Cancelled,Debit Card,Mobile App,23690.84,4970.57,0,Toronto,MH,18720.27,2023-10,2023
ORD00908,CUST0408,2023-10-25,2023-10-31,Returned,Wallet,In-Store,14607.31,929.42,149,London,GJ,13826.89,2023-10,2023
ORD00909,CUST0977,2023-10-26,2023-10-27,Cancelled,Wallet,Online,11000.31,3648.23,99,Jaipur,DL,7451.08,2023-10,2023
ORD00910,CUST0766,2023-10-27,2023-10-30,Delivered,Wallet,Online,36467.13,14540.42,99,Kolkata,NSW,22025.71,2023-10,2023
ORD00911,CUST0598,2023-10-27,2023-10-30,Delivered,Credit Card,In-Store,1286.58,372.62,99,New York,GJ,1012.96,2023-10,2023
ORD00912,CUST0989,2023-10-28,2023-11-02,Pending,Net Banking,Online,49726.85,634.14,49,Ahmedabad,MH,49141.71,2023-10,2023
ORD00914,CUST0371,2023-10-29,2023-11-04,Shipped,Cod,Mobile App,45896.52,13918.73,49,Pune,TN,32026.79,2023-10,2023
ORD00915,CUST0330,2023-10-30,2023-10-31,Returned,Net Banking,Online,22397.15,8194.48,149,Jaipur,TS,14351.67,2023-10,2023
ORD00916,CUST0130,2023-10-31,2023-11-07,Pending,Wallet,In-Store,29555.5,3187.75,99,Delhi,TN,26466.75,2023-10,2023
ORD00917,CUST0619,2023-01-11,2023-11-08,Delivered,Credit Card,Online,338.88,76.21,0,Jaipur,ON,262.67,2023-01,2023
ORD00920,CUST0665,2023-11-03,2023-11-06,Pending,Wallet,Online,4801.24,402.76,49,Delhi,TN,4447.48,2023-11,2023
ORD00921,CUST0057,2023-04-11,2023-11-07,Delivered,Cod,Online,23253.36,2463.21,49,Ahmedabad,LDN,20839.15,2023-04,2023
ORD00922,CUST0338,2023-11-04,2023-11-10,Delivered,Wallet,Online,31059.98,10342.18,99,London,NSW,20816.8,2023-11,2023
ORD00923,CUST0025,2023-11-05,2023-11-12,Delivered,Wallet,Online,36271.68,1459.14,49,Ahmedabad,KA,34861.54,2023-11,2023
ORD00924,CUST0637,2023-11-06,2023-11-11,Returned,Wallet,Mobile App,1556.71,618.8,49,Hyderabad,MH,986.91,2023-11,2023
ORD00925,CUST0947,2023-11-06,2023-11-09,Cancelled,Cod,Mobile App,23089.88,2440.07,199,Jaipur,WB,20848.81,2023-11,2023
ORD00926,CUST0178,2023-11-07,2023-11-14,Pending,Credit Card,In-Store,45314.92,14611.78,99,Ahmedabad,ON,30802.14,2023-11,2023
ORD00927,CUST0399,2023-08-11,2023-11-11,Returned,Net Banking,Mobile App,18237.52,1630.03,49,Hyderabad,NY,16656.49,2023-08,2023
ORD00928,CUST0055,2023-09-11,2023-11-10,Cancelled,Cod,Online,17493.22,2394.62,0,Ahmedabad,GJ,15098.6,2023-09,2023
ORD00929,CUST0008,2023-11-09,2023-11-16,Pending,Wallet,In-Store,48842.28,15594.1,0,Ahmedabad,TS,33248.18,2023-11,2023
ORD00930,CUST0050,2023-10-11,2023-10-14,Cancelled,Wallet,In-Store,4011.78,1068.04,99,Surat,MH,3042.74,2023-10,2023
ORD00931,CUST0683,2023-11-11,2023-11-13,Shipped,Wallet,In-Store,37814.36,3326.45,149,Chennai,NSW,34636.91,2023-11,2023
ORD00932,CUST0083,2023-12-11,2023-11-16,Returned,Cod,In-Store,20952.16,3971.74,199,Pune,ON,17179.42,2023-12,2023
ORD00933,CUST0803,2023-12-11,2023-11-16,Pending,Credit Card,Mobile App,10069.84,1781.4,149,Sydney,ON,8437.44,2023-12,2023
ORD00934,CUST0982,2023-11-13,2023-11-18,Shipped,Wallet,Online,42308.22,11301.38,149,Surat,LDN,31155.84,2023-11,2023
ORD00935,CUST0816,2023-11-14,2023-11-18,Returned,Credit Card,Online,36123.49,12563.58,49,Surat,MH,23608.91,2023-11,2023
ORD00936,CUST0839,2023-11-15,2023-11-22,Pending,Wallet,In-Store,5165.03,1556.24,0,New York,TN,3608.79,2023-11,2023
ORD00937,CUST0114,2023-11-15,2023-11-22,Returned,Net Banking,In-Store,25607.08,0.0,149,New York,WB,25756.08,2023-11,2023
ORD00938,CUST0684,2023-11-16,2023-11-20,Returned,Debit Card,Online,46652.17,7910.28,49,Pune,KA,38790.89,2023-11,2023
ORD00939,CUST0790,2023-11-17,2023-11-20,Cancelled,Upi,In-Store,12100.9,3824.37,49,New York,MH,8325.53,2023-11,2023
ORD00940,CUST0768,2023-11-17,2023-11-22,Returned,Credit Card,In-Store,47496.04,8280.02,149,Jaipur,DL,39365.02,2023-11,2023
ORD00941,CUST0057,2023-11-18,2023-11-25,Pending,Cod,Online,1721.06,227.13,199,Hyderabad,NY,1692.93,2023-11,2023
ORD00942,CUST0086,2023-11-19,2023-11-21,Returned,Upi,Online,45892.5,2295.41,149,Chennai,NY,43746.09,2023-11,2023
ORD00944,CUST0335,2023-11-20,2023-11-22,Delivered,Credit Card,Mobile App,38792.42,14271.85,199,Chennai,TN,24719.57,2023-11,2023
ORD00945,CUST0435,2023-11-21,2023-11-23,Returned,Credit Card,In-Store,17273.4,6465.5,99,Pune,DL,10906.9,2023-11,2023
ORD00946,CUST0076,2023-11-22,2023-11-25,Pending,Upi,Mobile App,18527.94,6046.85,149,Kolkata,DL,12630.09,2023-11,2023
ORD00947,CUST0426,2023-11-23,2023-11-28,Returned,Debit Card,In-Store,34008.14,7522.29,49,Surat,NSW,26534.85,2023-11,2023
ORD00948,CUST0073,2023-11-23,2023-11-30,Cancelled,Credit Card,In-Store,23621.89,7248.22,149,Surat,MH,16522.67,2023-11,2023
ORD00949,CUST0867,2023-11-24,2023-12-01,Pending,Upi,Mobile App,30520.73,0.0,99,Surat,TS,30619.73,2023-11,2023
ORD00950,CUST0600,2023-11-25,2023-12-02,Shipped,Upi,Mobile App,31472.67,2443.32,0,Ahmedabad,DL,29029.35,2023-11,2023
ORD00951,CUST0471,2023-11-25,2023-11-30,Pending,Net Banking,Online,32380.15,3221.59,199,Toronto,NY,29357.56,2023-11,2023
ORD00953,CUST0576,2023-11-27,2023-11-28,Returned,Credit Card,Mobile App,24233.84,6574.19,0,Bangalore,DL,17659.65,2023-11,2023
ORD00954,CUST0265,2023-11-28,2023-12-04,Pending,Net Banking,In-Store,34197.66,1568.88,149,Pune,GJ,32777.78,2023-11,2023
ORD00955,CUST0807,2023-11-28,2023-12-01,Pending,Upi,In-Store,39134.74,5318.13,0,Bangalore,NSW,33816.61,2023-11,2023
ORD00956,CUST0259,2023-11-29,2023-12-03,Shipped,Wallet,Online,8170.01,364.52,149,Toronto,MH,7954.49,2023-11,2023
ORD00957,CUST0992,2023-11-30,2023-12-06,Returned,Credit Card,Online,37207.6,10881.8,149,Mumbai,NY,26474.8,2023-11,2023
ORD00958,CUST0790,2023-12-01,2023-12-04,Shipped,Upi,In-Store,7920.87,1881.06,49,Sydney,KA,6088.81,2023-12,2023
ORD00959,CUST0765,2023-12-01,2023-12-04,Shipped,Net Banking,Online,39363.63,6969.78,149,Delhi,MH,32542.85,2023-12,2023
ORD00960,CUST0639,2023-02-12,2023-12-04,Pending,Upi,Online,38666.52,5552.28,199,Surat,WB,33313.24,2023-02,2023
ORD00961,CUST0642,2023-12-03,2023-12-08,Pending,Upi,Mobile App,148.84,38.31,99,Chennai,MH,209.53,2023-12,2023
ORD00962,CUST0527,2023-12-03,2023-12-04,Pending,Net Banking,Mobile App,42040.33,1361.69,49,Mumbai,GJ,40727.64,2023-12,2023
ORD00964,CUST0143,2023-12-05,2023-12-07,Cancelled,Cod,Online,40365.14,3940.22,149,Kolkata,TN,36573.92,2023-12,2023
ORD00965,CUST0971,2023-12-06,2023-12-11,Delivered,Upi,Online,10731.04,4035.44,99,Hyderabad,LDN,6794.6,2023-12,2023
ORD00966,CUST0090,2023-12-06,2023-12-11,Returned,Cod,In-Store,15878.8,2539.12,149,Kolkata,WB,13488.68,2023-12,2023
ORD00967,CUST0876,2023-12-07,2023-12-14,Delivered,Wallet,Online,2471.45,8.41,49,New York,NY,2512.04,2023-12,2023
ORD00968,CUST0237,2023-12-08,2023-12-14,Pending,Net Banking,Online,23015.99,3203.69,0,Surat,GJ,19812.3,2023-12,2023
ORD00969,CUST0002,2023-09-12,2023-09-15,Returned,Wallet,Mobile App,12080.67,2048.71,199,Delhi,TN,10230.96,2023-09,2023
ORD00970,CUST0049,2023-12-09,2023-12-14,Pending,Debit Card,Online,12254.99,2693.45,49,Bangalore,MH,9610.54,2023-12,2023
ORD00971,CUST0689,2023-12-10,2023-12-17,Shipped,Credit Card,Mobile App,43580.24,5466.22,49,Kolkata,ON,38163.02,2023-12,2023
ORD00973,CUST0570,2023-12-12,2023-12-19,Shipped,Credit Card,Online,27390.55,3962.45,49,Ahmedabad,MH,23477.1,2023-12,2023
ORD00974,CUST0525,2023-12-12,2023-12-19,Returned,Debit Card,Online,37037.58,10150.39,0,Delhi,NSW,26887.19,2023-12,2023
ORD00975,CUST0144,2023-12-13,2023-12-19,Cancelled,Wallet,Online,26196.3,7582.94,149,Surat,KA,18762.36,2023-12,2023
ORD00976,CUST0671,2023-12-14,2023-12-16,Cancelled,Debit Card,Mobile App,11954.2,2703.28,0,Delhi,KA,9250.92,2023-12,2023
ORD00978,CUST0198,2023-12-15,2023-12-21,Pending,Wallet,Online,35350.9,9163.18,149,Kolkata,NY,26336.72,2023-12,2023
ORD00980,CUST0875,2023-12-17,2023-12-19,Cancelled,Cod,Online,2612.67,495.25,0,Surat,TS,2117.42,2023-12,2023
ORD00981,CUST0311,2023-12-17,2023-12-19,Cancelled,Cod,In-Store,13522.81,1975.32,0,Chennai,KA,11547.49,2023-12,2023
ORD00982,CUST0682,2023-12-18,2023-12-25,Pending,Cod,In-Store,41913.7,0.0,49,Chennai,NY,41962.7,2023-12,2023
ORD00983,CUST0995,2023-12-19,2023-12-21,Pending,Credit Card,In-Store,4138.26,182.3,199,Pune,NSW,4154.96,2023-12,2023
ORD00984,CUST0385,2023-12-20,2023-12-27,Delivered,Credit Card,Mobile App,39947.52,4856.53,99,Chennai,WB,35189.99,2023-12,2023
ORD00985,CUST0853,2023-12-20,2023-12-26,Returned,Credit Card,Mobile App,23683.29,5843.48,99,New York,ON,17938.81,2023-12,2023
ORD00986,CUST0587,2023-12-21,2023-12-27,Returned,Upi,Mobile App,30041.99,5449.85,149,Mumbai,GJ,24741.14,2023-12,2023
ORD00987,CUST0640,2023-12-22,2023-12-28,Delivered,Net Banking,Online,36744.64,11918.21,199,Chennai,NY,25025.43,2023-12,2023
ORD00988,CUST0053,2023-12-22,2023-12-24,Cancelled,Upi,In-Store,42338.22,4073.24,99,New York,TN,38363.98,2023-12,2023
ORD00989,CUST0783,2023-12-23,2023-12-29,Returned,Credit Card,Mobile App,20146.08,6681.9,149,Delhi,LDN,13613.18,2023-12,2023
ORD00990,CUST0697,2023-12-24,2023-12-28,Pending,Cod,Mobile App,18675.54,3693.42,149,Chennai,ON,15131.12,2023-12,2023
ORD00991,CUST0704,2023-12-25,2023-12-28,Returned,Cod,In-Store,42618.42,8145.7,99,Toronto,MH,34571.72,2023-12,2023
ORD00992,CUST0973,2023-12-25,2023-12-29,Shipped,Upi,In-Store,36498.99,3174.18,99,Jaipur,NSW,33423.81,2023-12,2023
ORD00993,CUST0912,2023-12-26,2023-12-27,Cancelled,Cod,Online,15166.1,4777.07,149,Ahmedabad,TN,10538.03,2023-12,2023
ORD00994,CUST0936,2023-12-27,2024-01-02,Returned,Wallet,In-Store,36403.31,12.35,0,Jaipur,RJ,36390.96,2023-12,2023
ORD00995,CUST0726,2023-12-28,2023-12-31,Delivered,Net Banking,Mobile App,38978.85,10667.7,49,Chennai,TS,28360.15,2023-12,2023
ORD00996,CUST0840,2023-12-28,2024-01-02,Shipped,Upi,In-Store,9359.88,1914.5,0,Mumbai,NY,7445.38,2023-12,2023
ORD00997,CUST0575,2023-12-29,2024-01-05,Returned,Cod,Mobile App,36882.39,0.0,149,Pune,KA,37031.39,2023-12,2023
ORD00998,CUST0874,2023-12-30,2024-01-04,Pending,Wallet,Online,19476.08,2937.83,199,New York,MH,16737.25,2023-12,2023
ORD00999,CUST0415,2023-12-31,2024-01-04,Returned,Wallet,In-Store,24203.51,211.51,149,Kolkata,ON,24141.0,2023-12,2023
ORD01000,CUST0490,2023-12-31,2024-01-04,Cancelled,Wallet,Online,11643.2,131.83,199,Jaipur,WB,11710.37,2023-12,2023
ORD01001,CUST0131,2024-01-01,2024-01-02,Shipped,Cod,Mobile App,46034.65,4195.36,49,Bangalore,DL,41888.29,2024-01,2024
ORD01002,CUST0202,2024-02-01,2024-01-06,Delivered,Debit Card,Mobile App,17291.32,6747.28,49,Jaipur,DL,10593.04,2024-02,2024
ORD01003,CUST0691,2024-02-01,2024-01-08,Delivered,Upi,Mobile App,47407.2,2154.46,49,Toronto,NSW,45301.74,2024-02,2024
ORD01004,CUST0955,2024-03-01,2024-01-06,Returned,Credit Card,Mobile App,16558.54,1477.38,0,London,WB,15081.16,2024-03,2024
ORD01005,CUST0224,2024-01-04,2024-01-06,Shipped,Credit Card,Mobile App,18918.31,7087.87,49,London,DL,11879.44,2024-01,2024
ORD01006,CUST0076,2024-01-05,2024-01-11,Pending,Wallet,Online,22637.96,1161.62,49,Toronto,NY,21525.34,2024-01,2024
ORD01007,CUST0063,2024-01-05,2024-01-11,Pending,Credit Card,Mobile App,9709.72,339.86,0,Ahmedabad,MH,9369.86,2024-01,2024
ORD01008,CUST0271,2024-01-06,2024-01-12,Delivered,Wallet,Mobile App,49446.18,7920.85,0,Pune,NY,41525.33,2024-01,2024
ORD01009,CUST0682,2024-01-07,2024-01-12,Shipped,Net Banking,In-Store,33889.54,7127.92,199,Chennai,ON,26960.62,2024-01,2024
ORD01010,CUST0269,2024-01-08,2024-01-13,Returned,Upi,In-Store,23905.51,2723.88,199,Chennai,GJ,21380.63,2024-01,2024
ORD01011,CUST0542,2024-08-01,2024-01-15,Cancelled,Debit Card,Online,15854.62,5897.02,49,Pune,GJ,10006.6,2024-08,2024
ORD01012,CUST0128,2024-01-09,2024-01-13,Returned,Credit Card,In-Store,14030.05,4790.8,99,Sydney,LDN,9338.25,2024-01,2024
ORD01013,CUST0506,2024-10-01,2024-01-15,Shipped,Cod,In-Store,36914.69,8163.93,199,Pune,GJ,28949.76,2024-10,2024
ORD01014,CUST0693,2024-01-10,2024-01-13,Cancelled,Wallet,Online,44580.15,167.86,0,Bangalore,TS,44412.29,2024-01,2024
ORD01015,CUST0911,2024-11-01,2024-01-14,Cancelled,Cod,In-Store,34267.1,13125.24,99,Kolkata,TS,21240.86,2024-11,2024
ORD01016,CUST0967,2024-12-01,2024-12-04,Returned,Debit Card,Online,49658.36,3974.98,0,London,LDN,45683.38,2024-12,2024
ORD01017,CUST0478,2024-01-13,2024-01-19,Delivered,Credit Card,In-Store,47758.69,15909.43,149,Bangalore,KA,31998.26,2024-01,2024
ORD01018,CUST0972,2024-01-13,2024-01-18,Shipped,Cod,Online,37689.39,1558.17,199,Mumbai,WB,36330.22,2024-01,2024
ORD01019,CUST0644,2024-01-14,2024-01-18,Pending,Wallet,Online,24451.38,5482.52,0,Bangalore,ON,18968.86,2024-01,2024
ORD01020,CUST0251,2024-01-15,2024-01-17,Returned,Upi,In-Store,10641.83,3630.76,199,Surat,LDN,7210.07,2024-01,2024
ORD01021,CUST0644,2024-01-16,2024-01-20,Cancelled,Net Banking,In-Store,2772.24,588.16,49,New York,DL,2233.08,2024-01,2024
ORD01022,CUST0423,2024-01-16,2024-01-17,Returned,Cod,In-Store,10438.36,3437.55,149,Hyderabad,RJ,7149.81,2024-01,2024
ORD01023,CUST0877,2024-01-17,2024-01-22,Returned,Credit Card,Mobile App,17468.14,5557.28,49,Toronto,TS,11959.86,2024-01,2024
ORD01024,CUST0923,2024-01-18,2024-01-21,Pending,Credit Card,Online,49185.11,3826.01,0,Jaipur,NSW,45359.1,2024-01,2024
ORD01025,CUST0962,2024-01-19,2024-01-23,Returned,Wallet,Mobile App,23563.3,8115.04,99,Ahmedabad,NSW,15547.26,2024-01,2024
ORD01026,CUST0372,2024-01-19,2024-01-23,Cancelled,Cod,In-Store,42409.45,5266.78,199,Hyderabad,MH,37341.67,2024-01,2024
ORD01027,CUST0993,2024-01-20,2024-01-26,Shipped,Cod,Mobile App,33660.51,8097.06,99,Ahmedabad,MH,25662.45,2024-01,2024
ORD01028,CUST0325,2024-01-21,2024-01-24,Delivered,Upi,Online,25225.76,3448.32,149,Jaipur,TN,21926.44,2024-01,2024
ORD01029,CUST0743,2024-01-21,2024-01-26,Shipped,Net Banking,Online,11797.56,2820.57,199,Delhi,GJ,9175.99,2024-01,2024
ORD01030,CUST0430,2024-01-22,2024-01-29,Shipped,Net Banking,Online,7742.11,2634.21,49,Delhi,ON,5156.9,2024-01,2024
ORD01031,CUST0072,2024-01-23,2024-01-24,Shipped,Cod,Mobile App,45547.72,14159.8,99,Bangalore,ON,31486.92,2024-01,2024
ORD01032,CUST0621,2024-01-24,2024-01-27,Delivered,Upi,In-Store,3580.02,859.49,49,Jaipur,MH,2769.53,2024-01,2024
ORD01033,CUST0142,2024-01-24,2024-01-30,Shipped,Cod,Mobile App,3431.77,1014.51,99,Bangalore,RJ,2516.26,2024-01,2024
ORD01034,CUST0130,2024-01-25,2024-01-31,Cancelled,Credit Card,Mobile App,44911.71,16250.92,0,Kolkata,KA,28660.79,2024-01,2024
ORD01035,CUST0074,2024-01-26,2024-01-27,Shipped,Wallet,In-Store,35362.75,5740.31,0,Surat,WB,29622.44,2024-01,2024
ORD01036,CUST0791,2024-01-27,2024-02-03,Pending,Upi,In-Store,11740.22,2809.36,99,Sydney,RJ,9029.86,2024-01,2024
ORD01037,CUST0544,2024-01-27,2024-01-30,Pending,Cod,Mobile App,36194.06,8033.04,99,New York,KA,28260.02,2024-01,2024
ORD01039,CUST0140,2024-01-29,2024-02-04,Delivered,Credit Card,Mobile App,26113.69,7697.05,199,Chennai,NY,18615.64,2024-01,2024
ORD01040,CUST0900,2024-01-29,2024-01-30,Pending,Wallet,Online,34818.6,4259.76,199,Hyderabad,GJ,30757.84,2024-01,2024
ORD01041,CUST0144,2024-01-30,2024-01-31,Delivered,Credit Card,In-Store,13950.5,4070.09,199,London,MH,10079.41,2024-01,2024
ORD01042,CUST0022,2024-01-31,2024-02-02,Shipped,Credit Card,In-Store,43325.56,12176.53,149,Pune,MH,31298.03,2024-01,2024
ORD01043,CUST0421,2024-02-01,2024-02-02,Delivered,Wallet,Mobile App,9490.31,2470.71,0,Delhi,RJ,7019.6,2024-02,2024
ORD01044,CUST0219,2024-02-01,2024-02-06,Returned,Debit Card,In-Store,3420.47,282.11,199,Ahmedabad,DL,3337.36,2024-02,2024
ORD01045,CUST0769,2024-02-02,2024-02-03,Returned,Cod,Mobile App,22695.78,4341.42,49,Chennai,TS,18403.36,2024-02,2024
ORD01046,CUST0084,2024-02-03,2024-02-06,Cancelled,Net Banking,Mobile App,35359.96,13785.02,49,Surat,NSW,21623.94,2024-02,2024
ORD01047,CUST0539,2024-02-04,2024-02-07,Delivered,Upi,In-Store,32352.33,9511.27,99,Bangalore,GJ,22940.06,2024-02,2024
ORD01048,CUST0745,2024-02-04,2024-02-05,Delivered,Cod,In-Store,43990.0,14771.59,49,Toronto,GJ,29267.41,2024-02,2024
ORD01049,CUST0408,2024-05-02,2024-02-10,Cancelled,Cod,Online,33718.1,3312.92,49,Bangalore,NSW,30454.18,2024-05,2024
ORD01050,CUST0842,2024-06-02,2024-06-05,Shipped,Upi,In-Store,819.36,292.2,0,Bangalore,NSW,527.16,2024-06,2024
ORD01051,CUST0295,2024-02-07,2024-02-10,Shipped,Upi,In-Store,13495.93,1600.78,199,Surat,NY,12094.15,2024-02,2024
ORD01052,CUST0125,2024-07-02,2024-02-12,Delivered,Debit Card,Mobile App,33503.16,8954.1,49,Chennai,TS,24598.06,2024-07,2024
ORD01053,CUST0493,2024-08-02,2024-02-14,Pending,Wallet,Online,41855.52,6158.72,199,Delhi,MH,35895.8,2024-08,2024
ORD01054,CUST0394,2024-09-02,2024-02-10,Pending,Cod,Online,35107.43,13172.03,0,Ahmedabad,KA,21935.4,2024-09,2024
ORD01055,CUST0065,2024-02-09,2024-02-16,Pending,Cod,Mobile App,32902.76,0.0,149,New York,ON,33051.76,2024-02,2024
ORD01056,CUST0654,2024-02-10,2024-02-14,Returned,Cod,Mobile App,14321.86,1769.78,99,Ahmedabad,TN,12651.08,2024-02,2024
ORD01058,CUST0643,2024-02-12,2024-02-18,Cancelled,Upi,Online,6798.33,2280.9,0,Kolkata,TN,4517.43,2024-02,2024
ORD01059,CUST0999,2024-02-12,2024-02-19,Delivered,Cod,Mobile App,25477.69,8404.09,149,Pune,MH,17222.6,2024-02,2024
ORD01060,CUST0736,2024-02-13,2024-02-18,Cancelled,Net Banking,Mobile App,41108.28,1160.88,49,Mumbai,RJ,39996.4,2024-02,2024
ORD01061,CUST0229,2024-02-14,2024-02-17,Pending,Cod,In-Store,13431.67,4026.0,199,Toronto,MH,9604.67,2024-02,2024
ORD01062,CUST0849,2024-02-15,2024-02-18,Pending,Wallet,Online,47844.83,4628.74,149,Chennai,GJ,43365.09,2024-02,2024
ORD01063,CUST0030,2024-02-15,2024-02-20,Pending,Credit Card,In-Store,33231.86,13279.16,199,Surat,TN,20151.7,2024-02,2024
ORD01064,CUST0160,2024-02-16,2024-02-18,Shipped,Wallet,In-Store,17414.01,1614.02,149,New York,NSW,15948.99,2024-02,2024
ORD01065,CUST0195,2024-02-17,2024-02-23,Cancelled,Credit Card,Online,41754.74,10440.56,199,Hyderabad,MH,31513.18,2024-02,2024
ORD01066,CUST0424,2024-02-17,2024-02-21,Shipped,Cod,Online,33872.68,11323.97,49,New York,RJ,22597.71,2024-02,2024
ORD01067,CUST0269,2024-02-18,2024-02-23,Pending,Wallet,Mobile App,14094.09,3556.93,49,London,MH,10586.16,2024-02,2024
ORD01068,CUST0783,2024-02-19,2024-02-20,Returned,Wallet,Mobile App,33700.04,6906.99,49,Toronto,LDN,26842.05,2024-02,2024
ORD01069,CUST0120,2024-02-20,2024-02-24,Returned,Net Banking,In-Store,40317.08,10878.29,199,Sydney,TN,29637.79,2024-02,2024
ORD01071,CUST0643,2024-02-21,2024-02-27,Delivered,Credit Card,Mobile App,19124.32,6904.11,99,Pune,LDN,12319.21,2024-02,2024
ORD01072,CUST0447,2024-02-22,2024-02-25,Shipped,Credit Card,Online,38824.7,5621.37,99,Sydney,NY,33302.33,2024-02,2024
ORD01073,CUST0623,2024-02-23,2024-02-24,Cancelled,Upi,In-Store,28144.8,4319.88,199,Toronto,MH,24023.92,2024-02,2024
ORD01074,CUST0245,2024-02-23,2024-02-26,Shipped,Wallet,In-Store,17241.92,3101.94,49,New York,NY,14188.98,2024-02,2024
ORD01075,CUST0434,2024-02-24,2024-02-26,Shipped,Credit Card,In-Store,28923.12,4019.11,199,New York,KA,25103.01,2024-02,2024
ORD01076,CUST0519,2024-02-25,2024-02-29,Pending,Upi,Mobile App,40367.34,15964.41,199,Mumbai,RJ,24601.93,2024-02,2024
ORD01078,CUST0325,2024-02-26,2024-03-01,Cancelled,Credit Card,Online,45224.93,15803.84,149,Pune,MH,29570.09,2024-02,2024
ORD01079,CUST0935,2024-02-27,2024-02-29,Cancelled,Cod,Online,30086.89,10103.26,149,Ahmedabad,MH,20132.63,2024-02,2024
ORD01080,CUST0641,2024-02-28,2024-03-03,Delivered,Wallet,In-Store,22949.55,7367.43,199,London,MH,15781.12,2024-02,2024
ORD01081,CUST0625,2024-02-28,2024-02-29,Pending,Wallet,In-Store,29636.7,6978.88,99,New York,ON,22756.82,2024-02,2024
ORD01082,CUST0606,2024-02-29,2024-03-05,Cancelled,Credit Card,Online,22820.93,8531.02,99,Ahmedabad,GJ,14388.91,2024-02,2024
ORD01083,CUST0068,2024-03-01,2024-03-03,Pending,Cod,In-Store,20158.06,3042.18,149,London,MH,17264.88,2024-03,2024
ORD01084,CUST0424,2024-03-02,2024-03-09,Cancelled,Credit Card,In-Store,30603.4,3160.89,0,Ahmedabad,MH,27442.51,2024-03,2024
ORD01085,CUST0868,2024-03-02,2024-03-03,Pending,Wallet,In-Store,35043.98,11986.96,0,Toronto,NSW,23057.02,2024-03,2024
ORD01086,CUST0474,2024-03-03,2024-03-05,Cancelled,Upi,Mobile App,21718.19,447.31,99,Sydney,GJ,21369.88,2024-03,2024
ORD01087,CUST0445,2024-04-03,2024-03-10,Delivered,Cod,Online,4131.6,1592.11,49,Surat,LDN,2588.49,2024-04,2024
ORD01088,CUST0281,2024-03-05,2024-03-08,Shipped,Net Banking,Mobile App,47574.75,13622.06,149,Delhi,NY,34101.69,2024-03,2024
ORD01090,CUST0857,2024-03-06,2024-03-09,Shipped,Net Banking,Online,36425.77,6154.17,0,Hyderabad,DL,30271.6,2024-03,2024
ORD01091,CUST0250,2024-07-03,2024-03-14,Delivered,Wallet,In-Store,33143.1,3456.95,49,Chennai,GJ,29735.15,2024-07,2024
ORD01092,CUST0151,2024-07-03,2024-03-09,Returned,Cod,Online,48485.87,7135.91,149,Delhi,NY,41498.96,2024-07,2024
ORD01093,CUST0231,2024-03-08,2024-03-10,Delivered,Cod,Online,44158.88,17525.66,99,Bangalore,NY,26732.22,2024-03,2024
ORD01094,CUST0801,2024-03-09,2024-03-14,Returned,Credit Card,In-Store,32321.08,10104.08,149,New York,NSW,22366.0,2024-03,2024
ORD01095,CUST0592,2024-03-10,2024-03-14,Cancelled,Wallet,Mobile App,47424.74,9190.39,99,Hyderabad,GJ,38333.35,2024-03,2024
ORD01096,CUST0683,2024-03-10,2024-03-13,Delivered,Wallet,In-Store,37494.56,3963.83,49,Chennai,ON,33579.73,2024-03,2024
ORD01097,CUST0070,2024-03-11,2024-03-13,Cancelled,Upi,Online,23634.28,6646.03,199,Hyderabad,TN,17187.25,2024-03,2024
ORD01098,CUST0731,2024-12-03,2024-03-19,Shipped,Debit Card,Mobile App,22340.56,2686.79,0,New York,MH,19653.77,2024-12,2024
ORD01099,CUST0586,2024-03-13,2024-03-16,Shipped,Upi,Mobile App,49018.85,13381.93,49,Pune,TS,35685.92,2024-03,2024
ORD01100,CUST0752,2024-03-13,2024-03-17,Cancelled,Debit Card,Online,49949.7,8548.04,49,Chennai,ON,41450.66,2024-03,2024
ORD01101,CUST0234,2024-03-14,2024-03-15,Delivered,Wallet,In-Store,15112.64,6001.03,0,Pune,ON,9111.61,2024-03,2024
ORD01102,CUST0675,2024-03-15,2024-03-21,Shipped,Credit Card,Mobile App,12543.47,3245.37,199,Chennai,NSW,9497.1,2024-03,2024
ORD01103,CUST0184,2024-03-15,2024-03-22,Delivered,Credit Card,Online,42986.63,14927.92,149,Jaipur,TS,28207.71,2024-03,2024
ORD01105,CUST0144,2024-03-17,2024-03-24,Shipped,Cod,In-Store,7150.98,1571.13,149,Delhi,MH,5728.85,2024-03,2024
ORD01106,CUST0808,2024-03-18,2024-03-23,Cancelled,Upi,Online,40344.97,10465.84,0,Delhi,KA,29879.13,2024-03,2024
ORD01107,CUST0922,2024-03-18,2024-03-21,Delivered,Debit Card,Online,25235.38,3723.46,149,London,TS,21660.92,2024-03,2024
ORD01108,CUST0547,2024-03-19,2024-03-25,Pending,Credit Card,In-Store,37973.44,740.83,49,Pune,LDN,37281.61,2024-03,2024
ORD01109,CUST0153,2024-03-20,2024-03-22,Cancelled,Cod,Mobile App,2675.11,207.91,149,Ahmedabad,LDN,2616.2,2024-03,2024
ORD01110,CUST0907,2024-03-21,2024-03-24,Cancelled,Cod,In-Store,14134.82,3555.57,99,Pune,GJ,10678.25,2024-03,2024
ORD01111,CUST0909,2024-03-21,2024-03-23,Pending,Credit Card,Mobile App,18938.25,5596.25,49,Mumbai,GJ,13391.0,2024-03,2024
ORD01112,CUST0651,2024-03-22,2024-03-23,Delivered,Net Banking,In-Store,33745.84,2032.03,49,Sydney,GJ,31762.81,2024-03,2024
ORD01113,CUST0825,2024-03-23,2024-03-26,Pending,Wallet,Online,4529.99,1293.88,0,Surat,GJ,3236.11,2024-03,2024
ORD01114,CUST0412,2024-03-24,2024-03-25,Shipped,Cod,In-Store,6289.19,1123.25,99,Bangalore,TS,5264.94,2024-03,2024
ORD01115,CUST0825,2024-03-24,2024-03-27,Pending,Credit Card,Mobile App,44318.48,3067.89,149,Ahmedabad,TS,41399.59,2024-03,2024
ORD01116,CUST0466,2024-03-25,2024-04-01,Cancelled,Wallet,Online,47165.73,8385.99,99,Bangalore,ON,38878.74,2024-03,2024
ORD01117,CUST0934,2024-03-26,2024-03-29,Cancelled,Cod,Online,45096.27,9998.17,199,Mumbai,TS,35297.1,2024-03,2024
ORD01118,CUST0105,2024-03-26,2024-03-30,Shipped,Credit Card,Mobile App,39199.48,15149.63,99,Surat,GJ,24148.85,2024-03,2024
ORD01119,CUST0180,2024-03-27,2024-03-31,Shipped,Credit Card,In-Store,32538.16,12246.7,199,Hyderabad,WB,20490.46,2024-03,2024
ORD01120,CUST0390,2024-03-28,2024-04-03,Returned,Credit Card,In-Store,17771.67,1352.48,149,Jaipur,TS,16568.19,2024-03,2024
ORD01121,CUST0910,2024-03-29,2024-04-01,Delivered,Cod,Online,43473.72,16733.96,49,Mumbai,ON,26788.76,2024-03,2024
ORD01122,CUST0617,2024-03-29,2024-04-04,Delivered,Wallet,Mobile App,27922.88,0.0,99,London,GJ,28021.88,2024-03,2024
ORD01123,CUST0247,2024-03-30,2024-04-02,Returned,Credit Card,In-Store,21120.4,2996.49,99,Toronto,TN,18222.91,2024-03,2024
ORD01124,CUST0473,2024-03-31,2024-04-01,Returned,Net Banking,In-Store,14972.57,455.35,149,Chennai,MH,14666.22,2024-03,2024
ORD01125,CUST0598,2024-04-01,2024-04-07,Shipped,Upi,Mobile App,10477.25,2606.7,0,Kolkata,TS,7870.55,2024-04,2024
ORD01126,CUST0267,2024-01-04,2024-04-05,Returned,Credit Card,Online,2420.91,824.18,0,Surat,WB,1596.73,2024-01,2024
ORD01127,CUST0620,2024-04-02,2024-04-09,Returned,Cod,Mobile App,17917.71,3628.27,49,London,TS,14338.44,2024-04,2024
ORD01128,CUST0867,2024-04-03,2024-04-04,Cancelled,Upi,Online,17235.92,3621.84,99,Sydney,ON,13713.08,2024-04,2024
ORD01130,CUST0582,2024-04-04,2024-04-06,Pending,Upi,In-Store,20639.73,8122.59,0,Ahmedabad,MH,12517.14,2024-04,2024
ORD01131,CUST0329,2024-04-05,2024-04-09,Cancelled,Credit Card,Online,23374.11,7998.31,199,New York,WB,15574.8,2024-04,2024
ORD01132,CUST0866,2024-04-06,2024-04-12,Cancelled,Wallet,Mobile App,36807.05,11998.11,199,Pune,MH,25007.94,2024-04,2024
ORD01133,CUST0881,2024-06-04,2024-04-11,Pending,Debit Card,In-Store,41241.14,1283.37,199,Kolkata,WB,40156.77,2024-06,2024
ORD01134,CUST0170,2024-04-07,2024-04-11,Cancelled,Debit Card,Online,28428.06,8364.65,99,Bangalore,GJ,20162.41,2024-04,2024
ORD01135,CUST0959,2024-08-04,2024-04-12,Returned,Credit Card,Mobile App,5179.94,1837.29,199,Surat,RJ,3541.65,2024-08,2024
ORD01136,CUST0191,2024-04-09,2024-04-16,Pending,Debit Card,Online,39399.02,4360.4,149,Hyderabad,NSW,35187.62,2024-04,2024
ORD01137,CUST0321,2024-04-09,2024-04-12,Delivered,Upi,In-Store,23572.15,4007.74,0,Chennai,RJ,19564.41,2024-04,2024
ORD01138,CUST0190,2024-04-10,2024-04-15,Delivered,Upi,In-Store,20477.3,3987.84,0,Chennai,KA,16489.46,2024-04,2024
ORD01139,CUST0929,2024-04-11,2024-04-14,Pending,Debit Card,Online,29219.16,4673.84,149,Surat,WB,24694.32,2024-04,2024
ORD01140,CUST0630,2024-04-12,2024-04-14,Delivered,Wallet,Mobile App,30744.09,9104.85,49,Delhi,TS,21688.24,2024-04,2024
ORD01141,CUST0425,2024-04-12,2024-04-15,Cancelled,Credit Card,Mobile App,30059.9,4508.11,199,Kolkata,RJ,25750.79,2024-04,2024
ORD01143,CUST0264,2024-04-14,2024-04-21,Cancelled,Wallet,Mobile App,9378.2,1586.09,99,Kolkata,KA,7891.11,2024-04,2024
ORD01144,CUST0265,2024-04-14,2024-04-20,Pending,Credit Card,Mobile App,41924.98,11410.46,199,Sydney,LDN,30713.52,2024-04,2024
ORD01145,CUST0309,2024-04-15,2024-04-16,Returned,Wallet,Online,7862.75,796.9,99,Toronto,NY,7164.85,2024-04,2024
ORD01146,CUST0701,2024-04-16,2024-04-23,Cancelled,Wallet,In-Store,26643.51,4008.21,99,Ahmedabad,GJ,22734.3,2024-04,2024
ORD01147,CUST0533,2024-04-17,2024-04-23,Cancelled,Cod,In-Store,12257.44,2705.28,0,Mumbai,MH,9552.16,2024-04,2024
ORD01148,CUST0286,2024-04-17,2024-04-20,Pending,Credit Card,Mobile App,25067.1,1681.1,149,Toronto,ON,23535.0,2024-04,2024
ORD01150,CUST0985,2024-04-19,2024-04-25,Pending,Debit Card,Online,46508.15,13883.7,49,Jaipur,ON,32673.45,2024-04,2024
ORD01151,CUST0255,2024-04-20,2024-04-25,Cancelled,Wallet,In-Store,25276.96,6522.87,99,Pune,TN,18853.09,2024-04,2024
ORD01152,CUST0821,2024-04-20,2024-04-21,Pending,Credit Card,Online,37411.17,10470.36,149,Pune,GJ,27089.81,2024-04,2024
ORD01153,CUST0944,2024-04-21,2024-04-23,Delivered,Credit Card,In-Store,43239.92,8285.91,0,Mumbai,GJ,34954.01,2024-04,2024
ORD01155,CUST0645,2024-04-22,2024-04-26,Shipped,Debit Card,In-Store,9860.21,3552.44,149,Surat,TN,6456.77,2024-04,2024
ORD01156,CUST0440,2024-04-23,2024-04-26,Shipped,Wallet,Mobile App,4018.89,337.65,199,Toronto,ON,3880.24,2024-04,2024
ORD01157,CUST0786,2024-04-24,2024-04-25,Cancelled,Cod,In-Store,18297.53,1228.04,0,Hyderabad,NSW,17069.49,2024-04,2024
ORD01158,CUST0721,2024-04-25,2024-04-30,Shipped,Wallet,Mobile App,17251.99,4296.56,199,Chennai,RJ,13154.43,2024-04,2024
ORD01159,CUST0748,2024-04-25,2024-04-26,Returned,Net Banking,Mobile App,15249.07,5405.45,0,Toronto,MH,9843.62,2024-04,2024
ORD01160,CUST0556,2024-04-26,2024-05-01,Pending,Net Banking,Mobile App,27744.63,4162.89,99,Surat,NY,23680.74,2024-04,2024
ORD01161,CUST0446,2024-04-27,2024-04-29,Pending,Net Banking,Mobile App,48652.76,2152.44,149,New York,NSW,46649.32,2024-04,2024
ORD01162,CUST0520,2024-04-28,2024-04-30,Pending,Wallet,Mobile App,10835.1,890.79,0,Hyderabad,TS,9944.31,2024-04,2024
ORD01163,CUST0116,2024-04-28,2024-05-04,Cancelled,Upi,Mobile App,38134.01,8724.14,199,Hyderabad,NY,29608.87,2024-04,2024
ORD01164,CUST0894,2024-04-29,2024-05-05,Shipped,Cod,In-Store,36643.75,14551.27,199,Toronto,ON,22291.48,2024-04,2024
ORD01165,CUST0996,2024-04-30,2024-05-04,Pending,Credit Card,In-Store,19320.46,2002.49,199,Delhi,WB,17516.97,2024-04,2024
ORD01166,CUST0906,2024-05-01,2024-05-04,Shipped,Credit Card,Online,45744.92,1880.96,199,Mumbai,MH,44062.96,2024-05,2024
ORD01167,CUST0119,2024-05-01,2024-05-05,Cancelled,Credit Card,Mobile App,37253.68,3608.58,0,Toronto,GJ,33645.1,2024-05,2024
ORD01169,CUST0317,2024-03-05,2024-05-10,Pending,Net Banking,In-Store,14830.08,5873.58,99,Delhi,KA,9055.5,2024-03,2024
ORD01170,CUST0802,2024-03-05,2024-05-08,Pending,Cod,In-Store,12547.98,1668.08,99,Mumbai,DL,10978.9,2024-03,2024
ORD01171,CUST0995,2024-04-05,2024-05-07,Pending,Wallet,Online,47618.27,6109.0,0,Hyderabad,MH,41509.27,2024-04,2024
ORD01172,CUST0228,2024-05-05,2024-05-08,Cancelled,Wallet,In-Store,14911.94,2682.84,199,Bangalore,NSW,12428.1,2024-05,2024
ORD01173,CUST0227,2024-05-06,2024-05-09,Pending,Credit Card,Mobile App,44695.8,11024.47,149,Sydney,TS,33820.33,2024-05,2024
ORD01174,CUST0048,2024-06-05,2024-05-09,Shipped,Credit Card,In-Store,33215.83,4156.79,149,Ahmedabad,MH,29208.04,2024-06,2024
ORD01175,CUST0437,2024-05-07,2024-05-12,Delivered,Upi,In-Store,21664.73,6493.46,99,Toronto,GJ,15270.27,2024-05,2024
ORD01176,CUST0264,2024-08-05,2024-05-09,Cancelled,Wallet,In-Store,6072.0,1356.15,49,London,KA,4764.85,2024-08,2024
ORD01177,CUST0025,2024-05-09,2024-05-13,Pending,Wallet,Online,20389.82,5006.72,199,Surat,NSW,15582.1,2024-05,2024
ORD01178,CUST0620,2024-05-09,2024-05-15,Delivered,Upi,Mobile App,20907.1,5723.83,199,Ahmedabad,MH,15382.27,2024-05,2024
ORD01179,CUST0725,2024-10-05,2024-05-16,Cancelled,Net Banking,In-Store,1243.1,483.17,149,Hyderabad,TS,908.93,2024-10,2024
ORD01180,CUST0533,2024-05-11,2024-05-18,Pending,Cod,In-Store,30831.39,212.98,199,Surat,ON,30817.41,2024-05,2024
ORD01181,CUST0026,2024-11-05,2024-05-16,Pending,Credit Card,Mobile App,12577.93,4025.25,0,Chennai,MH,8552.68,2024-11,2024
ORD01182,CUST0329,2024-12-05,2024-05-19,Cancelled,Debit Card,Online,41228.92,15255.61,49,Pune,LDN,26022.31,2024-12,2024
ORD01183,CUST0576,2024-05-13,2024-05-16,Cancelled,Credit Card,In-Store,25011.15,9282.84,149,Hyderabad,TN,15877.31,2024-05,2024
ORD01184,CUST0512,2024-05-14,2024-05-21,Returned,Debit Card,Mobile App,41799.34,9504.85,149,Sydney,GJ,32443.49,2024-05,2024
ORD01185,CUST0491,2024-05-14,2024-05-17,Pending,Upi,In-Store,9758.28,1057.76,199,Surat,WB,8899.52,2024-05,2024
ORD01186,CUST0088,2024-05-15,2024-05-22,Shipped,Cod,Mobile App,37313.19,166.01,199,Bangalore,MH,37346.18,2024-05,2024
ORD01187,CUST0862,2024-05-16,2024-05-20,Delivered,Wallet,Mobile App,31743.83,11713.27,99,Delhi,DL,20129.56,2024-05,2024
ORD01188,CUST0342,2024-05-17,2024-05-22,Shipped,Upi,Mobile App,27608.28,5034.26,49,Mumbai,ON,22623.02,2024-05,2024
ORD01189,CUST0325,2024-05-17,2024-05-18,Pending,Debit Card,Online,48012.14,12694.57,99,Delhi,WB,35416.57,2024-05,2024
ORD01190,CUST0720,2024-05-18,2024-05-20,Cancelled,Cod,Mobile App,36777.3,3737.88,49,Sydney,MH,33088.42,2024-05,2024
ORD01191,CUST0357,2024-05-19,2024-05-24,Cancelled,Debit Card,Online,7322.93,1024.18,99,Jaipur,GJ,6397.75,2024-05,2024
ORD01192,CUST0609,2024-05-20,2024-05-27,Cancelled,Wallet,In-Store,40588.96,5376.94,199,Toronto,NSW,35411.02,2024-05,2024
ORD01193,CUST0692,2024-05-20,2024-05-25,Returned,Cod,In-Store,1251.09,465.28,199,Delhi,GJ,984.81,2024-05,2024
ORD01194,CUST0676,2024-05-21,2024-05-28,Delivered,Credit Card,Mobile App,2291.5,506.35,49,Jaipur,NSW,1834.15,2024-05,2024
ORD01195,CUST0801,2024-05-22,2024-05-25,Delivered,Credit Card,Mobile App,13181.16,2206.57,99,Jaipur,NSW,11073.59,2024-05,2024
ORD01196,CUST0711,2024-05-22,2024-05-28,Pending,Debit Card,Online,13248.15,5058.78,149,New York,TN,8338.37,2024-05,2024
ORD01198,CUST0790,2024-05-24,2024-05-29,Delivered,Cod,Mobile App,25183.56,7340.27,199,Kolkata,NSW,18042.29,2024-05,2024
ORD01199,CUST0656,2024-05-25,2024-06-01,Shipped,Wallet,In-Store,34421.75,2812.09,0,Surat,NY,31609.66,2024-05,2024
ORD01200,CUST0932,2024-05-25,2024-05-28,Pending,Wallet,Online,42065.78,7259.13,49,Surat,LDN,34855.65,2024-05,2024
ORD01201,CUST0398,2024-05-26,2024-05-28,Cancelled,Wallet,In-Store,26589.07,9856.53,149,New York,TS,16881.54,2024-05,2024
ORD01202,CUST0716,2024-05-27,2024-05-31,Pending,Debit Card,Online,21335.84,8385.29,199,Delhi,GJ,13149.55,2024-05,2024
ORD01203,CUST0911,2024-05-28,2024-06-04,Pending,Net Banking,In-Store,10379.58,2736.07,0,Chennai,MH,7643.51,2024-05,2024
ORD01204,CUST0171,2024-05-28,2024-06-03,Pending,Credit Card,Online,46381.17,15646.15,0,Bangalore,GJ,30735.02,2024-05,2024
ORD01205,CUST0799,2024-05-29,2024-06-04,Delivered,Wallet,In-Store,39988.28,13886.11,199,Toronto,GJ,26301.17,2024-05,2024
ORD01206,CUST0494,2024-05-30,2024-06-06,Delivered,Credit Card,Online,24151.52,5691.27,149,Sydney,KA,18609.25,2024-05,2024
ORD01208,CUST0491,2024-05-31,2024-06-03,Delivered,Wallet,Mobile App,36079.45,3699.6,199,New York,KA,32578.85,2024-05,2024
ORD01209,CUST0952,2024-01-06,2024-01-09,Cancelled,Debit Card,In-Store,16200.34,1593.41,49,Surat,MH,14655.93,2024-01,2024
ORD01210,CUST0625,2024-02-06,2024-06-03,Delivered,Wallet,Mobile App,15471.18,3645.76,0,Chennai,NY,11825.42,2024-02,2024
ORD01211,CUST0054,2024-06-02,2024-06-09,Cancelled,Debit Card,Mobile App,36580.74,14003.59,49,Pune,ON,22626.15,2024-06,2024
ORD01212,CUST0176,2024-06-03,2024-06-05,Delivered,Wallet,Mobile App,12044.49,1726.73,0,Ahmedabad,DL,10317.76,2024-06,2024
ORD01213,CUST0945,2024-04-06,2024-06-06,Returned,Net Banking,Mobile App,10831.14,243.9,199,Pune,LDN,10786.24,2024-04,2024
ORD01214,CUST0365,2024-06-05,2024-06-08,Pending,Wallet,In-Store,32909.65,5184.5,0,Chennai,GJ,27725.15,2024-06,2024
ORD01215,CUST0591,2024-06-05,2024-06-08,Cancelled,Credit Card,Online,25575.59,5289.73,199,Jaipur,TS,20484.86,2024-06,2024
ORD01216,CUST0101,2024-06-06,2024-06-09,Delivered,Cod,Online,40003.78,6080.54,49,Hyderabad,TN,33972.24,2024-06,2024
ORD01217,CUST0705,2024-06-07,2024-06-13,Pending,Upi,Online,38737.49,14553.85,199,Toronto,DL,24382.64,2024-06,2024
ORD01218,CUST0156,2024-08-06,2024-06-15,Pending,Debit Card,Mobile App,8026.63,2909.6,199,Jaipur,NY,5316.03,2024-08,2024
ORD01219,CUST0017,2024-08-06,2024-06-14,Cancelled,Cod,Mobile App,5628.07,491.52,49,New York,WB,5185.55,2024-08,2024
ORD01220,CUST0731,2024-06-09,2024-06-12,Pending,Credit Card,Online,44924.06,9240.69,149,Delhi,ON,35832.37,2024-06,2024
ORD01221,CUST0748,2024-06-10,2024-06-13,Pending,Upi,Mobile App,47111.87,7960.12,149,Delhi,MH,39300.75,2024-06,2024
ORD01223,CUST0978,2024-06-11,2024-06-17,Delivered,Upi,In-Store,48680.94,14294.01,199,Pune,KA,34585.93,2024-06,2024
ORD01224,CUST0400,2024-12-06,2024-06-16,Pending,Credit Card,In-Store,16802.68,533.31,99,London,MH,16368.37,2024-12,2024
ORD01225,CUST0977,2024-06-13,2024-06-15,Delivered,Cod,Mobile App,23931.04,8588.59,99,Ahmedabad,MH,15441.45,2024-06,2024
ORD01226,CUST0242,2024-06-13,2024-06-15,Returned,Credit Card,In-Store,25197.02,6275.59,99,Mumbai,NY,19020.43,2024-06,2024
ORD01227,CUST0480,2024-06-14,2024-06-20,Pending,Cod,Mobile App,13894.06,5374.04,0,Sydney,NSW,8520.02,2024-06,2024
ORD01228,CUST0173,2024-06-15,2024-06-17,Returned,Wallet,Online,26375.51,7215.33,49,Chennai,TN,19209.18,2024-06,2024
ORD01229,CUST0120,2024-06-16,2024-06-23,Delivered,Upi,Mobile App,6102.99,1826.48,0,Hyderabad,LDN,4276.51,2024-06,2024
ORD01230,CUST0423,2024-06-16,2024-06-17,Pending,Wallet,Mobile App,21277.6,2848.18,99,Ahmedabad,NY,18528.42,2024-06,2024
ORD01231,CUST0183,2024-06-17,2024-06-20,Delivered,Net Banking,Mobile App,15982.85,4906.76,149,Pune,LDN,11225.09,2024-06,2024
ORD01232,CUST0908,2024-06-18,2024-06-19,Delivered,Upi,Online,20224.8,4282.71,149,Kolkata,ON,16091.09,2024-06,2024
ORD01233,CUST0742,2024-06-18,2024-06-22,Delivered,Cod,In-Store,45684.4,910.41,49,Mumbai,GJ,44822.99,2024-06,2024
ORD01234,CUST0990,2024-06-19,2024-06-25,Returned,Wallet,In-Store,9265.9,3095.07,149,New York,TS,6319.83,2024-06,2024
ORD01235,CUST0407,2024-06-20,2024-06-27,Shipped,Credit Card,In-Store,4384.49,1291.51,199,Delhi,TN,3291.98,2024-06,2024
ORD01236,CUST0405,2024-06-21,2024-06-25,Cancelled,Upi,Mobile App,8710.34,978.28,49,Sydney,NY,7781.06,2024-06,2024
ORD01237,CUST0743,2024-06-21,2024-06-24,Returned,Debit Card,Mobile App,39614.83,3406.34,199,Sydney,NY,36407.49,2024-06,2024
ORD01238,CUST0024,2024-06-22,2024-06-23,Cancelled,Wallet,Mobile App,27709.53,6292.56,199,Kolkata,GJ,21615.97,2024-06,2024
ORD01239,CUST0222,2024-06-23,2024-06-27,Returned,Credit Card,Online,34738.48,13268.95,199,Hyderabad,RJ,21668.53,2024-06,2024
ORD01240,CUST0150,2024-06-24,2024-06-25,Pending,Debit Card,Mobile App,39702.33,3121.16,99,Sydney,RJ,36680.17,2024-06,2024
ORD01241,CUST0195,2024-06-24,2024-06-26,Pending,Upi,Mobile App,42731.18,14878.43,149,New York,TS,28001.75,2024-06,2024
ORD01242,CUST0332,2024-06-25,2024-06-28,Delivered,Wallet,Online,44069.1,7035.75,149,Bangalore,TS,37182.35,2024-06,2024
ORD01243,CUST0521,2024-06-26,2024-07-01,Returned,Net Banking,In-Store,13134.61,2189.95,0,Kolkata,KA,10944.66,2024-06,2024
ORD01244,CUST0305,2024-06-26,2024-06-30,Shipped,Net Banking,Mobile App,44635.56,730.29,149,Bangalore,GJ,44054.27,2024-06,2024
ORD01245,CUST0075,2024-06-27,2024-06-29,Shipped,Upi,Online,37412.16,14823.64,49,Hyderabad,RJ,22637.52,2024-06,2024
ORD01246,CUST0549,2024-06-28,2024-06-29,Shipped,Debit Card,Online,16704.62,1377.86,99,Sydney,GJ,15425.76,2024-06,2024
ORD01247,CUST0816,2024-06-29,2024-07-02,Pending,Net Banking,Online,30005.11,1838.2,199,Pune,MH,28365.91,2024-06,2024
ORD01248,CUST0007,2024-06-29,2024-07-05,Cancelled,Cod,In-Store,22277.93,5583.18,49,Pune,KA,16743.75,2024-06,2024
ORD01249,CUST0180,2024-06-30,2024-07-01,Cancelled,Wallet,Mobile App,2224.43,872.97,99,Hyderabad,NY,1450.46,2024-06,2024
ORD01250,CUST0638,2024-01-07,2024-07-05,Shipped,Wallet,Mobile App,42504.6,11034.33,49,Kolkata,TN,31519.27,2024-01,2024
ORD01251,CUST0328,2024-07-02,2024-07-08,Delivered,Upi,Mobile App,33711.52,6121.86,99,Bangalore,WB,27688.66,2024-07,2024
ORD01252,CUST0353,2024-07-02,2024-07-07,Returned,Upi,In-Store,8019.87,585.11,99,Mumbai,DL,7533.76,2024-07,2024
ORD01253,CUST0674,2024-03-07,2024-07-06,Shipped,Credit Card,Mobile App,19943.48,5116.28,99,Bangalore,ON,14926.2,2024-03,2024
ORD01254,CUST0635,2024-07-04,2024-07-05,Returned,Wallet,In-Store,22345.97,5448.04,0,Delhi,NSW,16897.93,2024-07,2024
ORD01255,CUST0604,2024-07-05,2024-07-06,Shipped,Cod,Mobile App,4201.09,1312.89,199,Sydney,GJ,3087.2,2024-07,2024
ORD01256,CUST0582,2024-05-07,2024-05-10,Pending,Credit Card,Mobile App,30396.78,786.35,149,Chennai,GJ,29759.43,2024-05,2024
ORD01257,CUST0975,2024-07-06,2024-07-09,Cancelled,Credit Card,In-Store,28672.07,7890.47,99,Pune,TS,20880.6,2024-07,2024
ORD01258,CUST0502,2024-07-07,2024-07-11,Cancelled,Net Banking,In-Store,39059.55,5297.31,0,London,GJ,33762.24,2024-07,2024
ORD01259,CUST0480,2024-07-07,2024-07-09,Shipped,Upi,Online,27120.73,5641.26,49,Hyderabad,WB,21528.47,2024-07,2024
ORD01260,CUST0789,2024-08-07,2024-07-15,Delivered,Debit Card,Online,33181.88,6316.09,149,Toronto,LDN,27014.79,2024-08,2024
ORD01261,CUST0233,2024-09-07,2024-07-12,Shipped,Upi,In-Store,39028.58,9091.3,0,Kolkata,TS,29937.28,2024-09,2024
ORD01262,CUST0739,2024-07-10,2024-07-11,Returned,Upi,Mobile App,15219.32,3730.3,49,Surat,MH,11538.02,2024-07,2024
ORD01263,CUST0467,2024-10-07,2024-07-12,Delivered,Wallet,In-Store,49201.13,8500.17,149,London,ON,40849.96,2024-10,2024
ORD01264,CUST0994,2024-07-11,2024-07-12,Returned,Cod,Mobile App,43005.19,13773.76,49,London,TS,29280.43,2024-07,2024
ORD01265,CUST0939,2024-12-07,2024-12-10,Returned,Cod,In-Store,41520.41,4411.65,199,Bangalore,GJ,37307.76,2024-12,2024
ORD01266,CUST0816,2024-07-13,2024-07-17,Cancelled,Wallet,Online,20305.28,7711.63,49,Bangalore,LDN,12642.65,2024-07,2024
ORD01267,CUST0585,2024-07-13,2024-07-20,Returned,Credit Card,Online,10604.4,2518.51,149,New York,LDN,8234.89,2024-07,2024
ORD01268,CUST0201,2024-07-14,2024-07-15,Shipped,Upi,Mobile App,2482.16,122.19,99,Chennai,MH,2458.97,2024-07,2024
ORD01269,CUST0617,2024-07-15,2024-07-20,Pending,Upi,Mobile App,42954.53,13169.85,199,Surat,LDN,29983.68,2024-07,2024
ORD01270,CUST0851,2024-07-15,2024-07-20,Cancelled,Cod,Online,3680.65,1316.84,99,Hyderabad,GJ,2462.81,2024-07,2024
ORD01271,CUST0368,2024-07-16,2024-07-23,Cancelled,Cod,Online,8730.14,3291.56,149,Mumbai,MH,5587.58,2024-07,2024
ORD01273,CUST0874,2024-07-18,2024-07-25,Pending,Credit Card,Online,24441.12,931.02,199,Sydney,GJ,23709.1,2024-07,2024
ORD01274,CUST0593,2024-07-18,2024-07-23,Returned,Credit Card,Online,23432.89,5807.37,99,Sydney,LDN,17724.52,2024-07,2024
ORD01275,CUST0324,2024-07-19,2024-07-21,Shipped,Debit Card,Mobile App,26866.69,10389.22,99,Delhi,RJ,16576.47,2024-07,2024
ORD01276,CUST0782,2024-07-20,2024-07-24,Pending,Debit Card,Mobile App,33740.14,7855.69,99,Toronto,DL,25983.45,2024-07,2024
ORD01277,CUST0355,2024-07-21,2024-07-22,Returned,Upi,In-Store,41659.93,6034.45,199,Ahmedabad,KA,35824.48,2024-07,2024
ORD01279,CUST0578,2024-07-22,2024-07-23,Returned,Upi,Mobile App,32049.72,9957.14,149,New York,LDN,22241.58,2024-07,2024
ORD01280,CUST0985,2024-07-23,2024-07-30,Delivered,Credit Card,Mobile App,36829.5,11595.38,99,Hyderabad,TN,25333.12,2024-07,2024
ORD01281,CUST0659,2024-07-24,2024-07-31,Delivered,Net Banking,Mobile App,23304.2,2345.55,199,Chennai,LDN,21157.65,2024-07,2024
ORD01282,CUST0836,2024-07-24,2024-07-26,Cancelled,Credit Card,Online,35844.23,3648.73,149,Hyderabad,DL,32344.5,2024-07,2024
ORD01283,CUST0150,2024-07-25,2024-07-30,Pending,Credit Card,In-Store,40486.94,13288.06,49,Kolkata,GJ,27247.88,2024-07,2024
ORD01284,CUST0261,2024-07-26,2024-07-27,Pending,Wallet,In-Store,17530.04,2239.23,99,Kolkata,LDN,15389.81,2024-07,2024
ORD01285,CUST0738,2024-07-26,2024-07-31,Delivered,Wallet,In-Store,10915.93,4099.28,99,Mumbai,NSW,6915.65,2024-07,2024
ORD01286,CUST0463,2024-07-27,2024-08-02,Delivered,Debit Card,Online,6220.79,63.2,199,Toronto,TS,6356.59,2024-07,2024
ORD01288,CUST0699,2024-07-29,2024-08-02,Pending,Wallet,Mobile App,5332.52,1599.13,149,Pune,LDN,3882.39,2024-07,2024
ORD01289,CUST0088,2024-07-29,2024-08-01,Cancelled,Upi,Mobile App,13558.55,181.38,199,Sydney,NSW,13576.17,2024-07,2024
ORD01290,CUST0076,2024-07-30,2024-07-31,Returned,Debit Card,In-Store,47213.55,5903.6,0,Hyderabad,NY,41309.95,2024-07,2024
ORD01291,CUST0066,2024-07-31,2024-08-03,Returned,Upi,In-Store,5581.11,1781.77,199,Ahmedabad,ON,3998.34,2024-07,2024
ORD01292,CUST0491,2024-08-01,2024-08-04,Delivered,Debit Card,Online,27528.89,8715.22,199,New York,KA,19012.67,2024-08,2024
ORD01293,CUST0692,2024-01-08,2024-08-08,Returned,Debit Card,In-Store,12574.34,5020.75,149,Mumbai,GJ,7702.59,2024-01,2024
ORD01294,CUST0222,2024-08-02,2024-08-04,Returned,Cod,Online,43971.65,13993.25,199,London,LDN,30177.4,2024-08,2024
ORD01295,CUST0401,2024-08-03,2024-08-05,Returned,Credit Card,In-Store,2983.87,152.88,199,New York,DL,3029.99,2024-08,2024
ORD01296,CUST0987,2024-08-03,2024-08-04,Pending,Credit Card,Online,4360.2,372.59,99,Mumbai,RJ,4086.61,2024-08,2024
ORD01297,CUST0945,2024-08-04,2024-08-10,Shipped,Debit Card,Online,30643.38,912.08,49,Kolkata,TN,29780.3,2024-08,2024
ORD01298,CUST0467,2024-08-05,2024-08-06,Returned,Cod,Online,42877.79,2829.39,99,Mumbai,KA,40147.4,2024-08,2024
ORD01299,CUST0013,2024-06-08,2024-08-12,Delivered,Debit Card,Online,20318.91,5464.75,49,Toronto,NSW,14903.16,2024-06,2024
ORD01300,CUST0224,2024-08-06,2024-08-09,Pending,Debit Card,Mobile App,36386.28,6026.24,0,Toronto,KA,30360.04,2024-08,2024
ORD01301,CUST0728,2024-08-07,2024-08-10,Shipped,Upi,Mobile App,48166.95,3776.62,0,Chennai,NY,44390.33,2024-08,2024
ORD01302,CUST0541,2024-08-08,2024-08-14,Delivered,Net Banking,Mobile App,33709.87,3078.75,99,Surat,TS,30730.12,2024-08,2024
ORD01303,CUST0436,2024-09-08,2024-08-16,Cancelled,Wallet,Mobile App,18301.4,5957.17,149,Jaipur,MH,12493.23,2024-09,2024
ORD01304,CUST0152,2024-08-09,2024-08-14,Returned,Wallet,In-Store,48718.04,6678.37,149,Sydney,KA,42188.67,2024-08,2024
ORD01305,CUST0985,2024-08-10,2024-08-13,Delivered,Net Banking,Mobile App,40507.93,15327.81,0,Delhi,TN,25180.12,2024-08,2024
ORD01306,CUST0364,2024-08-11,2024-08-18,Cancelled,Net Banking,In-Store,38203.01,5964.87,199,Mumbai,GJ,32437.14,2024-08,2024
ORD01307,CUST0403,2024-08-12,2024-08-13,Delivered,Credit Card,Mobile App,33643.74,12877.67,49,Ahmedabad,TN,20815.07,2024-08,2024
ORD01308,CUST0981,2024-12-08,2024-08-17,Shipped,Upi,In-Store,8402.92,2913.25,149,Surat,WB,5638.67,2024-12,2024
ORD01309,CUST0669,2024-08-13,2024-08-15,Pending,Wallet,Mobile App,24512.67,6293.98,199,Toronto,NSW,18417.69,2024-08,2024
ORD01310,CUST0475,2024-08-14,2024-08-19,Delivered,Wallet,Mobile App,16724.02,4138.84,99,Pune,NY,12684.18,2024-08,2024
ORD01311,CUST0884,2024-08-14,2024-08-19,Cancelled,Wallet,Online,15991.81,6164.91,99,Delhi,KA,9925.9,2024-08,2024
ORD01312,CUST0442,2024-08-15,2024-08-19,Cancelled,Cod,Online,10817.03,1621.62,99,Kolkata,GJ,9294.41,2024-08,2024
ORD01313,CUST0107,2024-08-16,2024-08-19,Returned,Upi,Mobile App,5557.83,216.88,199,Chennai,WB,5539.95,2024-08,2024
ORD01314,CUST0106,2024-08-17,2024-08-21,Cancelled,Wallet,Mobile App,34844.52,1189.29,149,Pune,DL,33804.23,2024-08,2024
ORD01315,CUST0165,2024-08-17,2024-08-20,Delivered,Upi,Online,48321.92,13281.75,49,Bangalore,GJ,35089.17,2024-08,2024
ORD01316,CUST0374,2024-08-18,2024-08-25,Shipped,Credit Card,Online,32438.59,7005.11,199,Delhi,WB,25632.48,2024-08,2024
ORD01317,CUST0971,2024-08-19,2024-08-21,Cancelled,Credit Card,Online,36141.62,7416.13,0,Hyderabad,NSW,28725.49,2024-08,2024
ORD01319,CUST0299,2024-08-20,2024-08-26,Pending,Net Banking,In-Store,1492.27,44.47,199,Toronto,LDN,1646.8,2024-08,2024
ORD01320,CUST0748,2024-08-21,2024-08-22,Shipped,Debit Card,Mobile App,13421.45,320.32,0,London,MH,13101.13,2024-08,2024
ORD01321,CUST0871,2024-08-22,2024-08-25,Shipped,Cod,In-Store,27130.96,9891.06,0,Delhi,ON,17239.9,2024-08,2024
ORD01322,CUST0165,2024-08-22,2024-08-26,Pending,Wallet,Mobile App,43934.64,6939.79,99,London,NY,37093.85,2024-08,2024
ORD01323,CUST0211,2024-08-23,2024-08-29,Cancelled,Wallet,Online,36642.5,154.88,149,Bangalore,TS,36636.62,2024-08,2024
ORD01324,CUST0213,2024-08-24,2024-08-27,Cancelled,Credit Card,Mobile App,5509.53,1197.69,149,Mumbai,MH,4460.84,2024-08,2024
ORD01325,CUST0032,2024-08-25,2024-08-29,Cancelled,Cod,Online,18721.51,3618.37,149,Bangalore,TS,15252.14,2024-08,2024
ORD01326,CUST0816,2024-08-25,2024-08-28,Delivered,Cod,Online,20860.2,7997.48,149,Bangalore,LDN,13011.72,2024-08,2024
ORD01327,CUST0015,2024-08-26,2024-08-29,Shipped,Wallet,In-Store,26225.27,5414.42,199,Hyderabad,WB,21009.85,2024-08,2024
ORD01328,CUST0557,2024-08-27,2024-08-30,Cancelled,Debit Card,Mobile App,25100.09,8171.81,49,New York,MH,16977.28,2024-08,2024
ORD01329,CUST0044,2024-08-28,2024-09-01,Returned,Credit Card,Mobile App,33597.18,5202.49,99,Delhi,NY,28493.69,2024-08,2024
ORD01330,CUST0371,2024-08-28,2024-09-03,Delivered,Wallet,In-Store,12909.46,2217.33,99,Ahmedabad,MH,10791.13,2024-08,2024
ORD01331,CUST0408,2024-08-29,2024-09-01,Delivered,Credit Card,In-Store,20123.77,0.0,49,Pune,DL,20172.77,2024-08,2024
ORD01332,CUST0980,2024-08-30,2024-09-02,Cancelled,Debit Card,Mobile App,39824.63,9066.12,199,Kolkata,DL,30957.51,2024-08,2024
ORD01333,CUST0256,2024-08-31,2024-09-04,Shipped,Wallet,Online,32294.13,2964.19,49,Delhi,KA,29378.94,2024-08,2024
ORD01334,CUST0033,2024-08-31,2024-09-03,Delivered,Credit Card,In-Store,5813.18,2235.35,149,Kolkata,RJ,3726.83,2024-08,2024
ORD01335,CUST0761,2024-09-01,2024-09-03,Cancelled,Cod,Online,3550.65,1226.22,199,Jaipur,WB,2523.43,2024-09,2024
ORD01336,CUST0971,2024-02-09,2024-02-12,Delivered,Credit Card,Online,49674.16,0.0,149,Mumbai,TN,49823.16,2024-02,2024
ORD01337,CUST0521,2024-09-02,2024-09-04,Shipped,Cod,Online,8840.06,3397.15,49,Surat,RJ,5491.91,2024-09,2024
ORD01338,CUST0717,2024-09-03,2024-09-05,Delivered,Wallet,Mobile App,45076.28,13137.49,99,Pune,DL,32037.79,2024-09,2024
ORD01339,CUST0150,2024-09-04,2024-09-10,Cancelled,Credit Card,In-Store,272.02,18.96,149,Kolkata,DL,402.06,2024-09,2024
ORD01340,CUST0592,2024-09-05,2024-09-06,Cancelled,Wallet,Mobile App,1351.69,382.71,149,Hyderabad,MH,1117.98,2024-09,2024
ORD01341,CUST0988,2024-05-09,2024-09-12,Pending,Upi,Online,622.18,215.23,199,New York,MH,605.95,2024-05,2024
ORD01343,CUST0644,2024-09-07,2024-09-13,Cancelled,Debit Card,Mobile App,41975.88,10725.31,0,Delhi,KA,31250.57,2024-09,2024
ORD01344,CUST0259,2024-09-08,2024-09-10,Delivered,Upi,Online,44280.94,5779.04,0,Jaipur,LDN,38501.9,2024-09,2024
ORD01345,CUST0653,2024-09-08,2024-09-11,Shipped,Credit Card,In-Store,12760.69,2929.4,99,London,NSW,9930.29,2024-09,2024
ORD01346,CUST0573,2024-09-09,2024-09-16,Pending,Net Banking,In-Store,36746.79,4472.2,0,Pune,ON,32274.59,2024-09,2024
ORD01347,CUST0143,2024-09-10,2024-09-17,Delivered,Credit Card,Online,9550.98,2182.81,99,Hyderabad,KA,7467.17,2024-09,2024
ORD01348,CUST0524,2024-09-10,2024-09-11,Pending,Credit Card,In-Store,35356.03,8008.3,0,Delhi,RJ,27347.73,2024-09,2024
ORD01349,CUST0478,2024-11-09,2024-09-18,Pending,Cod,Mobile App,37942.51,9150.19,0,Chennai,LDN,28792.32,2024-11,2024
ORD01351,CUST0985,2024-09-13,2024-09-16,Pending,Credit Card,Online,45386.98,16216.8,99,New York,KA,29269.18,2024-09,2024
ORD01352,CUST0931,2024-09-13,2024-09-14,Cancelled,Cod,Mobile App,46649.68,7127.83,99,Chennai,MH,39620.85,2024-09,2024
ORD01353,CUST0859,2024-09-14,2024-09-21,Pending,Debit Card,In-Store,27089.44,2512.37,199,Kolkata,GJ,24776.07,2024-09,2024
ORD01354,CUST0886,2024-09-15,2024-09-18,Shipped,Cod,Online,22466.08,5019.96,0,Kolkata,ON,17446.12,2024-09,2024
ORD01355,CUST0176,2024-09-16,2024-09-18,Delivered,Credit Card,Mobile App,41653.14,0.0,149,Pune,NY,41802.14,2024-09,2024
ORD01356,CUST0819,2024-09-16,2024-09-22,Shipped,Cod,Mobile App,11299.59,1467.13,199,London,TS,10031.46,2024-09,2024
ORD01357,CUST0114,2024-09-17,2024-09-20,Delivered,Cod,Online,31787.62,10706.52,0,Toronto,NY,21081.1,2024-09,2024
ORD01358,CUST0041,2024-09-18,2024-09-21,Returned,Credit Card,Mobile App,11893.08,1082.97,49,Mumbai,NY,10859.11,2024-09,2024
ORD01359,CUST0910,2024-09-19,2024-09-25,Shipped,Credit Card,Mobile App,37446.0,10822.83,149,Bangalore,MH,26772.17,2024-09,2024
ORD01360,CUST0484,2024-09-19,2024-09-22,Returned,Cod,In-Store,25043.64,0.0,99,Jaipur,GJ,25142.64,2024-09,2024
ORD01361,CUST0700,2024-09-20,2024-09-23,Delivered,Debit Card,Mobile App,14117.22,3011.65,0,Pune,MH,11105.57,2024-09,2024
ORD01362,CUST0734,2024-09-21,2024-09-28,Pending,Wallet,Online,49162.63,14264.28,49,Surat,KA,34947.35,2024-09,2024
ORD01363,CUST0535,2024-09-21,2024-09-25,Returned,Upi,Online,49542.28,7669.48,99,Toronto,ON,41971.8,2024-09,2024
ORD01364,CUST0538,2024-09-22,2024-09-28,Returned,Debit Card,Mobile App,2668.07,634.31,199,Delhi,RJ,2232.76,2024-09,2024
ORD01365,CUST0208,2024-09-23,2024-09-29,Delivered,Cod,Online,29028.1,10331.35,149,Pune,LDN,18845.75,2024-09,2024
ORD01366,CUST0086,2024-09-24,2024-09-26,Pending,Credit Card,Online,5464.38,1058.16,199,Kolkata,KA,4605.22,2024-09,2024
ORD01367,CUST0176,2024-09-24,2024-09-27,Delivered,Cod,Mobile App,22533.79,2613.29,99,London,GJ,20019.5,2024-09,2024
ORD01368,CUST0652,2024-09-25,2024-09-30,Returned,Net Banking,Mobile App,25635.63,8103.41,49,Toronto,ON,17581.22,2024-09,2024
ORD01369,CUST0452,2024-09-26,2024-09-29,Delivered,Cod,Mobile App,10583.41,2145.93,99,Pune,WB,8536.48,2024-09,2024
ORD01370,CUST0236,2024-09-27,2024-09-29,Returned,Credit Card,Mobile App,37934.77,8800.41,199,Jaipur,GJ,29333.36,2024-09,2024
ORD01372,CUST0438,2024-09-28,2024-10-03,Delivered,Wallet,In-Store,29547.62,7061.4,149,Ahmedabad,ON,22635.22,2024-09,2024
ORD01374,CUST0781,2024-09-29,2024-10-04,Delivered,Cod,Mobile App,44529.5,7819.97,99,Surat,KA,36808.53,2024-09,2024
ORD01375,CUST0942,2024-09-30,2024-10-05,Delivered,Wallet,Mobile App,10335.52,2335.83,149,Delhi,TN,8148.69,2024-09,2024
ORD01376,CUST0298,2024-10-01,2024-10-03,Delivered,Wallet,In-Store,23474.95,1725.29,149,New York,GJ,21898.66,2024-10,2024
ORD01377,CUST0558,2024-02-10,2024-10-06,Cancelled,Credit Card,Mobile App,2853.19,499.66,49,Pune,TN,2402.53,2024-02,2024
ORD01378,CUST0358,2024-02-10,2024-10-05,Shipped,Credit Card,Mobile App,27739.54,4654.06,49,London,MH,23134.48,2024-02,2024
ORD01379,CUST0153,2024-03-10,2024-10-07,Pending,Credit Card,Online,27028.0,9740.96,49,Ahmedabad,LDN,17336.04,2024-03,2024
ORD01380,CUST0189,2024-04-10,2024-10-08,Returned,Wallet,In-Store,9710.36,3657.47,49,Jaipur,TS,6101.89,2024-04,2024
ORD01381,CUST0003,2024-05-10,2024-10-11,Shipped,Wallet,Online,30877.45,0.0,99,Bangalore,TN,30976.45,2024-05,2024
ORD01382,CUST0484,2024-10-05,2024-10-09,Pending,Cod,Online,40738.33,14496.28,149,Surat,ON,26391.05,2024-10,2024
ORD01383,CUST0137,2024-10-06,2024-10-07,Shipped,Credit Card,In-Store,35415.13,9633.64,0,Mumbai,TN,25781.49,2024-10,2024
ORD01384,CUST0007,2024-10-07,2024-10-10,Returned,Credit Card,Mobile App,6612.69,902.03,199,London,NSW,5909.66,2024-10,2024
ORD01385,CUST0066,2024-10-07,2024-10-12,Cancelled,Upi,In-Store,7114.68,869.47,49,Pune,NY,6294.21,2024-10,2024
ORD01386,CUST0632,2024-10-08,2024-10-15,Delivered,Upi,In-Store,35798.58,695.35,149,Bangalore,GJ,35252.23,2024-10,2024
ORD01387,CUST0460,2024-10-09,2024-10-14,Returned,Cod,Mobile App,26600.02,8810.22,99,London,TN,17888.8,2024-10,2024
ORD01388,CUST0866,2024-10-10,2024-10-14,Shipped,Wallet,Mobile App,47359.38,4648.97,0,Toronto,LDN,42710.41,2024-10,2024
ORD01389,CUST0024,2024-10-10,2024-10-12,Cancelled,Credit Card,Online,38256.97,7961.77,0,Hyderabad,ON,30295.2,2024-10,2024
ORD01390,CUST0564,2024-10-11,2024-10-14,Cancelled,Credit Card,Mobile App,48157.97,17423.83,199,Surat,KA,30933.14,2024-10,2024
ORD01391,CUST0303,2024-12-10,2024-10-18,Returned,Wallet,Online,48723.88,7994.56,99,Bangalore,LDN,40828.32,2024-12,2024
ORD01392,CUST0142,2024-10-13,2024-10-20,Delivered,Cod,Online,40055.65,7685.42,149,Bangalore,GJ,32519.23,2024-10,2024
ORD01393,CUST0558,2024-10-13,2024-10-17,Pending,Net Banking,In-Store,22386.84,3554.02,49,Delhi,RJ,18881.82,2024-10,2024
ORD01394,CUST0482,2024-10-14,2024-10-20,Delivered,Wallet,Online,47552.67,3210.45,49,Sydney,TN,44391.22,2024-10,2024
ORD01395,CUST0260,2024-10-15,2024-10-22,Pending,Cod,In-Store,1805.71,649.57,199,Surat,GJ,1355.14,2024-10,2024
ORD01396,CUST0850,2024-10-16,2024-10-19,Delivered,Wallet,In-Store,28053.11,10822.42,49,Sydney,WB,17279.69,2024-10,2024
ORD01397,CUST0690,2024-10-16,2024-10-20,Pending,Wallet,Mobile App,33125.47,7154.38,149,Delhi,ON,26120.09,2024-10,2024
ORD01398,CUST0072,2024-10-17,2024-10-22,Delivered,Credit Card,Online,8058.03,2854.31,149,New York,LDN,5352.72,2024-10,2024
ORD01399,CUST0448,2024-10-18,2024-10-23,Pending,Upi,Mobile App,3906.8,1252.42,99,New York,GJ,2753.38,2024-10,2024
ORD01400,CUST0699,2024-10-18,2024-10-21,Cancelled,Cod,Mobile App,8766.69,2866.48,149,Delhi,KA,6049.21,2024-10,2024
ORD01401,CUST0734,2024-10-19,2024-10-21,Cancelled,Upi,In-Store,15554.5,714.61,0,New York,DL,14839.89,2024-10,2024
ORD01403,CUST0502,2024-10-21,2024-10-23,Shipped,Cod,Online,2162.24,455.86,99,Bangalore,MH,1805.38,2024-10,2024
ORD01404,CUST0628,2024-10-21,2024-10-27,Shipped,Debit Card,In-Store,46955.94,2763.63,49,Surat,DL,44241.31,2024-10,2024
ORD01405,CUST0715,2024-10-22,2024-10-25,Delivered,Cod,Online,280.96,81.27,149,Surat,MH,348.69,2024-10,2024
ORD01406,CUST0441,2024-10-23,2024-10-24,Shipped,Upi,Mobile App,13652.39,2175.37,199,Surat,MH,11676.02,2024-10,2024
ORD01407,CUST0781,2024-10-24,2024-10-27,Shipped,Wallet,Online,43257.93,1179.22,99,Hyderabad,KA,42177.71,2024-10,2024
ORD01408,CUST0910,2024-10-24,2024-10-29,Returned,Credit Card,Mobile App,23376.73,6080.14,0,Jaipur,WB,17296.59,2024-10,2024
ORD01409,CUST0215,2024-10-25,2024-11-01,Pending,Cod,In-Store,20347.11,5538.86,149,Delhi,MH,14957.25,2024-10,2024
ORD01410,CUST0645,2024-10-26,2024-10-30,Shipped,Wallet,Online,2634.96,914.56,149,Hyderabad,GJ,1869.4,2024-10,2024
ORD01411,CUST0406,2024-10-26,2024-10-27,Returned,Wallet,Online,38373.41,4487.46,199,Delhi,GJ,34084.95,2024-10,2024
ORD01412,CUST0335,2024-10-27,2024-11-01,Delivered,Upi,Online,10162.99,2328.81,99,Hyderabad,ON,7933.18,2024-10,2024
ORD01413,CUST0068,2024-10-28,2024-10-29,Pending,Upi,Mobile App,45114.13,12429.75,49,Mumbai,KA,32733.38,2024-10,2024
ORD01414,CUST0161,2024-10-29,2024-11-02,Returned,Credit Card,Mobile App,622.24,12.19,0,Toronto,DL,610.05,2024-10,2024
ORD01415,CUST0640,2024-10-29,2024-11-03,Returned,Upi,Mobile App,48893.38,3002.62,49,Delhi,TS,45939.76,2024-10,2024
ORD01416,CUST0749,2024-10-30,2024-11-03,Delivered,Wallet,Online,37102.18,7888.29,199,Chennai,TN,29412.89,2024-10,2024
ORD01417,CUST0749,2024-10-31,2024-11-06,Pending,Net Banking,In-Store,23069.14,882.66,0,Sydney,NY,22186.48,2024-10,2024
ORD01418,CUST0336,2024-11-01,2024-11-03,Delivered,Cod,Mobile App,24867.94,0.0,149,Jaipur,NY,25016.94,2024-11,2024
ORD01419,CUST0362,2024-11-01,2024-11-05,Cancelled,Cod,In-Store,17584.84,4019.59,0,Pune,TS,13565.25,2024-11,2024
ORD01420,CUST0340,2024-02-11,2024-11-08,Delivered,Upi,Online,27530.46,7938.36,49,London,LDN,19641.1,2024-02,2024
ORD01421,CUST0094,2024-03-11,2024-11-09,Pending,Credit Card,Mobile App,48479.62,8725.62,0,London,RJ,39754.0,2024-03,2024
ORD01422,CUST0701,2024-04-11,2024-04-14,Pending,Credit Card,Mobile App,42564.73,12836.69,199,Kolkata,WB,29927.04,2024-04,2024
ORD01423,CUST0727,2024-11-04,2024-11-09,Shipped,Wallet,In-Store,45483.61,6252.56,99,Surat,GJ,39330.05,2024-11,2024
ORD01424,CUST0020,2024-11-05,2024-11-08,Returned,Debit Card,Online,3958.53,1333.74,199,Surat,NY,2823.79,2024-11,2024
ORD01425,CUST0019,2024-11-06,2024-11-13,Returned,Wallet,In-Store,30116.94,11728.69,149,Chennai,ON,18537.25,2024-11,2024
ORD01426,CUST0980,2024-06-11,2024-11-10,Pending,Wallet,In-Store,15204.93,5225.7,99,Surat,WB,10078.23,2024-06,2024
ORD01427,CUST0373,2024-11-07,2024-11-11,Cancelled,Net Banking,In-Store,40554.06,13410.84,199,Delhi,ON,27342.22,2024-11,2024
ORD01428,CUST0907,2024-11-08,2024-11-09,Delivered,Credit Card,Online,17356.77,553.53,199,Hyderabad,NSW,17002.24,2024-11,2024
ORD01429,CUST0083,2024-09-11,2024-11-14,Cancelled,Debit Card,In-Store,15088.92,3471.08,149,Sydney,MH,11766.84,2024-09,2024
ORD01430,CUST0034,2024-11-09,2024-11-11,Cancelled,Credit Card,Online,46207.81,8026.17,149,Bangalore,TN,38330.64,2024-11,2024
ORD01431,CUST0526,2024-11-10,2024-11-16,Pending,Cod,Online,12968.36,992.18,99,Kolkata,NSW,12075.18,2024-11,2024
ORD01432,CUST0118,2024-11-11,2024-11-12,Returned,Upi,In-Store,43010.4,10711.93,149,Pune,GJ,32447.47,2024-11,2024
ORD01434,CUST0311,2024-12-11,2024-11-17,Cancelled,Cod,In-Store,37658.9,12825.26,49,Mumbai,MH,24882.64,2024-12,2024
ORD01435,CUST0706,2024-11-13,2024-11-19,Delivered,Credit Card,Online,32414.71,10825.45,199,Delhi,MH,21788.26,2024-11,2024
ORD01436,CUST0551,2024-11-14,2024-11-16,Cancelled,Debit Card,Mobile App,40323.43,4358.33,199,Sydney,GJ,36164.1,2024-11,2024
ORD01437,CUST0788,2024-11-14,2024-11-16,Pending,Upi,Mobile App,6355.52,1197.13,149,Bangalore,TN,5307.39,2024-11,2024
ORD01438,CUST0263,2024-11-15,2024-11-21,Shipped,Cod,Online,36077.65,8191.42,0,Sydney,DL,27886.23,2024-11,2024
ORD01439,CUST0728,2024-11-16,2024-11-19,Pending,Credit Card,Online,17781.4,1622.05,149,London,MH,16308.35,2024-11,2024
ORD01440,CUST0132,2024-11-17,2024-11-20,Returned,Cod,In-Store,20335.33,5649.34,49,Mumbai,MH,14734.99,2024-11,2024
ORD01441,CUST0132,2024-11-17,2024-11-21,Returned,Wallet,In-Store,7774.11,102.78,149,Delhi,KA,7820.33,2024-11,2024
ORD01442,CUST0440,2024-11-18,2024-11-21,Delivered,Wallet,In-Store,29812.1,1007.99,99,Ahmedabad,MH,28903.11,2024-11,2024
ORD01443,CUST0899,2024-11-19,2024-11-24,Pending,Credit Card,In-Store,3026.51,121.37,99,Hyderabad,RJ,3004.14,2024-11,2024
ORD01444,CUST0178,2024-11-20,2024-11-25,Returned,Upi,In-Store,47216.71,2146.45,149,Mumbai,GJ,45219.26,2024-11,2024
ORD01445,CUST0213,2024-11-20,2024-11-27,Cancelled,Credit Card,Mobile App,15605.88,410.96,149,Bangalore,RJ,15343.92,2024-11,2024
ORD01446,CUST0707,2024-11-21,2024-11-23,Shipped,Upi,Mobile App,28621.74,9021.11,0,Mumbai,TN,19600.63,2024-11,2024
ORD01447,CUST0049,2024-11-22,2024-11-23,Cancelled,Wallet,Mobile App,6381.1,1557.95,49,Surat,DL,4872.15,2024-11,2024
ORD01448,CUST0014,2024-11-23,2024-11-29,Returned,Upi,Online,26421.66,7788.7,149,Jaipur,RJ,18781.96,2024-11,2024
ORD01449,CUST0215,2024-11-23,2024-11-29,Delivered,Credit Card,Online,28802.91,7343.26,99,New York,GJ,21558.65,2024-11,2024
ORD01450,CUST0429,2024-11-24,2024-11-30,Returned,Debit Card,Online,45588.53,8776.69,149,Hyderabad,TN,36960.84,2024-11,2024
ORD01451,CUST0011,2024-11-25,2024-12-01,Returned,Debit Card,Mobile App,17710.29,6113.91,0,London,MH,11596.38,2024-11,2024
ORD01452,CUST0463,2024-11-25,2024-11-30,Shipped,Credit Card,Mobile App,38480.49,2517.02,99,Hyderabad,NY,36062.47,2024-11,2024
ORD01453,CUST0138,2024-11-26,2024-11-27,Pending,Credit Card,In-Store,20193.93,85.6,49,Kolkata,ON,20157.33,2024-11,2024
ORD01454,CUST0133,2024-11-27,2024-11-30,Shipped,Upi,In-Store,28775.0,8093.5,0,Surat,GJ,20681.5,2024-11,2024
ORD01455,CUST0247,2024-11-28,2024-12-03,Cancelled,Cod,In-Store,20388.3,7051.62,99,Jaipur,MH,13435.68,2024-11,2024
ORD01456,CUST0330,2024-11-28,2024-12-01,Delivered,Credit Card,Online,24495.64,8250.47,99,Jaipur,MH,16344.17,2024-11,2024
ORD01457,CUST0040,2024-11-29,2024-12-03,Delivered,Credit Card,Online,2719.62,1001.99,49,Jaipur,GJ,1766.63,2024-11,2024
ORD01458,CUST0158,2024-11-30,2024-12-06,Pending,Credit Card,Online,31000.24,7423.83,0,Kolkata,GJ,23576.41,2024-11,2024
ORD01459,CUST0764,2024-12-01,2024-12-04,Delivered,Net Banking,Mobile App,18247.87,6299.75,199,Kolkata,TN,12147.12,2024-12,2024
ORD01460,CUST0670,2024-12-01,2024-12-04,Pending,Cod,In-Store,47802.3,13076.99,149,Pune,NSW,34874.31,2024-12,2024
ORD01461,CUST0542,2024-12-02,2024-12-03,Returned,Wallet,In-Store,42698.21,12627.43,199,Surat,TN,30269.78,2024-12,2024
ORD01462,CUST0237,2024-12-03,2024-12-08,Delivered,Cod,Online,34475.59,2406.64,149,Hyderabad,GJ,32217.95,2024-12,2024
ORD01463,CUST0003,2024-03-12,2024-12-05,Returned,Upi,In-Store,22888.01,2271.59,199,Jaipur,GJ,20815.42,2024-03,2024
ORD01464,CUST0723,2024-12-04,2024-12-05,Returned,Cod,Online,1082.72,208.49,99,Delhi,NSW,973.23,2024-12,2024
ORD01465,CUST0927,2024-05-12,2024-12-09,Delivered,Credit Card,Mobile App,41929.04,3491.71,49,London,NSW,38486.33,2024-05,2024
ORD01466,CUST0195,2024-06-12,2024-12-08,Delivered,Cod,Online,5163.4,369.11,99,Jaipur,TN,4893.29,2024-06,2024
ORD01467,CUST0686,2024-12-06,2024-12-09,Returned,Wallet,Online,1179.78,269.02,99,Bangalore,DL,1009.76,2024-12,2024
ORD01468,CUST0279,2024-12-07,2024-12-13,Pending,Credit Card,In-Store,7948.4,768.54,99,Ahmedabad,KA,7278.86,2024-12,2024
ORD01469,CUST0700,2024-12-08,2024-12-09,Returned,Upi,Mobile App,20048.08,1006.52,49,Bangalore,GJ,19090.56,2024-12,2024
ORD01470,CUST0146,2024-12-09,2024-12-13,Returned,Credit Card,In-Store,24424.94,877.09,99,Toronto,GJ,23646.85,2024-12,2024
ORD01471,CUST0899,2024-12-09,2024-12-10,Shipped,Debit Card,Mobile App,2801.54,658.65,99,Surat,TN,2241.89,2024-12,2024
ORD01472,CUST0839,2024-12-10,2024-12-13,Pending,Credit Card,Mobile App,13741.8,837.22,99,Delhi,TS,13003.58,2024-12,2024
ORD01473,CUST0656,2024-12-11,2024-12-16,Cancelled,Wallet,Mobile App,3653.2,867.61,49,Chennai,DL,2834.59,2024-12,2024
ORD01474,CUST0282,2024-12-12,2024-12-16,Pending,Credit Card,In-Store,4471.31,573.65,199,New York,LDN,4096.66,2024-12,2024
ORD01475,CUST0203,2024-12-12,2024-12-18,Delivered,Upi,Mobile App,24367.07,5037.87,199,Kolkata,TS,19528.2,2024-12,2024
ORD01476,CUST0468,2024-12-13,2024-12-15,Returned,Upi,In-Store,48864.96,19032.27,99,Ahmedabad,RJ,29931.69,2024-12,2024
ORD01477,CUST0339,2024-12-14,2024-12-19,Shipped,Upi,In-Store,37171.83,10842.67,99,New York,MH,26428.16,2024-12,2024
ORD01479,CUST0210,2024-12-15,2024-12-18,Shipped,Credit Card,In-Store,42930.24,5393.05,149,Surat,ON,37686.19,2024-12,2024
ORD01480,CUST0589,2024-12-16,2024-12-21,Cancelled,Upi,Online,19677.36,6277.41,49,Delhi,KA,13448.95,2024-12,2024
ORD01482,CUST0446,2024-12-17,2024-12-24,Shipped,Wallet,Online,20584.81,6960.76,0,Hyderabad,LDN,13624.05,2024-12,2024
ORD01483,CUST0786,2024-12-18,2024-12-25,Shipped,Upi,In-Store,32890.94,11732.56,149,Hyderabad,GJ,21307.38,2024-12,2024
ORD01484,CUST0587,2024-12-19,2024-12-22,Cancelled,Upi,Online,43712.64,13.57,149,London,NY,43848.07,2024-12,2024
ORD01485,CUST0145,2024-12-20,2024-12-26,Returned,Net Banking,Mobile App,14529.17,318.1,199,New York,MH,14410.07,2024-12,2024
ORD01486,CUST0870,2024-12-20,2024-12-24,Cancelled,Debit Card,Mobile App,40452.92,10803.27,149,Surat,GJ,29798.65,2024-12,2024
ORD01487,CUST0980,2024-12-21,2024-12-28,Returned,Upi,In-Store,3959.59,300.69,49,Delhi,NY,3707.9,2024-12,2024
ORD01489,CUST0031,2024-12-22,2024-12-27,Delivered,Upi,In-Store,14298.03,4314.06,0,Chennai,LDN,9983.97,2024-12,2024
ORD01490,CUST0886,2024-12-23,2024-12-24,Pending,Cod,Mobile App,30034.8,5833.87,199,Toronto,MH,24399.93,2024-12,2024
ORD01491,CUST0621,2024-12-24,2024-12-30,Shipped,Upi,Online,26943.55,2232.26,99,Bangalore,RJ,24810.29,2024-12,2024
ORD01492,CUST0115,2024-12-25,2024-12-31,Cancelled,Net Banking,In-Store,32856.54,5071.39,49,London,KA,27834.15,2024-12,2024
ORD01493,CUST0893,2024-12-25,2024-12-28,Cancelled,Wallet,In-Store,48347.58,9149.92,199,Delhi,WB,39396.66,2024-12,2024
ORD01494,CUST0426,2024-12-26,2024-12-30,Returned,Upi,Mobile App,40883.28,5776.34,149,Jaipur,RJ,35255.94,2024-12,2024
ORD01495,CUST0727,2024-12-27,2025-01-01,Returned,Wallet,Online,17590.82,247.57,199,New York,LDN,17542.25,2024-12,2024
ORD01496,CUST0406,2024-12-28,2025-01-04,Shipped,Credit Card,In-Store,37961.4,8143.52,49,Mumbai,MH,29866.88,2024-12,2024
ORD01497,CUST0227,2024-12-28,2024-12-30,Pending,Credit Card,In-Store,1810.31,346.98,49,Delhi,MH,1512.33,2024-12,2024
ORD01498,CUST0127,2024-12-29,2024-12-31,Pending,Credit Card,In-Store,188.7,48.18,199,Delhi,GJ,339.52,2024-12,2024
ORD01499,CUST0433,2024-12-30,2025-01-04,Shipped,Cod,In-Store,43253.61,7741.16,49,Chennai,MH,35561.45,2024-12,2024
ORD01500,CUST0861,2024-12-31,2025-01-06,Cancelled,Wallet,In-Store,14207.62,2648.93,49,Mumbai,GJ,11607.69,2024-12,2024
