order_id,store_id,datetime,customer_id,item_id,quantity,total_amount,payment_mode,customer_type
ORD00001,104,2026-05-25 13:04:18,CUST-0302,18,2,690,Cash,mobile-app
ORD00002,104,2026-05-25 12:32:25,CUST-0164,34,1,265,Cash,walk-in
ORD00003,103,2026-05-25 20:44:37,CUST-0260,16,2,730,Cash,walk-in
ORD00004,105,2026-05-25 14:32:26,CUST-0076,10,2,370,UPI,mobile-app
ORD00005,103,2026-05-25 21:49:26,CUST-0284,26,1,195,UPI,mobile-app
ORD00006,105,2026-05-25 16:35:20,CUST-0034,26,1,195,UPI,mobile-app
ORD00007,104,2026-05-25 12:20:25,CUST-0135,16,2,730,UPI,walk-in
ORD00008,102,2026-05-25 11:59:58,CUST-0077,12,2,350,UPI,mobile-app
ORD00009,101,2026-05-25 20:30:18,CUST-0071,29,1,215,Cash,mobile-app
ORD00010,102,2026-05-25 18:41:17,CUST-0158,1,2,490,Cash,mobile-app
ORD00011,103,2026-05-25 19:43:05,CUST-0145,21,1,195,UPI,walk-in
ORD00012,104,2026-05-25 15:19:25,CUST-0287,29,3,645,Cash,mobile-app
ORD00013,104,2026-05-25 18:59:22,CUST-0160,17,1,375,UPI,walk-in
ORD00014,101,2026-05-25 07:13:53,CUST-0333,3,1,215,UPI,walk-in
ORD00015,103,2026-05-25 07:26:41,CUST-0161,15,1,345,Cash,mobile-app
ORD00016,102,2026-05-25 18:34:36,CUST-0127,6,2,350,UPI,mobile-app
ORD00017,105,2026-05-25 09:29:33,CUST-0150,6,1,175,UPI,mobile-app
ORD00018,101,2026-05-25 18:27:12,CUST-0322,13,4,940,UPI,mobile-app
ORD00019,104,2026-05-25 08:48:57,CUST-0168,1,3,735,Cash,walk-in
ORD00020,103,2026-05-25 11:08:42,CUST-0090,14,1,245,UPI,mobile-app
ORD00021,105,2026-05-25 07:17:28,CUST-0030,27,1,345,UPI,mobile-app
ORD00022,103,2026-05-25 10:23:38,CUST-0294,26,1,195,Cash,mobile-app
ORD00023,102,2026-05-25 16:44:16,CUST-0092,27,2,690,Cash,walk-in
ORD00024,103,2026-05-25 20:34:54,CUST-0005,27,2,690,Cash,walk-in
ORD00025,102,2026-05-25 10:54:29,CUST-0142,29,2,430,Cash,walk-in
ORD00026,102,2026-05-25 08:49:57,CUST-0342,5,1,225,UPI,mobile-app
ORD00027,102,2026-05-25 17:43:30,CUST-0292,20,2,320,Card,walk-in
ORD00028,104,2026-05-25 20:54:21,CUST-0284,20,2,320,Card,mobile-app
ORD00029,104,2026-05-25 19:14:20,CUST-0266,11,6,1290,Card,mobile-app
ORD00030,104,2026-05-25 11:04:10,CUST-0209,16,2,730,UPI,mobile-app
ORD00031,103,2026-05-25 10:27:23,CUST-0208,7,1,245,UPI,walk-in
ORD00032,105,2026-05-25 13:38:29,CUST-0086,15,5,1725,UPI,mobile-app
ORD00033,105,2026-05-25 09:03:11,CUST-0034,13,2,470,Cash,mobile-app
ORD00034,105,2026-05-25 20:34:43,CUST-0224,19,4,640,Cash,mobile-app
ORD00035,105,2026-05-25 12:53:33,CUST-0338,8,3,585,Cash,mobile-app
ORD00036,105,2026-05-25 13:33:10,CUST-0277,3,1,215,Cash,mobile-app
ORD00037,105,2026-05-25 19:25:15,CUST-0035,3,1,215,Cash,mobile-app
ORD00038,105,2026-05-25 19:00:20,CUST-0028,27,2,690,Cash,walk-in
ORD00039,103,2026-05-25 07:57:18,CUST-0251,11,1,215,UPI,mobile-app
ORD00040,101,2026-05-25 11:24:41,CUST-0198,22,1,160,UPI,mobile-app
ORD00041,103,2026-05-25 10:33:34,CUST-0115,17,1,375,Cash,mobile-app
ORD00042,103,2026-05-25 20:10:28,CUST-0002,26,2,390,Cash,mobile-app
ORD00043,104,2026-05-25 15:59:59,CUST-0233,26,2,390,UPI,mobile-app
ORD00044,101,2026-05-25 15:26:50,CUST-0323,10,9,1665,Card,walk-in
ORD00045,102,2026-05-25 18:43:56,CUST-0204,21,2,390,UPI,mobile-app
ORD00046,104,2026-05-25 16:49:48,CUST-0305,19,2,320,UPI,walk-in
ORD00047,103,2026-05-25 15:06:47,CUST-0254,26,8,1560,Cash,mobile-app
ORD00048,104,2026-05-25 07:39:08,CUST-0070,33,2,730,Card,mobile-app
ORD00049,102,2026-05-25 13:48:00,CUST-0141,26,1,195,UPI,walk-in
ORD00050,101,2026-05-25 10:06:14,CUST-0242,9,2,470,UPI,walk-in
ORD00051,101,2026-05-25 17:16:59,CUST-0193,14,7,1715,UPI,mobile-app
ORD00052,104,2026-05-25 07:57:32,CUST-0112,11,2,430,Cash,mobile-app
ORD00053,104,2026-05-25 17:16:30,CUST-0264,30,2,730,Cash,walk-in
ORD00054,105,2026-05-25 09:43:29,CUST-0227,20,3,480,UPI,walk-in
ORD00055,103,2026-05-25 19:48:54,CUST-0168,24,1,325,UPI,mobile-app
ORD00056,103,2026-05-25 20:08:37,CUST-0241,16,6,2190,Cash,mobile-app
ORD00057,101,2026-05-25 07:02:34,CUST-0322,19,2,320,UPI,mobile-app
ORD00058,105,2026-05-25 17:21:46,CUST-0237,8,1,195,Cash,mobile-app
ORD00059,102,2026-05-25 21:55:00,CUST-0203,3,2,430,Cash,mobile-app
ORD00060,103,2026-05-25 19:19:30,CUST-0118,22,1,160,Cash,mobile-app
ORD00061,102,2026-05-25 16:39:00,CUST-0097,9,1,235,Cash,mobile-app
ORD00062,102,2026-05-25 13:00:24,CUST-0123,30,1,365,UPI,mobile-app
ORD00063,102,2026-05-25 17:01:39,CUST-0075,15,1,345,UPI,mobile-app
ORD00064,104,2026-05-25 19:05:56,CUST-0314,10,5,925,UPI,walk-in
ORD00065,105,2026-05-25 18:47:40,CUST-0091,9,1,235,UPI,mobile-app
ORD00066,105,2026-05-25 19:46:47,CUST-0082,16,1,365,UPI,mobile-app
ORD00067,102,2026-05-25 12:11:07,CUST-0201,4,2,390,Cash,walk-in
ORD00068,105,2026-05-25 17:27:24,CUST-0233,20,1,160,Cash,mobile-app
ORD00069,104,2026-05-25 20:31:56,CUST-0184,18,2,690,Cash,mobile-app
ORD00070,103,2026-05-25 07:07:27,CUST-0122,21,3,585,Cash,walk-in
ORD00071,101,2026-05-25 10:06:54,CUST-0177,34,1,265,UPI,mobile-app
ORD00072,101,2026-05-25 12:32:25,CUST-0063,35,2,550,Cash,mobile-app
ORD00073,103,2026-05-25 10:09:12,CUST-0180,20,2,320,Cash,walk-in
ORD00074,104,2026-05-25 08:06:50,CUST-0005,1,1,245,Cash,mobile-app
ORD00075,102,2026-05-25 15:10:56,CUST-0286,31,1,365,Cash,mobile-app
ORD00076,102,2026-05-25 20:10:59,CUST-0343,14,2,490,Cash,walk-in
ORD00077,101,2026-05-25 07:53:48,CUST-0227,2,1,235,UPI,mobile-app
ORD00078,101,2026-05-25 09:23:35,CUST-0266,31,1,365,UPI,mobile-app
ORD00079,102,2026-05-25 07:35:30,CUST-0047,34,1,265,UPI,mobile-app
ORD00080,103,2026-05-25 16:21:12,CUST-0014,11,1,215,UPI,mobile-app
ORD00081,104,2026-05-25 16:25:32,CUST-0125,19,1,160,Cash,mobile-app
ORD00082,103,2026-05-25 09:23:16,CUST-0260,23,2,650,Cash,walk-in
ORD00083,103,2026-05-25 14:01:22,CUST-0289,35,2,550,UPI,mobile-app
ORD00084,104,2026-05-25 19:05:54,CUST-0290,29,1,215,UPI,mobile-app
ORD00085,104,2026-05-25 14:20:59,CUST-0214,17,1,375,Cash,walk-in
ORD00086,105,2026-05-25 18:54:28,CUST-0202,7,1,245,UPI,mobile-app
ORD00087,102,2026-05-25 20:56:05,CUST-0166,28,2,630,Cash,walk-in
ORD00088,104,2026-05-25 21:14:07,CUST-0180,29,1,215,UPI,mobile-app
ORD00089,103,2026-05-25 15:08:03,CUST-0241,9,1,235,UPI,mobile-app
ORD00090,105,2026-05-25 11:02:23,CUST-0295,6,1,175,UPI,walk-in
ORD00091,102,2026-05-25 08:23:45,CUST-0255,12,1,175,UPI,mobile-app
ORD00092,101,2026-05-25 11:08:52,CUST-0214,13,2,470,Cash,walk-in
ORD00093,104,2026-05-25 13:57:40,CUST-0102,33,1,365,Cash,mobile-app
ORD00094,105,2026-05-25 18:57:31,CUST-0048,12,1,175,Cash,walk-in
ORD00095,104,2026-05-25 19:13:01,CUST-0338,1,1,245,Cash,mobile-app
ORD00096,101,2026-05-25 21:53:44,CUST-0246,28,2,630,Cash,mobile-app
ORD00097,105,2026-05-25 11:47:48,CUST-0214,12,1,175,Cash,walk-in
ORD00098,105,2026-05-25 13:24:11,CUST-0086,30,4,1460,UPI,walk-in
ORD00099,105,2026-05-25 09:18:01,CUST-0028,25,1,295,Cash,mobile-app
ORD00100,101,2026-05-25 07:50:25,CUST-0088,12,1,175,Card,mobile-app
ORD00101,105,2026-05-25 19:37:12,CUST-0227,27,1,345,UPI,mobile-app
ORD00102,103,2026-05-25 09:24:26,CUST-0211,34,2,530,UPI,walk-in
ORD00103,104,2026-05-25 21:30:24,CUST-0007,6,2,350,Cash,mobile-app
ORD00104,102,2026-05-25 21:27:24,CUST-0167,2,1,235,UPI,walk-in
ORD00105,103,2026-05-25 17:07:47,CUST-0097,23,1,325,UPI,mobile-app
ORD00106,103,2026-05-25 14:29:31,CUST-0132,33,1,365,Cash,walk-in
ORD00107,101,2026-05-25 13:56:51,CUST-0129,15,2,690,Cash,mobile-app
ORD00108,105,2026-05-25 20:41:40,CUST-0113,26,1,195,Cash,mobile-app
ORD00109,105,2026-05-25 14:29:37,CUST-0223,27,2,690,UPI,mobile-app
ORD00110,104,2026-05-25 11:27:40,CUST-0323,30,1,365,Cash,mobile-app
ORD00111,101,2026-05-25 20:31:58,CUST-0248,18,1,345,Cash,walk-in
ORD00112,101,2026-05-25 09:52:24,CUST-0214,34,2,530,UPI,mobile-app
ORD00113,103,2026-05-25 16:33:58,CUST-0026,34,3,795,Cash,mobile-app
ORD00114,105,2026-05-25 16:27:48,CUST-0295,21,2,390,UPI,mobile-app
ORD00115,104,2026-05-25 10:03:56,CUST-0028,1,1,245,Cash,mobile-app
ORD00116,101,2026-05-25 14:35:01,CUST-0077,29,1,215,Cash,mobile-app
ORD00117,104,2026-05-25 18:12:29,CUST-0148,7,1,245,Cash,mobile-app
ORD00118,105,2026-05-25 07:07:02,CUST-0313,32,1,325,UPI,mobile-app
ORD00119,104,2026-05-25 17:11:09,CUST-0103,20,2,320,Cash,walk-in
ORD00120,101,2026-05-25 13:19:01,CUST-0155,15,1,345,UPI,walk-in
ORD00121,102,2026-05-25 10:05:20,CUST-0209,26,2,390,Cash,mobile-app
ORD00122,103,2026-05-25 20:07:22,CUST-0056,28,1,315,UPI,mobile-app
ORD00123,101,2026-05-25 14:33:44,CUST-0197,4,3,585,Card,walk-in
ORD00124,103,2026-05-25 18:53:27,CUST-0090,30,1,365,UPI,walk-in
ORD00125,101,2026-05-25 07:31:44,CUST-0020,14,1,245,UPI,walk-in
ORD00126,104,2026-05-25 13:02:42,CUST-0178,19,2,320,Cash,mobile-app
ORD00127,101,2026-05-25 08:57:19,CUST-0265,27,1,345,Cash,mobile-app
ORD00128,104,2026-05-25 16:49:07,CUST-0042,34,1,265,Card,walk-in
ORD00129,105,2026-05-25 20:11:15,CUST-0326,23,2,650,Cash,walk-in
ORD00130,105,2026-05-25 12:33:07,CUST-0118,17,1,375,Card,walk-in
ORD00131,103,2026-05-25 15:30:40,CUST-0197,26,1,195,UPI,walk-in
ORD00132,105,2026-05-25 19:05:24,CUST-0137,17,1,375,Cash,mobile-app
ORD00133,101,2026-05-25 18:48:46,CUST-0090,15,5,1725,Card,walk-in
ORD00134,104,2026-05-25 14:47:53,CUST-0115,16,2,730,Cash,mobile-app
ORD00135,101,2026-05-25 11:11:26,CUST-0236,19,2,320,Cash,walk-in
ORD00136,104,2026-05-25 13:14:27,CUST-0141,30,1,365,Cash,walk-in
ORD00137,101,2026-05-25 16:57:49,CUST-0216,11,1,215,UPI,walk-in
ORD00138,103,2026-05-25 16:10:30,CUST-0177,16,2,730,Cash,mobile-app
ORD00139,104,2026-05-25 18:42:05,CUST-0107,31,2,730,Cash,mobile-app
ORD00140,104,2026-05-25 18:39:51,CUST-0016,3,3,645,UPI,mobile-app
ORD00141,101,2026-05-25 11:43:17,CUST-0339,2,9,2115,UPI,mobile-app
ORD00142,104,2026-05-25 10:00:07,CUST-0143,26,2,390,Cash,walk-in
ORD00143,103,2026-05-25 17:16:49,CUST-0217,20,3,480,UPI,mobile-app
ORD00144,105,2026-05-25 14:35:58,CUST-0139,27,1,345,Cash,mobile-app
ORD00145,101,2026-05-25 11:18:34,CUST-0326,7,1,245,Cash,mobile-app
ORD00146,105,2026-05-25 08:56:23,CUST-0135,27,2,690,UPI,mobile-app
ORD00147,105,2026-05-25 08:39:07,CUST-0253,23,1,325,Cash,mobile-app
ORD00148,103,2026-05-25 11:29:36,CUST-0282,1,2,490,Cash,walk-in
ORD00149,103,2026-05-25 08:51:26,CUST-0011,27,1,345,UPI,mobile-app
ORD00150,102,2026-05-25 19:43:36,CUST-0011,14,1,245,Cash,walk-in
ORD00151,105,2026-05-25 07:17:39,CUST-0173,8,1,195,UPI,mobile-app
ORD00152,105,2026-05-25 15:44:11,CUST-0310,31,1,365,UPI,mobile-app
ORD00153,102,2026-05-25 14:27:16,CUST-0042,27,1,345,UPI,mobile-app
ORD00154,104,2026-05-25 10:35:47,CUST-0265,27,2,690,UPI,mobile-app
ORD00155,101,2026-05-25 21:28:37,CUST-0126,3,4,860,Cash,mobile-app
ORD00156,105,2026-05-25 08:26:18,CUST-0201,25,1,295,Cash,mobile-app
ORD00157,104,2026-05-25 20:45:53,CUST-0322,22,1,160,Cash,mobile-app
ORD00158,103,2026-05-25 09:07:04,CUST-0349,13,1,235,Cash,mobile-app
ORD00159,101,2026-05-25 16:00:25,CUST-0088,30,1,365,Cash,mobile-app
ORD00160,103,2026-05-25 21:56:26,CUST-0312,22,4,640,Cash,mobile-app
ORD00161,102,2026-05-25 09:45:30,CUST-0289,18,1,345,Card,mobile-app
ORD00162,102,2026-05-25 15:20:50,CUST-0117,34,1,265,Cash,walk-in
ORD00163,101,2026-05-25 10:13:22,CUST-0198,35,5,1375,UPI,mobile-app
ORD00164,102,2026-05-25 15:24:56,CUST-0297,15,1,345,Cash,mobile-app
ORD00165,101,2026-05-25 11:21:22,CUST-0271,11,4,860,UPI,walk-in
ORD00166,104,2026-05-25 19:47:51,CUST-0262,28,1,315,Cash,mobile-app
ORD00167,103,2026-05-25 15:48:55,CUST-0171,22,1,160,Cash,mobile-app
ORD00168,103,2026-05-25 10:02:24,CUST-0322,2,2,470,Cash,mobile-app
ORD00169,105,2026-05-25 11:12:59,CUST-0155,34,1,265,Cash,walk-in
ORD00170,105,2026-05-25 19:39:01,CUST-0147,26,4,780,UPI,walk-in
ORD00171,104,2026-05-25 18:42:14,CUST-0342,1,1,245,Cash,mobile-app
ORD00172,103,2026-05-25 16:21:04,CUST-0280,11,1,215,Card,walk-in
ORD00173,105,2026-05-25 15:06:25,CUST-0310,21,6,1170,UPI,walk-in
ORD00174,101,2026-05-25 17:06:34,CUST-0324,6,3,525,Cash,mobile-app
ORD00175,105,2026-05-25 12:28:40,CUST-0175,18,3,1035,Cash,walk-in
ORD00176,103,2026-05-25 13:30:01,CUST-0184,16,4,1460,UPI,mobile-app
ORD00177,102,2026-05-25 17:48:42,CUST-0237,21,1,195,Cash,mobile-app
ORD00178,105,2026-05-25 17:36:04,CUST-0329,9,3,705,Cash,mobile-app
ORD00179,105,2026-05-25 18:11:33,CUST-0131,13,1,235,UPI,walk-in
ORD00180,102,2026-05-25 14:15:37,CUST-0139,5,2,450,Card,mobile-app
ORD00181,101,2026-05-25 10:04:14,CUST-0287,3,3,645,Cash,walk-in
ORD00182,105,2026-05-25 14:16:48,CUST-0265,10,3,555,Cash,mobile-app
ORD00183,101,2026-05-25 08:00:57,CUST-0158,1,1,245,UPI,walk-in
ORD00184,103,2026-05-25 07:23:23,CUST-0310,29,1,215,Cash,mobile-app
ORD00185,104,2026-05-25 12:34:12,CUST-0065,28,6,1890,UPI,mobile-app
ORD00186,104,2026-05-25 10:23:10,CUST-0003,11,2,430,Cash,mobile-app
ORD00187,101,2026-05-25 21:17:55,CUST-0254,31,1,365,Cash,walk-in
ORD00188,105,2026-05-25 15:33:52,CUST-0093,20,1,160,Card,walk-in
ORD00189,105,2026-05-25 20:06:14,CUST-0123,25,1,295,UPI,mobile-app
ORD00190,103,2026-05-25 17:46:22,CUST-0260,34,3,795,UPI,walk-in
ORD00191,102,2026-05-25 13:21:50,CUST-0014,23,2,650,Cash,mobile-app
ORD00192,101,2026-05-25 18:20:00,CUST-0091,29,1,215,Cash,walk-in
ORD00193,101,2026-05-25 21:22:37,CUST-0134,19,2,320,Cash,mobile-app
ORD00194,102,2026-05-25 11:00:19,CUST-0127,22,1,160,Cash,mobile-app
ORD00195,105,2026-05-25 13:39:21,CUST-0210,28,2,630,UPI,walk-in
ORD00196,103,2026-05-25 11:29:04,CUST-0338,19,1,160,Cash,mobile-app
ORD00197,101,2026-05-25 13:22:04,CUST-0069,5,1,225,Cash,mobile-app
ORD00198,104,2026-05-25 19:26:30,CUST-0164,30,3,1095,Cash,mobile-app
ORD00199,101,2026-05-25 08:11:24,CUST-0143,28,1,315,UPI,mobile-app
ORD00200,103,2026-05-25 09:25:44,CUST-0326,5,2,450,Cash,mobile-app
ORD00201,105,2026-05-25 19:43:36,CUST-0260,20,2,320,UPI,walk-in
ORD00202,103,2026-05-25 09:20:38,CUST-0299,34,1,265,Card,mobile-app
ORD00203,104,2026-05-25 15:56:28,CUST-0286,17,2,750,UPI,mobile-app
ORD00204,104,2026-05-25 17:34:59,CUST-0090,28,2,630,UPI,walk-in
ORD00205,105,2026-05-25 20:44:13,CUST-0308,20,3,480,UPI,walk-in
ORD00206,105,2026-05-25 21:05:43,CUST-0096,16,2,730,UPI,mobile-app
ORD00207,103,2026-05-25 13:52:26,CUST-0121,32,1,325,Cash,mobile-app
ORD00208,101,2026-05-25 08:22:13,CUST-0201,29,2,430,UPI,mobile-app
ORD00209,105,2026-05-25 11:56:24,CUST-0148,23,2,650,Cash,mobile-app
ORD00210,101,2026-05-25 12:33:55,CUST-0176,15,2,690,Cash,walk-in
ORD00211,101,2026-05-25 18:01:58,CUST-0043,6,3,525,UPI,walk-in
ORD00212,105,2026-05-25 18:47:01,CUST-0306,21,3,585,Cash,mobile-app
ORD00213,104,2026-05-25 19:11:57,CUST-0203,1,4,980,UPI,mobile-app
ORD00214,103,2026-05-25 09:53:16,CUST-0014,3,1,215,UPI,mobile-app
ORD00215,102,2026-05-25 07:48:29,CUST-0339,15,1,345,UPI,mobile-app
ORD00216,104,2026-05-25 21:57:47,CUST-0177,14,2,490,Card,walk-in
ORD00217,105,2026-05-25 12:51:29,CUST-0344,21,1,195,UPI,walk-in
ORD00218,103,2026-05-25 16:34:40,CUST-0039,4,2,390,UPI,walk-in
ORD00219,103,2026-05-25 15:49:51,CUST-0188,4,9,1755,Cash,mobile-app
ORD00220,102,2026-05-25 15:01:51,CUST-0337,25,1,295,UPI,mobile-app
ORD00221,103,2026-05-25 11:47:54,CUST-0021,33,4,1460,Cash,walk-in
ORD00222,101,2026-05-25 17:25:59,CUST-0057,34,1,265,Cash,mobile-app
ORD00223,105,2026-05-25 16:25:51,CUST-0091,15,3,1035,Card,mobile-app
ORD00224,101,2026-05-25 08:24:48,CUST-0081,18,1,345,UPI,walk-in
ORD00225,104,2026-05-25 13:33:39,CUST-0347,23,3,975,UPI,walk-in
ORD00226,103,2026-05-25 08:58:34,CUST-0033,18,2,690,UPI,mobile-app
ORD00227,104,2026-05-25 20:40:02,CUST-0149,34,2,530,UPI,mobile-app
ORD00228,103,2026-05-25 07:31:23,CUST-0002,7,1,245,UPI,walk-in
ORD00229,104,2026-05-25 10:44:00,CUST-0211,16,2,730,Cash,mobile-app
ORD00230,102,2026-05-25 16:28:40,CUST-0150,21,3,585,UPI,walk-in
ORD00231,102,2026-05-25 07:00:30,CUST-0334,27,2,690,UPI,mobile-app
ORD00232,103,2026-05-25 11:12:50,CUST-0170,20,1,160,Cash,mobile-app
ORD00233,105,2026-05-25 11:41:18,CUST-0344,20,2,320,UPI,mobile-app
ORD00234,103,2026-05-25 09:36:56,CUST-0268,3,3,645,Cash,walk-in
ORD00235,103,2026-05-25 07:33:16,CUST-0035,20,1,160,UPI,mobile-app
ORD00236,103,2026-05-25 10:46:19,CUST-0165,12,1,175,Cash,mobile-app
ORD00237,104,2026-05-25 09:01:38,CUST-0178,7,1,245,Cash,walk-in
ORD00238,103,2026-05-25 09:55:11,CUST-0089,35,6,1650,Cash,mobile-app
ORD00239,103,2026-05-25 21:11:04,CUST-0046,18,3,1035,UPI,walk-in
ORD00240,103,2026-05-25 17:34:40,CUST-0096,19,2,320,Cash,mobile-app
ORD00241,103,2026-05-25 07:48:18,CUST-0253,33,2,730,Card,walk-in
ORD00242,105,2026-05-25 10:04:45,CUST-0007,8,2,390,Cash,mobile-app
ORD00243,105,2026-05-25 07:27:06,CUST-0118,12,3,525,UPI,mobile-app
ORD00244,105,2026-05-25 20:17:17,CUST-0237,21,1,195,UPI,mobile-app
ORD00245,105,2026-05-25 14:47:28,CUST-0015,21,1,195,Cash,mobile-app
ORD00246,101,2026-05-25 15:09:01,CUST-0159,25,3,885,Cash,walk-in
ORD00247,104,2026-05-25 12:20:21,CUST-0124,15,5,1725,Cash,mobile-app
ORD00248,105,2026-05-25 19:28:48,CUST-0329,12,1,175,Cash,mobile-app
ORD00249,102,2026-05-25 16:22:59,CUST-0238,22,2,320,Cash,mobile-app
ORD00250,105,2026-05-25 09:33:10,CUST-0092,20,8,1280,UPI,mobile-app
ORD00251,101,2026-05-25 15:59:45,CUST-0129,19,1,160,UPI,walk-in
ORD00252,105,2026-05-25 21:50:32,CUST-0159,25,3,885,Cash,mobile-app
ORD00253,101,2026-05-25 21:56:38,CUST-0050,35,1,275,Cash,mobile-app
ORD00254,103,2026-05-25 12:32:27,CUST-0127,16,2,730,Cash,mobile-app
ORD00255,102,2026-05-25 13:05:22,CUST-0228,31,2,730,Cash,walk-in
ORD00256,103,2026-05-25 20:53:18,CUST-0225,7,2,490,Cash,walk-in
ORD00257,102,2026-05-25 15:36:33,CUST-0141,3,1,215,Cash,mobile-app
ORD00258,102,2026-05-25 07:00:34,CUST-0265,8,3,585,UPI,walk-in
ORD00259,103,2026-05-25 11:51:10,CUST-0043,33,1,365,Card,walk-in
ORD00260,102,2026-05-25 13:20:43,CUST-0220,5,3,675,Cash,mobile-app
ORD00261,105,2026-05-25 17:46:16,CUST-0349,25,3,885,Cash,walk-in
ORD00262,103,2026-05-25 16:35:57,CUST-0182,22,3,480,Cash,walk-in
ORD00263,103,2026-05-25 21:14:38,CUST-0013,32,5,1625,Cash,walk-in
ORD00264,104,2026-05-25 20:45:46,CUST-0292,8,2,390,UPI,walk-in
ORD00265,103,2026-05-25 11:09:35,CUST-0007,15,1,345,Card,mobile-app
ORD00266,103,2026-05-25 11:21:03,CUST-0016,17,2,750,UPI,walk-in
ORD00267,102,2026-05-25 13:29:33,CUST-0002,25,1,295,UPI,walk-in
ORD00268,104,2026-05-25 19:15:38,CUST-0144,18,2,690,Cash,mobile-app
ORD00269,105,2026-05-25 10:03:46,CUST-0267,10,1,185,UPI,walk-in
ORD00270,104,2026-05-25 19:12:42,CUST-0072,14,2,490,Cash,mobile-app
ORD00271,104,2026-05-25 20:59:26,CUST-0158,30,1,365,UPI,mobile-app
ORD00272,105,2026-05-25 14:25:44,CUST-0341,11,2,430,UPI,walk-in
ORD00273,104,2026-05-25 11:48:46,CUST-0347,35,2,550,UPI,mobile-app
ORD00274,103,2026-05-25 07:49:27,CUST-0153,33,1,365,UPI,walk-in
ORD00275,102,2026-05-25 11:04:12,CUST-0132,25,2,590,Cash,walk-in
ORD00276,103,2026-05-25 16:42:44,CUST-0189,23,2,650,Cash,mobile-app
ORD00277,104,2026-05-25 09:41:36,CUST-0098,2,1,235,UPI,walk-in
ORD00278,103,2026-05-25 11:10:50,CUST-0157,34,2,530,UPI,mobile-app
ORD00279,103,2026-05-25 09:25:10,CUST-0278,35,2,550,UPI,walk-in
ORD00280,104,2026-05-25 17:49:57,CUST-0131,24,1,325,UPI,mobile-app
ORD00281,103,2026-05-25 18:21:57,CUST-0297,33,1,365,Cash,mobile-app
ORD00282,104,2026-05-25 11:39:37,CUST-0293,2,2,470,Cash,mobile-app
ORD00283,101,2026-05-25 18:52:52,CUST-0256,18,3,1035,UPI,mobile-app
ORD00284,104,2026-05-25 09:57:04,CUST-0337,27,3,1035,UPI,mobile-app
ORD00285,102,2026-05-25 20:48:43,CUST-0148,11,2,430,UPI,walk-in
ORD00286,104,2026-05-25 16:17:13,CUST-0161,33,1,365,UPI,mobile-app
ORD00287,104,2026-05-25 19:02:02,CUST-0185,13,1,235,Cash,walk-in
ORD00288,101,2026-05-25 15:28:00,CUST-0216,11,1,215,UPI,mobile-app
ORD00289,102,2026-05-25 07:32:09,CUST-0274,32,1,325,Cash,mobile-app
ORD00290,102,2026-05-25 15:33:38,CUST-0075,26,1,195,Cash,walk-in
ORD00291,103,2026-05-25 07:32:46,CUST-0150,18,2,690,UPI,mobile-app
ORD00292,104,2026-05-25 19:38:46,CUST-0285,19,2,320,UPI,walk-in
ORD00293,105,2026-05-25 16:16:29,CUST-0204,34,2,530,Card,walk-in
ORD00294,103,2026-05-25 16:39:06,CUST-0079,26,2,390,Cash,mobile-app
ORD00295,104,2026-05-25 20:13:47,CUST-0234,28,1,315,Cash,mobile-app
ORD00296,101,2026-05-25 14:01:08,CUST-0108,35,4,1100,UPI,mobile-app
ORD00297,102,2026-05-25 08:21:41,CUST-0148,8,3,585,UPI,walk-in
ORD00298,104,2026-05-25 14:29:42,CUST-0248,26,1,195,UPI,walk-in
ORD00299,105,2026-05-25 10:42:07,CUST-0261,20,1,160,Cash,mobile-app
ORD00300,103,2026-05-26 18:32:26,CUST-0042,31,2,730,Cash,mobile-app
ORD00301,102,2026-05-26 09:48:24,CUST-0102,22,2,320,Cash,walk-in
ORD00302,101,2026-05-26 07:08:06,CUST-0044,10,2,370,UPI,mobile-app
ORD00303,102,2026-05-26 12:23:47,CUST-0043,9,5,1175,UPI,mobile-app
ORD00304,102,2026-05-26 16:40:39,CUST-0042,18,9,3105,UPI,mobile-app
ORD00305,102,2026-05-26 14:47:10,CUST-0344,7,4,980,UPI,mobile-app
ORD00306,105,2026-05-26 17:10:08,CUST-0130,18,2,690,Cash,mobile-app
ORD00307,102,2026-05-26 15:00:22,CUST-0011,20,2,320,Cash,walk-in
ORD00308,104,2026-05-26 07:37:13,CUST-0080,13,1,235,UPI,mobile-app
ORD00309,105,2026-05-26 15:09:27,CUST-0088,8,1,195,Cash,walk-in
ORD00310,103,2026-05-26 16:07:45,CUST-0321,14,6,1470,UPI,walk-in
ORD00311,103,2026-05-26 19:47:04,CUST-0029,7,3,735,UPI,walk-in
ORD00312,104,2026-05-26 07:33:32,CUST-0212,23,2,650,UPI,walk-in
ORD00313,105,2026-05-26 17:45:58,CUST-0182,19,3,480,UPI,walk-in
ORD00314,102,2026-05-26 12:58:22,CUST-0319,34,1,265,Cash,mobile-app
ORD00315,105,2026-05-26 16:55:37,CUST-0147,11,2,430,Cash,walk-in
ORD00316,103,2026-05-26 07:46:54,CUST-0316,31,3,1095,Cash,mobile-app
ORD00317,103,2026-05-26 09:34:19,CUST-0187,19,1,160,UPI,mobile-app
ORD00318,103,2026-05-26 11:21:24,CUST-0283,20,2,320,Cash,mobile-app
ORD00319,103,2026-05-26 08:53:13,CUST-0012,35,1,275,Cash,mobile-app
ORD00320,104,2026-05-26 09:14:00,CUST-0130,17,3,1125,UPI,mobile-app
ORD00321,105,2026-05-26 19:47:54,CUST-0116,31,1,365,Cash,walk-in
ORD00322,102,2026-05-26 08:45:04,CUST-0082,13,2,470,UPI,mobile-app
ORD00323,103,2026-05-26 21:20:37,CUST-0077,23,1,325,Cash,mobile-app
ORD00324,102,2026-05-26 15:46:50,CUST-0074,25,3,885,Cash,walk-in
ORD00325,102,2026-05-26 15:57:24,CUST-0290,29,2,430,Card,mobile-app
ORD00326,104,2026-05-26 21:39:19,CUST-0329,26,3,585,Cash,mobile-app
ORD00327,101,2026-05-26 17:48:02,CUST-0050,16,1,365,Cash,mobile-app
ORD00328,105,2026-05-26 20:14:30,CUST-0335,17,1,375,UPI,mobile-app
ORD00329,102,2026-05-26 20:36:10,CUST-0102,24,1,325,Cash,mobile-app
ORD00330,102,2026-05-26 13:09:00,CUST-0322,30,3,1095,Cash,walk-in
ORD00331,101,2026-05-26 17:58:47,CUST-0309,29,4,860,UPI,mobile-app
ORD00332,103,2026-05-26 07:50:16,CUST-0212,9,3,705,UPI,mobile-app
ORD00333,103,2026-05-26 14:11:04,CUST-0245,14,1,245,UPI,mobile-app
ORD00334,102,2026-05-26 14:51:25,CUST-0213,4,2,390,UPI,mobile-app
ORD00335,105,2026-05-26 08:54:07,CUST-0277,12,2,350,UPI,walk-in
ORD00336,104,2026-05-26 07:15:02,CUST-0001,1,1,245,Cash,walk-in
ORD00337,101,2026-05-26 16:49:10,CUST-0299,24,1,325,Cash,mobile-app
ORD00338,105,2026-05-26 14:06:12,CUST-0297,24,1,325,UPI,mobile-app
ORD00339,101,2026-05-26 07:00:24,CUST-0319,16,1,365,Cash,mobile-app
ORD00340,103,2026-05-26 12:55:02,CUST-0108,13,3,705,UPI,mobile-app
ORD00341,103,2026-05-26 21:17:12,CUST-0111,35,3,825,Cash,mobile-app
ORD00342,101,2026-05-26 18:09:09,CUST-0014,8,3,585,UPI,walk-in
ORD00343,105,2026-05-26 14:20:10,CUST-0045,16,2,730,UPI,mobile-app
ORD00344,104,2026-05-26 10:20:26,CUST-0337,20,1,160,Cash,mobile-app
ORD00345,103,2026-05-26 18:17:18,CUST-0237,21,5,975,Card,walk-in
ORD00346,102,2026-05-26 15:42:13,CUST-0042,13,3,705,Cash,mobile-app
ORD00347,105,2026-05-26 21:56:47,CUST-0175,2,2,470,UPI,mobile-app
ORD00348,101,2026-05-26 10:26:33,CUST-0072,2,3,705,Cash,mobile-app
ORD00349,103,2026-05-26 13:34:22,CUST-0317,33,2,730,UPI,walk-in
ORD00350,105,2026-05-26 15:38:48,CUST-0143,14,1,245,Card,mobile-app
ORD00351,102,2026-05-26 13:20:58,CUST-0304,22,8,1280,Cash,mobile-app
ORD00352,104,2026-05-26 21:55:00,CUST-0225,32,1,325,UPI,walk-in
ORD00353,105,2026-05-26 15:24:06,CUST-0251,10,3,555,Card,mobile-app
ORD00354,103,2026-05-26 14:00:20,CUST-0287,11,1,215,UPI,mobile-app
ORD00355,105,2026-05-26 16:50:31,CUST-0122,1,3,735,UPI,mobile-app
ORD00356,105,2026-05-26 19:45:21,CUST-0109,13,2,470,Cash,mobile-app
ORD00357,101,2026-05-26 19:11:45,CUST-0183,23,1,325,UPI,mobile-app
ORD00358,105,2026-05-26 13:29:17,CUST-0256,18,2,690,Cash,walk-in
ORD00359,103,2026-05-26 12:10:09,CUST-0054,9,1,235,UPI,mobile-app
ORD00360,104,2026-05-26 08:35:31,CUST-0070,30,2,730,Card,mobile-app
ORD00361,102,2026-05-26 21:05:44,CUST-0229,16,1,365,Cash,mobile-app
ORD00362,105,2026-05-26 13:21:59,CUST-0271,29,3,645,Cash,walk-in
ORD00363,104,2026-05-26 12:09:23,CUST-0206,31,3,1095,UPI,mobile-app
ORD00364,101,2026-05-26 09:58:44,CUST-0151,9,1,235,Cash,walk-in
ORD00365,101,2026-05-26 10:55:41,CUST-0164,13,1,235,UPI,walk-in
ORD00366,105,2026-05-26 16:56:44,CUST-0023,31,1,365,Cash,mobile-app
ORD00367,101,2026-05-26 17:29:35,CUST-0034,6,1,175,Cash,mobile-app
ORD00368,105,2026-05-26 15:57:59,CUST-0299,21,1,195,Cash,walk-in
ORD00369,104,2026-05-26 13:15:54,CUST-0331,28,2,630,UPI,mobile-app
ORD00370,102,2026-05-26 17:35:15,CUST-0305,26,2,390,Cash,walk-in
ORD00371,104,2026-05-26 15:37:56,CUST-0021,16,1,365,UPI,mobile-app
ORD00372,105,2026-05-26 11:16:04,CUST-0287,10,3,555,UPI,mobile-app
ORD00373,101,2026-05-26 10:00:47,CUST-0202,18,2,690,UPI,mobile-app
ORD00374,104,2026-05-26 18:11:24,CUST-0044,10,6,1110,UPI,walk-in
ORD00375,104,2026-05-26 10:51:53,CUST-0077,9,3,705,UPI,walk-in
ORD00376,104,2026-05-26 21:54:47,CUST-0194,17,1,375,UPI,walk-in
ORD00377,105,2026-05-26 11:18:44,CUST-0192,35,2,550,Cash,mobile-app
ORD00378,103,2026-05-26 14:17:10,CUST-0201,2,4,940,UPI,mobile-app
ORD00379,101,2026-05-26 12:51:36,CUST-0033,4,3,585,Cash,mobile-app
ORD00380,104,2026-05-26 19:59:32,CUST-0155,18,7,2415,Cash,mobile-app
ORD00381,101,2026-05-26 21:55:09,CUST-0332,30,1,365,Cash,mobile-app
ORD00382,105,2026-05-26 13:44:37,CUST-0008,35,5,1375,Cash,mobile-app
ORD00383,104,2026-05-26 07:31:43,CUST-0165,26,5,975,UPI,mobile-app
ORD00384,104,2026-05-26 16:26:08,CUST-0147,27,3,1035,Cash,mobile-app
ORD00385,101,2026-05-26 10:03:37,CUST-0062,18,1,345,Cash,mobile-app
ORD00386,104,2026-05-26 10:30:35,CUST-0253,15,8,2760,Cash,mobile-app
ORD00387,105,2026-05-26 14:32:25,CUST-0042,9,2,470,UPI,mobile-app
ORD00388,104,2026-05-26 10:20:35,CUST-0055,13,1,235,Card,mobile-app
ORD00389,105,2026-05-26 09:31:52,CUST-0311,21,1,195,Cash,mobile-app
ORD00390,101,2026-05-26 20:22:59,CUST-0242,3,2,430,Cash,walk-in
ORD00391,103,2026-05-26 14:31:16,CUST-0039,14,2,490,Cash,mobile-app
ORD00392,102,2026-05-26 17:54:01,CUST-0240,21,1,195,Cash,walk-in
ORD00393,104,2026-05-26 18:42:40,CUST-0232,23,3,975,UPI,mobile-app
ORD00394,104,2026-05-26 20:27:10,CUST-0120,22,1,160,UPI,mobile-app
ORD00395,102,2026-05-26 08:24:59,CUST-0126,17,1,375,Card,mobile-app
ORD00396,102,2026-05-26 10:49:47,CUST-0340,25,1,295,UPI,mobile-app
ORD00397,105,2026-05-26 11:54:16,CUST-0087,16,1,365,Cash,mobile-app
ORD00398,105,2026-05-26 21:24:13,CUST-0116,21,1,195,Cash,mobile-app
ORD00399,105,2026-05-26 17:13:17,CUST-0320,25,1,295,Cash,mobile-app
ORD00400,103,2026-05-26 19:18:32,CUST-0113,20,1,160,Card,mobile-app
ORD00401,102,2026-05-26 13:22:39,CUST-0041,21,1,195,Cash,walk-in
ORD00402,104,2026-05-26 13:30:35,CUST-0021,2,1,235,UPI,walk-in
ORD00403,103,2026-05-26 18:21:50,CUST-0153,18,4,1380,Card,mobile-app
ORD00404,102,2026-05-26 08:25:51,CUST-0305,23,1,325,UPI,walk-in
ORD00405,101,2026-05-26 09:37:44,CUST-0124,31,3,1095,Cash,mobile-app
ORD00406,104,2026-05-26 12:57:45,CUST-0224,13,2,470,Cash,walk-in
ORD00407,101,2026-05-26 21:59:00,CUST-0069,32,2,650,UPI,mobile-app
ORD00408,103,2026-05-26 08:29:05,CUST-0096,2,1,235,UPI,mobile-app
ORD00409,101,2026-05-26 08:53:26,CUST-0304,1,3,735,Cash,walk-in
ORD00410,104,2026-05-26 08:48:20,CUST-0252,26,2,390,UPI,walk-in
ORD00411,103,2026-05-26 09:50:35,CUST-0326,25,6,1770,Cash,mobile-app
ORD00412,102,2026-05-26 13:48:34,CUST-0108,4,2,390,Cash,mobile-app
ORD00413,101,2026-05-26 09:39:29,CUST-0286,19,1,160,Card,walk-in
ORD00414,105,2026-05-26 10:38:42,CUST-0002,11,1,215,UPI,mobile-app
ORD00415,101,2026-05-26 10:54:40,CUST-0296,12,3,525,Card,mobile-app
ORD00416,101,2026-05-26 08:01:39,CUST-0171,21,2,390,Card,walk-in
ORD00417,101,2026-05-26 19:33:32,CUST-0257,31,8,2920,Cash,mobile-app
ORD00418,104,2026-05-26 15:31:45,CUST-0214,35,2,550,UPI,walk-in
ORD00419,104,2026-05-26 13:37:20,CUST-0014,26,1,195,Cash,walk-in
ORD00420,101,2026-05-26 09:54:11,CUST-0086,25,1,295,UPI,mobile-app
ORD00421,102,2026-05-26 11:24:29,CUST-0229,19,1,160,UPI,mobile-app
ORD00422,101,2026-05-26 09:09:35,CUST-0120,1,1,245,Card,mobile-app
ORD00423,105,2026-05-26 16:03:54,CUST-0276,30,1,365,Cash,mobile-app
ORD00424,105,2026-05-26 16:09:18,CUST-0194,19,2,320,Cash,mobile-app
ORD00425,102,2026-05-26 19:42:12,CUST-0158,14,2,490,UPI,walk-in
ORD00426,104,2026-05-26 19:12:31,CUST-0154,13,1,235,Cash,mobile-app
ORD00427,101,2026-05-26 18:38:06,CUST-0108,7,3,735,UPI,mobile-app
ORD00428,101,2026-05-26 19:47:08,CUST-0148,21,2,390,Cash,mobile-app
ORD00429,101,2026-05-26 21:50:41,CUST-0167,7,2,490,UPI,mobile-app
ORD00430,105,2026-05-26 14:35:35,CUST-0168,24,2,650,UPI,mobile-app
ORD00431,102,2026-05-26 21:16:55,CUST-0183,28,2,630,Card,walk-in
ORD00432,103,2026-05-26 18:57:25,CUST-0145,28,1,315,Cash,mobile-app
ORD00433,104,2026-05-26 14:28:54,CUST-0200,27,1,345,Cash,mobile-app
ORD00434,103,2026-05-26 12:04:35,CUST-0032,18,2,690,UPI,mobile-app
ORD00435,104,2026-05-26 15:23:52,CUST-0038,13,4,940,Cash,mobile-app
ORD00436,102,2026-05-26 07:34:03,CUST-0239,13,1,235,Cash,walk-in
ORD00437,103,2026-05-26 14:25:48,CUST-0292,3,3,645,UPI,walk-in
ORD00438,105,2026-05-26 13:38:31,CUST-0313,7,3,735,Cash,mobile-app
ORD00439,105,2026-05-26 08:25:52,CUST-0218,16,2,730,Cash,walk-in
ORD00440,102,2026-05-26 11:31:46,CUST-0015,32,3,975,UPI,mobile-app
ORD00441,104,2026-05-26 09:36:41,CUST-0323,10,1,185,UPI,mobile-app
ORD00442,101,2026-05-26 10:39:09,CUST-0179,8,8,1560,Cash,mobile-app
ORD00443,101,2026-05-26 18:35:26,CUST-0193,31,2,730,Cash,walk-in
ORD00444,103,2026-05-26 20:25:33,CUST-0268,27,1,345,Cash,mobile-app
ORD00445,104,2026-05-26 09:46:19,CUST-0207,25,5,1475,UPI,mobile-app
ORD00446,101,2026-05-26 07:26:34,CUST-0147,6,3,525,Cash,walk-in
ORD00447,103,2026-05-26 13:21:49,CUST-0015,24,2,650,UPI,mobile-app
ORD00448,104,2026-05-26 08:40:23,CUST-0109,24,2,650,Cash,walk-in
ORD00449,102,2026-05-26 14:52:08,CUST-0081,12,2,350,Cash,mobile-app
ORD00450,103,2026-05-26 18:32:14,CUST-0172,28,1,315,Cash,mobile-app
ORD00451,101,2026-05-26 20:32:01,CUST-0162,16,1,365,Cash,mobile-app
ORD00452,104,2026-05-26 14:34:03,CUST-0264,28,2,630,Cash,mobile-app
ORD00453,103,2026-05-26 07:44:45,CUST-0070,8,2,390,Cash,mobile-app
ORD00454,103,2026-05-26 21:10:08,CUST-0326,34,1,265,Cash,mobile-app
ORD00455,101,2026-05-26 16:46:18,CUST-0344,33,1,365,Card,mobile-app
ORD00456,101,2026-05-26 15:30:13,CUST-0238,18,2,690,Cash,mobile-app
ORD00457,103,2026-05-26 10:05:46,CUST-0228,12,1,175,UPI,mobile-app
ORD00458,101,2026-05-26 10:59:52,CUST-0222,14,2,490,Cash,mobile-app
ORD00459,103,2026-05-26 20:59:45,CUST-0055,30,1,365,Cash,walk-in
ORD00460,102,2026-05-26 18:54:20,CUST-0331,33,2,730,Cash,walk-in
ORD00461,102,2026-05-26 13:18:00,CUST-0118,11,3,645,Card,mobile-app
ORD00462,104,2026-05-26 20:33:59,CUST-0232,1,2,490,UPI,mobile-app
ORD00463,102,2026-05-26 11:38:27,CUST-0031,12,5,875,UPI,walk-in
ORD00464,105,2026-05-26 16:17:22,CUST-0139,12,2,350,Cash,mobile-app
ORD00465,101,2026-05-26 12:14:02,CUST-0238,26,1,195,Card,mobile-app
ORD00466,102,2026-05-26 07:25:45,CUST-0236,11,1,215,Cash,mobile-app
ORD00467,105,2026-05-26 09:29:15,CUST-0188,7,1,245,Cash,mobile-app
ORD00468,101,2026-05-26 19:23:49,CUST-0155,34,1,265,Cash,mobile-app
ORD00469,104,2026-05-26 10:12:45,CUST-0150,22,1,160,Card,mobile-app
ORD00470,103,2026-05-26 19:19:02,CUST-0048,33,1,365,UPI,mobile-app
ORD00471,101,2026-05-26 15:31:41,CUST-0218,35,1,275,Cash,mobile-app
ORD00472,101,2026-05-26 21:48:44,CUST-0026,14,8,1960,Cash,walk-in
ORD00473,101,2026-05-26 13:17:43,CUST-0053,21,1,195,Cash,walk-in
ORD00474,103,2026-05-26 21:39:01,CUST-0081,17,1,375,UPI,walk-in
ORD00475,104,2026-05-26 11:20:05,CUST-0141,17,1,375,Cash,mobile-app
ORD00476,105,2026-05-26 10:36:20,CUST-0104,24,1,325,UPI,mobile-app
ORD00477,101,2026-05-26 11:14:35,CUST-0010,16,2,730,Cash,walk-in
ORD00478,102,2026-05-26 12:07:00,CUST-0226,22,1,160,UPI,mobile-app
ORD00479,103,2026-05-26 09:33:14,CUST-0082,2,2,470,Cash,mobile-app
ORD00480,101,2026-05-26 21:06:46,CUST-0184,32,2,650,UPI,mobile-app
ORD00481,101,2026-05-26 19:22:44,CUST-0008,20,1,160,Cash,mobile-app
ORD00482,104,2026-05-26 20:00:46,CUST-0242,14,2,490,Cash,mobile-app
ORD00483,102,2026-05-26 14:57:55,CUST-0099,22,1,160,Card,mobile-app
ORD00484,105,2026-05-26 15:47:27,CUST-0208,8,2,390,UPI,mobile-app
ORD00485,104,2026-05-26 15:06:16,CUST-0050,21,2,390,UPI,walk-in
ORD00486,101,2026-05-26 18:35:25,CUST-0162,6,1,175,Card,mobile-app
ORD00487,102,2026-05-26 13:19:56,CUST-0287,23,1,325,Cash,walk-in
ORD00488,103,2026-05-26 20:18:12,CUST-0069,34,3,795,Cash,walk-in
ORD00489,102,2026-05-26 17:34:53,CUST-0316,6,2,350,UPI,mobile-app
ORD00490,104,2026-05-26 21:45:08,CUST-0285,4,2,390,Cash,mobile-app
ORD00491,101,2026-05-26 09:07:14,CUST-0086,20,3,480,UPI,mobile-app
ORD00492,101,2026-05-26 10:41:43,CUST-0222,5,1,225,Cash,mobile-app
ORD00493,105,2026-05-26 07:04:52,CUST-0052,15,2,690,Card,walk-in
ORD00494,105,2026-05-26 11:27:28,CUST-0161,2,3,705,Card,mobile-app
ORD00495,102,2026-05-26 21:14:46,CUST-0308,23,2,650,Cash,walk-in
ORD00496,103,2026-05-26 19:08:10,CUST-0065,27,2,690,Card,walk-in
ORD00497,102,2026-05-26 13:42:17,CUST-0064,29,1,215,UPI,mobile-app
ORD00498,101,2026-05-26 07:10:56,CUST-0072,19,1,160,UPI,walk-in
ORD00499,101,2026-05-26 12:52:06,CUST-0053,15,1,345,Cash,walk-in
ORD00500,101,2026-05-26 17:15:43,CUST-0230,28,2,630,Cash,walk-in
ORD00501,102,2026-05-26 14:46:46,CUST-0191,26,1,195,UPI,mobile-app
ORD00502,105,2026-05-26 15:57:18,CUST-0146,15,2,690,Cash,mobile-app
ORD00503,102,2026-05-26 09:55:07,CUST-0049,26,2,390,Cash,mobile-app
ORD00504,101,2026-05-26 16:37:41,CUST-0144,33,1,365,Cash,walk-in
ORD00505,101,2026-05-26 16:09:17,CUST-0158,22,1,160,UPI,walk-in
ORD00506,105,2026-05-26 16:15:50,CUST-0046,4,2,390,UPI,mobile-app
ORD00507,104,2026-05-26 19:11:13,CUST-0268,2,2,470,UPI,mobile-app
ORD00508,101,2026-05-26 14:46:27,CUST-0001,14,2,490,UPI,mobile-app
ORD00509,105,2026-05-26 18:55:23,CUST-0159,15,5,1725,Cash,mobile-app
ORD00510,105,2026-05-26 16:23:08,CUST-0158,11,3,645,Cash,mobile-app
ORD00511,105,2026-05-26 10:43:20,CUST-0242,35,3,825,Cash,mobile-app
ORD00512,103,2026-05-26 15:41:15,CUST-0168,30,6,2190,UPI,mobile-app
ORD00513,102,2026-05-26 21:30:49,CUST-0010,35,2,550,Cash,walk-in
ORD00514,103,2026-05-26 14:41:43,CUST-0002,30,4,1460,Cash,walk-in
ORD00515,101,2026-05-26 07:29:19,CUST-0331,21,2,390,UPI,walk-in
ORD00516,103,2026-05-26 10:20:28,CUST-0053,20,1,160,Cash,mobile-app
ORD00517,103,2026-05-26 13:20:43,CUST-0138,3,2,430,UPI,mobile-app
ORD00518,105,2026-05-26 13:21:15,CUST-0083,18,1,345,Cash,mobile-app
ORD00519,101,2026-05-26 17:12:12,CUST-0006,27,1,345,UPI,mobile-app
ORD00520,101,2026-05-26 14:57:21,CUST-0236,12,1,175,Cash,walk-in
ORD00521,103,2026-05-26 18:47:16,CUST-0282,30,2,730,Cash,walk-in
ORD00522,101,2026-05-26 14:06:31,CUST-0287,11,1,215,UPI,walk-in
ORD00523,101,2026-05-26 11:06:57,CUST-0168,24,3,975,Cash,mobile-app
ORD00524,102,2026-05-26 14:28:11,CUST-0079,26,1,195,UPI,walk-in
ORD00525,101,2026-05-26 21:42:13,CUST-0226,35,1,275,Cash,mobile-app
ORD00526,104,2026-05-26 11:17:25,CUST-0220,3,2,430,Cash,mobile-app
ORD00527,103,2026-05-26 07:22:03,CUST-0030,16,1,365,UPI,mobile-app
ORD00528,101,2026-05-26 14:18:58,CUST-0164,19,3,480,Cash,mobile-app
ORD00529,103,2026-05-26 20:51:22,CUST-0234,28,2,630,UPI,walk-in
ORD00530,105,2026-05-26 17:05:10,CUST-0128,13,1,235,Cash,walk-in
ORD00531,103,2026-05-26 12:35:02,CUST-0045,3,1,215,UPI,mobile-app
ORD00532,101,2026-05-26 07:17:29,CUST-0144,29,2,430,Cash,walk-in
ORD00533,101,2026-05-26 20:11:24,CUST-0281,29,4,860,UPI,walk-in
ORD00534,105,2026-05-26 12:43:23,CUST-0099,4,1,195,UPI,walk-in
ORD00535,105,2026-05-26 15:51:41,CUST-0189,7,3,735,UPI,walk-in
ORD00536,104,2026-05-26 19:38:05,CUST-0042,10,2,370,Cash,mobile-app
ORD00537,104,2026-05-26 13:50:20,CUST-0320,35,9,2475,UPI,mobile-app
ORD00538,101,2026-05-26 18:50:37,CUST-0081,1,2,490,UPI,walk-in
ORD00539,103,2026-05-26 09:41:37,CUST-0062,17,1,375,Cash,walk-in
ORD00540,105,2026-05-26 10:56:32,CUST-0349,7,1,245,Cash,mobile-app
ORD00541,103,2026-05-26 12:38:58,CUST-0167,4,3,585,Cash,mobile-app
ORD00542,103,2026-05-26 21:24:19,CUST-0184,31,2,730,Cash,mobile-app
ORD00543,104,2026-05-26 10:59:12,CUST-0121,10,1,185,Cash,walk-in
ORD00544,101,2026-05-26 14:31:48,CUST-0297,3,1,215,UPI,mobile-app
ORD00545,105,2026-05-26 18:10:39,CUST-0074,24,3,975,UPI,mobile-app
ORD00546,102,2026-05-26 19:39:28,CUST-0063,20,1,160,UPI,mobile-app
ORD00547,101,2026-05-26 20:01:26,CUST-0322,26,1,195,UPI,mobile-app
ORD00548,105,2026-05-26 07:25:16,CUST-0207,6,4,700,Cash,mobile-app
ORD00549,104,2026-05-26 21:46:09,CUST-0247,12,5,875,UPI,mobile-app
ORD00550,105,2026-05-26 15:12:41,CUST-0181,18,1,345,Cash,mobile-app
ORD00551,104,2026-05-26 20:12:14,CUST-0081,16,1,365,UPI,mobile-app
ORD00552,101,2026-05-26 12:45:56,CUST-0153,12,4,700,UPI,walk-in
ORD00553,101,2026-05-26 13:50:17,CUST-0100,1,1,245,Cash,mobile-app
ORD00554,103,2026-05-26 16:18:35,CUST-0259,6,1,175,UPI,mobile-app
ORD00555,103,2026-05-26 19:02:20,CUST-0172,12,1,175,Card,walk-in
ORD00556,105,2026-05-26 07:21:20,CUST-0202,21,3,585,UPI,mobile-app
ORD00557,105,2026-05-26 13:17:06,CUST-0111,18,1,345,Cash,mobile-app
ORD00558,101,2026-05-26 19:19:50,CUST-0217,12,2,350,Cash,mobile-app
ORD00559,105,2026-05-26 13:15:18,CUST-0088,34,5,1325,UPI,walk-in
ORD00560,101,2026-05-26 16:53:52,CUST-0272,2,2,470,Cash,walk-in
ORD00561,104,2026-05-26 10:16:14,CUST-0335,10,2,370,Cash,mobile-app
ORD00562,103,2026-05-26 20:15:38,CUST-0119,3,7,1505,UPI,mobile-app
ORD00563,102,2026-05-26 12:47:56,CUST-0236,4,2,390,Card,mobile-app
ORD00564,101,2026-05-26 11:39:21,CUST-0251,7,1,245,UPI,mobile-app
ORD00565,103,2026-05-26 12:28:11,CUST-0172,17,1,375,Cash,mobile-app
ORD00566,101,2026-05-26 16:31:45,CUST-0186,8,1,195,Cash,mobile-app
ORD00567,103,2026-05-26 09:24:34,CUST-0141,28,1,315,Cash,walk-in
ORD00568,101,2026-05-26 14:17:12,CUST-0272,11,2,430,Cash,mobile-app
ORD00569,101,2026-05-26 20:43:50,CUST-0305,16,2,730,Cash,walk-in
ORD00570,104,2026-05-26 07:17:24,CUST-0073,21,1,195,UPI,walk-in
ORD00571,105,2026-05-26 12:23:23,CUST-0193,24,1,325,Cash,mobile-app
ORD00572,105,2026-05-26 07:07:19,CUST-0248,7,2,490,Cash,walk-in
ORD00573,105,2026-05-26 21:19:16,CUST-0281,21,1,195,Cash,mobile-app
ORD00574,103,2026-05-26 12:30:28,CUST-0153,6,2,350,Card,walk-in
ORD00575,102,2026-05-26 21:36:27,CUST-0252,20,2,320,Cash,mobile-app
ORD00576,105,2026-05-26 09:05:24,CUST-0174,27,1,345,UPI,mobile-app
ORD00577,101,2026-05-26 19:54:08,CUST-0006,2,2,470,Cash,walk-in
ORD00578,105,2026-05-26 08:02:21,CUST-0241,32,1,325,UPI,mobile-app
ORD00579,104,2026-05-26 15:54:22,CUST-0116,10,5,925,UPI,walk-in
ORD00580,105,2026-05-26 21:09:11,CUST-0032,14,1,245,Cash,mobile-app
ORD00581,105,2026-05-26 07:13:45,CUST-0246,29,6,1290,UPI,walk-in
ORD00582,102,2026-05-26 21:06:37,CUST-0296,29,1,215,Cash,walk-in
ORD00583,102,2026-05-26 12:47:00,CUST-0142,34,1,265,UPI,mobile-app
ORD00584,103,2026-05-26 20:47:52,CUST-0193,34,3,795,Cash,walk-in
ORD00585,104,2026-05-26 13:00:34,CUST-0299,2,2,470,UPI,walk-in
ORD00586,104,2026-05-26 11:03:52,CUST-0043,2,5,1175,UPI,mobile-app
ORD00587,102,2026-05-26 19:50:23,CUST-0186,11,2,430,Cash,walk-in
ORD00588,102,2026-05-26 15:32:13,CUST-0145,23,3,975,Cash,mobile-app
ORD00589,101,2026-05-26 14:58:46,CUST-0310,30,1,365,Cash,mobile-app
ORD00590,102,2026-05-26 19:54:27,CUST-0213,8,1,195,Cash,mobile-app
ORD00591,101,2026-05-26 17:17:55,CUST-0055,27,2,690,UPI,walk-in
ORD00592,103,2026-05-26 07:04:58,CUST-0191,19,2,320,Cash,mobile-app
ORD00593,102,2026-05-26 07:21:01,CUST-0012,29,1,215,UPI,mobile-app
ORD00594,104,2026-05-26 12:26:53,CUST-0068,13,2,470,Cash,mobile-app
ORD00595,103,2026-05-26 07:38:51,CUST-0324,30,1,365,UPI,mobile-app
ORD00596,103,2026-05-26 07:29:55,CUST-0188,12,1,175,UPI,mobile-app
ORD00597,104,2026-05-26 15:34:49,CUST-0136,33,3,1095,Cash,walk-in
ORD00598,103,2026-05-26 15:48:14,CUST-0226,21,6,1170,Cash,walk-in
ORD00599,104,2026-05-26 16:14:15,CUST-0047,9,2,470,UPI,walk-in
ORD00600,102,2026-05-26 15:06:22,CUST-0095,16,5,1825,Cash,mobile-app
ORD00601,103,2026-05-26 09:03:36,CUST-0209,12,2,350,UPI,walk-in
ORD00602,103,2026-05-26 08:27:58,CUST-0299,35,3,825,Cash,mobile-app
ORD00603,104,2026-05-26 13:13:57,CUST-0314,15,1,345,UPI,mobile-app
ORD00604,104,2026-05-26 19:29:40,CUST-0319,7,1,245,Cash,walk-in
ORD00605,102,2026-05-26 15:21:10,CUST-0233,18,1,345,UPI,walk-in
ORD00606,104,2026-05-26 21:15:04,CUST-0052,10,6,1110,UPI,mobile-app
ORD00607,105,2026-05-26 12:33:01,CUST-0214,8,1,195,Cash,walk-in
ORD00608,103,2026-05-26 08:05:33,CUST-0112,18,1,345,UPI,mobile-app
ORD00609,102,2026-05-26 19:11:04,CUST-0008,25,2,590,Card,walk-in
ORD00610,105,2026-05-26 07:38:21,CUST-0250,21,2,390,UPI,walk-in
ORD00611,101,2026-05-26 09:55:15,CUST-0298,17,1,375,UPI,mobile-app
ORD00612,104,2026-05-26 08:28:22,CUST-0140,13,2,470,Card,mobile-app
ORD00613,105,2026-05-26 09:30:36,CUST-0155,9,2,470,Cash,mobile-app
ORD00614,104,2026-05-26 16:34:12,CUST-0128,16,1,365,Card,mobile-app
ORD00615,105,2026-05-26 16:53:27,CUST-0103,32,2,650,UPI,walk-in
ORD00616,102,2026-05-26 10:59:38,CUST-0090,5,5,1125,Card,walk-in
ORD00617,102,2026-05-26 10:29:17,CUST-0185,34,1,265,UPI,mobile-app
ORD00618,104,2026-05-26 13:05:27,CUST-0303,24,2,650,Cash,mobile-app
ORD00619,103,2026-05-26 12:41:53,CUST-0191,22,5,800,Card,mobile-app
ORD00620,104,2026-05-26 16:58:47,CUST-0086,1,1,245,UPI,walk-in
ORD00621,105,2026-05-26 11:20:32,CUST-0238,18,2,690,Cash,mobile-app
ORD00622,101,2026-05-26 10:30:36,CUST-0342,6,5,875,Cash,walk-in
ORD00623,102,2026-05-26 19:47:37,CUST-0190,18,3,1035,Cash,walk-in
ORD00624,104,2026-05-26 09:39:58,CUST-0173,22,3,480,UPI,mobile-app
ORD00625,103,2026-05-26 08:24:07,CUST-0277,27,5,1725,Cash,mobile-app
ORD00626,105,2026-05-26 17:35:21,CUST-0190,3,2,430,UPI,mobile-app
ORD00627,103,2026-05-26 08:29:54,CUST-0015,1,2,490,Cash,mobile-app
ORD00628,105,2026-05-26 12:11:48,CUST-0152,4,2,390,UPI,mobile-app
ORD00629,103,2026-05-26 21:36:46,CUST-0046,13,2,470,Cash,walk-in
ORD00630,105,2026-05-26 19:00:01,CUST-0157,25,1,295,UPI,mobile-app
ORD00631,101,2026-05-26 07:59:44,CUST-0016,23,2,650,Cash,mobile-app
ORD00632,104,2026-05-26 10:38:09,CUST-0326,32,2,650,Cash,mobile-app
ORD00633,101,2026-05-26 11:19:36,CUST-0146,26,2,390,UPI,mobile-app
ORD00634,101,2026-05-26 20:01:42,CUST-0091,33,2,730,Cash,walk-in
ORD00635,104,2026-05-26 09:14:16,CUST-0158,11,1,215,Card,walk-in
ORD00636,104,2026-05-26 21:01:02,CUST-0116,2,2,470,Cash,walk-in
ORD00637,101,2026-05-26 11:52:47,CUST-0179,23,3,975,UPI,mobile-app
ORD00638,102,2026-05-26 18:41:55,CUST-0324,14,2,490,UPI,mobile-app
ORD00639,101,2026-05-26 20:52:39,CUST-0249,6,1,175,UPI,mobile-app
ORD00640,103,2026-05-26 11:34:10,CUST-0057,32,2,650,UPI,mobile-app
ORD00641,102,2026-05-26 14:21:29,CUST-0263,3,2,430,UPI,mobile-app
ORD00642,103,2026-05-26 09:59:42,CUST-0217,17,2,750,UPI,mobile-app
ORD00643,105,2026-05-26 12:11:36,CUST-0112,30,2,730,UPI,mobile-app
ORD00644,103,2026-05-26 10:24:53,CUST-0242,7,1,245,UPI,mobile-app
ORD00645,102,2026-05-26 19:53:30,CUST-0132,12,1,175,Card,mobile-app
ORD00646,104,2026-05-26 14:40:13,CUST-0275,33,3,1095,UPI,mobile-app
ORD00647,105,2026-05-26 09:14:52,CUST-0184,32,2,650,Cash,walk-in
ORD00648,102,2026-05-26 08:14:29,CUST-0341,17,1,375,Cash,walk-in
ORD00649,104,2026-05-26 18:25:04,CUST-0086,8,1,195,Cash,mobile-app
ORD00650,105,2026-05-26 13:29:26,CUST-0090,16,1,365,Cash,mobile-app
ORD00651,101,2026-05-26 20:20:36,CUST-0324,29,1,215,Cash,mobile-app
ORD00652,104,2026-05-27 15:10:02,CUST-0115,20,1,160,Cash,mobile-app
ORD00653,105,2026-05-27 11:53:09,CUST-0061,2,2,470,UPI,mobile-app
ORD00654,103,2026-05-27 15:20:21,CUST-0026,10,2,370,UPI,mobile-app
ORD00655,102,2026-05-27 09:04:59,CUST-0115,24,2,650,UPI,walk-in
ORD00656,104,2026-05-27 21:16:41,CUST-0157,5,3,675,UPI,mobile-app
ORD00657,101,2026-05-27 18:26:32,CUST-0222,3,2,430,Card,walk-in
ORD00658,105,2026-05-27 09:52:50,CUST-0089,17,7,2625,UPI,mobile-app
ORD00659,103,2026-05-27 15:49:34,CUST-0014,3,1,215,UPI,mobile-app
ORD00660,101,2026-05-27 20:22:35,CUST-0127,15,1,345,UPI,mobile-app
ORD00661,104,2026-05-27 19:22:06,CUST-0104,5,6,1350,Cash,walk-in
ORD00662,104,2026-05-27 14:31:31,CUST-0181,25,5,1475,Cash,mobile-app
ORD00663,104,2026-05-27 14:28:20,CUST-0283,25,1,295,Cash,mobile-app
ORD00664,104,2026-05-27 17:21:33,CUST-0181,11,1,215,Cash,walk-in
ORD00665,104,2026-05-27 09:53:42,CUST-0255,32,2,650,Cash,walk-in
ORD00666,102,2026-05-27 14:43:29,CUST-0309,20,1,160,Cash,mobile-app
ORD00667,101,2026-05-27 11:08:59,CUST-0134,27,2,690,Cash,mobile-app
ORD00668,101,2026-05-27 12:42:43,CUST-0006,23,1,325,Cash,walk-in
ORD00669,105,2026-05-27 15:32:17,CUST-0183,10,1,185,Cash,mobile-app
ORD00670,103,2026-05-27 19:41:08,CUST-0300,24,1,325,Cash,mobile-app
ORD00671,102,2026-05-27 08:48:04,CUST-0158,4,1,195,UPI,walk-in
ORD00672,104,2026-05-27 20:50:13,CUST-0273,10,1,185,Cash,walk-in
ORD00673,101,2026-05-27 18:02:02,CUST-0172,15,1,345,UPI,mobile-app
ORD00674,102,2026-05-27 09:28:35,CUST-0268,32,4,1300,Cash,mobile-app
ORD00675,102,2026-05-27 21:03:21,CUST-0251,20,5,800,UPI,mobile-app
ORD00676,102,2026-05-27 08:56:24,CUST-0086,35,3,825,UPI,walk-in
ORD00677,101,2026-05-27 20:56:24,CUST-0010,18,1,345,UPI,mobile-app
ORD00678,103,2026-05-27 07:44:24,CUST-0182,34,1,265,Cash,mobile-app
ORD00679,101,2026-05-27 20:59:13,CUST-0035,31,1,365,Cash,mobile-app
ORD00680,102,2026-05-27 19:41:30,CUST-0346,12,1,175,Cash,mobile-app
ORD00681,105,2026-05-27 18:51:48,CUST-0246,29,9,1935,UPI,walk-in
ORD00682,102,2026-05-27 17:46:11,CUST-0143,34,2,530,Cash,mobile-app
ORD00683,102,2026-05-27 10:14:43,CUST-0305,3,2,430,Cash,mobile-app
ORD00684,102,2026-05-27 21:31:39,CUST-0261,15,1,345,Cash,mobile-app
ORD00685,103,2026-05-27 11:52:45,CUST-0121,3,2,430,UPI,walk-in
ORD00686,103,2026-05-27 07:56:05,CUST-0097,34,1,265,Card,mobile-app
ORD00687,101,2026-05-27 08:15:05,CUST-0007,34,3,795,Cash,mobile-app
ORD00688,105,2026-05-27 12:51:45,CUST-0085,18,1,345,UPI,walk-in
ORD00689,102,2026-05-27 19:23:10,CUST-0202,31,2,730,UPI,mobile-app
ORD00690,103,2026-05-27 09:37:27,CUST-0309,34,1,265,Cash,mobile-app
ORD00691,104,2026-05-27 08:06:27,CUST-0272,20,4,640,Cash,walk-in
ORD00692,104,2026-05-27 14:18:58,CUST-0152,34,2,530,Cash,walk-in
ORD00693,101,2026-05-27 17:42:02,CUST-0146,31,2,730,UPI,walk-in
ORD00694,102,2026-05-27 20:18:00,CUST-0339,24,4,1300,Cash,walk-in
ORD00695,105,2026-05-27 18:44:32,CUST-0227,25,9,2655,Cash,mobile-app
ORD00696,104,2026-05-27 10:27:20,CUST-0336,26,3,585,UPI,walk-in
ORD00697,105,2026-05-27 14:29:22,CUST-0287,20,2,320,Cash,mobile-app
ORD00698,101,2026-05-27 20:44:45,CUST-0135,20,1,160,UPI,walk-in
ORD00699,105,2026-05-27 14:24:04,CUST-0128,1,2,490,Cash,mobile-app
ORD00700,105,2026-05-27 13:36:25,CUST-0306,21,8,1560,Cash,mobile-app
ORD00701,102,2026-05-27 20:13:07,CUST-0212,1,2,490,UPI,mobile-app
ORD00702,101,2026-05-27 09:44:14,CUST-0052,28,9,2835,UPI,walk-in
ORD00703,101,2026-05-27 10:13:10,CUST-0172,14,2,490,Cash,mobile-app
ORD00704,101,2026-05-27 19:15:41,CUST-0187,32,1,325,UPI,mobile-app
ORD00705,105,2026-05-27 14:54:24,CUST-0028,12,2,350,UPI,walk-in
ORD00706,104,2026-05-27 12:07:42,CUST-0263,28,1,315,UPI,walk-in
ORD00707,102,2026-05-27 14:16:31,CUST-0293,8,2,390,UPI,mobile-app
ORD00708,102,2026-05-27 11:48:43,CUST-0126,11,2,430,UPI,mobile-app
ORD00709,104,2026-05-27 13:14:02,CUST-0196,22,1,160,UPI,mobile-app
ORD00710,102,2026-05-27 12:59:11,CUST-0041,20,1,160,UPI,mobile-app
ORD00711,104,2026-05-27 18:15:09,CUST-0213,18,2,690,UPI,mobile-app
ORD00712,105,2026-05-27 21:27:06,CUST-0114,30,4,1460,UPI,mobile-app
ORD00713,105,2026-05-27 17:24:29,CUST-0241,12,1,175,UPI,walk-in
ORD00714,102,2026-05-27 16:31:32,CUST-0221,7,1,245,UPI,walk-in
ORD00715,105,2026-05-27 12:38:16,CUST-0043,31,2,730,Cash,mobile-app
ORD00716,103,2026-05-27 10:44:04,CUST-0206,12,4,700,UPI,mobile-app
ORD00717,105,2026-05-27 17:03:19,CUST-0014,13,1,235,Cash,mobile-app
ORD00718,102,2026-05-27 17:36:21,CUST-0018,7,1,245,UPI,mobile-app
ORD00719,104,2026-05-27 16:34:29,CUST-0347,32,1,325,Cash,mobile-app
ORD00720,102,2026-05-27 16:22:53,CUST-0126,1,1,245,Cash,mobile-app
ORD00721,104,2026-05-27 13:34:22,CUST-0148,15,2,690,UPI,mobile-app
ORD00722,101,2026-05-27 09:59:00,CUST-0231,31,1,365,UPI,walk-in
ORD00723,101,2026-05-27 16:46:19,CUST-0118,6,1,175,Cash,mobile-app
ORD00724,104,2026-05-27 14:03:03,CUST-0029,10,3,555,Cash,mobile-app
ORD00725,104,2026-05-27 19:12:17,CUST-0288,17,1,375,Cash,walk-in
ORD00726,104,2026-05-27 09:36:07,CUST-0324,3,1,215,Cash,mobile-app
ORD00727,102,2026-05-27 17:08:21,CUST-0189,13,2,470,UPI,walk-in
ORD00728,103,2026-05-27 14:39:38,CUST-0286,26,1,195,UPI,mobile-app
ORD00729,101,2026-05-27 19:54:59,CUST-0077,8,2,390,Cash,mobile-app
ORD00730,101,2026-05-27 20:22:17,CUST-0253,32,1,325,UPI,mobile-app
ORD00731,102,2026-05-27 19:35:11,CUST-0148,7,3,735,Cash,mobile-app
ORD00732,102,2026-05-27 15:24:44,CUST-0316,28,1,315,Card,walk-in
ORD00733,105,2026-05-27 12:21:07,CUST-0234,27,6,2070,UPI,mobile-app
ORD00734,101,2026-05-27 12:06:23,CUST-0120,28,1,315,UPI,walk-in
ORD00735,101,2026-05-27 13:13:32,CUST-0118,5,1,225,UPI,walk-in
ORD00736,102,2026-05-27 09:11:57,CUST-0241,4,1,195,UPI,walk-in
ORD00737,102,2026-05-27 15:27:56,CUST-0066,17,2,750,UPI,mobile-app
ORD00738,105,2026-05-27 07:53:50,CUST-0004,31,2,730,Cash,mobile-app
ORD00739,101,2026-05-27 10:49:18,CUST-0250,16,2,730,UPI,mobile-app
ORD00740,104,2026-05-27 18:00:48,CUST-0338,26,2,390,Cash,mobile-app
ORD00741,101,2026-05-27 15:57:42,CUST-0185,27,1,345,Cash,mobile-app
ORD00742,103,2026-05-27 18:30:56,CUST-0161,27,1,345,Cash,mobile-app
ORD00743,103,2026-05-27 15:46:02,CUST-0055,14,1,245,UPI,mobile-app
ORD00744,101,2026-05-27 14:29:53,CUST-0175,7,2,490,UPI,walk-in
ORD00745,104,2026-05-27 19:18:51,CUST-0135,11,2,430,UPI,mobile-app
ORD00746,101,2026-05-27 09:01:31,CUST-0252,27,3,1035,Cash,mobile-app
ORD00747,104,2026-05-27 17:41:25,CUST-0308,18,1,345,UPI,mobile-app
ORD00748,104,2026-05-27 17:50:52,CUST-0204,19,3,480,UPI,mobile-app
ORD00749,102,2026-05-27 16:02:34,CUST-0144,16,4,1460,Cash,mobile-app
ORD00750,101,2026-05-27 20:06:46,CUST-0209,17,1,375,UPI,mobile-app
ORD00751,105,2026-05-27 21:22:48,CUST-0219,10,4,740,Cash,mobile-app
ORD00752,101,2026-05-27 13:40:53,CUST-0083,10,3,555,UPI,mobile-app
ORD00753,103,2026-05-27 09:11:24,CUST-0004,20,4,640,Cash,mobile-app
ORD00754,102,2026-05-27 07:45:38,CUST-0047,35,2,550,Cash,mobile-app
ORD00755,103,2026-05-27 15:49:40,CUST-0314,11,1,215,Cash,mobile-app
ORD00756,105,2026-05-27 12:08:52,CUST-0046,25,3,885,Cash,mobile-app
ORD00757,104,2026-05-27 13:30:39,CUST-0049,4,2,390,Card,mobile-app
ORD00758,105,2026-05-27 20:27:25,CUST-0047,15,9,3105,Cash,mobile-app
ORD00759,101,2026-05-27 16:06:47,CUST-0228,1,8,1960,UPI,walk-in
ORD00760,105,2026-05-27 21:16:55,CUST-0008,5,2,450,Cash,walk-in
ORD00761,105,2026-05-27 16:27:25,CUST-0039,20,1,160,Card,walk-in
ORD00762,101,2026-05-27 14:26:13,CUST-0048,23,1,325,UPI,mobile-app
ORD00763,102,2026-05-27 11:49:00,CUST-0117,8,1,195,Cash,mobile-app
ORD00764,102,2026-05-27 09:39:29,CUST-0052,4,2,390,Cash,mobile-app
ORD00765,103,2026-05-27 13:01:36,CUST-0304,14,1,245,Cash,walk-in
ORD00766,102,2026-05-27 08:51:09,CUST-0055,7,1,245,Cash,mobile-app
ORD00767,104,2026-05-27 15:15:12,CUST-0311,2,1,235,UPI,mobile-app
ORD00768,105,2026-05-27 14:47:13,CUST-0308,33,2,730,UPI,mobile-app
ORD00769,102,2026-05-27 13:20:59,CUST-0019,31,4,1460,Cash,walk-in
ORD00770,104,2026-05-27 08:50:26,CUST-0147,26,1,195,Cash,mobile-app
ORD00771,105,2026-05-27 11:31:49,CUST-0006,16,3,1095,UPI,mobile-app
ORD00772,102,2026-05-27 12:53:25,CUST-0256,28,2,630,Cash,mobile-app
ORD00773,105,2026-05-27 16:38:11,CUST-0231,30,4,1460,Card,mobile-app
ORD00774,104,2026-05-27 21:16:43,CUST-0240,15,1,345,Cash,mobile-app
ORD00775,104,2026-05-27 15:18:58,CUST-0293,8,2,390,Card,mobile-app
ORD00776,103,2026-05-27 12:50:11,CUST-0116,10,1,185,Cash,walk-in
ORD00777,103,2026-05-27 14:19:06,CUST-0047,21,1,195,UPI,walk-in
ORD00778,104,2026-05-27 19:26:27,CUST-0238,13,2,470,Cash,mobile-app
ORD00779,105,2026-05-27 17:38:30,CUST-0169,26,5,975,UPI,walk-in
ORD00780,101,2026-05-27 12:34:34,CUST-0153,34,5,1325,UPI,mobile-app
ORD00781,101,2026-05-27 09:24:14,CUST-0075,32,1,325,UPI,mobile-app
ORD00782,103,2026-05-27 16:06:55,CUST-0242,19,1,160,Cash,mobile-app
ORD00783,102,2026-05-27 15:12:59,CUST-0270,2,1,235,Cash,mobile-app
ORD00784,104,2026-05-27 12:07:16,CUST-0053,5,1,225,UPI,mobile-app
ORD00785,101,2026-05-27 17:52:25,CUST-0279,13,6,1410,Card,mobile-app
ORD00786,101,2026-05-27 21:43:52,CUST-0009,21,2,390,UPI,mobile-app
ORD00787,103,2026-05-27 17:54:12,CUST-0241,26,1,195,Card,mobile-app
ORD00788,103,2026-05-27 11:30:13,CUST-0165,26,1,195,UPI,mobile-app
ORD00789,103,2026-05-27 11:32:42,CUST-0203,24,1,325,UPI,walk-in
ORD00790,103,2026-05-27 09:41:21,CUST-0131,18,2,690,Cash,mobile-app
ORD00791,105,2026-05-27 09:02:48,CUST-0244,20,2,320,UPI,mobile-app
ORD00792,102,2026-05-27 09:01:46,CUST-0188,25,1,295,Cash,mobile-app
ORD00793,105,2026-05-27 20:38:33,CUST-0280,21,4,780,UPI,mobile-app
ORD00794,101,2026-05-27 14:53:07,CUST-0003,20,1,160,Card,mobile-app
ORD00795,105,2026-05-27 14:22:13,CUST-0151,4,2,390,UPI,mobile-app
ORD00796,104,2026-05-27 10:01:03,CUST-0068,28,1,315,Cash,mobile-app
ORD00797,101,2026-05-27 11:53:57,CUST-0149,21,1,195,Cash,mobile-app
ORD00798,105,2026-05-27 15:27:13,CUST-0114,32,1,325,Card,walk-in
ORD00799,103,2026-05-27 21:32:26,CUST-0343,1,2,490,UPI,walk-in
ORD00800,102,2026-05-27 15:10:35,CUST-0202,6,3,525,Cash,mobile-app
ORD00801,103,2026-05-27 18:46:33,CUST-0272,34,3,795,Cash,walk-in
ORD00802,104,2026-05-27 07:48:34,CUST-0295,25,1,295,UPI,mobile-app
ORD00803,103,2026-05-27 21:36:22,CUST-0247,2,2,470,UPI,mobile-app
ORD00804,105,2026-05-27 17:57:38,CUST-0305,6,1,175,Cash,walk-in
ORD00805,105,2026-05-27 15:24:46,CUST-0177,25,3,885,Cash,walk-in
ORD00806,103,2026-05-27 12:23:25,CUST-0280,35,3,825,UPI,mobile-app
ORD00807,103,2026-05-27 17:27:19,CUST-0176,5,1,225,UPI,mobile-app
ORD00808,103,2026-05-27 21:54:07,CUST-0179,5,3,675,UPI,mobile-app
ORD00809,103,2026-05-27 14:59:50,CUST-0061,3,1,215,UPI,mobile-app
ORD00810,101,2026-05-27 20:44:00,CUST-0201,22,2,320,Card,mobile-app
ORD00811,105,2026-05-27 20:23:56,CUST-0115,34,1,265,UPI,mobile-app
ORD00812,101,2026-05-27 12:48:20,CUST-0023,5,2,450,UPI,mobile-app
ORD00813,102,2026-05-27 07:51:20,CUST-0317,29,1,215,Cash,mobile-app
ORD00814,103,2026-05-27 16:07:10,CUST-0117,13,1,235,UPI,walk-in
ORD00815,102,2026-05-27 11:45:35,CUST-0144,5,1,225,UPI,mobile-app
ORD00816,101,2026-05-27 12:47:51,CUST-0224,3,1,215,UPI,mobile-app
ORD00817,104,2026-05-27 11:12:42,CUST-0303,34,1,265,Cash,mobile-app
ORD00818,101,2026-05-27 13:00:49,CUST-0311,13,2,470,Cash,mobile-app
ORD00819,105,2026-05-27 08:19:39,CUST-0297,24,3,975,UPI,walk-in
ORD00820,101,2026-05-27 08:16:01,CUST-0074,1,1,245,Cash,mobile-app
ORD00821,102,2026-05-27 15:52:06,CUST-0121,6,2,350,UPI,walk-in
ORD00822,105,2026-05-27 18:35:02,CUST-0184,21,2,390,Cash,mobile-app
ORD00823,101,2026-05-27 13:39:59,CUST-0156,15,1,345,UPI,mobile-app
ORD00824,105,2026-05-27 12:31:35,CUST-0227,15,2,690,Cash,walk-in
ORD00825,102,2026-05-27 20:25:20,CUST-0272,29,1,215,Cash,mobile-app
ORD00826,103,2026-05-27 19:01:05,CUST-0263,18,1,345,Card,mobile-app
ORD00827,102,2026-05-27 09:24:29,CUST-0067,20,3,480,Cash,mobile-app
ORD00828,105,2026-05-27 17:11:32,CUST-0073,24,3,975,Cash,mobile-app
ORD00829,104,2026-05-27 12:41:33,CUST-0212,30,2,730,UPI,mobile-app
ORD00830,104,2026-05-27 13:42:35,CUST-0086,24,1,325,UPI,mobile-app
ORD00831,103,2026-05-27 11:37:09,CUST-0243,20,3,480,UPI,mobile-app
ORD00832,102,2026-05-27 14:53:06,CUST-0229,34,2,530,Cash,mobile-app
ORD00833,105,2026-05-27 12:05:43,CUST-0099,31,2,730,Cash,walk-in
ORD00834,102,2026-05-27 10:08:48,CUST-0150,18,2,690,UPI,walk-in
ORD00835,103,2026-05-27 16:13:27,CUST-0203,16,5,1825,UPI,mobile-app
ORD00836,102,2026-05-27 13:40:32,CUST-0235,33,1,365,Cash,mobile-app
ORD00837,101,2026-05-27 20:33:55,CUST-0184,10,1,185,UPI,walk-in
ORD00838,104,2026-05-27 19:33:14,CUST-0241,23,3,975,UPI,walk-in
ORD00839,102,2026-05-27 14:53:04,CUST-0127,35,2,550,UPI,mobile-app
ORD00840,104,2026-05-27 07:25:04,CUST-0292,13,2,470,Card,mobile-app
ORD00841,101,2026-05-27 20:48:52,CUST-0122,20,1,160,Cash,walk-in
ORD00842,104,2026-05-27 08:16:42,CUST-0220,21,1,195,Cash,mobile-app
ORD00843,104,2026-05-27 09:16:28,CUST-0223,13,2,470,UPI,mobile-app
ORD00844,102,2026-05-27 18:05:40,CUST-0162,15,3,1035,Cash,mobile-app
ORD00845,104,2026-05-27 11:07:52,CUST-0239,21,3,585,Cash,walk-in
ORD00846,102,2026-05-27 20:14:18,CUST-0334,31,3,1095,UPI,walk-in
ORD00847,103,2026-05-27 13:00:56,CUST-0236,2,2,470,UPI,mobile-app
ORD00848,101,2026-05-27 12:30:15,CUST-0191,10,1,185,UPI,mobile-app
ORD00849,105,2026-05-27 18:05:58,CUST-0121,23,1,325,UPI,walk-in
ORD00850,103,2026-05-27 18:21:42,CUST-0036,27,1,345,Card,walk-in
ORD00851,103,2026-05-27 16:04:38,CUST-0344,4,1,195,UPI,mobile-app
ORD00852,105,2026-05-27 11:51:56,CUST-0177,6,2,350,Cash,mobile-app
ORD00853,102,2026-05-27 13:38:09,CUST-0266,17,3,1125,Cash,mobile-app
ORD00854,101,2026-05-27 11:48:08,CUST-0149,12,9,1575,Cash,mobile-app
ORD00855,105,2026-05-27 16:24:02,CUST-0290,28,3,945,Cash,walk-in
ORD00856,105,2026-05-27 21:00:19,CUST-0227,5,3,675,Cash,walk-in
ORD00857,101,2026-05-27 12:40:34,CUST-0010,12,5,875,UPI,mobile-app
ORD00858,102,2026-05-27 20:15:57,CUST-0308,9,1,235,UPI,mobile-app
ORD00859,105,2026-05-27 12:33:25,CUST-0222,16,1,365,Cash,mobile-app
ORD00860,105,2026-05-27 11:54:08,CUST-0134,16,2,730,Cash,mobile-app
ORD00861,101,2026-05-27 08:59:36,CUST-0142,4,1,195,Cash,walk-in
ORD00862,104,2026-05-27 17:28:35,CUST-0330,35,1,275,UPI,mobile-app
ORD00863,105,2026-05-27 09:43:29,CUST-0250,35,1,275,Cash,walk-in
ORD00864,103,2026-05-27 20:49:28,CUST-0036,33,4,1460,UPI,mobile-app
ORD00865,102,2026-05-27 11:16:20,CUST-0071,35,2,550,UPI,mobile-app
ORD00866,105,2026-05-27 15:25:26,CUST-0243,30,2,730,UPI,mobile-app
ORD00867,101,2026-05-27 09:22:48,CUST-0127,5,1,225,Card,mobile-app
ORD00868,104,2026-05-27 19:20:25,CUST-0211,8,2,390,UPI,mobile-app
ORD00869,104,2026-05-27 15:26:53,CUST-0311,22,2,320,UPI,mobile-app
ORD00870,101,2026-05-27 12:53:58,CUST-0016,11,3,645,UPI,walk-in
ORD00871,101,2026-05-27 07:59:12,CUST-0189,31,1,365,Cash,mobile-app
ORD00872,104,2026-05-27 11:06:39,CUST-0302,11,3,645,UPI,mobile-app
ORD00873,101,2026-05-27 18:39:59,CUST-0225,8,2,390,UPI,mobile-app
ORD00874,102,2026-05-27 16:20:53,CUST-0198,6,1,175,UPI,mobile-app
ORD00875,101,2026-05-27 17:34:59,CUST-0212,16,1,365,UPI,mobile-app
ORD00876,105,2026-05-27 09:33:06,CUST-0320,16,1,365,Card,mobile-app
ORD00877,101,2026-05-27 13:42:03,CUST-0259,32,3,975,Cash,mobile-app
ORD00878,104,2026-05-27 18:33:18,CUST-0084,4,2,390,Cash,walk-in
ORD00879,103,2026-05-27 16:32:06,CUST-0310,4,1,195,Cash,walk-in
ORD00880,101,2026-05-27 21:54:22,CUST-0137,5,1,225,UPI,mobile-app
ORD00881,101,2026-05-27 14:38:29,CUST-0261,12,1,175,Cash,mobile-app
ORD00882,103,2026-05-27 16:11:46,CUST-0230,6,2,350,UPI,mobile-app
ORD00883,103,2026-05-27 16:41:07,CUST-0229,12,1,175,Card,mobile-app
ORD00884,103,2026-05-27 14:26:25,CUST-0157,18,8,2760,Cash,walk-in
ORD00885,105,2026-05-27 09:19:55,CUST-0339,14,2,490,Cash,mobile-app
ORD00886,101,2026-05-27 19:40:07,CUST-0179,1,2,490,Cash,mobile-app
ORD00887,103,2026-05-27 15:55:36,CUST-0275,4,1,195,Cash,mobile-app
ORD00888,101,2026-05-27 19:10:37,CUST-0210,23,2,650,UPI,mobile-app
ORD00889,103,2026-05-27 11:48:22,CUST-0107,28,1,315,Cash,mobile-app
ORD00890,104,2026-05-27 15:43:51,CUST-0332,35,1,275,Cash,mobile-app
ORD00891,105,2026-05-27 08:43:58,CUST-0233,14,1,245,UPI,walk-in
ORD00892,105,2026-05-27 08:23:24,CUST-0027,13,2,470,UPI,mobile-app
ORD00893,102,2026-05-27 20:18:19,CUST-0327,11,1,215,Cash,walk-in
ORD00894,105,2026-05-27 08:43:06,CUST-0317,34,1,265,Cash,walk-in
ORD00895,101,2026-05-27 20:42:02,CUST-0016,21,1,195,Cash,mobile-app
ORD00896,102,2026-05-27 19:30:00,CUST-0267,12,2,350,UPI,mobile-app
ORD00897,103,2026-05-27 11:18:53,CUST-0233,7,2,490,Cash,walk-in
ORD00898,104,2026-05-27 09:31:37,CUST-0239,21,1,195,Cash,mobile-app
ORD00899,102,2026-05-27 07:08:20,CUST-0150,32,2,650,Cash,walk-in
ORD00900,105,2026-05-27 11:26:20,CUST-0135,4,2,390,UPI,mobile-app
ORD00901,104,2026-05-27 18:08:25,CUST-0156,13,1,235,UPI,mobile-app
ORD00902,104,2026-05-27 16:21:18,CUST-0338,11,1,215,Cash,mobile-app
ORD00903,102,2026-05-27 14:52:58,CUST-0332,34,1,265,Cash,mobile-app
ORD00904,105,2026-05-27 20:56:35,CUST-0081,1,1,245,Cash,walk-in
ORD00905,104,2026-05-27 10:46:31,CUST-0277,6,1,175,UPI,mobile-app
ORD00906,104,2026-05-27 18:55:54,CUST-0233,4,2,390,Cash,mobile-app
ORD00907,105,2026-05-27 20:21:24,CUST-0281,17,8,3000,Cash,walk-in
ORD00908,105,2026-05-27 14:08:26,CUST-0223,26,2,390,UPI,walk-in
ORD00909,105,2026-05-27 17:59:13,CUST-0200,10,1,185,Cash,walk-in
ORD00910,103,2026-05-27 07:56:12,CUST-0234,11,3,645,UPI,walk-in
ORD00911,103,2026-05-27 19:18:16,CUST-0290,12,5,875,UPI,mobile-app
ORD00912,102,2026-05-27 18:52:29,CUST-0093,13,2,470,Cash,mobile-app
ORD00913,102,2026-05-27 15:01:35,CUST-0274,29,2,430,UPI,mobile-app
ORD00914,103,2026-05-27 11:16:20,CUST-0160,9,1,235,UPI,mobile-app
ORD00915,103,2026-05-27 18:22:02,CUST-0118,24,3,975,Cash,mobile-app
ORD00916,103,2026-05-27 08:12:03,CUST-0166,16,1,365,UPI,walk-in
ORD00917,102,2026-05-27 20:58:52,CUST-0109,27,1,345,UPI,mobile-app
ORD00918,101,2026-05-27 12:53:22,CUST-0228,35,8,2200,Cash,mobile-app
ORD00919,103,2026-05-27 20:52:18,CUST-0075,8,3,585,Cash,mobile-app
ORD00920,102,2026-05-27 15:29:37,CUST-0290,28,1,315,Cash,mobile-app
ORD00921,101,2026-05-27 14:14:57,CUST-0317,17,1,375,Cash,mobile-app
ORD00922,102,2026-05-27 09:11:41,CUST-0181,6,1,175,Cash,mobile-app
ORD00923,101,2026-05-27 19:56:30,CUST-0322,7,1,245,UPI,mobile-app
ORD00924,103,2026-05-27 20:33:15,CUST-0231,5,3,675,UPI,walk-in
ORD00925,105,2026-05-27 12:39:24,CUST-0328,15,1,345,Cash,mobile-app
ORD00926,101,2026-05-27 09:25:30,CUST-0296,21,1,195,Cash,mobile-app
ORD00927,102,2026-05-27 17:25:52,CUST-0116,17,1,375,Cash,walk-in
ORD00928,101,2026-05-27 11:02:54,CUST-0230,28,1,315,UPI,mobile-app
ORD00929,102,2026-05-27 15:59:30,CUST-0124,18,1,345,Card,mobile-app
ORD00930,103,2026-05-27 18:27:59,CUST-0062,7,1,245,UPI,mobile-app
ORD00931,104,2026-05-27 20:14:46,CUST-0004,2,2,470,UPI,mobile-app
ORD00932,102,2026-05-27 11:13:00,CUST-0348,4,3,585,UPI,walk-in
ORD00933,105,2026-05-27 18:45:53,CUST-0214,2,3,705,UPI,walk-in
ORD00934,103,2026-05-27 15:52:04,CUST-0219,18,4,1380,Cash,mobile-app
ORD00935,102,2026-05-27 13:04:41,CUST-0105,16,4,1460,Cash,walk-in
ORD00936,102,2026-05-27 11:20:23,CUST-0187,33,2,730,Cash,mobile-app
ORD00937,103,2026-05-27 09:57:44,CUST-0067,8,3,585,Cash,mobile-app
ORD00938,104,2026-05-27 11:34:19,CUST-0221,32,6,1950,Cash,walk-in
ORD00939,105,2026-05-27 16:26:30,CUST-0327,12,2,350,Cash,mobile-app
ORD00940,103,2026-05-27 16:53:59,CUST-0055,29,3,645,Cash,walk-in
ORD00941,102,2026-05-27 12:41:59,CUST-0107,4,1,195,Cash,walk-in
ORD00942,103,2026-05-27 15:10:43,CUST-0239,29,1,215,Cash,walk-in
ORD00943,102,2026-05-27 13:00:49,CUST-0122,18,2,690,UPI,walk-in
ORD00944,103,2026-05-27 18:06:48,CUST-0200,6,2,350,Cash,mobile-app
ORD00945,102,2026-05-27 11:08:13,CUST-0153,33,4,1460,Cash,mobile-app
ORD00946,102,2026-05-27 15:20:14,CUST-0052,35,1,275,Card,walk-in
ORD00947,102,2026-05-27 18:22:19,CUST-0045,26,3,585,UPI,walk-in
ORD00948,104,2026-05-27 12:27:45,CUST-0235,2,2,470,Card,walk-in
ORD00949,103,2026-05-27 12:29:57,CUST-0213,31,3,1095,UPI,mobile-app
ORD00950,104,2026-05-27 15:05:52,CUST-0290,10,2,370,Cash,mobile-app
ORD00951,102,2026-05-27 10:34:17,CUST-0054,32,9,2925,UPI,mobile-app
ORD00952,101,2026-05-27 13:08:35,CUST-0215,29,2,430,Cash,walk-in
ORD00953,104,2026-05-27 14:25:21,CUST-0093,35,2,550,Cash,mobile-app
ORD00954,103,2026-05-27 21:04:22,CUST-0291,28,5,1575,UPI,mobile-app
ORD00955,103,2026-05-27 21:03:00,CUST-0161,9,1,235,UPI,mobile-app
ORD00956,105,2026-05-27 12:37:28,CUST-0036,29,2,430,UPI,mobile-app
ORD00957,102,2026-05-27 18:52:46,CUST-0204,3,2,430,Cash,walk-in
ORD00958,104,2026-05-27 20:13:16,CUST-0052,24,2,650,UPI,mobile-app
ORD00959,101,2026-05-27 15:00:40,CUST-0017,23,5,1625,UPI,mobile-app
ORD00960,104,2026-05-27 14:48:35,CUST-0217,17,1,375,Cash,walk-in
ORD00961,102,2026-05-27 11:58:14,CUST-0146,26,1,195,UPI,mobile-app
ORD00962,101,2026-05-27 11:50:04,CUST-0047,34,1,265,UPI,mobile-app
ORD00963,101,2026-05-28 11:22:41,CUST-0017,20,6,960,Card,mobile-app
ORD00964,105,2026-05-28 17:50:44,CUST-0284,4,7,1365,Cash,mobile-app
ORD00965,105,2026-05-28 21:54:05,CUST-0053,24,2,650,Cash,walk-in
ORD00966,102,2026-05-28 14:36:22,CUST-0021,11,3,645,Cash,mobile-app
ORD00967,103,2026-05-28 20:05:43,CUST-0341,18,1,345,Cash,mobile-app
ORD00968,104,2026-05-28 14:34:56,CUST-0219,14,1,245,Cash,mobile-app
ORD00969,104,2026-05-28 18:53:23,CUST-0270,21,2,390,UPI,mobile-app
ORD00970,105,2026-05-28 21:03:41,CUST-0005,3,1,215,UPI,mobile-app
ORD00971,104,2026-05-28 16:43:16,CUST-0007,27,1,345,UPI,mobile-app
ORD00972,103,2026-05-28 21:51:07,CUST-0199,30,6,2190,UPI,mobile-app
ORD00973,103,2026-05-28 12:18:07,CUST-0297,7,3,735,Cash,walk-in
ORD00974,104,2026-05-28 08:27:22,CUST-0038,4,1,195,UPI,mobile-app
ORD00975,104,2026-05-28 19:46:18,CUST-0110,11,1,215,Cash,walk-in
ORD00976,103,2026-05-28 17:22:34,CUST-0292,12,1,175,UPI,walk-in
ORD00977,101,2026-05-28 08:21:18,CUST-0089,29,1,215,Cash,mobile-app
ORD00978,105,2026-05-28 21:40:53,CUST-0090,25,2,590,Card,mobile-app
ORD00979,101,2026-05-28 19:29:33,CUST-0342,5,3,675,Cash,mobile-app
ORD00980,103,2026-05-28 09:50:07,CUST-0214,22,1,160,Cash,walk-in
ORD00981,102,2026-05-28 08:28:39,CUST-0289,14,4,980,UPI,mobile-app
ORD00982,104,2026-05-28 11:45:59,CUST-0098,14,3,735,Cash,mobile-app
ORD00983,105,2026-05-28 15:35:16,CUST-0205,19,2,320,Cash,mobile-app
ORD00984,103,2026-05-28 07:54:52,CUST-0049,16,1,365,UPI,mobile-app
ORD00985,105,2026-05-28 07:42:45,CUST-0132,3,1,215,Cash,mobile-app
ORD00986,103,2026-05-28 19:13:15,CUST-0245,21,1,195,UPI,mobile-app
ORD00987,101,2026-05-28 11:17:40,CUST-0081,6,3,525,Cash,mobile-app
ORD00988,104,2026-05-28 07:49:53,CUST-0207,16,1,365,Cash,walk-in
ORD00989,102,2026-05-28 08:36:55,CUST-0345,20,1,160,Cash,mobile-app
ORD00990,101,2026-05-28 12:23:44,CUST-0140,30,1,365,Cash,mobile-app
ORD00991,104,2026-05-28 18:55:50,CUST-0066,9,1,235,Cash,mobile-app
ORD00992,105,2026-05-28 11:19:25,CUST-0309,28,2,630,Cash,mobile-app
ORD00993,105,2026-05-28 21:30:06,CUST-0037,29,1,215,Card,walk-in
ORD00994,105,2026-05-28 07:34:46,CUST-0097,27,1,345,Cash,walk-in
ORD00995,104,2026-05-28 13:57:58,CUST-0312,1,1,245,Card,walk-in
ORD00996,101,2026-05-28 08:45:31,CUST-0293,16,1,365,Cash,mobile-app
ORD00997,101,2026-05-28 08:46:29,CUST-0197,30,1,365,UPI,mobile-app
ORD00998,101,2026-05-28 21:26:52,CUST-0003,7,2,490,Card,mobile-app
ORD00999,103,2026-05-28 18:56:49,CUST-0333,10,1,185,UPI,walk-in
ORD01000,104,2026-05-28 19:16:50,CUST-0134,8,2,390,Cash,mobile-app
ORD01001,104,2026-05-28 15:24:05,CUST-0173,31,1,365,UPI,walk-in
ORD01002,104,2026-05-28 14:01:20,CUST-0343,6,1,175,UPI,walk-in
ORD01003,102,2026-05-28 08:23:42,CUST-0054,19,3,480,UPI,mobile-app
ORD01004,104,2026-05-28 21:36:27,CUST-0181,11,3,645,Cash,walk-in
ORD01005,104,2026-05-28 13:44:47,CUST-0314,35,1,275,UPI,walk-in
ORD01006,102,2026-05-28 08:37:34,CUST-0348,26,1,195,Cash,walk-in
ORD01007,103,2026-05-28 17:32:04,CUST-0070,3,3,645,Cash,mobile-app
ORD01008,104,2026-05-28 16:28:03,CUST-0134,30,2,730,Cash,mobile-app
ORD01009,102,2026-05-28 20:20:23,CUST-0302,22,6,960,Cash,mobile-app
ORD01010,105,2026-05-28 07:42:19,CUST-0268,25,1,295,UPI,walk-in
ORD01011,104,2026-05-28 15:39:55,CUST-0112,23,3,975,UPI,mobile-app
ORD01012,105,2026-05-28 21:32:56,CUST-0017,21,1,195,UPI,mobile-app
ORD01013,101,2026-05-28 21:31:52,CUST-0223,14,1,245,Cash,walk-in
ORD01014,102,2026-05-28 11:16:31,CUST-0236,17,2,750,Cash,mobile-app
ORD01015,105,2026-05-28 20:39:30,CUST-0253,27,1,345,Cash,mobile-app
ORD01016,101,2026-05-28 14:28:52,CUST-0113,35,1,275,Cash,walk-in
ORD01017,104,2026-05-28 07:27:22,CUST-0261,8,2,390,UPI,mobile-app
ORD01018,104,2026-05-28 13:07:59,CUST-0062,27,2,690,Cash,mobile-app
ORD01019,105,2026-05-28 15:01:04,CUST-0163,25,3,885,Cash,mobile-app
ORD01020,102,2026-05-28 18:00:12,CUST-0319,16,7,2555,UPI,mobile-app
ORD01021,102,2026-05-28 16:40:18,CUST-0069,13,3,705,UPI,walk-in
ORD01022,105,2026-05-28 08:41:11,CUST-0335,7,7,1715,Card,walk-in
ORD01023,104,2026-05-28 16:16:12,CUST-0189,26,1,195,Card,mobile-app
ORD01024,105,2026-05-28 10:08:58,CUST-0120,23,2,650,Cash,mobile-app
ORD01025,105,2026-05-28 10:41:21,CUST-0152,34,1,265,Cash,mobile-app
ORD01026,102,2026-05-28 09:00:11,CUST-0017,6,1,175,Cash,mobile-app
ORD01027,103,2026-05-28 07:12:48,CUST-0128,2,6,1410,UPI,walk-in
ORD01028,103,2026-05-28 13:58:46,CUST-0105,25,2,590,Cash,walk-in
ORD01029,104,2026-05-28 11:49:41,CUST-0114,34,2,530,UPI,mobile-app
ORD01030,103,2026-05-28 21:58:14,CUST-0026,13,1,235,Cash,mobile-app
ORD01031,102,2026-05-28 17:55:06,CUST-0276,33,1,365,Cash,walk-in
ORD01032,104,2026-05-28 19:29:22,CUST-0026,31,6,2190,UPI,mobile-app
ORD01033,104,2026-05-28 14:03:50,CUST-0129,17,1,375,Cash,mobile-app
ORD01034,102,2026-05-28 13:32:11,CUST-0017,21,2,390,UPI,mobile-app
ORD01035,104,2026-05-28 11:21:01,CUST-0058,23,2,650,UPI,mobile-app
ORD01036,105,2026-05-28 09:06:29,CUST-0209,6,1,175,UPI,walk-in
ORD01037,102,2026-05-28 21:03:22,CUST-0134,5,3,675,Cash,mobile-app
ORD01038,104,2026-05-28 13:08:21,CUST-0115,15,4,1380,Cash,walk-in
ORD01039,103,2026-05-28 18:38:35,CUST-0344,25,1,295,Cash,mobile-app
ORD01040,103,2026-05-28 07:51:00,CUST-0056,11,4,860,UPI,walk-in
ORD01041,102,2026-05-28 17:00:37,CUST-0023,6,1,175,Cash,mobile-app
ORD01042,105,2026-05-28 10:52:25,CUST-0109,3,1,215,Cash,walk-in
ORD01043,105,2026-05-28 09:17:37,CUST-0061,26,1,195,UPI,mobile-app
ORD01044,103,2026-05-28 12:56:50,CUST-0149,33,1,365,Cash,mobile-app
ORD01045,105,2026-05-28 09:22:19,CUST-0091,33,1,365,Cash,walk-in
ORD01046,105,2026-05-28 14:31:51,CUST-0211,11,2,430,UPI,mobile-app
ORD01047,102,2026-05-28 12:37:13,CUST-0094,19,1,160,UPI,mobile-app
ORD01048,101,2026-05-28 19:24:59,CUST-0125,3,2,430,UPI,mobile-app
ORD01049,103,2026-05-28 19:40:00,CUST-0324,12,2,350,Cash,walk-in
ORD01050,101,2026-05-28 11:37:10,CUST-0142,2,1,235,Cash,mobile-app
ORD01051,101,2026-05-28 19:21:22,CUST-0097,30,1,365,UPI,walk-in
ORD01052,101,2026-05-28 08:36:22,CUST-0175,14,2,490,Cash,walk-in
ORD01053,101,2026-05-28 08:09:31,CUST-0237,22,3,480,UPI,mobile-app
ORD01054,101,2026-05-28 19:16:35,CUST-0012,22,1,160,Card,mobile-app
ORD01055,104,2026-05-28 19:53:36,CUST-0069,15,3,1035,UPI,walk-in
ORD01056,105,2026-05-28 07:46:00,CUST-0004,9,2,470,Cash,walk-in
ORD01057,101,2026-05-28 11:00:59,CUST-0037,10,1,185,Cash,walk-in
ORD01058,102,2026-05-28 12:16:43,CUST-0137,10,1,185,Cash,mobile-app
ORD01059,105,2026-05-28 15:47:11,CUST-0340,10,2,370,Cash,mobile-app
ORD01060,105,2026-05-28 21:23:00,CUST-0347,8,1,195,UPI,mobile-app
ORD01061,101,2026-05-28 16:29:35,CUST-0266,31,2,730,Cash,mobile-app
ORD01062,105,2026-05-28 19:01:41,CUST-0301,25,2,590,Cash,mobile-app
ORD01063,105,2026-05-28 07:22:10,CUST-0242,22,2,320,Cash,mobile-app
ORD01064,104,2026-05-28 19:31:21,CUST-0014,28,2,630,UPI,mobile-app
ORD01065,102,2026-05-28 19:51:17,CUST-0002,12,1,175,UPI,mobile-app
ORD01066,104,2026-05-28 20:49:37,CUST-0238,7,1,245,UPI,walk-in
ORD01067,105,2026-05-28 07:57:08,CUST-0140,25,2,590,Cash,walk-in
ORD01068,101,2026-05-28 15:17:54,CUST-0257,12,2,350,Cash,mobile-app
ORD01069,104,2026-05-28 09:29:30,CUST-0234,20,3,480,Cash,walk-in
ORD01070,103,2026-05-28 09:38:53,CUST-0341,29,1,215,Cash,walk-in
ORD01071,101,2026-05-28 15:21:12,CUST-0002,15,1,345,UPI,mobile-app
ORD01072,101,2026-05-28 21:04:15,CUST-0163,21,2,390,Card,mobile-app
ORD01073,102,2026-05-28 20:10:09,CUST-0291,14,1,245,Cash,mobile-app
ORD01074,101,2026-05-28 08:33:17,CUST-0115,11,1,215,Cash,walk-in
ORD01075,103,2026-05-28 17:17:16,CUST-0324,22,5,800,Cash,walk-in
ORD01076,102,2026-05-28 15:14:12,CUST-0335,17,1,375,UPI,mobile-app
ORD01077,101,2026-05-28 09:30:11,CUST-0119,26,2,390,Cash,mobile-app
ORD01078,101,2026-05-28 11:51:06,CUST-0172,12,1,175,Card,walk-in
ORD01079,103,2026-05-28 16:37:12,CUST-0054,28,2,630,Cash,mobile-app
ORD01080,105,2026-05-28 15:11:07,CUST-0200,33,3,1095,Cash,walk-in
ORD01081,103,2026-05-28 14:57:34,CUST-0343,15,3,1035,Cash,mobile-app
ORD01082,103,2026-05-28 10:21:06,CUST-0098,33,1,365,UPI,mobile-app
ORD01083,104,2026-05-28 07:51:03,CUST-0224,9,1,235,Cash,walk-in
ORD01084,102,2026-05-28 11:34:19,CUST-0300,35,1,275,UPI,walk-in
ORD01085,102,2026-05-28 11:36:02,CUST-0132,20,2,320,UPI,walk-in
ORD01086,105,2026-05-28 17:36:51,CUST-0041,32,1,325,Cash,mobile-app
ORD01087,104,2026-05-28 13:34:35,CUST-0091,30,3,1095,Cash,mobile-app
ORD01088,105,2026-05-28 10:15:29,CUST-0328,34,1,265,Cash,mobile-app
ORD01089,103,2026-05-28 09:24:01,CUST-0319,32,2,650,UPI,walk-in
ORD01090,102,2026-05-28 19:14:00,CUST-0301,31,1,365,UPI,walk-in
ORD01091,104,2026-05-28 13:19:31,CUST-0076,25,5,1475,UPI,mobile-app
ORD01092,102,2026-05-28 11:29:50,CUST-0246,28,1,315,Cash,mobile-app
ORD01093,102,2026-05-28 17:33:43,CUST-0017,10,3,555,Cash,mobile-app
ORD01094,101,2026-05-28 13:49:49,CUST-0204,8,1,195,UPI,mobile-app
ORD01095,101,2026-05-28 16:32:39,CUST-0226,16,1,365,Cash,mobile-app
ORD01096,105,2026-05-28 17:06:07,CUST-0349,28,1,315,Cash,mobile-app
ORD01097,105,2026-05-28 21:40:13,CUST-0198,20,2,320,Cash,mobile-app
ORD01098,104,2026-05-28 15:55:54,CUST-0068,22,1,160,UPI,walk-in
ORD01099,102,2026-05-28 09:24:32,CUST-0214,14,5,1225,Cash,mobile-app
ORD01100,105,2026-05-28 21:19:11,CUST-0190,4,2,390,Card,mobile-app
ORD01101,102,2026-05-28 21:24:36,CUST-0106,1,1,245,Cash,mobile-app
ORD01102,105,2026-05-28 18:37:40,CUST-0220,12,1,175,Cash,mobile-app
ORD01103,103,2026-05-28 08:01:13,CUST-0291,32,1,325,UPI,mobile-app
ORD01104,105,2026-05-28 08:15:56,CUST-0067,33,3,1095,Card,mobile-app
ORD01105,103,2026-05-28 18:20:38,CUST-0283,13,3,705,Cash,walk-in
ORD01106,101,2026-05-28 14:45:47,CUST-0072,32,4,1300,UPI,mobile-app
ORD01107,104,2026-05-28 21:29:26,CUST-0203,11,3,645,UPI,mobile-app
ORD01108,104,2026-05-28 20:27:01,CUST-0215,8,7,1365,Cash,mobile-app
ORD01109,104,2026-05-28 12:20:03,CUST-0258,28,4,1260,Cash,mobile-app
ORD01110,105,2026-05-28 14:34:38,CUST-0010,19,1,160,Cash,mobile-app
ORD01111,102,2026-05-28 08:50:40,CUST-0048,9,1,235,Card,mobile-app
ORD01112,103,2026-05-28 17:57:02,CUST-0204,14,1,245,Cash,mobile-app
ORD01113,102,2026-05-28 09:51:05,CUST-0135,20,1,160,UPI,mobile-app
ORD01114,101,2026-05-28 20:50:43,CUST-0054,32,1,325,Cash,mobile-app
ORD01115,102,2026-05-28 13:12:46,CUST-0308,28,2,630,Cash,walk-in
ORD01116,104,2026-05-28 13:13:01,CUST-0156,16,6,2190,Cash,walk-in
ORD01117,105,2026-05-28 20:02:09,CUST-0206,21,3,585,Cash,mobile-app
ORD01118,105,2026-05-28 17:26:32,CUST-0214,14,2,490,UPI,walk-in
ORD01119,103,2026-05-28 09:32:25,CUST-0221,18,1,345,UPI,walk-in
ORD01120,105,2026-05-28 13:12:49,CUST-0045,29,2,430,UPI,walk-in
ORD01121,105,2026-05-28 21:01:23,CUST-0348,12,2,350,Cash,walk-in
ORD01122,103,2026-05-28 16:25:26,CUST-0103,29,3,645,Cash,mobile-app
ORD01123,104,2026-05-28 17:21:17,CUST-0173,10,7,1295,Cash,mobile-app
ORD01124,102,2026-05-28 19:33:46,CUST-0025,26,1,195,UPI,walk-in
ORD01125,105,2026-05-28 07:37:50,CUST-0250,10,2,370,UPI,mobile-app
ORD01126,102,2026-05-28 07:22:25,CUST-0330,13,3,705,Cash,mobile-app
ORD01127,104,2026-05-28 12:33:36,CUST-0167,14,1,245,UPI,walk-in
ORD01128,101,2026-05-28 09:41:00,CUST-0135,21,1,195,Cash,walk-in
ORD01129,102,2026-05-28 17:25:02,CUST-0137,17,4,1500,Cash,mobile-app
ORD01130,103,2026-05-28 15:52:22,CUST-0246,5,1,225,Cash,walk-in
ORD01131,103,2026-05-28 14:54:46,CUST-0341,5,2,450,UPI,mobile-app
ORD01132,103,2026-05-28 13:09:24,CUST-0286,19,3,480,Cash,mobile-app
ORD01133,104,2026-05-28 08:44:59,CUST-0127,20,6,960,Cash,mobile-app
ORD01134,101,2026-05-28 15:40:48,CUST-0172,2,8,1880,Cash,mobile-app
ORD01135,105,2026-05-28 08:03:01,CUST-0128,15,1,345,UPI,walk-in
ORD01136,104,2026-05-28 18:45:33,CUST-0246,18,1,345,UPI,walk-in
ORD01137,104,2026-05-28 15:11:06,CUST-0300,29,1,215,Cash,mobile-app
ORD01138,105,2026-05-28 07:39:22,CUST-0209,29,1,215,UPI,walk-in
ORD01139,105,2026-05-28 21:06:46,CUST-0271,16,1,365,Cash,mobile-app
ORD01140,104,2026-05-28 19:33:06,CUST-0224,31,1,365,Cash,walk-in
ORD01141,103,2026-05-28 16:35:39,CUST-0310,14,3,735,Cash,mobile-app
ORD01142,101,2026-05-28 07:17:25,CUST-0323,22,4,640,Cash,mobile-app
ORD01143,101,2026-05-28 10:55:53,CUST-0130,27,3,1035,Cash,mobile-app
ORD01144,104,2026-05-28 13:57:29,CUST-0160,34,3,795,UPI,mobile-app
ORD01145,105,2026-05-28 15:06:10,CUST-0069,9,1,235,UPI,mobile-app
ORD01146,102,2026-05-28 18:15:16,CUST-0340,16,3,1095,Cash,mobile-app
ORD01147,105,2026-05-28 09:20:44,CUST-0207,20,9,1440,Cash,mobile-app
ORD01148,104,2026-05-28 11:22:14,CUST-0232,24,1,325,UPI,walk-in
ORD01149,105,2026-05-28 10:39:30,CUST-0275,18,1,345,Cash,mobile-app
ORD01150,105,2026-05-28 10:49:33,CUST-0340,24,2,650,UPI,mobile-app
ORD01151,103,2026-05-28 21:24:37,CUST-0092,18,1,345,UPI,mobile-app
ORD01152,101,2026-05-28 11:19:30,CUST-0183,15,1,345,UPI,walk-in
ORD01153,105,2026-05-28 08:37:06,CUST-0167,28,8,2520,Cash,mobile-app
ORD01154,101,2026-05-28 08:54:25,CUST-0184,5,2,450,Cash,mobile-app
ORD01155,105,2026-05-28 09:36:55,CUST-0073,7,3,735,UPI,walk-in
ORD01156,101,2026-05-28 16:12:14,CUST-0135,1,2,490,Cash,walk-in
ORD01157,104,2026-05-28 17:40:42,CUST-0252,20,2,320,Cash,mobile-app
ORD01158,105,2026-05-28 19:07:00,CUST-0303,34,3,795,UPI,mobile-app
ORD01159,101,2026-05-28 09:32:46,CUST-0316,12,1,175,UPI,mobile-app
ORD01160,102,2026-05-28 12:18:49,CUST-0030,26,1,195,Cash,mobile-app
ORD01161,103,2026-05-28 07:45:54,CUST-0207,9,2,470,Cash,mobile-app
ORD01162,101,2026-05-28 09:34:45,CUST-0320,2,1,235,UPI,mobile-app
ORD01163,104,2026-05-28 11:19:47,CUST-0302,21,1,195,Cash,mobile-app
ORD01164,105,2026-05-28 19:15:07,CUST-0122,12,3,525,Cash,walk-in
ORD01165,102,2026-05-28 17:53:09,CUST-0204,2,4,940,Cash,mobile-app
ORD01166,105,2026-05-28 11:09:29,CUST-0179,28,2,630,UPI,walk-in
ORD01167,103,2026-05-28 13:52:57,CUST-0047,15,2,690,Cash,mobile-app
ORD01168,105,2026-05-28 19:37:56,CUST-0217,32,1,325,UPI,mobile-app
ORD01169,105,2026-05-28 20:14:56,CUST-0128,29,1,215,Cash,mobile-app
ORD01170,105,2026-05-28 19:56:10,CUST-0349,28,5,1575,UPI,mobile-app
ORD01171,104,2026-05-28 18:08:08,CUST-0054,29,2,430,UPI,mobile-app
ORD01172,105,2026-05-28 14:57:59,CUST-0290,6,1,175,UPI,mobile-app
ORD01173,101,2026-05-28 08:56:09,CUST-0194,35,2,550,UPI,mobile-app
ORD01174,101,2026-05-28 08:25:05,CUST-0211,1,1,245,Cash,walk-in
ORD01175,102,2026-05-28 17:01:25,CUST-0092,28,3,945,UPI,mobile-app
ORD01176,103,2026-05-28 07:44:37,CUST-0296,14,1,245,UPI,mobile-app
ORD01177,105,2026-05-28 18:13:00,CUST-0171,33,2,730,Cash,walk-in
ORD01178,104,2026-05-28 08:28:27,CUST-0031,7,3,735,UPI,mobile-app
ORD01179,103,2026-05-28 14:49:51,CUST-0213,27,1,345,UPI,walk-in
ORD01180,103,2026-05-28 18:52:38,CUST-0306,27,1,345,Cash,walk-in
ORD01181,102,2026-05-28 10:06:18,CUST-0211,7,3,735,Card,walk-in
ORD01182,104,2026-05-28 18:06:29,CUST-0053,13,1,235,Card,mobile-app
ORD01183,101,2026-05-28 11:25:33,CUST-0213,16,3,1095,Cash,mobile-app
ORD01184,102,2026-05-28 11:26:08,CUST-0245,27,1,345,Card,mobile-app
ORD01185,103,2026-05-28 19:50:57,CUST-0104,14,3,735,Cash,mobile-app
ORD01186,103,2026-05-28 10:21:39,CUST-0318,3,2,430,UPI,walk-in
ORD01187,105,2026-05-28 12:20:14,CUST-0259,35,8,2200,Cash,walk-in
ORD01188,105,2026-05-28 19:18:52,CUST-0137,30,7,2555,UPI,mobile-app
ORD01189,101,2026-05-28 13:35:19,CUST-0212,23,1,325,UPI,walk-in
ORD01190,101,2026-05-28 10:22:12,CUST-0301,26,1,195,Card,walk-in
ORD01191,102,2026-05-28 17:11:14,CUST-0170,12,7,1225,UPI,walk-in
ORD01192,102,2026-05-28 17:05:05,CUST-0012,18,1,345,Cash,mobile-app
ORD01193,104,2026-05-28 07:21:40,CUST-0087,17,2,750,Cash,walk-in
ORD01194,104,2026-05-28 15:01:00,CUST-0256,28,5,1575,Card,mobile-app
ORD01195,103,2026-05-28 20:11:50,CUST-0153,3,1,215,Cash,mobile-app
ORD01196,103,2026-05-28 10:42:04,CUST-0002,6,3,525,Card,walk-in
ORD01197,104,2026-05-28 12:32:00,CUST-0173,1,2,490,Card,mobile-app
ORD01198,103,2026-05-28 07:49:09,CUST-0164,14,1,245,Cash,mobile-app
ORD01199,101,2026-05-28 18:12:31,CUST-0344,20,4,640,Cash,mobile-app
ORD01200,101,2026-05-28 15:26:32,CUST-0061,16,1,365,Cash,mobile-app
ORD01201,103,2026-05-28 17:27:43,CUST-0143,29,1,215,UPI,mobile-app
ORD01202,103,2026-05-28 17:32:51,CUST-0216,17,1,375,Cash,walk-in
ORD01203,102,2026-05-28 13:23:44,CUST-0093,25,2,590,Cash,walk-in
ORD01204,101,2026-05-28 09:03:13,CUST-0073,13,3,705,Cash,mobile-app
ORD01205,102,2026-05-28 08:00:12,CUST-0319,16,3,1095,UPI,walk-in
ORD01206,104,2026-05-28 09:30:06,CUST-0324,1,3,735,Cash,mobile-app
ORD01207,105,2026-05-28 13:56:45,CUST-0125,2,7,1645,Cash,walk-in
ORD01208,104,2026-05-28 11:04:20,CUST-0003,32,1,325,Cash,mobile-app
ORD01209,104,2026-05-28 21:51:47,CUST-0337,22,2,320,Cash,walk-in
ORD01210,105,2026-05-28 17:08:10,CUST-0130,26,2,390,Cash,mobile-app
ORD01211,104,2026-05-28 19:20:28,CUST-0256,3,2,430,Cash,walk-in
ORD01212,105,2026-05-28 18:41:04,CUST-0129,6,2,350,Cash,mobile-app
ORD01213,105,2026-05-28 14:34:35,CUST-0333,30,2,730,UPI,mobile-app
ORD01214,104,2026-05-28 13:50:23,CUST-0097,32,4,1300,UPI,mobile-app
ORD01215,101,2026-05-28 08:28:07,CUST-0262,9,1,235,Cash,mobile-app
ORD01216,101,2026-05-28 11:41:40,CUST-0018,31,1,365,UPI,mobile-app
ORD01217,101,2026-05-28 20:03:37,CUST-0072,25,3,885,Cash,mobile-app
ORD01218,105,2026-05-28 07:06:26,CUST-0154,17,1,375,Cash,walk-in
ORD01219,103,2026-05-28 13:55:07,CUST-0345,27,1,345,Cash,walk-in
ORD01220,103,2026-05-28 09:51:36,CUST-0114,26,1,195,UPI,walk-in
ORD01221,101,2026-05-28 21:55:29,CUST-0017,15,1,345,Cash,mobile-app
ORD01222,101,2026-05-28 21:54:32,CUST-0275,32,1,325,Cash,walk-in
ORD01223,101,2026-05-28 08:54:01,CUST-0075,26,2,390,UPI,mobile-app
ORD01224,104,2026-05-28 16:31:55,CUST-0103,29,1,215,UPI,mobile-app
ORD01225,103,2026-05-28 10:03:55,CUST-0130,26,2,390,UPI,mobile-app
ORD01226,103,2026-05-28 15:22:04,CUST-0135,7,1,245,Cash,walk-in
ORD01227,103,2026-05-28 10:39:54,CUST-0313,4,6,1170,UPI,mobile-app
ORD01228,104,2026-05-28 16:40:39,CUST-0233,9,2,470,Cash,mobile-app
ORD01229,103,2026-05-28 17:34:53,CUST-0220,17,2,750,UPI,mobile-app
ORD01230,103,2026-05-28 19:49:28,CUST-0210,17,2,750,UPI,walk-in
ORD01231,104,2026-05-28 13:03:07,CUST-0150,32,2,650,Cash,mobile-app
ORD01232,102,2026-05-28 14:31:16,CUST-0066,1,2,490,Cash,mobile-app
ORD01233,105,2026-05-28 15:48:24,CUST-0200,1,1,245,UPI,walk-in
ORD01234,105,2026-05-28 21:42:59,CUST-0054,34,2,530,UPI,mobile-app
ORD01235,103,2026-05-28 19:13:29,CUST-0297,4,2,390,Cash,mobile-app
ORD01236,101,2026-05-28 07:12:15,CUST-0072,35,1,275,Cash,mobile-app
ORD01237,102,2026-05-28 08:20:28,CUST-0074,27,2,690,UPI,mobile-app
ORD01238,104,2026-05-28 12:37:39,CUST-0082,23,1,325,UPI,mobile-app
ORD01239,105,2026-05-28 08:10:16,CUST-0161,31,1,365,Cash,mobile-app
ORD01240,105,2026-05-28 09:07:08,CUST-0124,17,4,1500,Cash,walk-in
ORD01241,104,2026-05-28 20:03:45,CUST-0075,7,9,2205,UPI,mobile-app
ORD01242,101,2026-05-28 09:08:27,CUST-0068,15,2,690,Cash,walk-in
ORD01243,105,2026-05-28 09:54:24,CUST-0314,12,9,1575,Card,walk-in
ORD01244,102,2026-05-28 09:44:58,CUST-0230,29,3,645,UPI,mobile-app
ORD01245,104,2026-05-28 08:29:08,CUST-0184,32,1,325,Card,mobile-app
ORD01246,104,2026-05-28 12:39:50,CUST-0282,14,2,490,UPI,mobile-app
ORD01247,101,2026-05-28 09:30:38,CUST-0237,19,1,160,Cash,walk-in
ORD01248,104,2026-05-28 13:37:36,CUST-0271,6,8,1400,UPI,walk-in
ORD01249,102,2026-05-28 18:42:22,CUST-0120,32,6,1950,UPI,mobile-app
ORD01250,103,2026-05-28 15:18:15,CUST-0262,28,2,630,Cash,mobile-app
ORD01251,103,2026-05-28 20:40:48,CUST-0333,10,1,185,Cash,mobile-app
ORD01252,102,2026-05-28 16:33:15,CUST-0161,24,4,1300,UPI,mobile-app
ORD01253,104,2026-05-28 11:53:11,CUST-0208,9,1,235,Cash,mobile-app
ORD01254,101,2026-05-28 20:01:53,CUST-0022,11,5,1075,Cash,mobile-app
ORD01255,101,2026-05-28 13:07:15,CUST-0284,20,2,320,Cash,walk-in
ORD01256,101,2026-05-28 19:17:48,CUST-0131,20,4,640,Cash,mobile-app
ORD01257,103,2026-05-28 09:39:26,CUST-0184,4,4,780,UPI,mobile-app
ORD01258,102,2026-05-28 10:36:24,CUST-0243,7,1,245,Cash,mobile-app
ORD01259,102,2026-05-28 17:53:43,CUST-0341,7,2,490,Cash,mobile-app
ORD01260,103,2026-05-28 08:50:59,CUST-0349,10,2,370,UPI,walk-in
ORD01261,103,2026-05-28 14:29:05,CUST-0060,14,8,1960,Cash,mobile-app
ORD01262,101,2026-05-28 10:04:34,CUST-0019,21,3,585,Cash,mobile-app
ORD01263,101,2026-05-28 12:30:06,CUST-0315,1,2,490,UPI,walk-in
ORD01264,103,2026-05-28 18:45:55,CUST-0258,29,2,430,Cash,walk-in
ORD01265,105,2026-05-28 20:45:18,CUST-0078,9,4,940,UPI,mobile-app
ORD01266,101,2026-05-28 14:29:49,CUST-0027,20,1,160,UPI,mobile-app
ORD01267,104,2026-05-28 20:58:56,CUST-0059,31,1,365,Cash,mobile-app
ORD01268,102,2026-05-28 09:49:22,CUST-0330,31,1,365,UPI,mobile-app
ORD01269,101,2026-05-28 20:24:41,CUST-0247,29,1,215,Cash,mobile-app
ORD01270,102,2026-05-28 15:18:03,CUST-0085,14,3,735,Cash,walk-in
ORD01271,103,2026-05-28 15:20:43,CUST-0025,5,1,225,UPI,mobile-app
ORD01272,102,2026-05-28 15:37:29,CUST-0039,27,2,690,Cash,mobile-app
ORD01273,103,2026-05-28 10:34:27,CUST-0018,30,1,365,UPI,mobile-app
ORD01274,103,2026-05-28 12:15:57,CUST-0316,14,2,490,UPI,walk-in
ORD01275,101,2026-05-28 17:31:17,CUST-0123,18,1,345,Cash,walk-in
ORD01276,105,2026-05-28 18:49:11,CUST-0317,12,2,350,UPI,walk-in
ORD01277,101,2026-05-28 07:28:18,CUST-0176,12,2,350,Cash,mobile-app
ORD01278,105,2026-05-28 07:58:32,CUST-0018,8,2,390,Card,walk-in
ORD01279,102,2026-05-28 20:57:33,CUST-0243,16,3,1095,UPI,mobile-app
ORD01280,104,2026-05-28 18:34:26,CUST-0222,8,2,390,Cash,walk-in
ORD01281,101,2026-05-28 20:27:55,CUST-0305,32,2,650,Cash,mobile-app
ORD01282,105,2026-05-28 10:27:58,CUST-0207,33,2,730,UPI,walk-in
ORD01283,102,2026-05-28 14:39:34,CUST-0286,4,2,390,Cash,mobile-app
ORD01284,101,2026-05-28 14:20:49,CUST-0131,21,1,195,UPI,walk-in
ORD01285,103,2026-05-29 16:21:14,CUST-0346,25,2,590,UPI,mobile-app
ORD01286,104,2026-05-29 12:57:47,CUST-0182,16,2,730,Cash,walk-in
ORD01287,101,2026-05-29 07:00:32,CUST-0122,34,1,265,Cash,walk-in
ORD01288,104,2026-05-29 08:54:08,CUST-0318,10,2,370,UPI,walk-in
ORD01289,101,2026-05-29 14:21:36,CUST-0249,24,1,325,Cash,walk-in
ORD01290,101,2026-05-29 14:57:41,CUST-0232,24,2,650,UPI,walk-in
ORD01291,104,2026-05-29 07:45:00,CUST-0162,3,3,645,UPI,mobile-app
ORD01292,103,2026-05-29 10:29:44,CUST-0328,12,1,175,Cash,mobile-app
ORD01293,102,2026-05-29 11:53:42,CUST-0164,32,1,325,UPI,mobile-app
ORD01294,105,2026-05-29 08:17:13,CUST-0214,19,2,320,Cash,mobile-app
ORD01295,104,2026-05-29 13:00:42,CUST-0301,10,2,370,UPI,walk-in
ORD01296,101,2026-05-29 14:15:42,CUST-0032,15,3,1035,Cash,walk-in
ORD01297,104,2026-05-29 18:12:27,CUST-0143,34,2,530,UPI,walk-in
ORD01298,103,2026-05-29 16:32:10,CUST-0243,34,1,265,UPI,mobile-app
ORD01299,103,2026-05-29 11:55:09,CUST-0136,12,2,350,Cash,mobile-app
ORD01300,103,2026-05-29 21:46:31,CUST-0151,34,1,265,Cash,mobile-app
ORD01301,105,2026-05-29 11:05:28,CUST-0281,9,2,470,UPI,walk-in
ORD01302,104,2026-05-29 07:30:55,CUST-0248,13,3,705,Cash,mobile-app
ORD01303,105,2026-05-29 21:58:41,CUST-0003,23,2,650,UPI,mobile-app
ORD01304,105,2026-05-29 21:56:50,CUST-0317,18,2,690,Cash,mobile-app
ORD01305,103,2026-05-29 14:50:12,CUST-0141,32,3,975,Cash,walk-in
ORD01306,102,2026-05-29 07:53:39,CUST-0139,10,1,185,Card,mobile-app
ORD01307,102,2026-05-29 17:37:34,CUST-0172,27,2,690,Cash,mobile-app
ORD01308,101,2026-05-29 16:14:01,CUST-0166,32,2,650,UPI,mobile-app
ORD01309,101,2026-05-29 07:40:29,CUST-0034,13,3,705,UPI,walk-in
ORD01310,103,2026-05-29 08:31:18,CUST-0038,24,2,650,UPI,mobile-app
ORD01311,103,2026-05-29 10:59:08,CUST-0304,1,1,245,UPI,mobile-app
ORD01312,103,2026-05-29 09:26:39,CUST-0011,34,1,265,Cash,mobile-app
ORD01313,102,2026-05-29 15:47:54,CUST-0048,30,5,1825,UPI,walk-in
ORD01314,103,2026-05-29 13:40:49,CUST-0088,13,1,235,UPI,mobile-app
ORD01315,102,2026-05-29 18:45:43,CUST-0289,34,2,530,Cash,walk-in
ORD01316,101,2026-05-29 17:04:12,CUST-0044,17,2,750,Cash,mobile-app
ORD01317,103,2026-05-29 18:11:21,CUST-0312,31,1,365,UPI,mobile-app
ORD01318,101,2026-05-29 16:54:18,CUST-0116,5,2,450,Cash,mobile-app
ORD01319,103,2026-05-29 17:35:44,CUST-0063,7,1,245,UPI,walk-in
ORD01320,104,2026-05-29 11:53:18,CUST-0212,23,4,1300,Cash,walk-in
ORD01321,101,2026-05-29 17:31:09,CUST-0241,35,1,275,Cash,mobile-app
ORD01322,105,2026-05-29 18:23:34,CUST-0204,34,2,530,Cash,mobile-app
ORD01323,102,2026-05-29 09:01:19,CUST-0301,6,2,350,UPI,mobile-app
ORD01324,102,2026-05-29 11:59:57,CUST-0318,26,1,195,Cash,mobile-app
ORD01325,103,2026-05-29 20:08:42,CUST-0155,13,3,705,UPI,mobile-app
ORD01326,102,2026-05-29 18:46:45,CUST-0348,17,3,1125,UPI,mobile-app
ORD01327,105,2026-05-29 10:25:35,CUST-0311,16,1,365,UPI,mobile-app
ORD01328,104,2026-05-29 11:04:22,CUST-0154,9,1,235,UPI,mobile-app
ORD01329,104,2026-05-29 15:53:44,CUST-0104,32,1,325,UPI,mobile-app
ORD01330,105,2026-05-29 18:38:54,CUST-0298,1,1,245,UPI,mobile-app
ORD01331,105,2026-05-29 12:18:16,CUST-0129,8,2,390,Cash,mobile-app
ORD01332,101,2026-05-29 13:45:05,CUST-0056,11,2,430,Cash,mobile-app
ORD01333,102,2026-05-29 13:04:12,CUST-0350,6,1,175,UPI,mobile-app
ORD01334,105,2026-05-29 16:10:38,CUST-0145,12,3,525,UPI,walk-in
ORD01335,101,2026-05-29 08:43:42,CUST-0220,21,1,195,Cash,walk-in
ORD01336,104,2026-05-29 17:52:18,CUST-0286,5,3,675,UPI,mobile-app
ORD01337,103,2026-05-29 20:21:10,CUST-0149,13,2,470,UPI,mobile-app
ORD01338,104,2026-05-29 17:58:06,CUST-0070,22,1,160,Cash,mobile-app
ORD01339,101,2026-05-29 07:36:04,CUST-0274,10,1,185,UPI,mobile-app
ORD01340,102,2026-05-29 21:55:45,CUST-0232,10,1,185,UPI,mobile-app
ORD01341,102,2026-05-29 09:46:30,CUST-0084,31,1,365,UPI,walk-in
ORD01342,101,2026-05-29 10:09:16,CUST-0319,28,1,315,UPI,walk-in
ORD01343,103,2026-05-29 09:51:52,CUST-0069,25,1,295,UPI,walk-in
ORD01344,102,2026-05-29 16:10:44,CUST-0141,15,1,345,Cash,walk-in
ORD01345,103,2026-05-29 10:10:11,CUST-0128,33,2,730,UPI,mobile-app
ORD01346,105,2026-05-29 13:27:59,CUST-0189,20,2,320,Cash,walk-in
ORD01347,105,2026-05-29 19:47:18,CUST-0294,20,1,160,Cash,walk-in
ORD01348,101,2026-05-29 21:28:06,CUST-0079,11,2,430,Cash,mobile-app
ORD01349,103,2026-05-29 13:24:06,CUST-0298,22,1,160,Cash,mobile-app
ORD01350,104,2026-05-29 10:52:11,CUST-0150,11,1,215,Cash,mobile-app
ORD01351,102,2026-05-29 18:17:32,CUST-0112,9,1,235,Cash,mobile-app
ORD01352,101,2026-05-29 17:33:40,CUST-0133,10,2,370,Cash,mobile-app
ORD01353,102,2026-05-29 11:05:47,CUST-0336,23,1,325,Cash,mobile-app
ORD01354,103,2026-05-29 18:44:04,CUST-0223,21,2,390,Cash,mobile-app
ORD01355,101,2026-05-29 07:18:38,CUST-0306,22,2,320,Cash,mobile-app
ORD01356,104,2026-05-29 15:49:26,CUST-0257,6,2,350,Cash,mobile-app
ORD01357,103,2026-05-29 09:50:05,CUST-0322,25,1,295,UPI,mobile-app
ORD01358,103,2026-05-29 15:14:54,CUST-0112,17,2,750,Cash,mobile-app
ORD01359,102,2026-05-29 13:23:35,CUST-0141,10,1,185,UPI,mobile-app
ORD01360,104,2026-05-29 07:40:32,CUST-0257,11,8,1720,Cash,walk-in
ORD01361,104,2026-05-29 10:19:10,CUST-0024,28,1,315,Cash,mobile-app
ORD01362,105,2026-05-29 12:30:38,CUST-0270,10,1,185,UPI,mobile-app
ORD01363,103,2026-05-29 10:25:49,CUST-0018,15,8,2760,UPI,walk-in
ORD01364,102,2026-05-29 16:18:43,CUST-0012,13,3,705,Cash,mobile-app
ORD01365,102,2026-05-29 12:15:47,CUST-0300,27,2,690,Cash,walk-in
ORD01366,101,2026-05-29 14:53:59,CUST-0216,17,1,375,Cash,mobile-app
ORD01367,105,2026-05-29 17:24:00,CUST-0346,16,1,365,Cash,mobile-app
ORD01368,105,2026-05-29 08:25:19,CUST-0269,8,2,390,Card,mobile-app
ORD01369,105,2026-05-29 20:58:45,CUST-0128,29,2,430,UPI,walk-in
ORD01370,101,2026-05-29 17:12:51,CUST-0107,9,4,940,UPI,walk-in
ORD01371,104,2026-05-29 16:32:41,CUST-0020,28,1,315,Cash,mobile-app
ORD01372,105,2026-05-29 10:55:12,CUST-0258,23,2,650,UPI,mobile-app
ORD01373,103,2026-05-29 20:29:48,CUST-0282,4,2,390,UPI,walk-in
ORD01374,101,2026-05-29 08:26:10,CUST-0109,4,1,195,Cash,mobile-app
ORD01375,102,2026-05-29 18:06:31,CUST-0246,34,3,795,Cash,walk-in
ORD01376,104,2026-05-29 09:52:03,CUST-0271,14,1,245,Cash,walk-in
ORD01377,104,2026-05-29 13:48:13,CUST-0135,28,1,315,Cash,mobile-app
ORD01378,102,2026-05-29 09:43:15,CUST-0079,6,8,1400,Cash,mobile-app
ORD01379,103,2026-05-29 20:34:31,CUST-0317,25,2,590,Cash,walk-in
ORD01380,101,2026-05-29 18:25:04,CUST-0226,25,5,1475,UPI,mobile-app
ORD01381,105,2026-05-29 17:59:45,CUST-0076,10,2,370,Cash,walk-in
ORD01382,104,2026-05-29 18:56:31,CUST-0190,21,1,195,UPI,mobile-app
ORD01383,104,2026-05-29 15:02:22,CUST-0244,8,2,390,UPI,mobile-app
ORD01384,104,2026-05-29 14:22:39,CUST-0220,10,2,370,Cash,mobile-app
ORD01385,101,2026-05-29 19:28:31,CUST-0194,6,1,175,Cash,mobile-app
ORD01386,105,2026-05-29 14:39:30,CUST-0022,25,1,295,Cash,mobile-app
ORD01387,104,2026-05-29 09:24:46,CUST-0063,5,1,225,UPI,walk-in
ORD01388,105,2026-05-29 13:07:54,CUST-0190,6,1,175,Card,walk-in
ORD01389,103,2026-05-29 07:23:48,CUST-0275,16,9,3285,Cash,walk-in
ORD01390,104,2026-05-29 10:00:51,CUST-0072,1,1,245,Cash,mobile-app
ORD01391,105,2026-05-29 13:26:36,CUST-0152,17,1,375,UPI,mobile-app
ORD01392,102,2026-05-29 19:23:39,CUST-0047,12,1,175,Cash,mobile-app
ORD01393,102,2026-05-29 16:46:16,CUST-0231,12,1,175,UPI,mobile-app
ORD01394,103,2026-05-29 09:26:07,CUST-0052,13,3,705,Cash,mobile-app
ORD01395,102,2026-05-29 21:38:05,CUST-0004,20,3,480,Cash,walk-in
ORD01396,104,2026-05-29 17:10:55,CUST-0348,20,1,160,UPI,mobile-app
ORD01397,104,2026-05-29 18:34:48,CUST-0210,28,1,315,UPI,walk-in
ORD01398,104,2026-05-29 07:04:49,CUST-0066,33,3,1095,Card,mobile-app
ORD01399,101,2026-05-29 18:11:15,CUST-0072,23,2,650,Cash,mobile-app
ORD01400,102,2026-05-29 14:00:41,CUST-0139,16,1,365,Cash,mobile-app
ORD01401,105,2026-05-29 19:36:24,CUST-0108,4,1,195,Cash,mobile-app
ORD01402,101,2026-05-29 07:33:53,CUST-0297,29,5,1075,Cash,mobile-app
ORD01403,104,2026-05-29 16:26:01,CUST-0064,23,2,650,Cash,walk-in
ORD01404,101,2026-05-29 19:59:12,CUST-0038,6,3,525,UPI,mobile-app
ORD01405,101,2026-05-29 08:20:45,CUST-0208,9,1,235,Cash,mobile-app
ORD01406,102,2026-05-29 16:17:10,CUST-0252,4,1,195,Cash,walk-in
ORD01407,103,2026-05-29 21:37:27,CUST-0319,13,1,235,UPI,mobile-app
ORD01408,101,2026-05-29 20:30:51,CUST-0153,3,1,215,Cash,mobile-app
ORD01409,101,2026-05-29 12:08:58,CUST-0237,31,1,365,Card,mobile-app
ORD01410,102,2026-05-29 19:18:34,CUST-0016,21,1,195,Cash,walk-in
ORD01411,101,2026-05-29 14:44:49,CUST-0174,29,1,215,UPI,mobile-app
ORD01412,103,2026-05-29 15:54:32,CUST-0129,29,2,430,UPI,mobile-app
ORD01413,102,2026-05-29 14:33:49,CUST-0224,23,1,325,Cash,walk-in
ORD01414,104,2026-05-29 08:31:28,CUST-0070,20,2,320,Cash,mobile-app
ORD01415,105,2026-05-29 13:57:13,CUST-0294,24,2,650,UPI,walk-in
ORD01416,102,2026-05-29 19:13:26,CUST-0045,18,1,345,UPI,mobile-app
ORD01417,104,2026-05-29 19:24:22,CUST-0244,11,1,215,Cash,mobile-app
ORD01418,105,2026-05-29 20:49:36,CUST-0175,24,2,650,UPI,mobile-app
ORD01419,105,2026-05-29 19:47:45,CUST-0339,23,1,325,UPI,walk-in
ORD01420,105,2026-05-29 17:05:21,CUST-0319,27,2,690,Cash,mobile-app
ORD01421,102,2026-05-29 13:47:17,CUST-0136,7,1,245,Cash,walk-in
ORD01422,104,2026-05-29 19:43:07,CUST-0016,29,2,430,Cash,walk-in
ORD01423,105,2026-05-29 09:37:03,CUST-0346,21,3,585,Cash,mobile-app
ORD01424,103,2026-05-29 19:42:38,CUST-0341,1,1,245,UPI,walk-in
ORD01425,104,2026-05-29 19:55:31,CUST-0186,6,1,175,Cash,walk-in
ORD01426,102,2026-05-29 10:04:45,CUST-0260,1,1,245,Cash,mobile-app
ORD01427,105,2026-05-29 19:46:04,CUST-0025,8,1,195,UPI,mobile-app
ORD01428,104,2026-05-29 12:30:45,CUST-0158,10,3,555,Cash,mobile-app
ORD01429,103,2026-05-29 08:41:20,CUST-0243,1,2,490,UPI,walk-in
ORD01430,102,2026-05-29 19:41:31,CUST-0039,2,2,470,Card,mobile-app
ORD01431,103,2026-05-29 17:50:16,CUST-0277,25,1,295,UPI,mobile-app
ORD01432,101,2026-05-29 08:10:42,CUST-0036,34,1,265,Card,walk-in
ORD01433,103,2026-05-29 12:51:35,CUST-0285,7,1,245,Cash,walk-in
ORD01434,103,2026-05-29 10:04:16,CUST-0221,10,2,370,UPI,mobile-app
ORD01435,105,2026-05-29 07:20:06,CUST-0262,24,2,650,Card,walk-in
ORD01436,104,2026-05-29 13:34:58,CUST-0153,3,1,215,Cash,walk-in
ORD01437,105,2026-05-29 09:17:20,CUST-0236,2,2,470,Cash,walk-in
ORD01438,102,2026-05-29 15:43:25,CUST-0166,23,1,325,Cash,mobile-app
ORD01439,105,2026-05-29 07:06:48,CUST-0300,31,1,365,UPI,mobile-app
ORD01440,103,2026-05-29 20:25:58,CUST-0029,27,1,345,Cash,walk-in
ORD01441,104,2026-05-29 19:31:58,CUST-0320,30,1,365,UPI,walk-in
ORD01442,104,2026-05-29 09:40:38,CUST-0140,16,2,730,UPI,mobile-app
ORD01443,105,2026-05-29 21:43:15,CUST-0348,19,1,160,UPI,walk-in
ORD01444,103,2026-05-29 09:50:47,CUST-0212,16,2,730,Cash,walk-in
ORD01445,103,2026-05-29 08:45:58,CUST-0191,4,1,195,Cash,walk-in
ORD01446,105,2026-05-29 11:01:27,CUST-0048,8,2,390,UPI,walk-in
ORD01447,102,2026-05-29 07:42:49,CUST-0286,2,2,470,Cash,mobile-app
ORD01448,101,2026-05-29 10:43:59,CUST-0092,5,1,225,Cash,walk-in
ORD01449,101,2026-05-29 09:10:19,CUST-0255,26,1,195,UPI,walk-in
ORD01450,105,2026-05-29 20:11:08,CUST-0147,9,3,705,UPI,walk-in
ORD01451,104,2026-05-29 15:05:02,CUST-0021,3,3,645,Cash,walk-in
ORD01452,103,2026-05-29 18:42:10,CUST-0142,7,2,490,Cash,walk-in
ORD01453,101,2026-05-29 20:49:08,CUST-0211,17,3,1125,Cash,mobile-app
ORD01454,104,2026-05-29 07:25:01,CUST-0113,14,3,735,Cash,walk-in
ORD01455,103,2026-05-29 08:37:34,CUST-0268,23,1,325,Card,mobile-app
ORD01456,104,2026-05-29 21:15:10,CUST-0006,4,2,390,Card,mobile-app
ORD01457,101,2026-05-29 08:10:02,CUST-0059,30,1,365,Cash,mobile-app
ORD01458,102,2026-05-29 21:34:06,CUST-0284,3,4,860,UPI,mobile-app
ORD01459,105,2026-05-29 11:37:23,CUST-0070,16,2,730,UPI,mobile-app
ORD01460,101,2026-05-29 08:09:14,CUST-0101,8,1,195,Cash,walk-in
ORD01461,105,2026-05-29 12:01:39,CUST-0059,14,1,245,UPI,walk-in
ORD01462,102,2026-05-29 10:37:10,CUST-0160,23,2,650,Cash,walk-in
ORD01463,102,2026-05-29 08:23:55,CUST-0345,3,3,645,Cash,mobile-app
ORD01464,105,2026-05-29 15:26:46,CUST-0072,8,2,390,Cash,mobile-app
ORD01465,103,2026-05-29 14:25:58,CUST-0040,7,2,490,Cash,walk-in
ORD01466,101,2026-05-29 18:11:46,CUST-0147,2,1,235,UPI,walk-in
ORD01467,101,2026-05-29 17:22:17,CUST-0313,11,3,645,UPI,mobile-app
ORD01468,101,2026-05-29 13:41:45,CUST-0190,10,2,370,Cash,walk-in
ORD01469,102,2026-05-29 21:41:07,CUST-0130,21,6,1170,Card,mobile-app
ORD01470,105,2026-05-29 12:21:44,CUST-0050,8,2,390,Cash,mobile-app
ORD01471,105,2026-05-29 08:53:43,CUST-0332,15,5,1725,UPI,mobile-app
ORD01472,105,2026-05-29 13:23:50,CUST-0129,16,2,730,Cash,mobile-app
ORD01473,105,2026-05-29 17:56:38,CUST-0186,8,1,195,Cash,mobile-app
ORD01474,105,2026-05-29 09:10:54,CUST-0298,8,1,195,UPI,walk-in
ORD01475,101,2026-05-29 19:59:48,CUST-0113,31,1,365,Cash,mobile-app
ORD01476,103,2026-05-29 07:05:24,CUST-0141,12,2,350,Cash,mobile-app
ORD01477,101,2026-05-29 10:41:14,CUST-0004,26,2,390,UPI,mobile-app
ORD01478,101,2026-05-29 21:31:51,CUST-0114,24,1,325,Cash,mobile-app
ORD01479,103,2026-05-29 11:24:53,CUST-0176,29,1,215,Cash,mobile-app
ORD01480,102,2026-05-29 09:00:47,CUST-0055,31,1,365,Cash,mobile-app
ORD01481,102,2026-05-29 15:44:49,CUST-0333,9,3,705,UPI,mobile-app
ORD01482,102,2026-05-29 18:08:29,CUST-0075,17,1,375,Cash,walk-in
ORD01483,101,2026-05-29 08:24:08,CUST-0091,35,6,1650,Cash,walk-in
ORD01484,102,2026-05-29 19:17:08,CUST-0276,10,1,185,UPI,mobile-app
ORD01485,101,2026-05-29 09:20:09,CUST-0209,30,1,365,UPI,mobile-app
ORD01486,103,2026-05-29 14:16:55,CUST-0115,9,2,470,Cash,mobile-app
ORD01487,101,2026-05-29 21:36:05,CUST-0115,22,7,1120,UPI,mobile-app
ORD01488,102,2026-05-29 11:51:51,CUST-0083,13,2,470,Cash,mobile-app
ORD01489,104,2026-05-29 19:04:02,CUST-0090,34,1,265,Cash,mobile-app
ORD01490,102,2026-05-29 09:15:42,CUST-0304,6,1,175,Cash,mobile-app
ORD01491,102,2026-05-29 18:09:42,CUST-0041,17,1,375,UPI,walk-in
ORD01492,101,2026-05-29 13:49:53,CUST-0118,34,8,2120,UPI,mobile-app
ORD01493,105,2026-05-29 14:15:56,CUST-0104,3,3,645,UPI,walk-in
ORD01494,101,2026-05-29 15:33:47,CUST-0122,10,4,740,Cash,mobile-app
ORD01495,102,2026-05-29 07:00:35,CUST-0120,2,5,1175,UPI,walk-in
ORD01496,103,2026-05-29 15:35:57,CUST-0333,31,3,1095,Cash,mobile-app
ORD01497,101,2026-05-29 16:25:59,CUST-0083,29,2,430,Cash,mobile-app
ORD01498,104,2026-05-29 09:17:17,CUST-0012,21,2,390,Cash,mobile-app
ORD01499,105,2026-05-29 09:55:34,CUST-0035,21,1,195,Cash,walk-in
ORD01500,104,2026-05-29 19:18:39,CUST-0043,6,1,175,Card,mobile-app
ORD01501,102,2026-05-29 13:43:34,CUST-0009,4,2,390,UPI,mobile-app
ORD01502,102,2026-05-29 07:49:58,CUST-0118,18,1,345,UPI,mobile-app
ORD01503,105,2026-05-29 19:54:19,CUST-0291,5,4,900,Cash,mobile-app
ORD01504,105,2026-05-29 08:36:32,CUST-0043,18,1,345,UPI,mobile-app
ORD01505,104,2026-05-29 16:50:10,CUST-0157,9,5,1175,Cash,mobile-app
ORD01506,104,2026-05-29 11:45:57,CUST-0161,22,1,160,Cash,mobile-app
ORD01507,104,2026-05-29 13:52:24,CUST-0052,13,2,470,Cash,mobile-app
ORD01508,101,2026-05-29 19:03:33,CUST-0315,26,2,390,UPI,walk-in
ORD01509,101,2026-05-29 14:46:55,CUST-0255,30,3,1095,Card,mobile-app
ORD01510,103,2026-05-29 16:43:17,CUST-0124,13,5,1175,UPI,walk-in
ORD01511,102,2026-05-29 12:51:31,CUST-0145,2,5,1175,Cash,walk-in
ORD01512,104,2026-05-29 19:29:48,CUST-0264,7,2,490,UPI,walk-in
ORD01513,101,2026-05-29 15:36:20,CUST-0140,31,1,365,UPI,mobile-app
ORD01514,102,2026-05-29 10:36:00,CUST-0339,14,2,490,Cash,mobile-app
ORD01515,103,2026-05-29 20:51:35,CUST-0154,18,1,345,Cash,mobile-app
ORD01516,104,2026-05-29 15:41:29,CUST-0129,5,2,450,Cash,mobile-app
ORD01517,101,2026-05-29 10:25:20,CUST-0229,10,1,185,Card,mobile-app
ORD01518,104,2026-05-29 12:59:14,CUST-0128,4,1,195,UPI,walk-in
ORD01519,102,2026-05-29 12:24:49,CUST-0292,3,1,215,UPI,mobile-app
ORD01520,104,2026-05-29 19:40:26,CUST-0307,12,1,175,Cash,mobile-app
ORD01521,101,2026-05-29 19:26:36,CUST-0009,27,1,345,Cash,mobile-app
ORD01522,105,2026-05-29 17:41:28,CUST-0240,13,1,235,UPI,mobile-app
ORD01523,103,2026-05-29 16:09:35,CUST-0331,20,2,320,Cash,mobile-app
ORD01524,105,2026-05-29 12:01:13,CUST-0209,32,3,975,UPI,walk-in
ORD01525,105,2026-05-29 18:48:13,CUST-0129,14,1,245,UPI,mobile-app
ORD01526,101,2026-05-29 19:31:51,CUST-0328,30,5,1825,Card,mobile-app
ORD01527,105,2026-05-29 09:20:11,CUST-0146,18,1,345,Cash,walk-in
ORD01528,105,2026-05-29 07:52:14,CUST-0160,33,1,365,Cash,mobile-app
ORD01529,105,2026-05-29 11:00:45,CUST-0209,15,1,345,Cash,mobile-app
ORD01530,104,2026-05-29 08:13:39,CUST-0116,15,2,690,Card,mobile-app
ORD01531,102,2026-05-29 18:39:01,CUST-0197,10,2,370,Cash,mobile-app
ORD01532,101,2026-05-29 12:15:52,CUST-0334,35,1,275,UPI,walk-in
ORD01533,103,2026-05-29 09:45:25,CUST-0185,27,3,1035,Cash,mobile-app
ORD01534,104,2026-05-29 13:19:34,CUST-0220,21,5,975,Cash,mobile-app
ORD01535,104,2026-05-29 18:10:42,CUST-0337,16,1,365,Cash,walk-in
ORD01536,101,2026-05-29 08:09:58,CUST-0072,16,3,1095,Card,mobile-app
ORD01537,104,2026-05-29 21:38:13,CUST-0322,18,2,690,UPI,mobile-app
ORD01538,103,2026-05-29 14:54:37,CUST-0219,5,2,450,Cash,mobile-app
ORD01539,105,2026-05-29 16:59:12,CUST-0209,2,1,235,Cash,mobile-app
ORD01540,105,2026-05-29 20:35:19,CUST-0112,35,6,1650,Cash,walk-in
ORD01541,105,2026-05-29 14:34:46,CUST-0163,17,2,750,UPI,mobile-app
ORD01542,103,2026-05-29 12:50:28,CUST-0230,26,8,1560,Cash,mobile-app
ORD01543,101,2026-05-29 12:51:26,CUST-0315,31,1,365,Cash,walk-in
ORD01544,101,2026-05-29 20:51:29,CUST-0012,13,1,235,UPI,mobile-app
ORD01545,105,2026-05-29 17:05:23,CUST-0335,9,3,705,UPI,mobile-app
ORD01546,104,2026-05-29 11:16:15,CUST-0254,28,2,630,Cash,mobile-app
ORD01547,104,2026-05-29 10:12:01,CUST-0286,22,2,320,UPI,walk-in
ORD01548,101,2026-05-29 13:21:47,CUST-0330,12,3,525,Cash,mobile-app
ORD01549,105,2026-05-29 15:13:11,CUST-0241,22,3,480,UPI,mobile-app
ORD01550,105,2026-05-29 10:19:30,CUST-0240,22,1,160,Cash,mobile-app
ORD01551,101,2026-05-29 12:49:26,CUST-0192,28,2,630,UPI,walk-in
ORD01552,101,2026-05-29 17:19:57,CUST-0274,6,4,700,Cash,walk-in
ORD01553,102,2026-05-29 19:24:18,CUST-0337,27,1,345,Cash,mobile-app
ORD01554,102,2026-05-29 19:46:43,CUST-0303,18,8,2760,Cash,mobile-app
ORD01555,101,2026-05-29 10:39:17,CUST-0007,17,1,375,Cash,mobile-app
ORD01556,104,2026-05-29 17:14:56,CUST-0210,29,2,430,UPI,walk-in
ORD01557,105,2026-05-29 21:53:29,CUST-0074,1,2,490,Cash,walk-in
ORD01558,103,2026-05-29 09:08:51,CUST-0334,22,3,480,Cash,mobile-app
ORD01559,104,2026-05-29 16:58:06,CUST-0093,18,2,690,Cash,walk-in
ORD01560,103,2026-05-29 21:54:43,CUST-0152,30,3,1095,Cash,mobile-app
ORD01561,103,2026-05-29 08:32:46,CUST-0278,5,2,450,UPI,mobile-app
ORD01562,103,2026-05-29 09:45:00,CUST-0270,23,1,325,Cash,mobile-app
ORD01563,102,2026-05-29 21:45:38,CUST-0130,11,1,215,Cash,mobile-app
ORD01564,101,2026-05-29 07:59:48,CUST-0252,5,2,450,Cash,mobile-app
ORD01565,102,2026-05-29 12:03:56,CUST-0295,16,1,365,UPI,mobile-app
ORD01566,105,2026-05-29 07:40:59,CUST-0316,5,1,225,Cash,walk-in
ORD01567,103,2026-05-29 20:14:14,CUST-0274,29,2,430,UPI,mobile-app
ORD01568,102,2026-05-29 16:51:05,CUST-0060,13,3,705,Card,mobile-app
ORD01569,103,2026-05-29 09:45:53,CUST-0179,8,1,195,UPI,mobile-app
ORD01570,103,2026-05-29 21:36:48,CUST-0224,13,8,1880,Cash,walk-in
ORD01571,105,2026-05-29 09:09:27,CUST-0201,23,1,325,UPI,mobile-app
ORD01572,104,2026-05-29 11:46:59,CUST-0204,9,6,1410,UPI,mobile-app
ORD01573,103,2026-05-29 17:04:10,CUST-0191,30,1,365,UPI,walk-in
ORD01574,101,2026-05-29 10:27:22,CUST-0171,17,2,750,UPI,mobile-app
ORD01575,104,2026-05-29 18:44:30,CUST-0204,8,4,780,Cash,walk-in
ORD01576,104,2026-05-29 21:01:00,CUST-0284,11,3,645,UPI,walk-in
ORD01577,105,2026-05-29 17:39:13,CUST-0131,8,4,780,Cash,mobile-app
ORD01578,102,2026-05-29 10:39:01,CUST-0345,18,2,690,Card,walk-in
ORD01579,103,2026-05-29 19:28:23,CUST-0148,8,1,195,UPI,walk-in
ORD01580,105,2026-05-29 18:38:58,CUST-0100,29,2,430,UPI,walk-in
ORD01581,105,2026-05-29 16:17:44,CUST-0257,14,6,1470,Cash,mobile-app
ORD01582,103,2026-05-29 21:07:34,CUST-0005,30,4,1460,UPI,walk-in
ORD01583,105,2026-05-29 10:25:44,CUST-0295,13,4,940,Cash,walk-in
ORD01584,102,2026-05-29 11:33:26,CUST-0171,28,2,630,Cash,mobile-app
ORD01585,103,2026-05-29 15:20:33,CUST-0277,11,1,215,Cash,mobile-app
ORD01586,101,2026-05-29 18:09:27,CUST-0103,26,1,195,UPI,mobile-app
ORD01587,104,2026-05-29 11:35:19,CUST-0129,32,1,325,Cash,walk-in
ORD01588,102,2026-05-29 09:09:44,CUST-0112,17,3,1125,UPI,mobile-app
ORD01589,105,2026-05-29 15:22:08,CUST-0216,30,1,365,UPI,mobile-app
ORD01590,104,2026-05-29 19:37:11,CUST-0127,6,2,350,UPI,mobile-app
ORD01591,101,2026-05-29 09:58:41,CUST-0187,32,1,325,Cash,walk-in
ORD01592,105,2026-05-29 08:34:59,CUST-0339,29,1,215,Cash,walk-in
ORD01593,103,2026-05-29 08:22:04,CUST-0151,30,1,365,UPI,mobile-app
ORD01594,102,2026-05-29 11:05:32,CUST-0325,18,1,345,UPI,walk-in
ORD01595,102,2026-05-29 21:59:43,CUST-0263,26,1,195,UPI,mobile-app
ORD01596,103,2026-05-29 14:33:26,CUST-0191,34,1,265,Cash,walk-in
ORD01597,101,2026-05-29 11:24:50,CUST-0242,7,5,1225,Cash,walk-in
ORD01598,104,2026-05-29 14:37:29,CUST-0021,21,1,195,Cash,walk-in
ORD01599,102,2026-05-29 15:10:27,CUST-0337,16,2,730,Cash,walk-in
ORD01600,104,2026-05-29 21:04:16,CUST-0051,7,2,490,Cash,mobile-app
ORD01601,104,2026-05-29 07:01:34,CUST-0006,8,2,390,Cash,mobile-app
ORD01602,102,2026-05-29 18:27:10,CUST-0162,19,4,640,Cash,walk-in
ORD01603,104,2026-05-29 18:59:04,CUST-0122,4,1,195,UPI,walk-in
ORD01604,101,2026-05-29 07:56:25,CUST-0263,7,4,980,Card,mobile-app
ORD01605,102,2026-05-29 12:10:44,CUST-0309,2,1,235,Cash,mobile-app
ORD01606,102,2026-05-29 14:51:05,CUST-0297,34,1,265,UPI,mobile-app
ORD01607,105,2026-05-29 20:58:51,CUST-0301,7,1,245,UPI,mobile-app
ORD01608,102,2026-05-29 19:27:54,CUST-0111,19,3,480,Cash,mobile-app
ORD01609,104,2026-05-29 09:53:40,CUST-0063,6,2,350,Cash,walk-in
ORD01610,101,2026-05-29 11:17:22,CUST-0238,23,1,325,Cash,walk-in
ORD01611,101,2026-05-29 19:37:37,CUST-0176,9,3,705,UPI,walk-in
ORD01612,105,2026-05-29 18:06:06,CUST-0141,4,2,390,Cash,walk-in
ORD01613,103,2026-05-29 18:50:17,CUST-0170,31,3,1095,UPI,walk-in
ORD01614,101,2026-05-29 16:50:46,CUST-0344,3,3,645,Cash,mobile-app
ORD01615,103,2026-05-29 07:37:23,CUST-0193,9,2,470,Card,walk-in
ORD01616,101,2026-05-29 19:00:59,CUST-0189,30,1,365,Cash,mobile-app
ORD01617,105,2026-05-29 16:35:56,CUST-0238,21,1,195,UPI,walk-in
ORD01618,101,2026-05-29 21:30:19,CUST-0195,8,1,195,UPI,mobile-app
ORD01619,102,2026-05-29 17:58:41,CUST-0087,26,3,585,Cash,walk-in
ORD01620,102,2026-05-29 12:31:19,CUST-0008,17,1,375,UPI,mobile-app
ORD01621,105,2026-05-29 08:03:02,CUST-0035,15,2,690,Cash,mobile-app
ORD01622,103,2026-05-29 18:47:23,CUST-0090,19,1,160,UPI,mobile-app
ORD01623,105,2026-05-29 20:59:07,CUST-0038,10,1,185,Cash,mobile-app
ORD01624,101,2026-05-29 20:11:44,CUST-0054,33,1,365,Cash,mobile-app
ORD01625,104,2026-05-29 11:42:34,CUST-0344,27,1,345,UPI,mobile-app
ORD01626,104,2026-05-29 20:42:20,CUST-0300,25,3,885,UPI,mobile-app
ORD01627,101,2026-05-29 07:19:38,CUST-0329,25,2,590,Cash,mobile-app
ORD01628,101,2026-05-29 19:11:45,CUST-0100,11,1,215,Cash,walk-in
ORD01629,105,2026-05-29 15:06:11,CUST-0079,21,2,390,Cash,mobile-app
ORD01630,102,2026-05-29 12:37:56,CUST-0116,20,1,160,Cash,mobile-app
ORD01631,101,2026-05-29 20:23:27,CUST-0009,2,2,470,Cash,mobile-app
ORD01632,101,2026-05-29 07:40:59,CUST-0241,8,6,1170,UPI,walk-in
ORD01633,102,2026-05-29 21:18:32,CUST-0131,16,2,730,Cash,mobile-app
ORD01634,101,2026-05-29 08:30:16,CUST-0106,7,1,245,Card,mobile-app
ORD01635,102,2026-05-29 10:39:13,CUST-0063,10,1,185,UPI,mobile-app
ORD01636,104,2026-05-29 07:10:57,CUST-0175,17,2,750,UPI,mobile-app
ORD01637,104,2026-05-29 10:21:18,CUST-0042,21,1,195,Cash,mobile-app
ORD01638,105,2026-05-29 10:30:52,CUST-0154,9,2,470,UPI,mobile-app
ORD01639,105,2026-05-29 12:38:46,CUST-0146,32,4,1300,UPI,walk-in
ORD01640,104,2026-05-29 21:05:05,CUST-0174,31,1,365,Cash,mobile-app
ORD01641,104,2026-05-29 10:39:11,CUST-0168,21,2,390,UPI,walk-in
ORD01642,104,2026-05-29 14:47:45,CUST-0291,23,1,325,Cash,walk-in
ORD01643,101,2026-05-29 07:39:05,CUST-0288,8,3,585,Cash,mobile-app
ORD01644,105,2026-05-29 12:34:24,CUST-0235,15,2,690,UPI,mobile-app
ORD01645,104,2026-05-29 20:03:14,CUST-0020,19,4,640,Cash,mobile-app
ORD01646,103,2026-05-29 15:27:10,CUST-0061,24,3,975,Cash,walk-in
ORD01647,103,2026-05-29 10:37:25,CUST-0022,7,2,490,Card,mobile-app
ORD01648,102,2026-05-29 07:09:58,CUST-0102,12,1,175,Card,mobile-app
ORD01649,105,2026-05-29 07:44:46,CUST-0191,28,1,315,Cash,mobile-app
ORD01650,102,2026-05-29 16:06:45,CUST-0018,9,2,470,UPI,mobile-app
ORD01651,105,2026-05-29 14:17:06,CUST-0224,2,2,470,UPI,mobile-app
ORD01652,101,2026-05-29 08:31:35,CUST-0135,5,9,2025,Cash,mobile-app
ORD01653,103,2026-05-29 19:12:01,CUST-0282,24,2,650,UPI,mobile-app
ORD01654,105,2026-05-29 21:03:28,CUST-0228,33,1,365,Cash,walk-in
ORD01655,104,2026-05-29 08:22:15,CUST-0279,10,1,185,UPI,mobile-app
ORD01656,103,2026-05-29 18:07:33,CUST-0227,21,1,195,Cash,mobile-app
ORD01657,105,2026-05-29 12:50:08,CUST-0121,9,4,940,Cash,mobile-app
ORD01658,102,2026-05-29 17:01:32,CUST-0106,9,3,705,Cash,mobile-app
ORD01659,102,2026-05-30 07:21:37,CUST-0298,27,2,690,UPI,mobile-app
ORD01660,104,2026-05-30 12:21:30,CUST-0330,31,1,365,UPI,mobile-app
ORD01661,105,2026-05-30 21:01:29,CUST-0214,26,1,195,UPI,walk-in
ORD01662,103,2026-05-30 19:50:18,CUST-0101,8,2,390,UPI,mobile-app
ORD01663,102,2026-05-30 10:35:17,CUST-0298,18,2,690,Cash,mobile-app
ORD01664,102,2026-05-30 08:25:53,CUST-0274,21,1,195,Cash,mobile-app
ORD01665,105,2026-05-30 19:31:03,CUST-0101,21,2,390,Cash,walk-in
ORD01666,104,2026-05-30 14:30:56,CUST-0108,7,2,490,Card,mobile-app
ORD01667,102,2026-05-30 12:21:37,CUST-0285,13,1,235,Cash,walk-in
ORD01668,105,2026-05-30 20:28:32,CUST-0223,10,1,185,UPI,walk-in
ORD01669,105,2026-05-30 19:38:04,CUST-0123,2,4,940,UPI,walk-in
ORD01670,103,2026-05-30 12:59:33,CUST-0151,16,1,365,UPI,walk-in
ORD01671,103,2026-05-30 12:23:55,CUST-0117,10,2,370,UPI,walk-in
ORD01672,105,2026-05-30 21:56:49,CUST-0243,21,1,195,Card,mobile-app
ORD01673,105,2026-05-30 18:43:43,CUST-0217,24,1,325,Cash,mobile-app
ORD01674,105,2026-05-30 12:39:11,CUST-0294,21,4,780,UPI,mobile-app
ORD01675,102,2026-05-30 20:19:36,CUST-0281,4,1,195,UPI,mobile-app
ORD01676,104,2026-05-30 20:29:53,CUST-0086,34,1,265,UPI,mobile-app
ORD01677,102,2026-05-30 18:41:37,CUST-0217,10,1,185,Cash,mobile-app
ORD01678,104,2026-05-30 18:23:58,CUST-0148,5,2,450,Cash,mobile-app
ORD01679,103,2026-05-30 07:52:36,CUST-0233,34,1,265,UPI,walk-in
ORD01680,105,2026-05-30 18:40:59,CUST-0095,32,2,650,Cash,mobile-app
ORD01681,102,2026-05-30 08:14:54,CUST-0304,18,4,1380,UPI,walk-in
ORD01682,104,2026-05-30 14:01:06,CUST-0267,1,4,980,UPI,walk-in
ORD01683,103,2026-05-30 18:19:08,CUST-0201,30,3,1095,Card,walk-in
ORD01684,101,2026-05-30 10:06:52,CUST-0126,32,1,325,UPI,mobile-app
ORD01685,101,2026-05-30 20:36:56,CUST-0021,2,3,705,Cash,walk-in
ORD01686,102,2026-05-30 11:25:30,CUST-0348,15,1,345,Cash,walk-in
ORD01687,102,2026-05-30 14:07:27,CUST-0220,13,3,705,Cash,mobile-app
ORD01688,105,2026-05-30 08:27:33,CUST-0207,9,1,235,Cash,mobile-app
ORD01689,101,2026-05-30 17:41:46,CUST-0135,29,3,645,UPI,mobile-app
ORD01690,101,2026-05-30 15:46:24,CUST-0276,6,2,350,UPI,walk-in
ORD01691,105,2026-05-30 07:28:19,CUST-0076,23,4,1300,Cash,walk-in
ORD01692,104,2026-05-30 13:47:35,CUST-0109,10,2,370,Cash,mobile-app
ORD01693,105,2026-05-30 13:03:27,CUST-0316,8,1,195,Cash,walk-in
ORD01694,105,2026-05-30 18:24:32,CUST-0332,7,2,490,UPI,mobile-app
ORD01695,102,2026-05-30 07:24:32,CUST-0178,35,2,550,UPI,walk-in
ORD01696,103,2026-05-30 21:44:43,CUST-0150,26,1,195,Cash,mobile-app
ORD01697,101,2026-05-30 07:52:04,CUST-0265,17,4,1500,Cash,mobile-app
ORD01698,103,2026-05-30 14:33:19,CUST-0163,7,1,245,UPI,walk-in
ORD01699,102,2026-05-30 08:12:54,CUST-0333,35,1,275,Card,mobile-app
ORD01700,105,2026-05-30 18:57:47,CUST-0219,31,1,365,Cash,mobile-app
ORD01701,101,2026-05-30 07:38:48,CUST-0315,31,2,730,Cash,mobile-app
ORD01702,105,2026-05-30 21:23:56,CUST-0069,33,1,365,UPI,walk-in
ORD01703,103,2026-05-30 07:38:28,CUST-0122,11,3,645,Cash,mobile-app
ORD01704,102,2026-05-30 15:23:35,CUST-0031,18,3,1035,Cash,walk-in
ORD01705,102,2026-05-30 16:51:58,CUST-0001,3,5,1075,Cash,mobile-app
ORD01706,101,2026-05-30 14:19:09,CUST-0251,15,1,345,Cash,walk-in
ORD01707,105,2026-05-30 19:29:48,CUST-0330,29,1,215,Cash,mobile-app
ORD01708,104,2026-05-30 10:44:19,CUST-0175,25,2,590,UPI,mobile-app
ORD01709,103,2026-05-30 14:31:11,CUST-0284,13,7,1645,UPI,walk-in
ORD01710,105,2026-05-30 21:42:28,CUST-0253,21,2,390,UPI,mobile-app
ORD01711,102,2026-05-30 20:33:22,CUST-0027,23,2,650,Cash,mobile-app
ORD01712,104,2026-05-30 16:20:52,CUST-0054,20,2,320,Cash,walk-in
ORD01713,105,2026-05-30 11:21:17,CUST-0284,16,1,365,Cash,walk-in
ORD01714,103,2026-05-30 15:20:37,CUST-0056,12,2,350,Cash,walk-in
ORD01715,104,2026-05-30 07:55:34,CUST-0325,18,1,345,Cash,mobile-app
ORD01716,101,2026-05-30 11:11:07,CUST-0069,14,1,245,UPI,walk-in
ORD01717,104,2026-05-30 21:37:02,CUST-0341,7,1,245,Cash,walk-in
ORD01718,101,2026-05-30 08:20:20,CUST-0231,29,1,215,Card,walk-in
ORD01719,104,2026-05-30 19:14:30,CUST-0320,12,2,350,Cash,walk-in
ORD01720,104,2026-05-30 21:42:30,CUST-0241,11,5,1075,Cash,mobile-app
ORD01721,105,2026-05-30 07:13:10,CUST-0217,33,1,365,UPI,mobile-app
ORD01722,104,2026-05-30 07:41:38,CUST-0056,4,7,1365,UPI,mobile-app
ORD01723,103,2026-05-30 08:01:58,CUST-0265,16,1,365,Cash,walk-in
ORD01724,105,2026-05-30 12:24:19,CUST-0194,22,2,320,Cash,mobile-app
ORD01725,103,2026-05-30 08:28:24,CUST-0267,32,2,650,UPI,mobile-app
ORD01726,103,2026-05-30 09:43:06,CUST-0181,31,1,365,Cash,walk-in
ORD01727,105,2026-05-30 14:46:32,CUST-0263,4,2,390,Cash,walk-in
ORD01728,104,2026-05-30 16:26:54,CUST-0182,4,2,390,Cash,walk-in
ORD01729,101,2026-05-30 10:50:16,CUST-0129,33,2,730,Card,mobile-app
ORD01730,104,2026-05-30 17:55:15,CUST-0289,1,1,245,UPI,mobile-app
ORD01731,105,2026-05-30 21:06:33,CUST-0216,12,1,175,UPI,mobile-app
ORD01732,101,2026-05-30 17:41:33,CUST-0015,16,8,2920,Cash,mobile-app
ORD01733,102,2026-05-30 18:25:44,CUST-0231,16,1,365,Cash,walk-in
ORD01734,103,2026-05-30 21:45:09,CUST-0219,4,1,195,Cash,mobile-app
ORD01735,103,2026-05-30 16:08:09,CUST-0031,34,1,265,UPI,walk-in
ORD01736,101,2026-05-30 13:32:06,CUST-0129,16,2,730,UPI,walk-in
ORD01737,103,2026-05-30 14:23:33,CUST-0142,19,2,320,Cash,mobile-app
ORD01738,101,2026-05-30 21:54:43,CUST-0236,19,2,320,Cash,walk-in
ORD01739,103,2026-05-30 13:51:18,CUST-0147,21,1,195,Cash,mobile-app
ORD01740,102,2026-05-30 10:18:07,CUST-0035,5,2,450,Cash,walk-in
ORD01741,104,2026-05-30 11:10:44,CUST-0069,34,2,530,Cash,mobile-app
ORD01742,105,2026-05-30 12:36:41,CUST-0105,13,2,470,UPI,mobile-app
ORD01743,102,2026-05-30 14:59:16,CUST-0148,20,3,480,Cash,mobile-app
ORD01744,101,2026-05-30 11:46:43,CUST-0055,33,1,365,Cash,mobile-app
ORD01745,103,2026-05-30 08:40:55,CUST-0044,32,2,650,UPI,mobile-app
ORD01746,101,2026-05-30 10:03:30,CUST-0205,18,2,690,UPI,mobile-app
ORD01747,105,2026-05-30 11:51:30,CUST-0284,21,1,195,Cash,walk-in
ORD01748,104,2026-05-30 16:39:23,CUST-0210,26,4,780,Cash,walk-in
ORD01749,102,2026-05-30 08:00:20,CUST-0330,18,3,1035,Cash,mobile-app
ORD01750,105,2026-05-30 09:47:37,CUST-0340,15,1,345,UPI,mobile-app
ORD01751,102,2026-05-30 08:13:48,CUST-0273,15,2,690,Cash,walk-in
ORD01752,102,2026-05-30 20:21:21,CUST-0087,22,1,160,Cash,walk-in
ORD01753,102,2026-05-30 12:48:10,CUST-0144,33,3,1095,Cash,walk-in
ORD01754,102,2026-05-30 17:20:21,CUST-0332,25,1,295,UPI,mobile-app
ORD01755,102,2026-05-30 15:28:44,CUST-0237,7,2,490,Cash,walk-in
ORD01756,104,2026-05-30 19:17:07,CUST-0096,15,2,690,UPI,mobile-app
ORD01757,105,2026-05-30 11:56:50,CUST-0121,26,2,390,UPI,mobile-app
ORD01758,102,2026-05-30 14:30:54,CUST-0161,23,2,650,Cash,mobile-app
ORD01759,101,2026-05-30 15:00:44,CUST-0154,17,2,750,UPI,mobile-app
ORD01760,103,2026-05-30 20:34:07,CUST-0190,29,3,645,Cash,walk-in
ORD01761,104,2026-05-30 07:33:11,CUST-0059,34,1,265,UPI,mobile-app
ORD01762,105,2026-05-30 20:25:13,CUST-0110,26,1,195,Cash,mobile-app
ORD01763,102,2026-05-30 17:19:16,CUST-0040,27,9,3105,Cash,mobile-app
ORD01764,101,2026-05-30 14:45:18,CUST-0171,22,2,320,Cash,mobile-app
ORD01765,101,2026-05-30 17:35:07,CUST-0292,10,1,185,Cash,mobile-app
ORD01766,101,2026-05-30 16:50:15,CUST-0125,7,2,490,Cash,mobile-app
ORD01767,103,2026-05-30 20:53:02,CUST-0274,5,2,450,Card,mobile-app
ORD01768,103,2026-05-30 10:08:56,CUST-0221,25,1,295,UPI,walk-in
ORD01769,101,2026-05-30 07:47:20,CUST-0070,24,2,650,UPI,mobile-app
ORD01770,101,2026-05-30 18:01:00,CUST-0223,24,4,1300,Cash,mobile-app
ORD01771,105,2026-05-30 08:05:23,CUST-0057,20,3,480,Cash,walk-in
ORD01772,103,2026-05-30 17:25:17,CUST-0111,6,2,350,UPI,mobile-app
ORD01773,101,2026-05-30 17:55:14,CUST-0212,25,2,590,UPI,walk-in
ORD01774,105,2026-05-30 18:20:50,CUST-0272,34,3,795,Cash,walk-in
ORD01775,104,2026-05-30 14:24:17,CUST-0203,21,2,390,Cash,walk-in
ORD01776,103,2026-05-30 11:23:13,CUST-0255,17,1,375,Cash,mobile-app
ORD01777,105,2026-05-30 21:16:59,CUST-0325,33,1,365,Cash,mobile-app
ORD01778,101,2026-05-30 10:37:30,CUST-0106,34,2,530,Cash,mobile-app
ORD01779,102,2026-05-30 11:10:20,CUST-0323,3,1,215,UPI,mobile-app
ORD01780,104,2026-05-30 10:37:00,CUST-0340,15,1,345,Cash,mobile-app
ORD01781,103,2026-05-30 09:42:17,CUST-0040,26,6,1170,Cash,mobile-app
ORD01782,105,2026-05-30 11:15:01,CUST-0157,5,1,225,Card,mobile-app
ORD01783,102,2026-05-30 11:23:40,CUST-0132,1,4,980,Cash,mobile-app
ORD01784,101,2026-05-30 15:43:27,CUST-0084,16,3,1095,UPI,mobile-app
ORD01785,104,2026-05-30 12:49:04,CUST-0258,23,2,650,Cash,mobile-app
ORD01786,104,2026-05-30 19:56:01,CUST-0094,11,7,1505,Cash,mobile-app
ORD01787,104,2026-05-30 11:13:23,CUST-0038,13,1,235,Cash,walk-in
ORD01788,102,2026-05-30 12:00:27,CUST-0206,27,9,3105,UPI,mobile-app
ORD01789,101,2026-05-30 21:04:44,CUST-0094,14,3,735,UPI,walk-in
ORD01790,105,2026-05-30 20:50:14,CUST-0022,4,1,195,UPI,walk-in
ORD01791,103,2026-05-30 15:52:28,CUST-0200,17,1,375,Cash,mobile-app
ORD01792,104,2026-05-30 11:46:35,CUST-0196,21,4,780,Cash,mobile-app
ORD01793,101,2026-05-30 08:00:05,CUST-0286,21,2,390,Cash,mobile-app
ORD01794,105,2026-05-30 08:18:09,CUST-0182,9,3,705,Cash,mobile-app
ORD01795,103,2026-05-30 13:36:55,CUST-0111,2,1,235,UPI,walk-in
ORD01796,104,2026-05-30 11:10:10,CUST-0106,20,1,160,UPI,mobile-app
ORD01797,101,2026-05-30 12:21:55,CUST-0099,1,3,735,Cash,mobile-app
ORD01798,102,2026-05-30 19:47:17,CUST-0031,24,2,650,Cash,mobile-app
ORD01799,101,2026-05-30 12:22:04,CUST-0037,22,1,160,Card,walk-in
ORD01800,104,2026-05-30 13:45:50,CUST-0314,19,1,160,Card,mobile-app
ORD01801,105,2026-05-30 16:46:33,CUST-0018,16,1,365,UPI,walk-in
ORD01802,105,2026-05-30 21:12:59,CUST-0066,34,2,530,Cash,mobile-app
ORD01803,105,2026-05-30 10:53:46,CUST-0092,29,2,430,Cash,mobile-app
ORD01804,104,2026-05-30 20:46:34,CUST-0037,24,1,325,Card,walk-in
ORD01805,101,2026-05-30 08:04:07,CUST-0101,25,1,295,Cash,walk-in
ORD01806,105,2026-05-30 15:53:02,CUST-0162,19,2,320,Cash,mobile-app
ORD01807,104,2026-05-30 11:40:16,CUST-0084,9,2,470,Card,walk-in
ORD01808,102,2026-05-30 20:03:27,CUST-0108,5,1,225,Cash,walk-in
ORD01809,101,2026-05-30 21:13:16,CUST-0113,26,2,390,Cash,mobile-app
ORD01810,101,2026-05-30 18:54:54,CUST-0067,34,2,530,UPI,mobile-app
ORD01811,103,2026-05-30 08:33:22,CUST-0216,21,1,195,Cash,mobile-app
ORD01812,102,2026-05-30 20:36:51,CUST-0047,1,1,245,UPI,walk-in
ORD01813,102,2026-05-30 19:53:19,CUST-0127,33,1,365,UPI,walk-in
ORD01814,103,2026-05-30 07:21:05,CUST-0036,21,1,195,Cash,mobile-app
ORD01815,101,2026-05-30 19:40:12,CUST-0232,8,2,390,Cash,mobile-app
ORD01816,104,2026-05-30 11:22:23,CUST-0129,32,3,975,UPI,walk-in
ORD01817,101,2026-05-30 15:54:51,CUST-0248,27,2,690,Cash,mobile-app
ORD01818,103,2026-05-30 20:50:30,CUST-0080,26,2,390,Cash,mobile-app
ORD01819,103,2026-05-30 20:54:53,CUST-0206,19,5,800,Cash,mobile-app
ORD01820,102,2026-05-30 10:39:32,CUST-0234,21,5,975,UPI,mobile-app
ORD01821,103,2026-05-30 12:22:04,CUST-0061,33,2,730,Cash,mobile-app
ORD01822,105,2026-05-30 13:12:37,CUST-0323,30,1,365,UPI,mobile-app
ORD01823,104,2026-05-30 11:25:06,CUST-0173,1,2,490,Cash,mobile-app
ORD01824,103,2026-05-30 15:57:08,CUST-0069,32,8,2600,UPI,mobile-app
ORD01825,105,2026-05-30 17:49:19,CUST-0201,23,1,325,Cash,walk-in
ORD01826,105,2026-05-30 10:24:39,CUST-0074,4,1,195,Cash,walk-in
ORD01827,102,2026-05-30 09:51:53,CUST-0270,23,1,325,Card,mobile-app
ORD01828,102,2026-05-30 07:17:40,CUST-0046,26,4,780,UPI,mobile-app
ORD01829,103,2026-05-30 16:49:01,CUST-0276,11,1,215,UPI,mobile-app
ORD01830,101,2026-05-30 19:46:18,CUST-0027,29,1,215,UPI,mobile-app
ORD01831,101,2026-05-30 07:47:37,CUST-0129,26,1,195,UPI,mobile-app
ORD01832,102,2026-05-30 12:50:55,CUST-0010,23,9,2925,Cash,mobile-app
ORD01833,101,2026-05-30 09:01:08,CUST-0100,13,2,470,Cash,mobile-app
ORD01834,105,2026-05-30 12:49:15,CUST-0345,30,1,365,Cash,walk-in
ORD01835,104,2026-05-30 15:00:06,CUST-0341,8,2,390,UPI,mobile-app
ORD01836,101,2026-05-30 20:21:13,CUST-0032,11,2,430,Cash,mobile-app
ORD01837,101,2026-05-30 18:24:44,CUST-0200,30,1,365,UPI,mobile-app
ORD01838,101,2026-05-30 20:27:41,CUST-0138,22,2,320,UPI,mobile-app
ORD01839,102,2026-05-30 12:29:51,CUST-0181,12,3,525,UPI,walk-in
ORD01840,101,2026-05-30 18:32:17,CUST-0133,27,3,1035,Cash,mobile-app
ORD01841,104,2026-05-30 13:14:57,CUST-0097,5,2,450,Card,mobile-app
ORD01842,102,2026-05-30 14:30:26,CUST-0118,28,2,630,UPI,walk-in
ORD01843,101,2026-05-30 16:25:06,CUST-0308,20,1,160,Cash,walk-in
ORD01844,103,2026-05-30 21:44:19,CUST-0059,34,9,2385,Cash,walk-in
ORD01845,105,2026-05-30 10:38:15,CUST-0071,18,2,690,UPI,walk-in
ORD01846,101,2026-05-30 19:26:23,CUST-0280,28,1,315,Cash,mobile-app
ORD01847,105,2026-05-30 19:15:05,CUST-0031,16,1,365,Cash,mobile-app
ORD01848,102,2026-05-30 12:26:03,CUST-0318,7,3,735,UPI,mobile-app
ORD01849,101,2026-05-30 09:24:15,CUST-0172,11,6,1290,UPI,walk-in
ORD01850,103,2026-05-30 15:40:51,CUST-0250,11,7,1505,UPI,walk-in
ORD01851,103,2026-05-30 08:18:27,CUST-0327,30,4,1460,UPI,mobile-app
ORD01852,101,2026-05-30 13:14:31,CUST-0014,4,2,390,UPI,mobile-app
ORD01853,101,2026-05-30 16:40:22,CUST-0105,26,4,780,Cash,walk-in
ORD01854,103,2026-05-30 19:20:46,CUST-0119,9,3,705,Cash,mobile-app
ORD01855,104,2026-05-30 21:45:42,CUST-0331,6,2,350,Cash,mobile-app
ORD01856,105,2026-05-30 14:32:39,CUST-0096,32,3,975,UPI,mobile-app
ORD01857,101,2026-05-30 07:36:15,CUST-0294,10,3,555,UPI,mobile-app
ORD01858,103,2026-05-30 10:26:22,CUST-0045,19,1,160,Cash,mobile-app
ORD01859,103,2026-05-30 19:55:05,CUST-0272,24,3,975,Cash,walk-in
ORD01860,105,2026-05-30 18:59:42,CUST-0261,3,1,215,UPI,mobile-app
ORD01861,105,2026-05-30 10:48:26,CUST-0099,16,3,1095,Cash,mobile-app
ORD01862,101,2026-05-30 20:23:22,CUST-0194,21,2,390,Cash,walk-in
ORD01863,103,2026-05-30 10:14:42,CUST-0045,32,2,650,UPI,mobile-app
ORD01864,104,2026-05-30 18:25:39,CUST-0026,18,2,690,Card,walk-in
ORD01865,102,2026-05-30 18:16:40,CUST-0306,5,2,450,Cash,walk-in
ORD01866,103,2026-05-30 17:14:01,CUST-0157,17,1,375,Cash,walk-in
ORD01867,102,2026-05-30 10:49:36,CUST-0286,35,1,275,Cash,mobile-app
ORD01868,101,2026-05-30 20:38:20,CUST-0245,17,1,375,Cash,mobile-app
ORD01869,104,2026-05-30 15:46:41,CUST-0252,21,2,390,Cash,mobile-app
ORD01870,103,2026-05-30 11:20:12,CUST-0142,35,1,275,Cash,mobile-app
ORD01871,103,2026-05-30 13:19:18,CUST-0126,23,6,1950,Cash,walk-in
ORD01872,101,2026-05-30 07:08:24,CUST-0158,24,1,325,Cash,walk-in
ORD01873,103,2026-05-30 08:19:40,CUST-0331,33,1,365,Card,walk-in
ORD01874,104,2026-05-30 16:55:57,CUST-0152,24,1,325,Card,mobile-app
ORD01875,102,2026-05-30 20:28:45,CUST-0197,3,1,215,UPI,mobile-app
ORD01876,105,2026-05-30 14:16:27,CUST-0037,28,5,1575,Cash,walk-in
ORD01877,105,2026-05-30 13:18:42,CUST-0118,14,1,245,Cash,mobile-app
ORD01878,103,2026-05-30 12:52:40,CUST-0291,21,1,195,UPI,mobile-app
ORD01879,102,2026-05-30 08:41:58,CUST-0111,17,6,2250,Cash,walk-in
ORD01880,101,2026-05-30 09:45:41,CUST-0203,15,1,345,Cash,walk-in
ORD01881,105,2026-05-30 11:54:01,CUST-0165,16,2,730,Cash,mobile-app
ORD01882,102,2026-05-30 21:39:41,CUST-0272,25,2,590,Cash,mobile-app
ORD01883,102,2026-05-30 14:29:52,CUST-0149,18,2,690,Cash,mobile-app
ORD01884,104,2026-05-30 09:29:32,CUST-0293,13,4,940,UPI,mobile-app
ORD01885,101,2026-05-30 20:06:33,CUST-0009,34,1,265,Cash,mobile-app
ORD01886,105,2026-05-30 11:44:14,CUST-0068,23,1,325,UPI,mobile-app
ORD01887,104,2026-05-30 21:10:32,CUST-0020,7,3,735,Card,mobile-app
ORD01888,101,2026-05-30 21:08:22,CUST-0096,13,2,470,UPI,mobile-app
ORD01889,104,2026-05-30 10:44:37,CUST-0240,30,4,1460,UPI,mobile-app
ORD01890,102,2026-05-30 13:28:36,CUST-0279,20,1,160,UPI,mobile-app
ORD01891,101,2026-05-30 13:28:25,CUST-0056,16,2,730,Cash,mobile-app
ORD01892,104,2026-05-30 12:56:52,CUST-0130,16,3,1095,Cash,walk-in
ORD01893,102,2026-05-30 19:05:51,CUST-0150,30,2,730,UPI,mobile-app
ORD01894,105,2026-05-30 14:30:00,CUST-0233,34,5,1325,Cash,mobile-app
ORD01895,102,2026-05-30 07:00:35,CUST-0027,27,1,345,UPI,mobile-app
ORD01896,101,2026-05-30 07:52:47,CUST-0056,34,6,1590,UPI,mobile-app
ORD01897,103,2026-05-30 12:10:38,CUST-0280,1,2,490,Cash,mobile-app
ORD01898,103,2026-05-30 21:50:38,CUST-0204,32,7,2275,Cash,mobile-app
ORD01899,105,2026-05-30 20:21:36,CUST-0011,34,1,265,Card,walk-in
ORD01900,104,2026-05-30 07:53:23,CUST-0349,33,2,730,Card,mobile-app
ORD01901,101,2026-05-30 15:18:37,CUST-0303,8,2,390,UPI,mobile-app
ORD01902,104,2026-05-30 12:11:40,CUST-0287,12,3,525,UPI,walk-in
ORD01903,104,2026-05-30 21:02:51,CUST-0095,20,1,160,UPI,mobile-app
ORD01904,105,2026-05-30 14:49:00,CUST-0316,7,1,245,UPI,mobile-app
ORD01905,104,2026-05-30 08:49:03,CUST-0285,13,2,470,UPI,walk-in
ORD01906,103,2026-05-30 13:14:55,CUST-0078,4,1,195,Cash,mobile-app
ORD01907,103,2026-05-30 21:32:28,CUST-0037,3,1,215,Cash,mobile-app
ORD01908,102,2026-05-30 07:26:12,CUST-0224,9,1,235,Cash,walk-in
ORD01909,104,2026-05-30 17:20:23,CUST-0308,20,1,160,UPI,mobile-app
ORD01910,103,2026-05-30 09:42:08,CUST-0077,16,7,2555,Card,walk-in
ORD01911,103,2026-05-30 07:18:16,CUST-0096,31,2,730,Cash,mobile-app
ORD01912,104,2026-05-30 08:25:25,CUST-0287,16,3,1095,UPI,walk-in
ORD01913,103,2026-05-30 20:31:51,CUST-0078,9,1,235,UPI,mobile-app
ORD01914,101,2026-05-30 14:27:14,CUST-0248,23,6,1950,Card,walk-in
ORD01915,105,2026-05-30 13:52:29,CUST-0217,10,2,370,Cash,mobile-app
ORD01916,101,2026-05-30 17:01:28,CUST-0033,17,1,375,UPI,walk-in
ORD01917,104,2026-05-30 14:30:45,CUST-0250,29,1,215,Cash,mobile-app
ORD01918,102,2026-05-30 19:43:05,CUST-0101,23,1,325,UPI,mobile-app
ORD01919,104,2026-05-30 15:13:21,CUST-0044,35,5,1375,UPI,mobile-app
ORD01920,102,2026-05-30 10:11:06,CUST-0088,6,1,175,Cash,mobile-app
ORD01921,101,2026-05-30 18:12:16,CUST-0164,34,2,530,Cash,walk-in
ORD01922,104,2026-05-30 08:55:41,CUST-0139,1,1,245,UPI,walk-in
ORD01923,103,2026-05-30 08:27:27,CUST-0071,17,2,750,UPI,mobile-app
ORD01924,105,2026-05-30 13:23:54,CUST-0320,21,1,195,UPI,walk-in
ORD01925,104,2026-05-30 11:23:55,CUST-0320,25,1,295,Cash,mobile-app
ORD01926,101,2026-05-30 12:38:15,CUST-0299,15,1,345,UPI,mobile-app
ORD01927,101,2026-05-30 15:00:54,CUST-0055,28,5,1575,UPI,mobile-app
ORD01928,102,2026-05-30 14:32:44,CUST-0203,9,3,705,UPI,mobile-app
ORD01929,102,2026-05-30 08:09:52,CUST-0175,8,1,195,Cash,walk-in
ORD01930,104,2026-05-30 15:41:44,CUST-0092,33,2,730,UPI,mobile-app
ORD01931,103,2026-05-30 07:38:16,CUST-0187,17,1,375,UPI,mobile-app
ORD01932,104,2026-05-30 07:06:23,CUST-0276,21,3,585,Cash,mobile-app
ORD01933,104,2026-05-30 21:32:25,CUST-0103,19,1,160,Cash,mobile-app
ORD01934,102,2026-05-30 17:13:34,CUST-0207,13,5,1175,Cash,mobile-app
ORD01935,104,2026-05-30 13:56:58,CUST-0304,13,1,235,Cash,walk-in
ORD01936,101,2026-05-30 12:12:32,CUST-0236,30,3,1095,UPI,walk-in
ORD01937,104,2026-05-30 08:32:23,CUST-0092,4,1,195,Card,mobile-app
ORD01938,103,2026-05-30 19:51:42,CUST-0278,6,1,175,UPI,walk-in
ORD01939,101,2026-05-30 11:12:33,CUST-0278,5,1,225,Cash,walk-in
ORD01940,103,2026-05-30 11:37:32,CUST-0335,32,1,325,Cash,mobile-app
ORD01941,102,2026-05-30 08:07:03,CUST-0202,33,1,365,Card,walk-in
ORD01942,105,2026-05-30 20:41:23,CUST-0337,32,2,650,UPI,mobile-app
ORD01943,101,2026-05-30 08:36:58,CUST-0296,27,1,345,Cash,mobile-app
ORD01944,104,2026-05-30 10:53:42,CUST-0182,23,2,650,UPI,mobile-app
ORD01945,101,2026-05-30 10:09:29,CUST-0097,6,1,175,Cash,mobile-app
ORD01946,105,2026-05-30 17:11:24,CUST-0044,31,1,365,Cash,mobile-app
ORD01947,102,2026-05-30 21:02:55,CUST-0197,21,4,780,Cash,mobile-app
ORD01948,102,2026-05-30 13:55:33,CUST-0108,11,1,215,Cash,mobile-app
ORD01949,101,2026-05-30 12:57:36,CUST-0332,15,1,345,Cash,mobile-app
ORD01950,103,2026-05-30 09:30:22,CUST-0150,17,1,375,UPI,walk-in
ORD01951,104,2026-05-30 19:46:56,CUST-0130,3,2,430,Cash,mobile-app
ORD01952,102,2026-05-30 14:13:32,CUST-0248,13,1,235,Cash,walk-in
ORD01953,102,2026-05-30 14:32:33,CUST-0163,11,3,645,Cash,mobile-app
ORD01954,102,2026-05-30 09:39:52,CUST-0305,32,1,325,UPI,walk-in
ORD01955,102,2026-05-30 17:15:08,CUST-0201,26,3,585,Cash,mobile-app
ORD01956,102,2026-05-30 08:13:45,CUST-0070,2,2,470,Cash,walk-in
ORD01957,103,2026-05-30 13:42:16,CUST-0219,14,4,980,Cash,mobile-app
ORD01958,104,2026-05-30 07:50:30,CUST-0238,18,2,690,Cash,mobile-app
ORD01959,104,2026-05-30 18:34:52,CUST-0301,29,1,215,Cash,mobile-app
ORD01960,103,2026-05-30 10:06:24,CUST-0350,33,1,365,UPI,mobile-app
ORD01961,105,2026-05-30 18:46:07,CUST-0016,10,3,555,Cash,walk-in
ORD01962,105,2026-05-30 07:59:27,CUST-0138,17,1,375,Cash,walk-in
ORD01963,103,2026-05-30 19:16:54,CUST-0082,33,1,365,Cash,mobile-app
ORD01964,105,2026-05-30 21:06:40,CUST-0279,2,2,470,UPI,mobile-app
ORD01965,102,2026-05-30 18:57:03,CUST-0083,14,2,490,UPI,walk-in
ORD01966,102,2026-05-30 09:36:33,CUST-0064,29,1,215,UPI,mobile-app
ORD01967,101,2026-05-30 19:11:51,CUST-0316,20,4,640,UPI,mobile-app
ORD01968,104,2026-05-30 18:03:59,CUST-0143,30,1,365,Cash,mobile-app
ORD01969,102,2026-05-30 08:00:29,CUST-0073,25,2,590,Cash,walk-in
ORD01970,103,2026-05-30 17:01:38,CUST-0197,26,3,585,UPI,mobile-app
ORD01971,105,2026-05-30 19:03:12,CUST-0137,33,2,730,UPI,mobile-app
ORD01972,103,2026-05-31 21:04:16,CUST-0316,12,3,525,Cash,mobile-app
ORD01973,105,2026-05-31 18:40:35,CUST-0274,7,1,245,Cash,mobile-app
ORD01974,103,2026-05-31 14:38:40,CUST-0052,23,6,1950,UPI,mobile-app
ORD01975,104,2026-05-31 14:22:12,CUST-0326,13,1,235,Cash,mobile-app
ORD01976,101,2026-05-31 16:35:41,CUST-0311,13,1,235,Cash,mobile-app
ORD01977,105,2026-05-31 19:59:47,CUST-0091,35,3,825,Cash,walk-in
ORD01978,102,2026-05-31 20:40:15,CUST-0219,34,2,530,Cash,mobile-app
ORD01979,105,2026-05-31 10:55:54,CUST-0153,7,4,980,Cash,walk-in
ORD01980,102,2026-05-31 18:20:14,CUST-0248,23,2,650,UPI,mobile-app
ORD01981,103,2026-05-31 13:54:34,CUST-0171,11,2,430,UPI,walk-in
ORD01982,104,2026-05-31 11:42:50,CUST-0094,11,3,645,Cash,walk-in
ORD01983,103,2026-05-31 12:39:10,CUST-0276,5,1,225,Cash,mobile-app
ORD01984,103,2026-05-31 18:51:54,CUST-0068,21,2,390,Cash,walk-in
ORD01985,101,2026-05-31 14:51:32,CUST-0140,27,1,345,UPI,mobile-app
ORD01986,103,2026-05-31 14:55:18,CUST-0257,3,1,215,Cash,mobile-app
ORD01987,101,2026-05-31 07:50:45,CUST-0183,20,3,480,Cash,mobile-app
ORD01988,101,2026-05-31 12:12:43,CUST-0117,32,1,325,UPI,mobile-app
ORD01989,102,2026-05-31 21:44:01,CUST-0240,34,2,530,Cash,mobile-app
ORD01990,102,2026-05-31 10:21:43,CUST-0265,23,1,325,UPI,walk-in
ORD01991,101,2026-05-31 15:46:04,CUST-0166,30,2,730,UPI,mobile-app
ORD01992,102,2026-05-31 19:38:21,CUST-0220,22,1,160,UPI,mobile-app
ORD01993,101,2026-05-31 16:22:33,CUST-0018,19,1,160,UPI,mobile-app
ORD01994,104,2026-05-31 13:10:32,CUST-0309,21,1,195,Cash,walk-in
ORD01995,104,2026-05-31 12:07:58,CUST-0005,6,1,175,UPI,mobile-app
ORD01996,101,2026-05-31 11:00:38,CUST-0078,22,3,480,Cash,mobile-app
ORD01997,105,2026-05-31 08:52:47,CUST-0090,25,1,295,Cash,mobile-app
ORD01998,104,2026-05-31 11:15:14,CUST-0060,35,2,550,Cash,mobile-app
ORD01999,102,2026-05-31 09:21:07,CUST-0043,19,1,160,Cash,walk-in
ORD02000,105,2026-05-31 14:20:08,CUST-0139,17,2,750,Card,mobile-app
ORD02001,104,2026-05-31 10:41:04,CUST-0059,10,9,1665,Cash,mobile-app
ORD02002,104,2026-05-31 21:02:50,CUST-0077,22,1,160,UPI,mobile-app
ORD02003,101,2026-05-31 21:34:21,CUST-0123,27,1,345,UPI,walk-in
ORD02004,102,2026-05-31 19:59:31,CUST-0130,10,1,185,UPI,walk-in
ORD02005,101,2026-05-31 18:06:20,CUST-0117,6,1,175,Cash,mobile-app
ORD02006,101,2026-05-31 13:58:19,CUST-0148,30,1,365,Cash,walk-in
ORD02007,103,2026-05-31 13:48:07,CUST-0270,10,2,370,Cash,mobile-app
ORD02008,103,2026-05-31 15:26:06,CUST-0097,23,1,325,Cash,walk-in
ORD02009,101,2026-05-31 15:07:30,CUST-0206,11,1,215,UPI,mobile-app
ORD02010,105,2026-05-31 21:06:51,CUST-0199,10,2,370,Cash,mobile-app
ORD02011,103,2026-05-31 20:26:48,CUST-0333,9,5,1175,Cash,mobile-app
ORD02012,104,2026-05-31 18:40:41,CUST-0193,17,3,1125,Cash,mobile-app
ORD02013,104,2026-05-31 12:02:51,CUST-0193,18,3,1035,Card,mobile-app
ORD02014,105,2026-05-31 14:46:32,CUST-0340,8,1,195,UPI,walk-in
ORD02015,104,2026-05-31 21:51:41,CUST-0303,8,1,195,UPI,walk-in
ORD02016,104,2026-05-31 11:02:21,CUST-0141,21,1,195,UPI,walk-in
ORD02017,105,2026-05-31 16:21:31,CUST-0192,35,5,1375,Cash,mobile-app
ORD02018,103,2026-05-31 08:48:18,CUST-0057,6,4,700,Cash,walk-in
ORD02019,101,2026-05-31 18:07:27,CUST-0254,23,2,650,UPI,mobile-app
ORD02020,104,2026-05-31 11:09:21,CUST-0117,5,4,900,Cash,mobile-app
ORD02021,101,2026-05-31 13:49:38,CUST-0324,8,9,1755,Cash,mobile-app
ORD02022,101,2026-05-31 16:43:38,CUST-0328,17,1,375,Cash,walk-in
ORD02023,103,2026-05-31 18:00:49,CUST-0257,24,1,325,UPI,mobile-app
ORD02024,101,2026-05-31 09:19:44,CUST-0223,19,3,480,Cash,walk-in
ORD02025,103,2026-05-31 10:23:59,CUST-0013,35,1,275,UPI,mobile-app
ORD02026,102,2026-05-31 21:35:38,CUST-0031,3,9,1935,UPI,walk-in
ORD02027,103,2026-05-31 19:45:29,CUST-0207,19,6,960,Cash,mobile-app
ORD02028,102,2026-05-31 07:45:04,CUST-0247,12,3,525,UPI,mobile-app
ORD02029,104,2026-05-31 17:27:22,CUST-0101,32,3,975,Card,mobile-app
ORD02030,103,2026-05-31 21:02:39,CUST-0179,20,8,1280,Cash,mobile-app
ORD02031,104,2026-05-31 12:27:01,CUST-0160,15,1,345,UPI,mobile-app
ORD02032,101,2026-05-31 19:58:52,CUST-0290,7,1,245,Cash,mobile-app
ORD02033,104,2026-05-31 18:33:45,CUST-0284,10,3,555,UPI,walk-in
ORD02034,103,2026-05-31 10:18:49,CUST-0228,13,1,235,UPI,walk-in
ORD02035,101,2026-05-31 21:23:54,CUST-0140,3,1,215,Cash,walk-in
ORD02036,102,2026-05-31 11:05:51,CUST-0178,8,4,780,UPI,walk-in
ORD02037,103,2026-05-31 19:01:20,CUST-0036,26,1,195,Card,mobile-app
ORD02038,101,2026-05-31 14:45:20,CUST-0201,21,1,195,Cash,walk-in
ORD02039,104,2026-05-31 14:35:13,CUST-0010,27,3,1035,UPI,mobile-app
ORD02040,104,2026-05-31 08:26:24,CUST-0347,1,1,245,Cash,mobile-app
ORD02041,104,2026-05-31 21:45:03,CUST-0252,1,3,735,Cash,mobile-app
ORD02042,105,2026-05-31 20:16:30,CUST-0025,20,2,320,UPI,walk-in
ORD02043,105,2026-05-31 07:11:48,CUST-0231,6,3,525,Cash,walk-in
ORD02044,101,2026-05-31 21:23:57,CUST-0140,24,2,650,UPI,walk-in
ORD02045,102,2026-05-31 13:57:04,CUST-0254,10,1,185,Cash,mobile-app
ORD02046,102,2026-05-31 09:15:08,CUST-0268,14,1,245,Cash,mobile-app
ORD02047,102,2026-05-31 10:30:21,CUST-0201,23,2,650,UPI,mobile-app
ORD02048,103,2026-05-31 19:57:15,CUST-0178,11,3,645,Cash,mobile-app
ORD02049,102,2026-05-31 21:09:26,CUST-0012,14,2,490,Cash,walk-in
ORD02050,103,2026-05-31 13:17:41,CUST-0334,26,2,390,UPI,walk-in
ORD02051,101,2026-05-31 18:01:56,CUST-0063,32,2,650,Cash,mobile-app
ORD02052,101,2026-05-31 09:09:24,CUST-0211,19,1,160,Cash,walk-in
ORD02053,102,2026-05-31 13:40:47,CUST-0019,4,1,195,UPI,mobile-app
ORD02054,101,2026-05-31 15:20:09,CUST-0197,27,1,345,Cash,mobile-app
ORD02055,101,2026-05-31 13:24:11,CUST-0139,6,1,175,Cash,walk-in
ORD02056,105,2026-05-31 14:11:07,CUST-0023,16,1,365,Cash,mobile-app
ORD02057,104,2026-05-31 07:51:25,CUST-0131,21,5,975,Cash,mobile-app
ORD02058,104,2026-05-31 08:46:51,CUST-0073,18,1,345,Card,mobile-app
ORD02059,105,2026-05-31 15:15:52,CUST-0106,27,4,1380,Cash,mobile-app
ORD02060,101,2026-05-31 14:29:12,CUST-0158,22,3,480,UPI,mobile-app
ORD02061,101,2026-05-31 07:18:37,CUST-0184,19,3,480,UPI,mobile-app
ORD02062,104,2026-05-31 20:56:37,CUST-0261,19,1,160,Cash,walk-in
ORD02063,104,2026-05-31 14:40:39,CUST-0209,17,2,750,Cash,mobile-app
ORD02064,101,2026-05-31 11:02:15,CUST-0275,14,1,245,Cash,mobile-app
ORD02065,102,2026-05-31 08:50:06,CUST-0094,35,2,550,Cash,mobile-app
ORD02066,101,2026-05-31 08:06:08,CUST-0308,15,1,345,UPI,walk-in
ORD02067,103,2026-05-31 17:52:25,CUST-0221,21,2,390,UPI,mobile-app
ORD02068,104,2026-05-31 17:10:09,CUST-0256,10,2,370,Cash,walk-in
ORD02069,104,2026-05-31 09:20:26,CUST-0091,15,1,345,UPI,mobile-app
ORD02070,105,2026-05-31 19:34:45,CUST-0117,16,1,365,Cash,mobile-app
ORD02071,101,2026-05-31 11:47:48,CUST-0285,23,1,325,Cash,mobile-app
ORD02072,104,2026-05-31 17:18:56,CUST-0328,8,3,585,Cash,mobile-app
ORD02073,104,2026-05-31 16:26:13,CUST-0267,26,1,195,Card,mobile-app
ORD02074,103,2026-05-31 21:02:08,CUST-0294,10,1,185,Cash,walk-in
ORD02075,105,2026-05-31 16:51:52,CUST-0150,20,1,160,Cash,mobile-app
ORD02076,103,2026-05-31 13:41:55,CUST-0047,9,1,235,UPI,walk-in
ORD02077,104,2026-05-31 09:05:59,CUST-0251,29,1,215,UPI,mobile-app
ORD02078,103,2026-05-31 08:15:20,CUST-0150,23,2,650,Cash,mobile-app
ORD02079,105,2026-05-31 17:59:13,CUST-0232,31,1,365,Cash,mobile-app
ORD02080,103,2026-05-31 16:06:35,CUST-0178,29,4,860,Cash,mobile-app
ORD02081,103,2026-05-31 13:06:26,CUST-0195,2,1,235,Cash,mobile-app
ORD02082,101,2026-05-31 08:43:18,CUST-0108,2,4,940,Cash,mobile-app
ORD02083,104,2026-05-31 11:04:12,CUST-0076,13,1,235,UPI,walk-in
ORD02084,101,2026-05-31 15:38:46,CUST-0120,12,2,350,Cash,walk-in
ORD02085,105,2026-05-31 13:13:47,CUST-0068,2,1,235,Cash,mobile-app
ORD02086,102,2026-05-31 13:16:58,CUST-0068,35,1,275,Cash,walk-in
ORD02087,101,2026-05-31 21:16:03,CUST-0159,15,1,345,Cash,walk-in
ORD02088,103,2026-05-31 08:09:06,CUST-0112,19,3,480,Cash,mobile-app
ORD02089,103,2026-05-31 14:09:16,CUST-0192,35,1,275,UPI,mobile-app
ORD02090,103,2026-05-31 14:58:11,CUST-0272,29,4,860,UPI,mobile-app
ORD02091,105,2026-05-31 20:22:20,CUST-0019,24,2,650,Cash,mobile-app
ORD02092,103,2026-05-31 20:58:22,CUST-0276,33,2,730,Cash,mobile-app
ORD02093,101,2026-05-31 19:20:18,CUST-0309,29,1,215,UPI,mobile-app
ORD02094,104,2026-05-31 12:24:08,CUST-0196,4,2,390,UPI,walk-in
ORD02095,105,2026-05-31 17:49:24,CUST-0163,11,1,215,UPI,mobile-app
ORD02096,103,2026-05-31 12:10:39,CUST-0135,11,1,215,Cash,mobile-app
ORD02097,102,2026-05-31 19:07:52,CUST-0100,30,1,365,UPI,mobile-app
ORD02098,104,2026-05-31 15:08:35,CUST-0096,24,1,325,UPI,walk-in
ORD02099,102,2026-05-31 09:57:50,CUST-0033,10,1,185,Cash,mobile-app
ORD02100,102,2026-05-31 21:38:46,CUST-0217,4,1,195,UPI,walk-in
ORD02101,105,2026-05-31 13:08:32,CUST-0328,32,8,2600,Cash,mobile-app
ORD02102,102,2026-05-31 19:31:31,CUST-0024,14,4,980,UPI,mobile-app
ORD02103,101,2026-05-31 08:56:08,CUST-0202,25,1,295,Cash,mobile-app
ORD02104,103,2026-05-31 19:20:48,CUST-0272,16,2,730,Cash,mobile-app
ORD02105,103,2026-05-31 07:34:46,CUST-0120,7,2,490,UPI,mobile-app
ORD02106,103,2026-05-31 09:59:10,CUST-0174,35,1,275,UPI,walk-in
ORD02107,102,2026-05-31 09:42:25,CUST-0059,15,2,690,Cash,mobile-app
ORD02108,102,2026-05-31 18:42:32,CUST-0019,30,3,1095,Cash,mobile-app
ORD02109,101,2026-05-31 19:22:56,CUST-0222,32,1,325,UPI,mobile-app
ORD02110,105,2026-05-31 07:02:40,CUST-0180,9,5,1175,Cash,walk-in
ORD02111,104,2026-05-31 17:59:41,CUST-0270,17,2,750,UPI,mobile-app
ORD02112,105,2026-05-31 07:45:24,CUST-0103,12,1,175,UPI,mobile-app
ORD02113,105,2026-05-31 16:44:29,CUST-0111,31,2,730,Cash,walk-in
ORD02114,102,2026-05-31 15:19:06,CUST-0134,1,2,490,UPI,walk-in
ORD02115,105,2026-05-31 08:48:11,CUST-0128,29,1,215,Cash,walk-in
ORD02116,101,2026-05-31 13:57:52,CUST-0024,9,1,235,UPI,walk-in
ORD02117,101,2026-05-31 11:13:50,CUST-0146,24,1,325,UPI,walk-in
ORD02118,104,2026-05-31 15:22:12,CUST-0075,15,1,345,Card,mobile-app
ORD02119,103,2026-05-31 15:37:55,CUST-0042,16,1,365,Cash,mobile-app
ORD02120,101,2026-05-31 13:55:15,CUST-0058,5,1,225,UPI,walk-in
ORD02121,101,2026-05-31 16:52:29,CUST-0031,32,1,325,UPI,mobile-app
ORD02122,105,2026-05-31 11:54:20,CUST-0286,28,1,315,UPI,walk-in
ORD02123,103,2026-05-31 19:13:15,CUST-0105,23,2,650,UPI,walk-in
ORD02124,105,2026-05-31 14:18:49,CUST-0347,12,2,350,Cash,walk-in
ORD02125,102,2026-05-31 19:26:51,CUST-0246,8,1,195,UPI,mobile-app
ORD02126,101,2026-05-31 17:05:34,CUST-0001,2,3,705,UPI,walk-in
ORD02127,102,2026-05-31 21:16:26,CUST-0337,16,1,365,UPI,mobile-app
ORD02128,104,2026-05-31 18:25:25,CUST-0054,34,2,530,UPI,mobile-app
ORD02129,102,2026-05-31 20:20:58,CUST-0232,5,1,225,UPI,mobile-app
ORD02130,101,2026-05-31 19:57:37,CUST-0295,31,2,730,Cash,walk-in
ORD02131,101,2026-05-31 11:02:14,CUST-0116,11,6,1290,Cash,mobile-app
ORD02132,102,2026-05-31 15:21:06,CUST-0234,13,1,235,Cash,walk-in
ORD02133,105,2026-05-31 11:41:42,CUST-0184,18,3,1035,UPI,walk-in
ORD02134,102,2026-05-31 10:18:48,CUST-0069,2,7,1645,Cash,mobile-app
ORD02135,105,2026-05-31 21:35:12,CUST-0223,23,1,325,UPI,mobile-app
ORD02136,102,2026-05-31 13:41:59,CUST-0325,29,1,215,Cash,mobile-app
ORD02137,102,2026-05-31 08:21:42,CUST-0258,7,2,490,Cash,mobile-app
ORD02138,101,2026-05-31 11:38:56,CUST-0109,7,3,735,Cash,mobile-app
ORD02139,102,2026-05-31 08:05:38,CUST-0314,19,9,1440,UPI,mobile-app
ORD02140,104,2026-05-31 12:14:14,CUST-0291,28,2,630,UPI,walk-in
ORD02141,103,2026-05-31 12:20:49,CUST-0204,13,1,235,Cash,mobile-app
ORD02142,103,2026-05-31 18:38:01,CUST-0034,17,1,375,Cash,mobile-app
ORD02143,101,2026-05-31 21:45:57,CUST-0130,6,3,525,Cash,walk-in
ORD02144,103,2026-05-31 18:50:01,CUST-0149,17,7,2625,UPI,walk-in
ORD02145,104,2026-05-31 14:03:21,CUST-0031,2,1,235,UPI,walk-in
ORD02146,105,2026-05-31 14:56:54,CUST-0268,11,4,860,Cash,mobile-app
ORD02147,105,2026-05-31 20:29:36,CUST-0175,19,4,640,Cash,mobile-app
ORD02148,104,2026-05-31 20:28:48,CUST-0224,21,1,195,Cash,mobile-app
ORD02149,101,2026-05-31 16:33:18,CUST-0342,8,2,390,Cash,walk-in
ORD02150,104,2026-05-31 11:43:49,CUST-0052,10,2,370,UPI,mobile-app
ORD02151,101,2026-05-31 14:53:40,CUST-0007,13,1,235,UPI,mobile-app
ORD02152,102,2026-05-31 11:39:37,CUST-0257,8,2,390,Card,mobile-app
ORD02153,103,2026-05-31 12:52:44,CUST-0192,29,2,430,Cash,walk-in
ORD02154,104,2026-05-31 11:53:55,CUST-0230,12,2,350,Cash,mobile-app
ORD02155,101,2026-05-31 16:22:00,CUST-0121,22,2,320,Card,mobile-app
ORD02156,103,2026-05-31 08:11:22,CUST-0237,28,1,315,Cash,walk-in
ORD02157,102,2026-05-31 12:26:21,CUST-0138,34,2,530,UPI,mobile-app
ORD02158,103,2026-05-31 21:04:22,CUST-0003,21,1,195,UPI,walk-in
ORD02159,104,2026-05-31 20:28:55,CUST-0341,31,1,365,UPI,mobile-app
ORD02160,101,2026-05-31 09:18:49,CUST-0068,5,2,450,Cash,walk-in
ORD02161,104,2026-05-31 10:25:48,CUST-0007,33,2,730,UPI,mobile-app
ORD02162,103,2026-05-31 08:43:09,CUST-0162,6,1,175,Cash,mobile-app
ORD02163,102,2026-05-31 13:13:53,CUST-0139,8,2,390,Cash,walk-in
ORD02164,105,2026-05-31 09:44:36,CUST-0136,23,1,325,Cash,mobile-app
ORD02165,103,2026-05-31 09:09:46,CUST-0231,13,9,2115,Cash,walk-in
ORD02166,101,2026-05-31 15:50:50,CUST-0203,5,1,225,Cash,walk-in
ORD02167,104,2026-05-31 19:36:36,CUST-0349,13,1,235,Card,mobile-app
ORD02168,102,2026-05-31 13:56:57,CUST-0263,30,2,730,UPI,walk-in
ORD02169,104,2026-05-31 15:42:00,CUST-0153,7,2,490,Cash,mobile-app
ORD02170,102,2026-05-31 08:54:35,CUST-0262,10,1,185,UPI,mobile-app
ORD02171,101,2026-05-31 12:07:44,CUST-0001,25,3,885,UPI,mobile-app
ORD02172,102,2026-05-31 07:54:44,CUST-0294,16,1,365,UPI,mobile-app
ORD02173,103,2026-05-31 10:30:59,CUST-0301,5,1,225,UPI,mobile-app
ORD02174,102,2026-05-31 13:18:58,CUST-0244,21,3,585,UPI,walk-in
ORD02175,105,2026-05-31 07:59:16,CUST-0199,7,1,245,Cash,mobile-app
ORD02176,104,2026-05-31 16:19:25,CUST-0256,21,1,195,Cash,mobile-app
ORD02177,103,2026-05-31 15:00:41,CUST-0302,12,3,525,UPI,walk-in
ORD02178,101,2026-05-31 20:13:24,CUST-0224,13,1,235,UPI,mobile-app
ORD02179,101,2026-05-31 16:13:56,CUST-0168,6,1,175,UPI,mobile-app
ORD02180,101,2026-05-31 21:30:08,CUST-0160,29,1,215,UPI,walk-in
ORD02181,105,2026-05-31 16:40:56,CUST-0204,13,1,235,Card,mobile-app
ORD02182,102,2026-05-31 14:45:03,CUST-0300,26,4,780,Cash,walk-in
ORD02183,104,2026-05-31 08:35:55,CUST-0096,17,2,750,Cash,walk-in
ORD02184,105,2026-05-31 19:57:37,CUST-0047,16,2,730,UPI,mobile-app
ORD02185,101,2026-05-31 21:09:24,CUST-0285,18,6,2070,UPI,mobile-app
ORD02186,102,2026-05-31 20:59:45,CUST-0101,5,1,225,Cash,walk-in
ORD02187,105,2026-05-31 15:57:06,CUST-0090,9,3,705,UPI,mobile-app
ORD02188,101,2026-05-31 09:32:09,CUST-0061,32,2,650,UPI,mobile-app
ORD02189,101,2026-05-31 20:43:23,CUST-0345,12,2,350,UPI,mobile-app
ORD02190,105,2026-05-31 14:14:17,CUST-0104,5,2,450,Cash,walk-in
ORD02191,101,2026-05-31 16:53:34,CUST-0046,10,1,185,Cash,walk-in
ORD02192,102,2026-05-31 15:45:14,CUST-0236,28,1,315,Cash,mobile-app
ORD02193,102,2026-05-31 16:19:08,CUST-0100,28,1,315,Cash,mobile-app
ORD02194,104,2026-05-31 18:30:25,CUST-0028,15,2,690,UPI,walk-in
ORD02195,101,2026-05-31 13:55:17,CUST-0040,34,2,530,Cash,mobile-app
ORD02196,105,2026-05-31 12:56:02,CUST-0089,12,1,175,Cash,mobile-app
ORD02197,104,2026-05-31 11:51:07,CUST-0120,5,1,225,Cash,walk-in
ORD02198,102,2026-05-31 18:15:14,CUST-0338,6,1,175,Cash,mobile-app
ORD02199,105,2026-05-31 12:45:31,CUST-0267,7,3,735,Cash,mobile-app
ORD02200,101,2026-05-31 07:52:05,CUST-0188,6,4,700,Cash,mobile-app
ORD02201,104,2026-05-31 14:29:51,CUST-0304,32,6,1950,Cash,walk-in
ORD02202,105,2026-05-31 14:58:55,CUST-0172,12,1,175,Cash,walk-in
ORD02203,102,2026-05-31 07:35:06,CUST-0185,34,5,1325,Cash,mobile-app
ORD02204,104,2026-05-31 10:47:56,CUST-0170,13,2,470,Cash,walk-in
ORD02205,105,2026-05-31 17:07:54,CUST-0009,4,2,390,Cash,walk-in
ORD02206,104,2026-05-31 20:59:48,CUST-0061,21,2,390,UPI,mobile-app
ORD02207,103,2026-05-31 08:45:30,CUST-0087,24,1,325,Cash,walk-in
ORD02208,101,2026-05-31 12:37:49,CUST-0302,9,1,235,Cash,walk-in
ORD02209,103,2026-05-31 13:09:55,CUST-0296,18,1,345,Cash,mobile-app
ORD02210,105,2026-05-31 12:37:41,CUST-0278,28,2,630,UPI,mobile-app
ORD02211,102,2026-05-31 16:04:41,CUST-0158,4,2,390,Cash,walk-in
ORD02212,102,2026-05-31 07:32:56,CUST-0151,31,2,730,Cash,mobile-app
ORD02213,101,2026-05-31 14:14:37,CUST-0093,6,1,175,Cash,walk-in
ORD02214,105,2026-05-31 19:02:16,CUST-0082,6,1,175,UPI,walk-in
ORD02215,103,2026-05-31 09:23:45,CUST-0062,32,2,650,Cash,walk-in
ORD02216,105,2026-05-31 12:28:19,CUST-0185,29,2,430,Cash,walk-in
ORD02217,105,2026-05-31 17:39:43,CUST-0024,26,1,195,Cash,mobile-app
ORD02218,102,2026-05-31 16:12:48,CUST-0236,5,1,225,Cash,mobile-app
ORD02219,104,2026-05-31 07:23:50,CUST-0241,20,1,160,Cash,mobile-app
ORD02220,101,2026-05-31 15:23:00,CUST-0285,22,1,160,Cash,walk-in
ORD02221,105,2026-06-01 07:52:21,CUST-0130,14,2,490,Cash,walk-in
ORD02222,101,2026-06-01 08:18:50,CUST-0183,13,6,1410,Cash,walk-in
ORD02223,103,2026-06-01 12:58:57,CUST-0223,4,2,390,Cash,mobile-app
ORD02224,102,2026-06-01 11:16:55,CUST-0099,28,1,315,UPI,mobile-app
ORD02225,102,2026-06-01 10:33:48,CUST-0293,34,1,265,Cash,mobile-app
ORD02226,103,2026-06-01 11:29:50,CUST-0246,3,1,215,Cash,walk-in
ORD02227,104,2026-06-01 08:46:52,CUST-0063,3,1,215,Cash,mobile-app
ORD02228,105,2026-06-01 10:47:39,CUST-0315,27,2,690,UPI,mobile-app
ORD02229,101,2026-06-01 09:53:10,CUST-0242,18,2,690,UPI,walk-in
ORD02230,103,2026-06-01 09:37:30,CUST-0046,8,6,1170,Cash,walk-in
ORD02231,101,2026-06-01 12:07:45,CUST-0158,16,7,2555,Card,mobile-app
ORD02232,105,2026-06-01 08:22:41,CUST-0096,24,1,325,Cash,mobile-app
ORD02233,102,2026-06-01 07:13:35,CUST-0283,35,3,825,UPI,walk-in
ORD02234,101,2026-06-01 09:24:33,CUST-0009,22,2,320,Cash,walk-in
ORD02235,104,2026-06-01 12:28:06,CUST-0057,20,2,320,Cash,mobile-app
ORD02236,104,2026-06-01 09:14:59,CUST-0256,25,2,590,Card,mobile-app
ORD02237,104,2026-06-01 08:09:41,CUST-0022,26,1,195,Cash,walk-in
ORD02238,102,2026-06-01 09:03:34,CUST-0155,1,2,490,UPI,mobile-app
ORD02239,105,2026-06-01 11:46:09,CUST-0311,31,2,730,Cash,mobile-app
ORD02240,104,2026-06-01 10:04:11,CUST-0058,13,1,235,Cash,walk-in
ORD02241,103,2026-06-01 08:27:54,CUST-0126,25,3,885,Card,mobile-app
ORD02242,105,2026-06-01 11:57:06,CUST-0058,5,2,450,Cash,mobile-app
ORD02243,102,2026-06-01 09:47:27,CUST-0101,23,2,650,UPI,mobile-app
ORD02244,104,2026-06-01 09:47:18,CUST-0310,13,3,705,Cash,mobile-app
ORD02245,103,2026-06-01 07:00:22,CUST-0074,14,2,490,UPI,walk-in
ORD02246,103,2026-06-01 08:44:04,CUST-0343,17,1,375,UPI,walk-in
ORD02247,105,2026-06-01 11:36:47,CUST-0286,14,2,490,Cash,walk-in
ORD02248,104,2026-06-01 10:45:20,CUST-0034,31,1,365,Cash,mobile-app
ORD02249,101,2026-06-01 07:57:45,CUST-0266,27,1,345,Cash,mobile-app
ORD02250,101,2026-06-01 08:44:11,CUST-0307,29,2,430,Cash,walk-in
ORD02251,101,2026-06-01 08:18:32,CUST-0209,10,1,185,UPI,mobile-app
ORD02252,101,2026-06-01 07:44:42,CUST-0110,26,2,390,UPI,walk-in
ORD02253,104,2026-06-01 09:31:59,CUST-0264,31,1,365,Cash,walk-in
ORD02254,101,2026-06-01 11:00:51,CUST-0278,26,1,195,UPI,mobile-app
ORD02255,101,2026-06-01 09:23:47,CUST-0256,8,1,195,UPI,mobile-app
ORD02256,101,2026-06-01 10:16:20,CUST-0124,13,2,470,Cash,walk-in
ORD02257,101,2026-06-01 12:44:49,CUST-0176,11,1,215,UPI,walk-in
ORD02258,105,2026-06-01 11:09:15,CUST-0126,30,2,730,UPI,walk-in
ORD02259,104,2026-06-01 07:49:37,CUST-0020,26,2,390,Cash,walk-in
ORD02260,104,2026-06-01 08:13:12,CUST-0344,15,3,1035,Cash,mobile-app
ORD02261,105,2026-06-01 12:43:12,CUST-0150,26,6,1170,Cash,mobile-app
ORD02262,104,2026-06-01 10:35:16,CUST-0331,23,1,325,Cash,walk-in
ORD02263,102,2026-06-01 12:17:36,CUST-0196,18,2,690,Cash,mobile-app
ORD02264,102,2026-06-01 07:11:08,CUST-0263,28,2,630,Cash,mobile-app
ORD02265,104,2026-06-01 07:08:20,CUST-0275,2,2,470,UPI,walk-in
ORD02266,101,2026-06-01 11:56:12,CUST-0021,19,1,160,Card,mobile-app
ORD02267,101,2026-06-01 09:04:42,CUST-0223,2,2,470,Card,mobile-app
ORD02268,104,2026-06-01 08:21:04,CUST-0163,35,1,275,Cash,walk-in
ORD02269,105,2026-06-01 10:32:49,CUST-0031,20,4,640,Card,mobile-app
ORD02270,103,2026-06-01 08:49:54,CUST-0201,17,1,375,UPI,walk-in
ORD02271,105,2026-06-01 09:19:02,CUST-0342,18,2,690,Cash,mobile-app
ORD02272,103,2026-06-01 09:34:17,CUST-0036,19,1,160,Cash,mobile-app
ORD02273,103,2026-06-01 10:35:15,CUST-0322,17,1,375,UPI,mobile-app
ORD02274,104,2026-06-01 09:08:26,CUST-0232,27,2,690,UPI,walk-in
ORD02275,105,2026-06-01 11:13:34,CUST-0026,6,1,175,UPI,mobile-app
ORD02276,105,2026-06-01 09:55:00,CUST-0284,20,1,160,UPI,mobile-app
ORD02277,103,2026-06-01 08:15:19,CUST-0012,14,2,490,UPI,walk-in
ORD02278,102,2026-06-01 07:16:11,CUST-0312,15,2,690,Cash,walk-in
ORD02279,105,2026-06-01 10:48:08,CUST-0075,33,1,365,Cash,walk-in
ORD02280,102,2026-06-01 11:37:04,CUST-0053,13,1,235,Cash,walk-in
ORD02281,103,2026-06-01 11:22:27,CUST-0255,30,7,2555,Card,mobile-app
ORD02282,102,2026-06-01 08:49:28,CUST-0246,10,8,1480,Cash,walk-in
ORD02283,102,2026-06-01 10:30:55,CUST-0308,10,4,740,UPI,walk-in
ORD02284,104,2026-06-01 07:39:15,CUST-0250,18,1,345,Cash,walk-in
ORD02285,102,2026-06-01 07:50:38,CUST-0025,13,3,705,Cash,mobile-app
ORD02286,105,2026-06-01 09:37:08,CUST-0225,23,2,650,UPI,walk-in
ORD02287,103,2026-06-01 07:17:52,CUST-0119,35,2,550,Cash,mobile-app
ORD02288,105,2026-06-01 10:43:41,CUST-0193,27,4,1380,Cash,mobile-app
ORD02289,102,2026-06-01 09:17:13,CUST-0028,16,2,730,Card,walk-in
ORD02290,102,2026-06-01 11:43:18,CUST-0261,31,1,365,UPI,walk-in
ORD02291,102,2026-06-01 08:35:17,CUST-0159,15,1,345,UPI,mobile-app
ORD02292,102,2026-06-01 09:48:38,CUST-0160,4,1,195,Card,walk-in
ORD02293,104,2026-06-01 10:37:24,CUST-0345,1,2,490,Cash,mobile-app
ORD02294,102,2026-06-01 08:34:58,CUST-0002,34,4,1060,UPI,walk-in
ORD02295,105,2026-06-01 09:35:38,CUST-0015,5,2,450,Cash,mobile-app
ORD02296,103,2026-06-01 10:30:35,CUST-0232,6,2,350,Cash,mobile-app
ORD02297,105,2026-06-01 07:11:15,CUST-0013,9,1,235,Card,walk-in
ORD02298,103,2026-06-01 11:38:29,CUST-0029,10,2,370,Cash,walk-in
ORD02299,104,2026-06-01 12:28:18,CUST-0123,2,1,235,Cash,mobile-app
ORD02300,105,2026-06-01 12:05:10,CUST-0146,28,2,630,UPI,mobile-app
ORD02301,103,2026-06-01 09:56:00,CUST-0161,34,1,265,UPI,mobile-app
ORD02302,103,2026-06-01 11:49:43,CUST-0216,18,3,1035,UPI,mobile-app
ORD02303,103,2026-06-01 08:27:30,CUST-0337,8,3,585,UPI,walk-in
ORD02304,103,2026-06-01 12:20:04,CUST-0161,25,7,2065,UPI,mobile-app
ORD02305,103,2026-06-01 12:26:31,CUST-0055,22,2,320,UPI,walk-in
ORD02306,103,2026-06-01 11:14:51,CUST-0323,35,2,550,UPI,mobile-app
ORD02307,103,2026-06-01 11:24:45,CUST-0129,34,2,530,UPI,walk-in
ORD02308,103,2026-06-01 12:41:47,CUST-0013,16,2,730,Cash,walk-in
ORD02309,105,2026-06-01 11:35:34,CUST-0276,17,2,750,UPI,mobile-app
ORD02310,103,2026-06-01 12:11:23,CUST-0175,4,4,780,UPI,walk-in
ORD02311,101,2026-06-01 10:43:41,CUST-0214,29,7,1505,Cash,mobile-app
ORD02312,101,2026-06-01 08:56:02,CUST-0061,4,1,195,Cash,mobile-app
ORD02313,102,2026-06-01 08:35:11,CUST-0168,26,2,390,Cash,mobile-app
ORD02314,102,2026-06-01 12:01:35,CUST-0108,3,1,215,UPI,mobile-app
ORD02315,105,2026-06-01 10:47:30,CUST-0331,33,2,730,UPI,walk-in
ORD02316,103,2026-06-01 10:52:40,CUST-0063,20,2,320,Cash,mobile-app
ORD02317,104,2026-06-01 11:07:45,CUST-0331,6,2,350,UPI,mobile-app
ORD02318,103,2026-06-01 10:50:20,CUST-0243,7,1,245,UPI,mobile-app
ORD02319,104,2026-06-01 11:02:09,CUST-0109,21,2,390,Cash,walk-in
ORD02320,104,2026-06-01 09:50:13,CUST-0264,1,2,490,Cash,mobile-app
ORD02321,104,2026-06-01 09:52:56,CUST-0159,2,6,1410,Cash,mobile-app
ORD02322,102,2026-06-01 09:49:56,CUST-0119,30,1,365,Cash,mobile-app
ORD02323,104,2026-06-01 08:37:03,CUST-0029,13,2,470,UPI,walk-in
ORD02324,102,2026-06-01 08:34:41,CUST-0200,21,1,195,Cash,walk-in
ORD02325,105,2026-06-01 08:56:46,CUST-0020,3,2,430,Cash,mobile-app
ORD02326,101,2026-06-01 12:26:05,CUST-0104,10,2,370,UPI,mobile-app
ORD02327,105,2026-06-01 07:49:00,CUST-0154,4,1,195,UPI,mobile-app
ORD02328,101,2026-06-01 08:45:33,CUST-0079,22,1,160,Cash,mobile-app
ORD02329,102,2026-06-01 07:32:15,CUST-0010,27,2,690,Cash,walk-in
ORD02330,102,2026-06-01 07:46:23,CUST-0096,25,2,590,UPI,mobile-app
ORD02331,103,2026-06-01 12:28:49,CUST-0171,33,2,730,Cash,walk-in
ORD02332,101,2026-06-01 11:02:19,CUST-0196,12,2,350,Cash,mobile-app
ORD02333,101,2026-06-01 08:41:27,CUST-0085,7,6,1470,UPI,walk-in
ORD02334,102,2026-06-01 07:31:26,CUST-0259,6,2,350,Cash,walk-in
ORD02335,103,2026-06-01 09:29:06,CUST-0342,27,4,1380,UPI,walk-in
ORD02336,104,2026-06-01 11:21:18,CUST-0331,35,1,275,UPI,mobile-app
ORD02337,104,2026-06-01 07:04:20,CUST-0346,25,1,295,UPI,mobile-app
ORD02338,105,2026-06-01 09:51:21,CUST-0032,15,1,345,Cash,mobile-app
ORD02339,104,2026-06-01 12:20:29,CUST-0168,16,1,365,Cash,mobile-app
ORD02340,103,2026-06-01 07:46:41,CUST-0027,15,1,345,UPI,mobile-app
ORD02341,105,2026-06-01 11:45:46,CUST-0219,28,1,315,UPI,mobile-app
ORD02342,104,2026-06-01 08:44:06,CUST-0252,6,1,175,UPI,walk-in
