order_id,customer_id,order_date,ship_date,order_status,payment_method,sales_channel,order_amount,discount_amount,shipping_fee,city,state
ORD00001,CUST0030,2022-01-01,,SHIPPED,credit card,mobile app,46753.88,17427.65,149,Hyderabad,RJ
ORD00002,CUST0983,01/01/2022,2022-01-04,returned,Debit Card,IN-STORE,13875.49,425.08,199,Hyderabad,MH
ORD00003,CUST0547,2022-01-02,2022-01-06,SHIPPED,UPI,IN-STORE,20497.61,4474.85,199,Ahmedabad,KA
ORD00004,CUST0228,01-03-2022,2022-01-04,CANCELLED,UPI ,Mobile App,31214.91,5909.67,0,Jaipur,TN
ORD00005,CUST0051,03/01/2022,2022-01-06,pending,Net Banking,IN-STORE,31991.69,4627.35,0,Delhi,DL
ORD00006,CUST0788,04/01/2022,2022-01-06,Returned,COD,online,40333.19,4893.35,199,Toronto,MH
ORD00007,CUST0410,01-05-2022,2022-01-06,Delivered,UPI,Online,7364.16,693.1,99,Toronto,WB
ORD00008,CUST0619,01-06-2022,2022-01-07,Cancelled,Debit Card,online,15431.2,2587.97,149,Kolkata,NSW
ORD00009,CUST0455,01-06-2022,2022-01-09,Cancelled,Debit Card,In-Store,7625.71,1025.74,149,Toronto,RJ
ORD00010,CUST0976,01-07-2022,2022-01-11,Delivered,UPI,Online,37585.38,2459.99,99,Ahmedabad,ON
ORD00011,CUST0906,2022-01-08,2022-01-12,Returned,Credit Card,Mobile App,48497.84,12801.97,99,Kolkata,KA
ORD00012,CUST0533,09/01/2022,,delivered,UPI,Online,4488.28,222.12,199,Kolkata,TN
ORD00013,CUST0779,01-09-2022,2022-01-11,Returned,WALLET,Mobile App,27566.52,5857.29,149,Chennai,TS
ORD00014,CUST0613,01-10-2022,2022-01-15,Returned,Debit Card,In-Store,21508.82,2638.9,99,London,KA
ORD00015,CUST0599,01-11-2022,,Shipped,Net Banking,Online,25072.1,8664.92,49,Hyderabad,RJ
ORD00016,CUST0644,01-11-2022,,Delivered,  COD,mobile app,,4466.41,199,Sydney,TS
ORD00017,CUST0584,12/01/2022,2022-01-16,SHIPPED,Debit Card,Mobile App,43321.95,316.88,0,Toronto,LDN
ORD00018,CUST0381,2022-01-13,2022-01-14,Shipped,Net Banking,mobile app,9169.07,590.48,99,Bangalore,MH
ORD00019,CUST0106,14/01/2022,2022-01-17,SHIPPED,Credit Card,In-Store,14020.4,28040.8,49,London,LDN
ORD00020,CUST0657,2022-01-14,2022-01-21,SHIPPED,Debit Card,Mobile App,20132.28,2504.1,199,Mumbai,KA
ORD00021,CUST0262,15/01/2022,2022-01-20,Returned,COD,In-Store,12061.9,686.46,199,Jaipur,KA
ORD00022,CUST0355,16/01/2022,2022-01-22,returned,WALLET,Online,10211.52,255.21,49,Chennai,LDN
ORD00023,CUST0291,17/01/2022,2022-01-22,pending,COD,In-Store,41420.79,10320.37,0,Hyderabad,LDN
ORD00024,CUST0623,01-17-2022,2022-01-22,Delivered,  COD,mobile app,1718.44,9.08,99,Jaipur,TS
ORD00025,CUST0562,2022-01-18,2022-01-24,Delivered,Credit Card,Online,5927.14,253.53,149,London,WB
ORD00026,CUST0210,19/01/2022,2022-01-25,CANCELLED,UPI,IN-STORE,23385.08,6100.99,149,Delhi,KA
ORD00027,CUST0422,19/01/2022,2022-01-22,Returned,WALLET,Mobile App,44242.84,13408.6,49,Bangalore,WB
ORD00028,CUST0473,20/01/2022,2022-01-25,Returned,  COD,Mobile App,34218.77,8442.99,0,Hyderabad,GJ
ORD00027,CUST0914,2022-01-21,2022-01-24,delivered,WALLET,online,29133.54,3320.0,149,Bangalore,NSW
ORD00030,CUST0082,22/01/2022,2022-01-25,CANCELLED,Credit Card,Online,18296.46,68.98,0,London,DL
ORD00031,CUST0267,2022-01-22,2022-01-23,Delivered,  COD,Mobile App,17102.23,,49,Toronto,NY
ORD00032,CUST0397,2022-01-23,2022-01-29,Shipped,  COD,IN-STORE,27949.77,,149,Kolkata,TN
ORD00033,CUST0493,2022-01-24,2022-01-25,delivered,  COD,IN-STORE,38991.54,9338.38,0,Kolkata,ON
ORD00034,CUST0270,25/01/2022,2022-01-28,Shipped,Debit Card,In-Store,47280.12,2000.58,0,Hyderabad,KA
ORD00035,CUST0578,25/01/2022,,pending,WALLET,Mobile App,38981.94,7328.32,49,Ahmedabad,MH
ORD00036,CUST0037,2022-01-26,2022-01-27,SHIPPED,credit card,mobile app,29826.52,9045.41,149,Hyderabad,KA
ORD00037,CUST0967,27/01/2022,2022-02-02,Returned,credit card,In-Store,6118.66,484.51,99,Bangalore,MH
ORD00038,CUST0446,2022-01-28,2022-02-04,Pending,COD,In-Store,43927.5,-100.0,0,London,TN
ORD00039,CUST0389,01-28-2022,2022-02-04,returned,Wallet,In-Store,27396.79,7383.29,199,Sydney,NSW
ORD00040,CUST0540,29/01/2022,2022-02-01,SHIPPED,UPI,In-Store,43369.87,8682.67,0,Kolkata,ON
ORD00041,CUST0528,01-30-2022,2022-02-05,Pending,Net Banking,mobile app,43419.52,3372.04,49,Hyderabad,TS
ORD00042,CUST0741,01-30-2022,2022-02-04,CANCELLED,Debit Card,mobile app,9392.52,3645.34,0,Hyderabad,KA
ORD00043,CUST0428,31/01/2022,,Delivered,WALLET,mobile app,49666.38,11968.9,149,Sydney,TN
ORD00044,CUST0461,01/02/2022,,returned,Debit Card,Online,13053.12,3479.34,0,Mumbai,RJ
ORD00045,CUST0382,02-02-2022,2022-02-08,Pending,WALLET,Online,34163.69,905.93,199,Hyderabad,WB
ORD00046,CUST0071,02/02/2022,2022-02-09,Returned,WALLET,IN-STORE,42500.25,15544.73,99,Ahmedabad,GJ
ORD00047,CUST0890,02-03-2022,2022-02-08,Shipped,Credit Card,Online,47171.76,1687.67,0,New York,ON
ORD00048,CUST0575,2022-02-04,2022-02-07,Shipped,  COD,In-Store,44742.99,14737.47,149,Jaipur,MH
ORD00049,CUST0346,05/02/2022,2022-02-11,delivered,UPI,IN-STORE,581.34,45.95,0,Chennai,NSW
ORD00050,CUST0782,02-05-2022,2022-02-12,Delivered,Debit Card,Mobile App,32474.01,9961.0,49,Toronto,GJ
ORD00051,CUST0504,06/02/2022,2022-02-10,delivered,Net Banking,Mobile App,37428.07,1684.36,199,New York,GJ
ORD00052,CUST0915,2022-02-07,2022-02-10,Delivered,Net Banking,mobile app,14499.06,-100.0,199,Toronto,WB
ORD00053,CUST0104,07/02/2022,,returned,Wallet,In-Store,45652.45,13487.38,199,Bangalore,MH
ORD00054,CUST0087,08/02/2022,2022-02-11,SHIPPED,credit card,mobile app,871.97,299.31,0,Toronto,TS
ORD00055,CUST0436,09/02/2022,2022-02-13,returned,  COD,Online,3656.29,696.55,99,Ahmedabad,ON
ORD00056,CUST0312,10/02/2022,2022-02-15,returned,Net Banking,Mobile App,49459.17,13814.66,149,Surat,KA
ORD00051,CUST0363,02-10-2022,2022-02-14,SHIPPED,Debit Card,mobile app,33420.56,12508.89,99,Sydney,GJ
ORD00058,CUST0442,11/02/2022,2022-02-18,Shipped,UPI ,mobile app,4764.27,620.98,0,Kolkata,LDN
ORD00059,CUST0047,2022-02-12,2022-02-14,Cancelled,UPI,Online,24983.58,2594.06,49,Kolkata,TN
ORD00060,CUST0360,02-13-2022,2022-02-14,Shipped,Net Banking,Mobile App,29301.87,4975.3,0,Chennai,NY
ORD00022,CUST0685,2022-02-13,2022-02-20,delivered,credit card,Online,16914.31,5036.81,0,Ahmedabad,NY
ORD00062,CUST0623,14/02/2022,2022-02-21,Pending,credit card,IN-STORE,45301.06,16446.23,99,Surat,NY
ORD00063,CUST0815,15/02/2022,2022-02-22,delivered,UPI ,online,29654.54,9075.2,149,Toronto,NY
ORD00064,CUST0375,02-16-2022,2022-02-18,delivered,Credit Card,IN-STORE,13053.91,1965.3,0,New York,GJ
ORD00065,CUST0841,16/02/2022,2022-02-22,Pending,COD,In-Store,,2102.5,149,Pune,ON
ORD00066,CUST0412,2022-02-17,2022-02-21,Cancelled,Debit Card,Mobile App,21813.07,6440.49,99,Jaipur,RJ
ORD00067,CUST0213,02-18-2022,2022-02-23,Pending,UPI ,mobile app,23182.54,1310.71,99,Delhi,GJ
ORD00068,CUST0311,2022-02-18,2022-02-19,Pending,Debit Card,In-Store,23088.56,564.71,199,New York,NY
ORD00069,CUST0255,02-19-2022,2022-02-23,CANCELLED,Credit Card,mobile app,40294.9,12164.2,149,London,LDN
ORD00070,CUST0949,2022-02-20,2022-02-21,Delivered,Net Banking,mobile app,11571.02,3075.94,0,Jaipur,WB
ORD00071,CUST0769,21/02/2022,2022-02-23,delivered,  COD,online,15414.09,1407.44,0,Ahmedabad,LDN
ORD00072,CUST0092,21/02/2022,2022-02-25,CANCELLED,WALLET,online,14895.69,434.33,99,Ahmedabad,WB
ORD00073,CUST0516,22/02/2022,2022-02-28,CANCELLED,Debit Card,IN-STORE,23005.04,1666.19,0,Sydney,GJ
ORD00074,CUST0050,23/02/2022,2022-02-27,Cancelled,WALLET,IN-STORE,13052.05,3924.7,199,Sydney,TS
ORD00075,CUST0939,24/02/2022,,pending,Debit Card,In-Store,22598.33,5016.83,99,Hyderabad,MH
ORD00076,CUST0641,2022-02-24,,pending,  COD,mobile app,21487.68,1169.85,149,Hyderabad,RJ
ORD00077,CUST0672,25/02/2022,2022-03-03,Returned,UPI ,Mobile App,10423.03,1993.86,0,Surat,LDN
ORD00064,CUST0450,2022-02-26,2022-03-01,Cancelled,COD,Online,47159.65,3928.32,199,Surat,NSW
ORD00079,CUST0215,02-26-2022,2022-03-05,delivered,Credit Card,In-Store,20936.69,1158.75,199,Bangalore,GJ
ORD00080,CUST0603,02-27-2022,2022-03-06,Returned,Wallet,Online,21618.75,4357.91,149,Hyderabad,GJ
ORD00081,CUST0955,28/02/2022,,Delivered,Credit Card,Online,33623.91,406.31,99,Kolkata,NSW
ORD00082,CUST0151,03-01-2022,2022-03-02,Returned,Debit Card,online,49683.04,11751.47,49,Jaipur,KA
ORD00083,CUST0017,03-01-2022,2022-03-06,pending,Net Banking,IN-STORE,-500.0,12137.28,99,Ahmedabad,DL
ORD00084,CUST0738,02/03/2022,2022-03-08,SHIPPED,Net Banking,In-Store,47185.15,11399.63,49,New York,MH
ORD00085,CUST0034,03-03-2022,2022-03-05,Pending,UPI,In-Store,37135.96,14215.54,99,Delhi,GJ
ORD00086,CUST0138,2022-03-04,2022-03-06,delivered,Credit Card,Online,47582.08,14779.22,99,Hyderabad,NY
ORD00087,CUST0358,04/03/2022,2022-03-08,Cancelled,Net Banking,In-Store,16151.28,2908.73,149,Hyderabad,MH
ORD00088,CUST0542,2022-03-05,2022-03-12,returned,COD,online,25040.59,3395.51,99,Kolkata,KA
ORD00089,CUST0855,2022-03-06,2022-03-12,delivered,COD,IN-STORE,29376.16,10136.6,49,Sydney,ON
ORD00090,CUST0985,07/03/2022,2022-03-14,Delivered,WALLET,IN-STORE,7443.41,538.69,49,Surat,TS
ORD00091,CUST0355,07/03/2022,2022-03-08,Shipped,Wallet,mobile app,6598.87,1923.29,49,Chennai,NSW
ORD00092,CUST0439,2022-03-08,,Shipped,credit card,mobile app,47190.28,2779.04,0,Toronto,LDN
ORD00093,CUST0340,03-09-2022,2022-03-12,Shipped,Credit Card,IN-STORE,23292.95,3456.6,149,Surat,MH
ORD00094,CUST0777,09/03/2022,2022-03-12,delivered,UPI ,Online,24641.81,4168.75,0,Surat,MH
ORD00095,CUST0810,10/03/2022,2022-03-16,Pending,Debit Card,IN-STORE,44163.74,6570.66,99,London,TN
ORD00096,CUST0220,11/03/2022,2022-03-18,delivered,COD,Online,28898.51,2689.75,99,Pune,NSW
ORD00097,CUST0246,2022-03-12,2022-03-16,delivered,  COD,mobile app,21299.08,4929.33,49,Chennai,TN
ORD00098,CUST0790,03-12-2022,2022-03-14,CANCELLED,UPI ,Online,9440.3,3392.8,149,Delhi,LDN
ORD00099,CUST0481,13/03/2022,2022-03-18,SHIPPED,credit card,Online,39756.2,221.27,99,Toronto,MH
ORD00100,CUST0721,2022-03-14,2022-03-15,Pending,Wallet,mobile app,24823.24,768.85,149,Pune,ON
ORD00101,CUST0489,03-15-2022,2022-03-22,pending,Credit Card,IN-STORE,22583.79,7981.46,0,Pune,MH
ORD00102,CUST0494,15/03/2022,2022-03-18,pending,UPI ,online,4111.21,1519.26,149,Toronto,NSW
ORD00103,CUST0814,16/03/2022,,CANCELLED,UPI ,In-Store,17187.42,74.11,0,Kolkata,DL
ORD00104,CUST0248,17/03/2022,2022-03-20,CANCELLED,Wallet,Mobile App,9319.01,3113.04,49,Kolkata,MH
ORD00105,CUST0019,17/03/2022,2022-03-20,CANCELLED,UPI,In-Store,28920.85,9865.61,149,Hyderabad,LDN
ORD00106,CUST0694,18/03/2022,2022-03-24,Pending,Wallet,online,-500.0,8706.5,199,New York,NY
ORD00107,CUST0205,2022-03-19,2022-03-26,SHIPPED,UPI ,Mobile App,1722.31,273.98,99,Bangalore,NSW
ORD00108,CUST0102,2022-03-20,2022-03-22,Delivered,UPI,online,17554.72,5115.64,199,Chennai,ON
ORD00109,CUST0388,2022-03-20,2022-03-26,Cancelled,Net Banking,IN-STORE,11027.29,2667.33,49,Surat,ON
ORD00110,CUST0508,21/03/2022,2022-03-28,Shipped,Debit Card,IN-STORE,37929.72,2733.71,0,Hyderabad,GJ
ORD00111,CUST0705,03-22-2022,2022-03-28,pending,credit card,online,41130.1,3655.79,0,Mumbai,LDN
ORD00112,CUST0571,03-23-2022,2022-03-28,Returned,Net Banking,In-Store,40873.5,972.78,149,Bangalore,NSW
ORD00113,CUST0493,2022-03-23,2022-03-27,CANCELLED,Debit Card,mobile app,32329.49,10656.61,149,New York,GJ
ORD00114,CUST0111,24/03/2022,2022-03-31,returned,credit card,Mobile App,15255.75,5963.35,199,Kolkata,KA
ORD00115,CUST0607,03-25-2022,2022-03-28,Delivered,Credit Card,Mobile App,31367.43,4687.98,149,Toronto,TS
ORD00116,CUST0802,03-26-2022,2022-04-01,Cancelled,Net Banking,IN-STORE,27351.97,3297.04,0,Toronto,ON
ORD00117,CUST0165,2022-03-26,2022-03-27,Delivered,UPI ,online,18233.06,3010.52,0,Surat,GJ
ORD00118,CUST0860,03-27-2022,2022-04-01,Returned,  COD,online,33288.86,12281.81,199,Toronto,ON
ORD00119,CUST0426,2022-03-28,,delivered,Debit Card,Mobile App,29791.59,1977.02,0,Mumbai,KA
ORD00120,CUST0111,28/03/2022,2022-03-31,CANCELLED,Debit Card,Mobile App,47230.37,16665.08,49,Sydney,MH
ORD00121,CUST0381,03-29-2022,,CANCELLED,Credit Card,In-Store,27156.47,9926.99,199,Jaipur,TS
ORD00122,CUST0290,2022-03-30,2022-04-04,Delivered,Wallet,online,17489.95,1346.23,49,Surat,KA
ORD00123,CUST0561,2022-03-31,,returned,UPI ,In-Store,12309.46,331.05,49,Toronto,WB
ORD00124,CUST0493,31/03/2022,2022-04-06,pending,Credit Card,mobile app,40287.5,5544.41,0,Kolkata,MH
ORD00125,CUST0690,2022-04-01,2022-04-05,Shipped,Net Banking,Mobile App,11389.48,1538.24,99,Hyderabad,TS
ORD00126,CUST0158,2022-04-02,2022-04-05,CANCELLED,WALLET,IN-STORE,1766.17,604.25,199,Toronto,DL
ORD00127,CUST0013,04-03-2022,2022-04-10,SHIPPED,WALLET,IN-STORE,28057.08,7801.47,49,Surat,WB
ORD00128,CUST0873,04-03-2022,2022-04-05,Shipped,credit card,IN-STORE,12355.6,4325.19,99,Kolkata,LDN
ORD00129,CUST0106,2022-04-04,,Returned,Net Banking,In-Store,8244.25,16488.5,0,Kolkata,ON
ORD00130,CUST0148,04-05-2022,2022-04-12,Pending,Credit Card,In-Store,37356.39,8044.56,49,Kolkata,NY
ORD00131,CUST0269,2022-04-05,,Pending,credit card,mobile app,39454.14,11878.2,0,New York,RJ
ORD00132,CUST0681,06/04/2022,2022-04-10,returned,credit card,online,22272.12,2969.67,199,Toronto,GJ
ORD00133,CUST0059,07/04/2022,2022-04-12,Cancelled,UPI ,mobile app,30625.25,7531.22,0,Jaipur,NY
ORD00134,CUST0142,08/04/2022,2022-04-11,delivered,Credit Card,In-Store,24871.01,1970.66,149,Delhi,TN
ORD00135,CUST0977,08/04/2022,2022-04-11,delivered,Credit Card,Mobile App,13964.97,366.25,0,Delhi,GJ
ORD00136,CUST0384,04-09-2022,2022-04-12,Returned,Wallet,Mobile App,43361.51,11116.46,199,New York,KA
ORD00137,CUST0979,10/04/2022,2022-04-11,delivered,WALLET,Mobile App,31144.49,9926.74,199,Jaipur,GJ
ORD00138,CUST0838,2022-04-11,2022-04-18,returned,WALLET,mobile app,3893.07,356.73,149,Bangalore,NSW
ORD00139,CUST0298,11/04/2022,,Pending,COD,In-Store,6492.63,1099.99,99,Sydney,WB
ORD00140,CUST0346,04-12-2022,2022-04-17,Delivered,credit card,In-Store,42667.05,10744.51,149,Bangalore,ON
ORD00141,CUST0329,04-13-2022,2022-04-20,delivered,WALLET,mobile app,45294.74,12704.62,199,Surat,LDN
ORD00142,CUST0025,2022-04-13,2022-04-19,delivered,credit card,Mobile App,38345.98,405.7,199,Toronto,ON
ORD00143,CUST0674,04-14-2022,2022-04-20,returned,credit card,In-Store,43980.04,15874.78,99,Toronto,LDN
ORD00144,CUST0060,04-15-2022,2022-04-20,SHIPPED,WALLET,Mobile App,9633.49,2717.22,0,Bangalore,LDN
ORD00145,CUST0351,04-16-2022,2022-04-20,pending,Net Banking,Online,16660.06,66.19,0,Chennai,TN
ORD00146,CUST0303,04-16-2022,2022-04-22,delivered,UPI,Online,7064.74,1644.35,0,New York,GJ
ORD00147,CUST0605,04-17-2022,2022-04-23,pending,Net Banking,online,2563.53,872.99,149,Toronto,RJ
ORD00148,CUST0033,04-18-2022,2022-04-23,pending,Net Banking,IN-STORE,7068.91,1318.03,49,New York,MH
ORD00149,CUST0520,04-19-2022,2022-04-24,returned,UPI ,mobile app,43012.48,2637.96,0,New York,LDN
ORD00150,CUST0763,2022-04-19,2022-04-26,returned,Credit Card,IN-STORE,40950.06,10291.28,99,New York,KA
ORD00151,CUST0738,2022-04-20,2022-04-23,Shipped,Credit Card,In-Store,5562.12,401.21,0,Bangalore,TN
ORD00152,CUST0038,21/04/2022,2022-04-25,Shipped,UPI ,IN-STORE,24682.64,4259.45,149,Hyderabad,RJ
ORD00153,CUST0682,2022-04-22,2022-04-29,Cancelled,Debit Card,Online,10527.58,987.4,49,Kolkata,NY
ORD00154,CUST0578,22/04/2022,2022-04-29,pending,Wallet,Mobile App,21556.92,821.53,199,Jaipur,DL
ORD00125,CUST0601,2022-04-23,2022-04-26,returned,  COD,Online,23416.77,5085.2,99,Ahmedabad,ON
ORD00156,CUST0941,2022-04-24,2022-05-01,CANCELLED,Credit Card,In-Store,44182.68,5894.74,199,Bangalore,RJ
ORD00157,CUST0564,04-24-2022,2022-04-29,Cancelled,Credit Card,Mobile App,26411.86,2029.54,199,Bangalore,KA
ORD00158,CUST0864,25/04/2022,2022-05-01,Delivered,WALLET,Mobile App,35003.59,9949.44,149,Mumbai,ON
ORD00159,CUST0214,26/04/2022,2022-04-28,Returned,UPI ,Mobile App,997.67,202.69,149,Chennai,RJ
ORD00160,CUST0582,04-27-2022,2022-05-03,delivered,Debit Card,In-Store,38968.04,5649.0,49,Ahmedabad,GJ
ORD00161,CUST0867,27/04/2022,2022-04-29,pending,COD,IN-STORE,16012.22,2390.51,199,Chennai,TN
ORD00162,CUST0508,2022-04-28,2022-05-03,SHIPPED,Credit Card,mobile app,8713.41,3030.79,0,Chennai,WB
ORD00163,CUST0412,2022-04-29,2022-04-30,Pending,  COD,IN-STORE,17698.17,5633.78,149,Ahmedabad,NY
ORD00164,CUST0647,04-30-2022,2022-05-05,pending,credit card,In-Store,15063.8,1037.01,149,London,TN
ORD00165,CUST0470,30/04/2022,2022-05-07,Returned,Net Banking,IN-STORE,44052.51,11385.27,0,Jaipur,NY
ORD00166,CUST0243,05-01-2022,2022-05-03,delivered,Net Banking,online,8210.01,3028.04,0,Toronto,NY
ORD00167,CUST0533,05-02-2022,2022-05-09,Shipped,UPI,In-Store,29741.68,9375.3,199,Hyderabad,KA
ORD00168,CUST0523,2022-05-02,2022-05-08,Shipped,Net Banking,Online,8595.02,2384.69,0,Mumbai,ON
ORD00169,CUST0490,2022-05-03,2022-05-05,SHIPPED,COD,Mobile App,13187.58,4383.78,99,Kolkata,NSW
ORD00170,CUST0139,2022-05-04,2022-05-11,Delivered,Net Banking,online,29077.55,5004.93,49,New York,GJ
ORD00171,CUST0318,2022-05-05,2022-05-07,CANCELLED,Credit Card,online,32386.09,243.06,49,London,RJ
ORD00172,CUST0387,2022-05-05,,returned,credit card,online,38036.88,8747.28,49,Delhi,NY
ORD00173,CUST0100,05-06-2022,2022-05-10,delivered,Wallet,online,30997.43,1667.27,99,Chennai,WB
ORD00174,CUST0402,07/05/2022,,CANCELLED,  COD,online,47486.92,4220.5,0,Jaipur,RJ
ORD00018,CUST0220,2022-05-08,2022-05-13,returned,UPI ,online,1161.26,245.67,149,Kolkata,MH
ORD00176,CUST0014,05-08-2022,2022-05-14,pending,COD,mobile app,20058.72,3211.27,149,Ahmedabad,GJ
ORD00177,CUST0208,05-09-2022,2022-05-13,Delivered,COD,Online,48783.26,16982.59,149,Hyderabad,LDN
ORD00178,CUST0818,2022-05-10,2022-05-11,Shipped,  COD,IN-STORE,35690.09,5053.55,0,London,MH
ORD00179,CUST0813,11/05/2022,2022-05-13,delivered,  COD,In-Store,8755.86,950.46,0,Jaipur,TS
ORD00180,CUST0791,2022-05-11,,Pending,  COD,IN-STORE,7416.0,661.3,0,Pune,KA
ORD00181,CUST0289,05-12-2022,2022-05-14,Pending,Net Banking,IN-STORE,9991.55,1640.08,0,Ahmedabad,NY
ORD00182,CUST0255,13/05/2022,2022-05-16,Shipped,WALLET,online,13022.86,3711.78,149,Jaipur,TN
ORD00183,CUST0539,05-13-2022,2022-05-14,Cancelled,UPI,Mobile App,35799.27,5571.65,99,Chennai,MH
ORD00184,CUST0226,2022-05-14,2022-05-21,Cancelled,Net Banking,Mobile App,45778.12,3600.49,49,Mumbai,GJ
ORD00185,CUST0791,15/05/2022,2022-05-22,SHIPPED,UPI ,mobile app,19479.24,2820.69,149,Hyderabad,ON
ORD00186,CUST0688,05-16-2022,2022-05-22,CANCELLED,Wallet,mobile app,21157.29,5860.96,99,Toronto,NY
ORD00187,CUST0061,16/05/2022,2022-05-19,returned,WALLET,IN-STORE,48736.43,15961.95,149,Pune,TN
ORD00188,CUST0029,05-17-2022,2022-05-20,SHIPPED,Credit Card,online,42931.57,1718.75,199,Pune,DL
ORD00189,CUST0031,2022-05-18,,Delivered,WALLET,Online,41811.08,8268.8,199,Surat,RJ
ORD00190,CUST0595,05-19-2022,2022-05-26,Delivered,UPI ,mobile app,34896.93,574.77,49,Kolkata,GJ
ORD00191,CUST0082,19/05/2022,2022-05-26,CANCELLED,UPI,mobile app,15451.86,4768.42,0,New York,GJ
ORD00192,CUST0299,2022-05-20,2022-05-21,Cancelled,UPI,In-Store,13506.55,2314.49,99,Toronto,MH
ORD00193,CUST0229,21/05/2022,2022-05-24,Returned,  COD,Online,19497.19,-100.0,199,Pune,GJ
ORD00194,CUST0321,05-21-2022,2022-05-25,pending,Wallet,mobile app,43719.91,13513.14,99,New York,TN
ORD00195,CUST0162,2022-05-22,,SHIPPED,  COD,online,38077.15,6366.83,199,Toronto,DL
ORD00196,CUST0630,05-23-2022,2022-05-24,Shipped,UPI,Mobile App,8730.53,,99,Ahmedabad,NSW
ORD00197,CUST0315,05-24-2022,2022-05-28,Pending,Wallet,In-Store,29821.44,2709.42,99,New York,DL
ORD00198,CUST0634,2022-05-24,,CANCELLED,  COD,Online,37121.73,3978.22,0,Kolkata,LDN
ORD00199,CUST0960,05-25-2022,2022-05-29,returned,Wallet,mobile app,16132.23,3806.99,0,New York,WB
ORD00200,CUST0232,26/05/2022,2022-06-02,CANCELLED,COD,In-Store,39072.53,7454.34,0,Sydney,NY
ORD00201,CUST0019,2022-05-27,2022-06-02,returned,Wallet,mobile app,15305.76,5182.1,149,New York,GJ
ORD00202,CUST0504,2022-05-27,,returned,Wallet,online,22834.97,8733.78,199,Toronto,GJ
ORD00203,CUST0709,28/05/2022,2022-06-02,Cancelled,Debit Card,IN-STORE,2656.34,773.25,0,Pune,KA
ORD00204,CUST0998,29/05/2022,2022-06-03,Delivered,Net Banking,Mobile App,32626.08,11172.99,149,Sydney,NY
ORD00205,CUST0732,05-30-2022,2022-06-02,pending,WALLET,IN-STORE,23420.96,6365.22,149,Toronto,DL
ORD00206,CUST0285,30/05/2022,2022-05-31,Returned,Debit Card,In-Store,46238.35,16670.39,0,Ahmedabad,NY
ORD00207,CUST0109,2022-05-31,2022-06-03,SHIPPED,WALLET,Online,34730.94,7216.63,199,Jaipur,TN
ORD00208,CUST0449,2022-06-01,2022-06-05,Shipped,credit card,Mobile App,46925.28,2799.61,149,Kolkata,MH
ORD00209,CUST0582,2022-06-01,2022-06-04,Shipped,Credit Card,mobile app,42171.85,187.12,199,Jaipur,TN
ORD00210,CUST0580,02/06/2022,2022-06-07,Cancelled,Net Banking,In-Store,22775.66,7664.08,199,New York,TS
ORD00211,CUST0985,06-03-2022,2022-06-08,returned,COD,online,-500.0,1958.29,149,Mumbai,LDN
ORD00212,CUST0660,04/06/2022,2022-06-09,returned,  COD,In-Store,12474.13,1332.28,149,Mumbai,GJ
ORD00213,CUST0423,2022-06-04,2022-06-09,pending,UPI,Online,1449.78,-100.0,149,Pune,LDN
ORD00214,CUST0322,05/06/2022,2022-06-10,returned,Net Banking,mobile app,23603.06,7472.34,0,Pune,MH
ORD00215,CUST0278,06-06-2022,2022-06-11,returned,credit card,mobile app,36771.29,6186.84,149,Delhi,MH
ORD00216,CUST0424,06-07-2022,2022-06-13,Pending,UPI ,Online,38827.47,9540.82,199,Sydney,MH
ORD00217,CUST0773,07/06/2022,2022-06-14,pending,  COD,online,21602.3,1883.98,99,London,NSW
ORD00218,CUST0397,08/06/2022,2022-06-09,Shipped,  COD,Mobile App,2429.87,457.52,49,Bangalore,GJ
ORD00219,CUST0157,06-09-2022,2022-06-13,delivered,Net Banking,mobile app,34018.89,2301.85,199,Kolkata,NSW
ORD00220,CUST0525,09/06/2022,,SHIPPED,  COD,Online,,4861.12,149,New York,NY
ORD00221,CUST0635,10/06/2022,,Delivered,UPI ,Mobile App,31920.26,10829.4,99,London,MH
ORD00222,CUST0509,06-11-2022,2022-06-13,Cancelled,Net Banking,Mobile App,5985.62,1090.37,99,Ahmedabad,GJ
ORD00223,CUST0710,2022-06-12,2022-06-14,Cancelled,credit card,In-Store,38273.21,11709.19,199,New York,GJ
ORD00224,CUST0200,06-12-2022,2022-06-19,CANCELLED,WALLET,Online,22194.82,3614.51,49,Kolkata,MH
ORD00225,CUST0368,13/06/2022,2022-06-20,pending,Net Banking,mobile app,3579.43,1092.45,199,Hyderabad,MH
ORD00226,CUST0103,06-14-2022,2022-06-19,CANCELLED,UPI,Online,43995.03,8351.43,199,New York,LDN
ORD00227,CUST0535,2022-06-15,,CANCELLED,Net Banking,Online,25497.61,6279.65,199,Hyderabad,RJ
ORD00228,CUST0621,2022-06-15,2022-06-20,delivered,  COD,online,24577.85,5523.65,149,Surat,RJ
ORD00229,CUST0818,06-16-2022,2022-06-19,Pending,Credit Card,Online,38496.27,11897.12,49,Hyderabad,ON
ORD00230,CUST0387,2022-06-17,2022-06-24,CANCELLED,Credit Card,Mobile App,45729.56,111.14,149,Chennai,TS
ORD00231,CUST0161,18/06/2022,2022-06-23,delivered,COD,Mobile App,13194.48,2138.69,99,Kolkata,GJ
ORD00232,CUST0149,2022-06-18,2022-06-22,CANCELLED,Net Banking,Mobile App,34803.26,7455.72,49,Chennai,TS
ORD00233,CUST0345,19/06/2022,2022-06-25,returned,credit card,In-Store,38577.03,14777.18,99,Bangalore,NY
ORD00234,CUST0159,06-20-2022,2022-06-22,CANCELLED,COD,IN-STORE,34647.22,1565.43,99,Ahmedabad,GJ
ORD00235,CUST0464,20/06/2022,2022-06-25,SHIPPED,UPI ,IN-STORE,20985.48,224.83,149,Mumbai,GJ
ORD00148,CUST0797,2022-06-21,2022-06-22,CANCELLED,Wallet,online,,3676.52,49,Pune,GJ
ORD00237,CUST0336,06-22-2022,2022-06-27,Shipped,  COD,Mobile App,26572.05,10188.68,99,Kolkata,ON
ORD00238,CUST0648,2022-06-23,2022-06-28,CANCELLED,COD,Mobile App,37150.71,4130.21,49,Delhi,WB
ORD00239,CUST0414,23/06/2022,2022-06-25,Returned,credit card,mobile app,39162.22,10867.33,0,Hyderabad,TN
ORD00240,CUST0058,2022-06-24,2022-06-26,Cancelled,credit card,online,20772.84,4171.17,0,Kolkata,ON
ORD00241,CUST0005,25/06/2022,2022-06-28,returned,COD,Mobile App,32080.57,8511.92,0,Pune,MH
ORD00242,CUST0170,2022-06-26,,pending,  COD,Mobile App,29036.93,8776.18,0,Chennai,GJ
ORD00243,CUST0131,06-26-2022,2022-06-29,SHIPPED,credit card,In-Store,12704.63,3925.22,49,Hyderabad,WB
ORD00244,CUST0256,27/06/2022,2022-06-30,Cancelled,UPI ,In-Store,4748.37,2.8,149,Toronto,RJ
ORD00245,CUST0039,2022-06-28,2022-07-05,Delivered,COD,Online,2814.52,674.45,49,Hyderabad,WB
ORD00246,CUST0133,06-28-2022,2022-07-01,returned,Debit Card,IN-STORE,22368.7,428.8,0,Bangalore,LDN
ORD00247,CUST0230,2022-06-29,2022-07-02,Delivered,credit card,IN-STORE,25927.31,9315.73,0,Mumbai,WB
ORD00248,CUST0919,06-30-2022,,Delivered,Net Banking,online,26481.74,6362.38,149,Mumbai,KA
ORD00087,CUST0977,07-01-2022,2022-07-03,pending,UPI ,Online,38542.67,12841.24,199,Hyderabad,ON
ORD00250,CUST0294,01/07/2022,2022-07-05,Cancelled,Debit Card,Online,33059.62,254.43,49,Bangalore,DL
ORD00251,CUST0040,07-02-2022,,pending,UPI,mobile app,48300.45,18381.4,49,Delhi,TN
ORD00252,CUST0382,07-03-2022,,returned,Credit Card,Mobile App,0.0,417.04,199,New York,RJ
ORD00253,CUST0392,04/07/2022,2022-07-06,Returned,credit card,In-Store,35989.69,12733.99,149,Jaipur,MH
ORD00254,CUST0762,04/07/2022,2022-07-08,returned,Net Banking,In-Store,23665.17,3709.88,0,Kolkata,ON
ORD00255,CUST0480,2022-07-05,2022-07-09,returned,Debit Card,In-Store,42049.53,4038.57,0,Ahmedabad,MH
ORD00256,CUST0463,2022-07-06,2022-07-09,returned,UPI ,Mobile App,40242.79,16004.81,149,Hyderabad,GJ
ORD00257,CUST0874,07/07/2022,2022-07-09,Returned,Wallet,IN-STORE,13301.67,1432.98,99,Ahmedabad,MH
ORD00258,CUST0869,07-07-2022,2022-07-12,Returned,Wallet,online,32582.94,8366.32,99,London,DL
ORD00259,CUST1000,07-08-2022,2022-07-15,delivered,UPI,In-Store,43764.74,15755.14,0,Delhi,GJ
ORD00260,CUST0977,2022-07-09,2022-07-10,pending,WALLET,IN-STORE,14832.23,3927.12,49,Sydney,ON
ORD00261,CUST0105,07-09-2022,2022-07-16,Returned,UPI ,online,18759.36,3060.19,0,Pune,NSW
ORD00262,CUST0189,2022-07-10,2022-07-16,Returned,UPI ,IN-STORE,7894.88,703.68,99,Bangalore,TS
ORD00263,CUST0369,11/07/2022,2022-07-13,Returned,credit card,online,45482.69,10367.8,149,Mumbai,RJ
ORD00264,CUST0081,12/07/2022,2022-07-13,Shipped,Credit Card,Online,,740.37,149,Chennai,TS
ORD00265,CUST0676,07-12-2022,2022-07-19,Delivered,Debit Card,Online,15980.43,5397.94,99,Pune,LDN
ORD00266,CUST0378,2022-07-13,,pending,COD,Online,34950.22,5940.34,199,Delhi,MH
ORD00267,CUST0532,14/07/2022,2022-07-19,SHIPPED,Wallet,Online,40776.11,12881.55,99,New York,TS
ORD00268,CUST0578,2022-07-15,2022-07-16,returned,  COD,mobile app,43697.83,14456.45,99,Surat,LDN
ORD00269,CUST0755,15/07/2022,2022-07-16,Pending,COD,In-Store,27384.54,1301.93,199,Delhi,KA
ORD00179,CUST0045,16/07/2022,2022-07-23,SHIPPED,Credit Card,mobile app,25936.76,2868.04,149,Surat,KA
ORD00271,CUST0846,07-17-2022,2022-07-18,Pending,  COD,Mobile App,48040.44,4435.5,0,Jaipur,MH
ORD00272,CUST0269,17/07/2022,2022-07-18,SHIPPED,Debit Card,In-Store,30255.52,7563.03,199,Pune,GJ
ORD00273,CUST0105,2022-07-18,2022-07-24,delivered,Debit Card,Mobile App,6554.45,1524.5,199,New York,MH
ORD00274,CUST0946,19/07/2022,2022-07-20,Returned,COD,Mobile App,42780.44,11406.59,49,New York,MH
ORD00275,CUST0529,2022-07-20,,Cancelled,COD,IN-STORE,12902.96,3121.65,149,Mumbai,DL
ORD00276,CUST0872,20/07/2022,2022-07-21,Returned,Debit Card,IN-STORE,28227.41,1454.4,149,Toronto,TN
ORD00277,CUST0645,07-21-2022,2022-07-24,pending,Wallet,online,22739.87,8472.11,199,Pune,NSW
ORD00278,CUST0170,2022-07-22,2022-07-26,delivered,UPI ,Mobile App,17303.16,4223.86,199,Kolkata,NSW
ORD00279,CUST0791,07-23-2022,2022-07-30,returned,UPI,mobile app,32899.48,2030.82,199,Pune,NSW
ORD00280,CUST0883,2022-07-23,2022-07-28,Shipped,  COD,mobile app,12472.62,1599.57,199,New York,TN
ORD00281,CUST0520,24/07/2022,2022-07-29,SHIPPED,Debit Card,IN-STORE,20050.88,4128.62,149,Delhi,LDN
ORD00282,CUST0904,07-25-2022,2022-07-28,Delivered,COD,mobile app,45826.59,7952.35,99,Chennai,MH
ORD00283,CUST0931,07-25-2022,2022-07-27,Returned,Net Banking,Mobile App,8716.06,1824.3,99,Chennai,LDN
ORD00284,CUST0013,07-26-2022,2022-07-30,Cancelled,credit card,IN-STORE,4872.72,390.09,199,Pune,MH
ORD00285,CUST0345,07-27-2022,2022-08-01,delivered,Debit Card,mobile app,30014.58,,49,Sydney,GJ
ORD00286,CUST0072,28/07/2022,2022-07-31,returned,Debit Card,online,14550.68,289.09,149,Jaipur,DL
ORD00287,CUST0423,28/07/2022,2022-07-31,CANCELLED,credit card,mobile app,30885.29,9228.44,0,Pune,MH
ORD00288,CUST0413,2022-07-29,2022-08-02,Cancelled,  COD,Online,32637.96,2961.29,0,Mumbai,TS
ORD00289,CUST0442,2022-07-30,2022-08-04,returned,credit card,mobile app,0.0,2459.86,0,Jaipur,DL
ORD00290,CUST0045,07-31-2022,2022-08-02,CANCELLED,Debit Card,IN-STORE,24835.74,1513.05,199,Delhi,GJ
ORD00291,CUST0727,2022-07-31,2022-08-07,delivered,Debit Card,IN-STORE,30683.59,5336.23,99,New York,WB
ORD00292,CUST0556,08-01-2022,2022-08-02,returned,COD,IN-STORE,8072.47,16144.94,49,Hyderabad,TN
ORD00293,CUST0821,08-02-2022,,Delivered,credit card,Online,48484.09,12585.78,0,Chennai,NY
ORD00294,CUST0118,03/08/2022,,pending,Credit Card,online,41599.38,515.5,149,Bangalore,LDN
ORD00295,CUST0871,03/08/2022,2022-08-10,returned,Net Banking,IN-STORE,47126.23,1928.5,99,Sydney,MH
ORD00296,CUST0185,08-04-2022,2022-08-08,returned,credit card,online,6342.61,2378.97,199,Bangalore,DL
ORD00297,CUST0223,2022-08-05,2022-08-06,SHIPPED,Debit Card,Online,1794.37,708.95,99,London,LDN
ORD00298,CUST0594,05/08/2022,2022-08-07,delivered,Debit Card,mobile app,315.26,59.76,99,Surat,LDN
ORD00299,CUST0131,08-06-2022,2022-08-09,CANCELLED,  COD,In-Store,22483.64,3673.75,0,Jaipur,DL
ORD00300,CUST0500,08-07-2022,2022-08-14,delivered,WALLET,Online,16726.96,,99,Sydney,MH
ORD00301,CUST0540,2022-08-08,2022-08-11,pending,UPI,Mobile App,39790.59,4891.91,99,Ahmedabad,GJ
ORD00302,CUST0567,2022-08-08,2022-08-12,CANCELLED,credit card,IN-STORE,11354.36,329.47,49,Kolkata,WB
ORD00303,CUST0301,09/08/2022,2022-08-16,Cancelled,Credit Card,IN-STORE,42535.97,1649.26,0,Kolkata,GJ
ORD00304,CUST0790,08-10-2022,,pending,Wallet,In-Store,32153.94,942.43,99,London,TS
ORD00305,CUST0283,11/08/2022,2022-08-15,delivered,Wallet,online,37902.71,11549.64,49,Chennai,MH
ORD00306,CUST0498,08-11-2022,2022-08-13,SHIPPED,Wallet,IN-STORE,16742.94,4165.74,199,Bangalore,DL
ORD00307,CUST0651,12/08/2022,2022-08-15,CANCELLED,COD,Mobile App,9993.97,1935.95,49,Sydney,NY
ORD00308,CUST0629,08-13-2022,2022-08-15,Shipped,credit card,In-Store,36614.94,11868.59,99,Ahmedabad,TN
ORD00276,CUST0035,2022-08-13,2022-08-16,SHIPPED,Wallet,online,27542.51,55085.02,99,New York,NSW
ORD00310,CUST0598,14/08/2022,2022-08-21,pending,COD,online,47942.57,7977.31,49,Surat,ON
ORD00311,CUST0571,15/08/2022,2022-08-19,CANCELLED,UPI,In-Store,3377.88,1308.83,0,London,WB
ORD00312,CUST0391,08-16-2022,2022-08-17,Returned,credit card,IN-STORE,16135.5,5017.44,199,London,TN
ORD00313,CUST0819,2022-08-16,2022-08-20,Cancelled,  COD,In-Store,1802.39,662.5,199,Mumbai,WB
ORD00314,CUST0199,17/08/2022,,Returned,Net Banking,online,4582.44,1274.06,49,Toronto,ON
ORD00315,CUST0427,18/08/2022,2022-08-22,Delivered,credit card,Mobile App,4015.0,564.79,49,Hyderabad,MH
ORD00316,CUST0085,19/08/2022,2022-08-20,pending,  COD,IN-STORE,40715.76,9093.37,99,Bangalore,LDN
ORD00317,CUST0335,19/08/2022,2022-08-21,Cancelled,COD,Online,27275.99,862.51,0,Chennai,GJ
ORD00318,CUST0144,2022-08-20,2022-08-26,Delivered,Net Banking,In-Store,13102.54,3764.69,199,Chennai,MH
ORD00319,CUST0486,08-21-2022,2022-08-22,pending,UPI ,In-Store,30153.64,1410.87,149,Jaipur,NSW
ORD00320,CUST0401,22/08/2022,2022-08-29,Shipped,UPI ,Online,23692.46,479.33,0,Delhi,MH
ORD00239,CUST0627,2022-08-22,2022-08-26,pending,Debit Card,In-Store,40077.85,11491.51,99,Mumbai,LDN
ORD00322,CUST0331,23/08/2022,,pending,COD,In-Store,13886.94,102.07,49,Kolkata,MH
ORD00323,CUST0850,08-24-2022,2022-08-25,SHIPPED,Credit Card,In-Store,-500.0,1949.06,199,Mumbai,TS
ORD00324,CUST0565,2022-08-24,2022-08-25,Shipped,Net Banking,In-Store,19743.45,1266.1,0,London,DL
ORD00325,CUST0830,25/08/2022,2022-09-01,Cancelled,COD,IN-STORE,41056.31,9109.29,99,Toronto,GJ
ORD00326,CUST0832,26/08/2022,2022-08-27,delivered,COD,Mobile App,,204.61,199,Jaipur,TN
ORD00327,CUST0877,08-27-2022,2022-08-28,Delivered,Wallet,Mobile App,30443.22,4115.27,149,Surat,GJ
ORD00328,CUST0879,27/08/2022,2022-09-02,Delivered,COD,IN-STORE,30055.63,10422.71,49,Delhi,KA
ORD00329,CUST0289,08-28-2022,,pending,Wallet,Online,10084.37,3761.63,199,London,KA
ORD00330,CUST0311,08-29-2022,2022-08-31,CANCELLED,WALLET,online,42515.21,8556.4,199,Sydney,TN
ORD00331,CUST0311,2022-08-30,2022-09-03,CANCELLED,Wallet,Online,42037.54,8195.34,199,Ahmedabad,TS
ORD00332,CUST0160,30/08/2022,2022-09-01,Cancelled,credit card,Mobile App,24200.1,9378.23,199,Mumbai,KA
ORD00333,CUST0016,31/08/2022,2022-09-06,SHIPPED,credit card,online,35810.37,8587.11,199,Mumbai,WB
ORD00334,CUST0149,09-01-2022,2022-09-03,returned,Credit Card,In-Store,41134.0,10352.63,99,Pune,NSW
ORD00335,CUST0164,2022-09-01,2022-09-07,Pending,Credit Card,mobile app,10064.64,3446.77,49,Bangalore,LDN
ORD00336,CUST0819,02/09/2022,2022-09-05,Pending,Net Banking,Online,4902.8,1053.34,199,Bangalore,GJ
ORD00337,CUST0266,09-03-2022,2022-09-06,Cancelled,Credit Card,Mobile App,8234.17,1315.3,49,Surat,NSW
ORD00338,CUST0711,2022-09-04,2022-09-05,Cancelled,Debit Card,mobile app,32844.27,424.99,149,Delhi,RJ
ORD00339,CUST0569,04/09/2022,2022-09-11,CANCELLED,Debit Card,mobile app,8030.72,58.11,49,Jaipur,ON
ORD00340,CUST0153,2022-09-05,2022-09-06,delivered,WALLET,IN-STORE,449.82,85.9,99,Hyderabad,ON
ORD00341,CUST0258,06/09/2022,2022-09-08,Returned,credit card,In-Store,24064.36,6720.92,0,Pune,GJ
ORD00342,CUST0550,2022-09-07,2022-09-10,Delivered,UPI,online,33977.69,1869.95,49,Ahmedabad,NSW
ORD00152,CUST0558,09-07-2022,2022-09-13,Cancelled,UPI,IN-STORE,14534.85,4336.61,199,Sydney,MH
ORD00344,CUST0857,08/09/2022,2022-09-12,Cancelled,UPI ,online,28871.3,4864.52,149,New York,LDN
ORD00345,CUST0403,09-09-2022,,SHIPPED,UPI,Mobile App,6700.3,1092.0,49,Toronto,TN
ORD00346,CUST0196,10/09/2022,2022-09-11,returned,Net Banking,online,18858.75,20.94,49,Sydney,NSW
ORD00347,CUST0742,10/09/2022,2022-09-11,returned,  COD,online,,5705.8,99,Hyderabad,NY
ORD00348,CUST0073,09-11-2022,2022-09-13,returned,credit card,mobile app,27820.65,4990.18,49,Surat,KA
ORD00349,CUST0251,12/09/2022,2022-09-17,delivered,WALLET,online,2516.09,934.1,0,Sydney,TN
ORD00350,CUST0890,12/09/2022,2022-09-18,Pending,UPI ,Mobile App,19850.91,3445.9,0,Toronto,NY
ORD00351,CUST0473,09-13-2022,2022-09-16,CANCELLED,COD,Online,26592.0,53184.0,149,Kolkata,NSW
ORD00352,CUST0241,2022-09-14,2022-09-20,delivered,UPI,online,29429.64,128.89,49,Pune,RJ
ORD00353,CUST0474,2022-09-15,,Delivered,Debit Card,Online,49422.99,1160.5,49,Surat,DL
ORD00030,CUST0079,15/09/2022,2022-09-18,Pending,UPI ,In-Store,6849.26,1666.59,99,Surat,KA
ORD00355,CUST0308,09-16-2022,2022-09-18,Cancelled,Net Banking,online,47143.61,14274.63,199,Mumbai,RJ
ORD00356,CUST0376,09-17-2022,2022-09-18,Shipped,credit card,online,11640.13,522.01,49,Pune,DL
ORD00357,CUST0043,09-18-2022,,Pending,  COD,online,31201.72,6657.78,0,Sydney,GJ
ORD00358,CUST0232,18/09/2022,2022-09-20,SHIPPED,Net Banking,Mobile App,17505.96,5705.04,149,Bangalore,DL
ORD00359,CUST0966,2022-09-19,,delivered,  COD,online,12963.7,1417.47,199,Ahmedabad,ON
ORD00360,CUST0076,09-20-2022,2022-09-26,Cancelled,Wallet,Online,14362.92,3199.12,199,Mumbai,NSW
ORD00361,CUST0858,20/09/2022,,Pending,Credit Card,Online,16535.95,3398.43,0,London,RJ
ORD00362,CUST0856,21/09/2022,2022-09-27,pending,WALLET,mobile app,6126.7,1343.03,149,Bangalore,NSW
ORD00363,CUST0893,2022-09-22,2022-09-24,Cancelled,Wallet,online,10646.93,3774.61,99,Pune,GJ
ORD00364,CUST0113,23/09/2022,2022-09-28,delivered,UPI ,online,20366.61,7062.78,199,Surat,NY
ORD00365,CUST0936,2022-09-23,2022-09-28,delivered,Credit Card,mobile app,6255.06,1542.58,0,Surat,LDN
ORD00366,CUST0546,2022-09-24,2022-09-27,Shipped,WALLET,In-Store,702.37,272.38,149,Kolkata,GJ
ORD00367,CUST0033,25/09/2022,,Returned,Net Banking,In-Store,7063.03,1530.59,0,Delhi,ON
ORD00368,CUST0713,26/09/2022,,returned,COD,IN-STORE,43198.27,2665.56,149,Delhi,TN
ORD00114,CUST0157,26/09/2022,2022-09-30,pending,Credit Card,In-Store,6640.98,938.55,0,Toronto,MH
ORD00370,CUST0390,09-27-2022,2022-09-28,Pending,WALLET,Online,3643.21,1391.55,0,Hyderabad,NSW
ORD00371,CUST0696,28/09/2022,2022-10-03,Returned,WALLET,In-Store,36319.2,13817.68,149,Chennai,TS
ORD00372,CUST0390,09-29-2022,,returned,Debit Card,mobile app,21220.01,2944.16,149,Pune,NY
ORD00373,CUST0647,29/09/2022,2022-10-05,Delivered,credit card,mobile app,9044.21,1093.34,49,Jaipur,GJ
ORD00374,CUST0602,30/09/2022,2022-10-01,Cancelled,Wallet,IN-STORE,22172.65,2353.39,149,Sydney,LDN
ORD00375,CUST0832,2022-10-01,2022-10-05,Pending,Credit Card,In-Store,18331.81,711.82,99,Chennai,NY
ORD00376,CUST0125,10-01-2022,2022-10-07,Pending,  COD,Online,23430.16,509.97,149,Mumbai,NSW
ORD00377,CUST0943,2022-10-02,2022-10-08,Cancelled,Debit Card,IN-STORE,4089.6,1051.82,199,Hyderabad,LDN
ORD00378,CUST0270,03/10/2022,2022-10-06,Returned,Debit Card,In-Store,21792.89,6482.03,99,Sydney,MH
ORD00379,CUST0807,04/10/2022,2022-10-11,pending,Net Banking,IN-STORE,10818.92,1428.52,0,Mumbai,KA
ORD00380,CUST0125,2022-10-04,2022-10-08,pending,credit card,online,16181.23,3930.57,99,New York,NSW
ORD00381,CUST0619,05/10/2022,2022-10-12,Shipped,COD,IN-STORE,19859.8,7585.22,99,Ahmedabad,DL
ORD00382,CUST0781,2022-10-06,2022-10-09,Returned,Credit Card,In-Store,9368.2,910.17,149,Ahmedabad,DL
ORD00383,CUST0255,2022-10-07,2022-10-09,SHIPPED,Net Banking,online,4526.24,480.43,0,London,KA
ORD00384,CUST0686,2022-10-07,2022-10-08,returned,COD,IN-STORE,9361.87,95.62,99,London,GJ
ORD00385,CUST0588,08/10/2022,2022-10-11,delivered,  COD,Mobile App,9563.72,3126.88,199,London,LDN
ORD00386,CUST0419,09/10/2022,2022-10-11,Delivered,COD,online,34162.36,2874.19,149,Pune,MH
ORD00387,CUST0007,09/10/2022,2022-10-14,returned,  COD,In-Store,43442.0,16013.75,99,Delhi,GJ
ORD00388,CUST0393,10-10-2022,2022-10-11,Cancelled,COD,online,19799.68,6366.74,149,Chennai,WB
ORD00389,CUST0088,10-11-2022,2022-10-16,delivered,Net Banking,Mobile App,32671.77,3375.48,149,Mumbai,TN
ORD00390,CUST0026,2022-10-12,2022-10-14,delivered,UPI ,mobile app,46659.3,2976.0,199,Kolkata,ON
ORD00391,CUST0271,12/10/2022,2022-10-15,delivered,UPI ,In-Store,-500.0,231.82,49,Delhi,NSW
ORD00392,CUST0466,2022-10-13,2022-10-14,delivered,Credit Card,IN-STORE,49579.61,1294.2,199,Mumbai,GJ
ORD00393,CUST0954,2022-10-14,,pending,Credit Card,In-Store,8841.84,986.4,49,Surat,NSW
ORD00394,CUST0802,15/10/2022,2022-10-22,Delivered,credit card,In-Store,33026.16,7987.71,199,Toronto,TN
ORD00395,CUST0807,15/10/2022,,Pending,UPI,Online,40004.8,7733.27,99,Bangalore,DL
ORD00396,CUST0095,10-16-2022,2022-10-21,Delivered,UPI ,Mobile App,13509.58,1848.63,149,Bangalore,DL
ORD00397,CUST0895,10-17-2022,2022-10-20,Delivered,WALLET,mobile app,16248.01,3694.11,199,Delhi,TS
ORD00398,CUST0514,2022-10-18,2022-10-19,SHIPPED,Wallet,Mobile App,47973.98,2385.59,0,Kolkata,GJ
ORD00399,CUST0582,18/10/2022,2022-10-22,Shipped,WALLET,mobile app,14288.87,1405.2,49,Jaipur,NSW
ORD00400,CUST0854,2022-10-19,2022-10-24,pending,Wallet,IN-STORE,49645.47,14391.35,49,Surat,TN
ORD00401,CUST0763,20/10/2022,2022-10-26,Returned,Debit Card,online,23425.23,2045.9,0,Ahmedabad,TN
ORD00402,CUST0128,20/10/2022,2022-10-23,Shipped,COD,IN-STORE,35022.19,473.08,149,Hyderabad,DL
ORD00317,CUST0851,10-21-2022,2022-10-26,Cancelled,UPI,In-Store,0.0,8869.86,149,Pune,MH
ORD00404,CUST0105,10-22-2022,2022-10-26,SHIPPED,WALLET,mobile app,11978.21,3821.39,99,Toronto,RJ
ORD00023,CUST0835,10-23-2022,2022-10-30,Returned,Wallet,Online,25220.83,3069.23,99,Chennai,RJ
ORD00406,CUST0595,2022-10-23,2022-10-28,Returned,COD,online,32051.63,10142.23,99,Sydney,WB
ORD00407,CUST0824,24/10/2022,2022-10-27,delivered,COD,online,24853.34,183.94,149,Ahmedabad,KA
ORD00408,CUST0819,2022-10-25,2022-10-27,returned,WALLET,mobile app,25366.34,4343.0,149,Delhi,TN
ORD00409,CUST0631,2022-10-26,2022-10-30,Returned,credit card,online,-500.0,81.77,49,Hyderabad,MH
ORD00410,CUST0129,2022-10-26,,pending,credit card,Online,20301.41,6535.84,99,Ahmedabad,NSW
ORD00411,CUST0752,10-27-2022,2022-10-29,SHIPPED,WALLET,Mobile App,47197.45,16670.86,99,Chennai,WB
ORD00412,CUST0323,28/10/2022,2022-11-02,Shipped,Wallet,IN-STORE,14207.95,2545.02,99,Sydney,LDN
ORD00413,CUST0868,28/10/2022,2022-11-01,Pending,COD,Mobile App,10522.4,2200.1,49,Bangalore,ON
ORD00414,CUST0971,2022-10-29,2022-11-04,Shipped,UPI,In-Store,28579.57,5537.64,199,Mumbai,MH
ORD00415,CUST0388,2022-10-30,2022-11-03,CANCELLED,Debit Card,Online,42121.47,10078.1,0,Hyderabad,ON
ORD00416,CUST0980,31/10/2022,2022-11-07,returned,UPI ,In-Store,25353.7,348.68,199,Chennai,GJ
ORD00417,CUST0674,10-31-2022,2022-11-07,Cancelled,Wallet,In-Store,808.88,91.27,49,Delhi,TS
ORD00418,CUST0693,2022-11-01,2022-11-03,returned,credit card,Mobile App,43632.43,5176.53,49,Surat,NY
ORD00419,CUST0614,2022-11-02,2022-11-03,Shipped,UPI,mobile app,29564.83,10562.78,0,Bangalore,NSW
ORD00420,CUST0147,11-03-2022,2022-11-09,Pending,UPI ,Mobile App,27447.83,7728.09,199,Ahmedabad,MH
ORD00421,CUST0910,2022-11-03,2022-11-06,pending,Wallet,In-Store,43364.49,1809.68,199,Hyderabad,MH
ORD00422,CUST0312,11-04-2022,2022-11-11,Delivered,UPI,Mobile App,11476.12,74.75,0,Chennai,TN
ORD00423,CUST0744,11-05-2022,2022-11-09,SHIPPED,  COD,IN-STORE,37091.49,14654.26,49,Toronto,NSW
ORD00424,CUST0498,11-05-2022,2022-11-08,delivered,Credit Card,mobile app,29619.76,6291.88,99,Delhi,RJ
ORD00425,CUST0420,06/11/2022,2022-11-07,Delivered,Credit Card,Mobile App,41352.87,15369.11,49,Bangalore,DL
ORD00426,CUST0574,11-07-2022,2022-11-11,pending,Debit Card,IN-STORE,37351.51,10399.9,0,Kolkata,RJ
ORD00427,CUST0566,08/11/2022,2022-11-11,SHIPPED,credit card,IN-STORE,26365.14,9586.3,49,Kolkata,ON
ORD00428,CUST0686,2022-11-08,2022-11-14,Shipped,Debit Card,Online,27347.21,5284.34,99,Kolkata,MH
ORD00429,CUST0796,09/11/2022,2022-11-14,Pending,UPI ,Online,14577.14,2261.98,0,Pune,TN
ORD00359,CUST0217,11-10-2022,2022-11-14,Pending,Net Banking,IN-STORE,36591.24,10214.93,99,Kolkata,LDN
ORD00431,CUST0297,11-11-2022,2022-11-12,Pending,COD,mobile app,15366.77,4595.24,199,Sydney,WB
ORD00432,CUST0065,11-11-2022,2022-11-12,CANCELLED,COD,Mobile App,48430.04,7582.5,99,Mumbai,TS
ORD00433,CUST0993,12/11/2022,2022-11-14,Cancelled,UPI ,online,31214.25,7084.0,149,Bangalore,RJ
ORD00434,CUST0047,11-13-2022,2022-11-18,Delivered,WALLET,Mobile App,12147.95,18.01,199,Chennai,MH
ORD00435,CUST0226,2022-11-14,2022-11-19,delivered,COD,Online,10146.4,3263.02,0,Chennai,LDN
ORD00436,CUST0269,11-14-2022,2022-11-16,SHIPPED,Wallet,In-Store,44014.84,-100.0,149,Kolkata,DL
ORD00437,CUST0081,11-15-2022,2022-11-19,Returned,WALLET,Mobile App,16200.31,5837.74,149,Delhi,NY
ORD00438,CUST0288,11-16-2022,2022-11-19,Returned,UPI,In-Store,13961.37,2788.15,199,Kolkata,MH
ORD00439,CUST0096,16/11/2022,,SHIPPED,Net Banking,Online,37605.23,5392.2,149,Pune,MH
ORD00440,CUST0203,2022-11-17,2022-11-22,CANCELLED,Wallet,Online,-500.0,1634.66,99,Pune,KA
ORD00441,CUST0774,11-18-2022,2022-11-25,delivered,Debit Card,online,22375.9,4663.31,149,Jaipur,DL
ORD00442,CUST0072,2022-11-19,2022-11-20,Cancelled,credit card,mobile app,14629.39,336.42,0,Mumbai,RJ
ORD00443,CUST0529,2022-11-19,2022-11-24,Delivered,Net Banking,In-Store,16322.3,1004.84,99,Kolkata,KA
ORD00444,CUST0107,2022-11-20,2022-11-26,Returned,  COD,online,38515.03,,149,Toronto,TS
ORD00445,CUST0114,2022-11-21,2022-11-23,delivered,Net Banking,IN-STORE,10159.39,,199,Bangalore,DL
ORD00446,CUST0967,2022-11-22,2022-11-23,delivered,UPI,mobile app,41841.22,13733.66,0,Hyderabad,LDN
ORD00447,CUST0879,22/11/2022,2022-11-25,delivered,credit card,Online,47920.74,7824.68,0,Ahmedabad,TS
ORD00448,CUST0876,23/11/2022,2022-11-29,delivered,COD,online,46836.83,2882.96,49,Pune,MH
ORD00449,CUST0576,2022-11-24,2022-11-30,returned,  COD,mobile app,8750.59,2790.79,99,Pune,RJ
ORD00450,CUST0649,11-24-2022,,delivered,WALLET,Online,36820.64,3289.39,199,Pune,DL
ORD00451,CUST0107,25/11/2022,2022-11-30,Delivered,UPI ,Mobile App,,382.28,199,Bangalore,GJ
ORD00452,CUST0320,2022-11-26,,Pending,Debit Card,IN-STORE,41201.26,7838.63,149,Kolkata,MH
ORD00453,CUST0010,2022-11-27,2022-12-03,SHIPPED,Credit Card,mobile app,44776.66,15719.11,49,Ahmedabad,KA
ORD00454,CUST0972,2022-11-27,,Cancelled,Credit Card,mobile app,7727.54,830.64,49,Bangalore,RJ
ORD00455,CUST0351,2022-11-28,2022-11-29,delivered,Debit Card,In-Store,26378.68,3153.03,0,Mumbai,TS
ORD00456,CUST0944,11-29-2022,2022-12-05,SHIPPED,UPI ,online,38526.69,11585.62,149,New York,WB
ORD00457,CUST0088,2022-11-30,2022-12-02,Delivered,Credit Card,Mobile App,49185.12,11273.96,149,Chennai,DL
ORD00458,CUST0715,30/11/2022,2022-12-03,pending,UPI ,mobile app,28694.56,7768.54,99,Kolkata,WB
ORD00459,CUST0721,2022-12-01,2022-12-07,pending,  COD,IN-STORE,0.0,1542.26,149,New York,NY
ORD00460,CUST0238,2022-12-02,2022-12-05,pending,Debit Card,Online,13586.22,3536.08,0,Ahmedabad,RJ
ORD00461,CUST0161,2022-12-03,2022-12-10,CANCELLED,UPI,Online,17753.33,3766.87,49,London,GJ
ORD00462,CUST0323,12-03-2022,2022-12-04,returned,WALLET,mobile app,42092.43,295.69,49,Mumbai,RJ
ORD00463,CUST0652,2022-12-04,2022-12-08,Returned,COD,online,11445.15,2579.83,149,Bangalore,GJ
ORD00464,CUST0119,2022-12-05,2022-12-06,Cancelled,Wallet,mobile app,26676.26,4911.38,199,Ahmedabad,NY
ORD00465,CUST0456,2022-12-05,2022-12-08,Cancelled,UPI ,Mobile App,32849.67,876.35,149,London,ON
ORD00466,CUST0895,12-06-2022,2022-12-08,Pending,credit card,IN-STORE,0.0,9920.49,49,Pune,NY
ORD00467,CUST0602,07/12/2022,2022-12-11,pending,Debit Card,Mobile App,6543.91,1587.22,199,Delhi,TN
ORD00468,CUST0685,08/12/2022,2022-12-13,SHIPPED,Net Banking,Mobile App,40318.45,4458.47,199,Mumbai,KA
ORD00469,CUST0003,12-08-2022,2022-12-10,Cancelled,Credit Card,mobile app,0.0,2581.69,149,Mumbai,ON
ORD00470,CUST0318,2022-12-09,,returned,COD,IN-STORE,27476.95,7874.14,99,Pune,DL
ORD00471,CUST0320,2022-12-10,2022-12-15,returned,WALLET,mobile app,24080.22,8939.46,49,London,TS
ORD00472,CUST0462,12-11-2022,2022-12-18,Delivered,COD,mobile app,9704.24,9.66,149,Sydney,GJ
ORD00473,CUST0040,12-11-2022,2022-12-12,Returned,  COD,Mobile App,32894.44,8450.47,0,Sydney,GJ
ORD00474,CUST0515,12/12/2022,2022-12-19,SHIPPED,COD,IN-STORE,26528.59,9481.56,0,New York,GJ
ORD00475,CUST0370,2022-12-13,2022-12-18,Delivered,Debit Card,Mobile App,14815.56,869.27,149,Kolkata,GJ
ORD00476,CUST0425,12-13-2022,2022-12-15,Delivered,COD,In-Store,28200.01,-100.0,199,Jaipur,NSW
ORD00477,CUST0002,2022-12-14,2022-12-17,CANCELLED,UPI,Online,46399.77,4372.09,149,Ahmedabad,NSW
ORD00478,CUST0587,12-15-2022,2022-12-20,Pending,Net Banking,IN-STORE,23740.48,,199,Mumbai,MH
ORD00479,CUST0763,2022-12-16,2022-12-21,Cancelled,Wallet,In-Store,44206.78,4031.64,199,Kolkata,TN
ORD00480,CUST0282,2022-12-16,2022-12-18,SHIPPED,Wallet,online,39849.14,15596.85,99,Surat,NY
ORD00265,CUST0812,2022-12-17,2022-12-18,returned,UPI,IN-STORE,35751.92,8976.41,149,Mumbai,KA
ORD00482,CUST0049,2022-12-18,,SHIPPED,  COD,In-Store,14100.34,2628.39,149,Pune,MH
ORD00483,CUST0827,19/12/2022,2022-12-24,Pending,Net Banking,Online,3623.01,1146.41,149,Ahmedabad,TS
ORD00484,CUST0925,19/12/2022,2022-12-26,SHIPPED,Net Banking,In-Store,29708.09,919.69,199,Delhi,TN
ORD00485,CUST0396,20/12/2022,2022-12-24,returned,UPI ,online,42165.35,12631.84,149,Toronto,NY
ORD00486,CUST0465,2022-12-21,2022-12-25,Delivered,UPI,In-Store,3333.62,658.87,0,Delhi,TS
ORD00487,CUST0103,22/12/2022,2022-12-24,Pending,  COD,mobile app,25545.4,6218.0,149,Bangalore,NY
ORD00488,CUST0304,12-22-2022,2022-12-29,Pending,UPI ,online,10583.88,1115.86,199,Delhi,GJ
ORD00489,CUST0677,23/12/2022,2022-12-24,Pending,Wallet,Mobile App,1240.42,77.18,0,London,TS
ORD00490,CUST0838,24/12/2022,2022-12-31,Delivered,credit card,IN-STORE,7631.79,1812.33,0,Jaipur,TN
ORD00491,CUST0516,24/12/2022,2022-12-27,returned,UPI ,online,39338.93,9482.68,99,Delhi,LDN
ORD00492,CUST0470,25/12/2022,2022-12-29,pending,WALLET,In-Store,40383.28,1611.59,199,Sydney,TN
ORD00493,CUST0540,2022-12-26,2023-01-01,delivered,  COD,online,32214.41,10918.55,0,Kolkata,TS
ORD00494,CUST0218,2022-12-27,2023-01-02,delivered,Debit Card,online,,10495.95,149,Ahmedabad,TS
ORD00495,CUST0071,27/12/2022,,Delivered,Net Banking,online,38045.21,14696.47,0,Sydney,KA
ORD00496,CUST0023,12-28-2022,2023-01-02,SHIPPED,Credit Card,online,29348.21,2576.14,49,London,DL
ORD00497,CUST0203,29/12/2022,2022-12-31,Shipped,UPI,IN-STORE,27708.63,9902.68,49,Surat,MH
ORD00498,CUST0108,2022-12-30,2023-01-03,pending,credit card,online,33171.41,11272.14,99,Chennai,WB
ORD00499,CUST0269,2022-12-30,2022-12-31,returned,Wallet,online,2406.39,687.12,0,Toronto,MH
ORD00500,CUST0829,2022-12-31,2023-01-03,Delivered,credit card,online,25600.52,4237.05,199,Bangalore,DL
ORD00501,CUST0827,01/01/2023,2023-01-07,SHIPPED,COD,Mobile App,49827.53,-100.0,99,Chennai,NSW
ORD00502,CUST0363,01-01-2023,2023-01-04,pending,UPI ,IN-STORE,22168.73,6559.59,49,Pune,MH
ORD00478,CUST0782,01-02-2023,2023-01-08,Delivered,UPI ,In-Store,44004.64,1762.83,99,Toronto,ON
ORD00504,CUST0933,01-03-2023,2023-01-05,Shipped,Debit Card,Mobile App,42223.47,5375.75,0,Toronto,MH
ORD00505,CUST0400,01-04-2023,2023-01-11,delivered,Debit Card,IN-STORE,26287.4,6496.85,49,Chennai,TS
ORD00506,CUST0279,2023-01-04,2023-01-09,Shipped,Wallet,online,14079.82,251.82,99,Surat,NSW
ORD00507,CUST0323,01-05-2023,2023-01-11,Pending,  COD,Online,5323.06,162.57,0,Toronto,WB
ORD00508,CUST0486,01-06-2023,2023-01-11,Delivered,  COD,In-Store,2665.17,980.51,0,Chennai,MH
ORD00509,CUST0129,2023-01-07,2023-01-13,Delivered,UPI,Mobile App,48891.07,15513.7,0,Toronto,DL
ORD00510,CUST0970,07/01/2023,2023-01-14,Cancelled,Debit Card,Online,22254.08,2886.79,149,London,MH
ORD00511,CUST0783,01-08-2023,2023-01-13,returned,  COD,online,30126.85,8961.59,199,Chennai,NY
ORD00512,CUST0157,09/01/2023,2023-01-12,Cancelled,UPI ,Mobile App,22571.68,4030.48,0,Mumbai,TS
ORD00513,CUST0469,01-10-2023,2023-01-13,Returned,Credit Card,IN-STORE,31976.6,3869.85,99,New York,DL
ORD00514,CUST0336,2023-01-10,2023-01-16,Returned,  COD,Online,13243.89,,199,Sydney,TN
ORD00515,CUST0678,11/01/2023,2023-01-15,returned,WALLET,IN-STORE,40988.2,6939.44,149,Pune,DL
ORD00516,CUST0484,2023-01-12,2023-01-15,Delivered,COD,Mobile App,3413.04,297.52,49,Hyderabad,TN
ORD00517,CUST0615,12/01/2023,2023-01-17,pending,Debit Card,In-Store,37943.29,7680.21,49,Jaipur,MH
ORD00518,CUST0276,2023-01-13,2023-01-16,SHIPPED,Credit Card,IN-STORE,47250.67,6918.47,49,Hyderabad,MH
ORD00519,CUST0810,2023-01-14,2023-01-21,returned,UPI ,Online,7450.38,1308.83,0,London,MH
ORD00520,CUST0056,2023-01-15,2023-01-16,pending,WALLET,IN-STORE,38723.76,3227.66,0,Surat,LDN
ORD00521,CUST0466,15/01/2023,2023-01-22,Pending,Debit Card,mobile app,16638.19,2451.06,99,London,GJ
ORD00522,CUST0744,16/01/2023,,Shipped,Debit Card,IN-STORE,11415.76,799.33,0,Pune,GJ
ORD00523,CUST0275,01-17-2023,2023-01-20,SHIPPED,credit card,Mobile App,18705.13,4115.06,99,Delhi,TS
ORD00524,CUST0028,18/01/2023,2023-01-25,Pending,Debit Card,In-Store,39875.14,382.26,149,Sydney,KA
ORD00525,CUST0228,01-18-2023,2023-01-23,Shipped,Debit Card,online,39755.99,13462.32,99,Sydney,MH
ORD00526,CUST0220,19/01/2023,2023-01-22,CANCELLED,COD,online,17334.31,4383.43,99,Kolkata,LDN
ORD00527,CUST0879,20/01/2023,2023-01-25,Cancelled,credit card,In-Store,46086.75,8978.73,199,Pune,GJ
ORD00528,CUST0960,01-20-2023,2023-01-27,Cancelled,COD,In-Store,246.58,1.29,49,Ahmedabad,ON
ORD00529,CUST0461,01-21-2023,2023-01-28,Cancelled,COD,In-Store,33253.78,5380.32,199,Sydney,KA
ORD00530,CUST0272,01-22-2023,2023-01-25,returned,credit card,IN-STORE,14405.3,5753.09,49,Mumbai,NY
ORD00531,CUST0265,23/01/2023,2023-01-25,Shipped,Debit Card,IN-STORE,13745.52,2636.46,0,Ahmedabad,NY
ORD00532,CUST0634,01-23-2023,2023-01-27,returned,Debit Card,Online,28166.39,7818.93,149,Surat,KA
ORD00533,CUST0643,24/01/2023,2023-01-28,Pending,WALLET,mobile app,6510.23,2110.26,49,Hyderabad,NY
ORD00534,CUST0595,01-25-2023,2023-01-30,returned,  COD,online,31882.4,,49,Chennai,TN
ORD00535,CUST0629,26/01/2023,,SHIPPED,Net Banking,online,21295.14,7263.7,99,Bangalore,GJ
ORD00536,CUST0944,2023-01-26,2023-01-29,returned,Credit Card,Online,28799.38,7439.57,149,Sydney,MH
ORD00537,CUST0993,2023-01-27,2023-01-30,Pending,WALLET,Mobile App,27935.73,2107.56,149,Delhi,WB
ORD00538,CUST0538,2023-01-28,2023-02-02,Shipped,UPI ,Online,37338.12,14785.11,149,London,ON
ORD00539,CUST0461,2023-01-29,2023-02-03,Delivered,Wallet,Online,7063.54,885.62,149,Jaipur,NSW
ORD00540,CUST0004,01-29-2023,2023-02-01,delivered,COD,Online,40584.26,14962.92,49,Chennai,LDN
ORD00541,CUST0619,30/01/2023,2023-02-01,Cancelled,UPI,Online,6768.61,1892.36,49,Mumbai,GJ
ORD00542,CUST0966,01-31-2023,2023-02-02,Delivered,COD,Online,2076.93,747.4,49,Bangalore,KA
ORD00543,CUST0236,31/01/2023,2023-02-05,pending,UPI ,In-Store,27730.96,9884.46,149,Hyderabad,NY
ORD00544,CUST0253,01/02/2023,2023-02-08,Shipped,Net Banking,IN-STORE,4779.99,1652.43,199,Bangalore,DL
ORD00545,CUST0624,2023-02-02,2023-02-09,Pending,  COD,Online,15291.01,,0,Kolkata,GJ
ORD00546,CUST0110,2023-02-03,2023-02-07,Pending,  COD,Mobile App,10643.31,3307.36,99,New York,WB
ORD00547,CUST0726,03/02/2023,2023-02-05,SHIPPED,Wallet,Mobile App,19833.1,2859.91,99,Hyderabad,ON
ORD00548,CUST0235,02-04-2023,2023-02-09,Delivered,UPI,IN-STORE,40696.45,1791.35,149,Kolkata,ON
ORD00549,CUST0403,05/02/2023,2023-02-07,Delivered,Net Banking,Online,19042.54,506.41,199,London,DL
ORD00550,CUST0766,06/02/2023,2023-02-07,CANCELLED,UPI ,Mobile App,45239.34,6901.57,199,Jaipur,LDN
ORD00551,CUST0993,06/02/2023,2023-02-12,Pending,UPI ,Mobile App,37920.89,9698.02,149,Toronto,RJ
ORD00552,CUST0630,2023-02-07,2023-02-09,Pending,COD,In-Store,44051.85,88103.7,99,Pune,ON
ORD00553,CUST0296,2023-02-08,2023-02-12,CANCELLED,  COD,mobile app,16236.48,6317.96,99,New York,ON
ORD00554,CUST0092,08/02/2023,2023-02-15,Cancelled,UPI ,In-Store,48940.61,16282.41,99,New York,GJ
ORD00555,CUST0191,09/02/2023,2023-02-11,pending,UPI ,online,12865.32,2826.9,149,Pune,ON
ORD00556,CUST0836,2023-02-10,2023-02-14,pending,Credit Card,Mobile App,26843.59,6148.93,99,London,RJ
ORD00557,CUST0646,2023-02-11,2023-02-17,Returned,Credit Card,online,11747.91,1187.44,99,Delhi,GJ
ORD00558,CUST0415,2023-02-11,2023-02-12,Pending,UPI ,IN-STORE,34818.25,5205.9,149,Surat,RJ
ORD00559,CUST0987,02-12-2023,,pending,  COD,In-Store,7525.96,279.35,99,Mumbai,GJ
ORD00560,CUST0308,02-13-2023,2023-02-19,Delivered,  COD,Online,26346.56,4916.87,99,Bangalore,LDN
ORD00561,CUST0073,14/02/2023,2023-02-19,delivered,Debit Card,Mobile App,34441.36,3988.49,199,London,RJ
ORD00562,CUST0005,2023-02-14,2023-02-16,Returned,UPI,IN-STORE,24827.8,4324.47,0,Mumbai,NSW
ORD00563,CUST0854,2023-02-15,2023-02-18,returned,Wallet,IN-STORE,26463.99,3958.76,0,Hyderabad,NSW
ORD00564,CUST0395,16/02/2023,2023-02-17,CANCELLED,Net Banking,Online,26842.09,10361.36,0,Delhi,GJ
ORD00565,CUST0018,02-16-2023,2023-02-19,delivered,UPI,Online,16296.17,6116.4,99,Sydney,GJ
ORD00566,CUST0230,2023-02-17,2023-02-20,pending,Wallet,Online,20686.38,5223.79,0,Toronto,WB
ORD00567,CUST0172,02-18-2023,2023-02-21,CANCELLED,Debit Card,mobile app,27484.75,1069.9,199,New York,GJ
ORD00568,CUST0437,2023-02-19,2023-02-23,CANCELLED,UPI,IN-STORE,16072.17,1936.33,99,Delhi,LDN
ORD00569,CUST0778,02-19-2023,2023-02-26,pending,Debit Card,online,20386.65,4468.07,0,Pune,GJ
ORD00570,CUST0829,20/02/2023,2023-02-27,Pending,  COD,Online,28951.48,2292.06,0,London,MH
ORD00571,CUST0462,02-21-2023,,CANCELLED,Credit Card,online,-500.0,2775.16,149,Hyderabad,NSW
ORD00287,CUST0360,22/02/2023,2023-02-24,Pending,  COD,Mobile App,9332.47,1874.72,99,Jaipur,DL
ORD00573,CUST0240,2023-02-22,2023-03-01,Delivered,UPI,online,16823.35,4679.41,99,Jaipur,TN
ORD00574,CUST0963,02-23-2023,2023-02-24,SHIPPED,UPI,mobile app,14486.5,-100.0,99,Mumbai,RJ
ORD00575,CUST0067,24/02/2023,2023-03-03,Cancelled,credit card,IN-STORE,24071.94,992.7,0,Toronto,GJ
ORD00576,CUST0720,02-25-2023,2023-03-04,Pending,UPI ,Online,28362.85,216.62,149,Pune,GJ
ORD00577,CUST0662,25/02/2023,2023-03-01,Pending,WALLET,Mobile App,42455.35,8818.94,49,Delhi,NY
ORD00578,CUST0570,02-26-2023,2023-03-02,CANCELLED,WALLET,mobile app,1964.18,778.77,49,Mumbai,DL
ORD00579,CUST0047,27/02/2023,2023-03-03,Delivered,Credit Card,mobile app,9291.04,654.46,99,Surat,KA
ORD00580,CUST0357,27/02/2023,2023-02-28,Shipped,WALLET,IN-STORE,4870.73,1292.21,199,Chennai,ON
ORD00581,CUST0501,2023-02-28,2023-03-06,Pending,credit card,IN-STORE,5782.2,480.47,199,Chennai,TN
ORD00582,CUST0948,03-01-2023,2023-03-07,SHIPPED,credit card,Online,5141.33,468.53,49,Hyderabad,GJ
ORD00583,CUST0971,2023-03-02,2023-03-09,returned,credit card,Mobile App,47772.31,2230.85,49,Kolkata,RJ
ORD00584,CUST0407,03-02-2023,,CANCELLED,Credit Card,online,12782.73,4256.16,149,Toronto,DL
ORD00585,CUST0248,03/03/2023,2023-03-06,Delivered,UPI,In-Store,10907.26,810.06,149,Pune,RJ
ORD00586,CUST0090,03-04-2023,,Returned,  COD,IN-STORE,30509.65,5225.65,0,London,GJ
ORD00587,CUST0702,2023-03-05,2023-03-09,Returned,credit card,mobile app,21559.42,1667.2,49,Chennai,TN
ORD00588,CUST0857,2023-03-05,2023-03-11,SHIPPED,Wallet,Online,29208.83,4166.46,149,Chennai,GJ
ORD00589,CUST0038,06/03/2023,2023-03-08,SHIPPED,Net Banking,online,23730.32,8589.53,49,Kolkata,GJ
ORD00590,CUST0084,03-07-2023,2023-03-14,delivered,  COD,online,31885.11,4598.13,199,Chennai,NY
ORD00591,CUST0028,2023-03-07,,CANCELLED,Net Banking,IN-STORE,20297.82,6287.43,99,Toronto,NY
ORD00592,CUST0547,08/03/2023,2023-03-10,returned,WALLET,IN-STORE,49093.64,7939.11,99,Chennai,ON
ORD00593,CUST0618,03-09-2023,2023-03-16,delivered,Wallet,online,24447.47,8773.96,49,Mumbai,KA
ORD00594,CUST0416,2023-03-10,2023-03-17,Pending,UPI ,online,32015.09,775.77,149,Pune,MH
ORD00595,CUST0660,03-10-2023,2023-03-16,Returned,Debit Card,mobile app,23689.35,9405.8,49,Ahmedabad,TS
ORD00596,CUST0341,2023-03-11,2023-03-12,pending,credit card,In-Store,34928.66,2225.01,149,London,RJ
ORD00597,CUST0303,2023-03-12,2023-03-16,SHIPPED,COD,online,46197.82,7277.2,99,Toronto,GJ
ORD00598,CUST0417,13/03/2023,2023-03-19,Delivered,credit card,online,28103.53,7854.85,149,Pune,TN
ORD00599,CUST0806,13/03/2023,2023-03-15,returned,  COD,In-Store,38317.03,8451.88,99,London,MH
ORD00600,CUST0097,2023-03-14,2023-03-19,SHIPPED,UPI,Online,10207.14,3718.6,149,Hyderabad,TS
ORD00601,CUST0170,03-15-2023,2023-03-21,Delivered,Debit Card,IN-STORE,14960.73,2027.21,0,Chennai,MH
ORD00602,CUST0330,16/03/2023,2023-03-23,SHIPPED,Credit Card,mobile app,32278.58,12059.43,49,Ahmedabad,DL
ORD00603,CUST0232,2023-03-16,2023-03-22,Returned,Credit Card,online,11307.82,1227.82,99,London,GJ
ORD00604,CUST0406,03-17-2023,2023-03-20,pending,Net Banking,Online,-500.0,3693.22,199,Sydney,TS
ORD00605,CUST0039,03-18-2023,2023-03-24,Pending,UPI ,Online,26966.16,3193.17,149,Mumbai,MH
ORD00606,CUST0398,2023-03-18,2023-03-20,Returned,Credit Card,In-Store,30460.08,10836.71,199,Mumbai,MH
ORD00607,CUST0954,03-19-2023,2023-03-25,delivered,WALLET,In-Store,4899.46,1686.28,199,Surat,LDN
ORD00608,CUST0296,20/03/2023,2023-03-22,Pending,Credit Card,online,39102.42,10257.01,149,Sydney,RJ
ORD00609,CUST0022,2023-03-21,2023-03-26,delivered,UPI ,In-Store,24905.43,2074.32,49,Jaipur,WB
ORD00610,CUST0063,2023-03-21,2023-03-22,pending,Credit Card,online,8385.7,2784.38,0,Hyderabad,RJ
ORD00611,CUST0288,22/03/2023,2023-03-28,Cancelled,Net Banking,Mobile App,30715.87,,199,Delhi,ON
ORD00612,CUST0452,2023-03-23,2023-03-30,pending,UPI ,In-Store,19391.21,2133.8,49,Kolkata,NSW
ORD00613,CUST0298,2023-03-24,2023-03-26,CANCELLED,  COD,mobile app,48954.38,7798.08,49,Toronto,DL
ORD00614,CUST0974,2023-03-24,2023-03-29,pending,Credit Card,In-Store,38685.72,6141.13,99,Hyderabad,NY
ORD00615,CUST0534,2023-03-25,2023-03-29,Returned,  COD,Online,37458.4,14855.93,49,Chennai,LDN
ORD00616,CUST0410,2023-03-26,2023-03-31,pending,  COD,Mobile App,17289.19,2804.03,49,Ahmedabad,ON
ORD00617,CUST0476,2023-03-26,2023-03-31,pending,credit card,IN-STORE,37427.76,8759.28,199,Ahmedabad,GJ
ORD00618,CUST0614,03-27-2023,2023-03-31,CANCELLED,credit card,online,10840.05,3558.4,99,Mumbai,NSW
ORD00619,CUST0308,2023-03-28,2023-04-04,CANCELLED,WALLET,IN-STORE,49674.45,2182.44,149,New York,LDN
ORD00620,CUST0898,2023-03-29,2023-04-05,Returned,Net Banking,IN-STORE,14677.37,2701.6,199,New York,TN
ORD00621,CUST0575,29/03/2023,2023-03-30,Delivered,UPI,online,1376.18,375.38,199,Bangalore,TS
ORD00622,CUST0388,30/03/2023,2023-03-31,pending,Credit Card,In-Store,30044.11,394.92,149,Delhi,DL
ORD00623,CUST0794,2023-03-31,2023-04-03,Delivered,UPI ,Mobile App,38690.53,426.21,149,Toronto,RJ
ORD00624,CUST0651,04-01-2023,2023-04-03,returned,Credit Card,Mobile App,30121.43,8812.1,0,Ahmedabad,RJ
ORD00625,CUST0652,04-01-2023,2023-04-07,Returned,WALLET,IN-STORE,11398.43,1240.95,99,Mumbai,NY
ORD00626,CUST0598,2023-04-02,2023-04-08,SHIPPED,  COD,online,21021.18,4053.15,49,Sydney,MH
ORD00627,CUST0836,03/04/2023,2023-04-09,delivered,Net Banking,Online,39748.84,4474.87,199,London,GJ
ORD00628,CUST0532,04-04-2023,2023-04-08,pending,COD,mobile app,4521.68,112.28,0,Hyderabad,GJ
ORD00629,CUST0606,04/04/2023,2023-04-09,pending,  COD,mobile app,10903.86,322.38,99,Ahmedabad,NY
ORD00630,CUST0279,05/04/2023,2023-04-09,pending,COD,Mobile App,20082.79,7834.86,199,Mumbai,WB
ORD00631,CUST0521,06/04/2023,2023-04-13,Delivered,WALLET,Mobile App,32918.95,10160.88,0,Delhi,ON
ORD00632,CUST0259,2023-04-06,2023-04-08,SHIPPED,UPI,mobile app,46142.77,16493.86,0,Sydney,TS
ORD00633,CUST0530,2023-04-07,2023-04-13,Shipped,credit card,online,44096.84,15049.65,0,Bangalore,LDN
ORD00634,CUST0072,2023-04-08,2023-04-10,Pending,UPI ,IN-STORE,1745.72,673.72,199,Pune,NY
ORD00635,CUST0479,04-09-2023,2023-04-10,returned,COD,In-Store,7304.54,2789.67,49,London,MH
ORD00636,CUST0013,04-09-2023,2023-04-12,CANCELLED,  COD,In-Store,46733.29,5652.17,99,London,TN
ORD00637,CUST0920,2023-04-10,2023-04-13,CANCELLED,UPI ,online,10555.54,833.81,149,Sydney,NY
ORD00638,CUST0666,04-11-2023,2023-04-18,returned,credit card,online,49220.06,1893.37,199,Surat,NY
ORD00639,CUST0253,2023-04-12,2023-04-18,pending,UPI,Online,19169.66,612.18,149,Bangalore,ON
ORD00640,CUST0416,04-12-2023,2023-04-18,Pending,WALLET,Online,4411.88,874.46,49,Jaipur,DL
ORD00641,CUST0828,2023-04-13,2023-04-19,CANCELLED,credit card,Online,4978.28,1357.77,0,New York,MH
ORD00642,CUST0110,14/04/2023,2023-04-15,Returned,Wallet,mobile app,23250.13,8067.16,49,Sydney,GJ
ORD00643,CUST0026,04-14-2023,2023-04-17,Pending,Credit Card,Mobile App,40169.91,1418.24,0,Toronto,ON
ORD00644,CUST0055,04-15-2023,2023-04-16,SHIPPED,UPI ,Mobile App,23022.89,5820.2,99,Chennai,MH
ORD00645,CUST0944,2023-04-16,2023-04-23,CANCELLED,COD,mobile app,34890.3,10782.6,199,Sydney,RJ
ORD00646,CUST0914,04-17-2023,2023-04-21,Delivered,COD,IN-STORE,42471.74,6260.38,149,Chennai,MH
ORD00647,CUST0467,2023-04-17,2023-04-18,returned,Wallet,Online,0.0,2894.7,0,New York,GJ
ORD00648,CUST0818,2023-04-18,,Pending,credit card,online,30771.84,1368.72,149,Sydney,TN
ORD00649,CUST0480,19/04/2023,2023-04-25,CANCELLED,Wallet,mobile app,14384.78,1435.62,49,Surat,GJ
ORD00650,CUST0005,20/04/2023,2023-04-21,Pending,UPI ,online,2489.47,707.0,0,London,DL
ORD00651,CUST0772,2023-04-20,2023-04-24,SHIPPED,UPI,In-Store,2664.82,636.16,149,Ahmedabad,ON
ORD00652,CUST0074,2023-04-21,2023-04-28,Shipped,credit card,mobile app,3414.82,748.35,99,Delhi,RJ
ORD00653,CUST0456,22/04/2023,2023-04-29,SHIPPED,UPI ,In-Store,8857.47,17714.94,99,Ahmedabad,NY
ORD00654,CUST0498,04-23-2023,2023-04-26,Returned,credit card,mobile app,18227.88,3547.57,0,New York,MH
ORD00655,CUST0973,04-23-2023,2023-04-24,Shipped,Wallet,online,27185.89,7664.1,99,Sydney,TN
ORD00656,CUST0979,24/04/2023,2023-04-26,pending,COD,Online,18008.51,2812.4,99,Sydney,NY
ORD00657,CUST0784,2023-04-25,2023-04-30,Delivered,Debit Card,IN-STORE,29934.43,11748.21,0,Jaipur,WB
ORD00658,CUST0883,04-25-2023,2023-04-29,Delivered,WALLET,online,31470.54,9195.3,149,Pune,LDN
ORD00659,CUST0228,04-26-2023,2023-04-30,delivered,  COD,IN-STORE,45859.03,3819.27,99,Kolkata,KA
ORD00660,CUST0670,27/04/2023,2023-04-28,Cancelled,UPI,Mobile App,7367.66,2919.13,149,Jaipur,MH
ORD00661,CUST0493,28/04/2023,2023-05-05,pending,  COD,online,7887.51,-100.0,99,Delhi,MH
ORD00662,CUST0321,28/04/2023,2023-05-01,Shipped,Debit Card,IN-STORE,43710.84,8329.73,0,Ahmedabad,TS
ORD00526,CUST0588,2023-04-29,2023-05-06,CANCELLED,UPI ,IN-STORE,,3593.17,49,Kolkata,NSW
ORD00664,CUST0930,04-30-2023,,SHIPPED,WALLET,mobile app,47790.47,8047.52,49,Surat,TS
ORD00665,CUST0318,2023-05-01,2023-05-05,Delivered,COD,IN-STORE,25646.37,51292.74,0,Ahmedabad,GJ
ORD00666,CUST0610,01/05/2023,,delivered,UPI ,mobile app,49025.23,8076.42,199,Pune,TN
ORD00667,CUST0203,05-02-2023,2023-05-05,SHIPPED,UPI ,mobile app,49414.95,15895.94,0,Mumbai,ON
ORD00668,CUST0829,03/05/2023,2023-05-04,SHIPPED,WALLET,IN-STORE,484.61,79.02,49,Pune,TN
ORD00669,CUST0207,05-03-2023,2023-05-04,CANCELLED,Wallet,online,17623.6,5588.4,49,Surat,GJ
ORD00670,CUST0836,04/05/2023,2023-05-09,CANCELLED,Credit Card,Online,7489.35,524.22,49,Delhi,KA
ORD00671,CUST0957,05-05-2023,2023-05-08,Delivered,Credit Card,Online,23605.02,8179.88,199,Ahmedabad,GJ
ORD00333,CUST0038,06/05/2023,2023-05-09,Cancelled,Net Banking,IN-STORE,29593.66,3517.62,0,London,DL
ORD00673,CUST0455,2023-05-06,2023-05-10,Shipped,COD,Mobile App,37590.33,4029.33,199,Chennai,NY
ORD00674,CUST0541,2023-05-07,2023-05-08,SHIPPED,Wallet,mobile app,44506.35,1811.94,0,London,GJ
ORD00675,CUST0106,08/05/2023,2023-05-10,SHIPPED,UPI,IN-STORE,1582.09,539.81,99,Toronto,MH
ORD00676,CUST0114,2023-05-09,2023-05-14,Returned,UPI,online,47189.59,17510.09,49,Surat,TS
ORD00677,CUST0954,09/05/2023,2023-05-10,pending,Credit Card,In-Store,6649.47,2196.03,149,Chennai,MH
ORD00678,CUST0907,05-10-2023,2023-05-11,returned,UPI,Mobile App,46806.81,6728.65,149,Mumbai,WB
ORD00679,CUST0076,2023-05-11,2023-05-13,delivered,credit card,IN-STORE,37982.63,7964.06,0,Toronto,TN
ORD00680,CUST0453,05-12-2023,2023-05-16,Shipped,UPI,online,42589.22,404.25,99,London,RJ
ORD00681,CUST0110,05-12-2023,2023-05-16,Pending,credit card,online,43349.42,16355.25,49,Delhi,MH
ORD00682,CUST0588,05-13-2023,2023-05-19,pending,WALLET,IN-STORE,43592.19,2201.36,199,Mumbai,NSW
ORD00683,CUST0721,2023-05-14,2023-05-19,returned,Net Banking,Mobile App,32823.75,3780.13,199,New York,WB
ORD00684,CUST0778,14/05/2023,,CANCELLED,Credit Card,In-Store,-500.0,9222.08,199,Pune,GJ
ORD00685,CUST0434,15/05/2023,2023-05-19,Cancelled,Net Banking,mobile app,-500.0,12501.61,49,London,MH
ORD00686,CUST0853,2023-05-16,2023-05-17,Shipped,UPI,In-Store,24936.32,9104.02,0,Pune,KA
ORD00687,CUST0054,2023-05-17,2023-05-19,Pending,credit card,online,27959.73,8646.37,49,Sydney,MH
ORD00688,CUST0038,17/05/2023,2023-05-23,Returned,COD,Mobile App,31066.2,11244.73,149,Surat,LDN
ORD00689,CUST0285,18/05/2023,2023-05-21,Pending,Wallet,Mobile App,12053.58,3473.83,199,Delhi,GJ
ORD00690,CUST0631,05-19-2023,2023-05-24,CANCELLED,UPI,online,16663.49,2154.01,99,Toronto,NY
ORD00691,CUST0025,05-20-2023,2023-05-25,delivered,Wallet,Online,29658.59,3630.94,0,Kolkata,DL
ORD00692,CUST0175,2023-05-20,2023-05-27,Cancelled,UPI ,In-Store,28838.04,8496.5,149,Surat,ON
ORD00693,CUST0945,2023-05-21,2023-05-27,delivered,Net Banking,online,31917.88,8802.57,99,Toronto,MH
ORD00694,CUST0096,05-22-2023,2023-05-28,Returned,Net Banking,In-Store,40070.03,6878.43,149,Jaipur,TN
ORD00695,CUST0275,2023-05-22,2023-05-27,Shipped,Credit Card,In-Store,16644.82,3060.63,49,Chennai,GJ
ORD00696,CUST0294,23/05/2023,2023-05-26,SHIPPED,WALLET,online,22258.2,384.9,149,Chennai,RJ
ORD00697,CUST0301,2023-05-24,2023-05-29,Delivered,Credit Card,online,4752.35,423.28,199,London,NY
ORD00698,CUST0089,05-25-2023,2023-05-31,Shipped,UPI ,online,27636.67,1547.8,49,New York,TS
ORD00699,CUST0968,2023-05-25,2023-05-26,returned,COD,mobile app,9803.12,2834.62,199,Delhi,KA
ORD00700,CUST0996,2023-05-26,2023-05-27,returned,Credit Card,online,42459.09,5023.1,99,Ahmedabad,MH
ORD00701,CUST0830,27/05/2023,,Shipped,credit card,Mobile App,42998.1,3101.88,0,Surat,NY
ORD00702,CUST0366,28/05/2023,2023-06-01,returned,Net Banking,IN-STORE,12095.38,681.4,99,Chennai,MH
ORD00703,CUST0343,28/05/2023,2023-05-31,CANCELLED,Wallet,online,337.89,4.31,0,Kolkata,MH
ORD00704,CUST0870,29/05/2023,2023-06-05,Returned,Debit Card,Mobile App,5619.49,744.01,49,Hyderabad,NY
ORD00705,CUST0607,30/05/2023,2023-05-31,CANCELLED,credit card,mobile app,5489.82,1173.89,99,New York,NY
ORD00706,CUST0434,2023-05-30,2023-06-01,Delivered,  COD,Mobile App,29289.46,337.35,49,Ahmedabad,MH
ORD00707,CUST0459,05-31-2023,2023-06-04,CANCELLED,Wallet,IN-STORE,19003.3,1232.57,49,Mumbai,LDN
ORD00708,CUST0287,01/06/2023,2023-06-06,pending,UPI,online,49837.79,4244.08,49,Jaipur,MH
ORD00709,CUST0233,02/06/2023,2023-06-06,Delivered,UPI,mobile app,30029.21,4310.23,49,Surat,ON
ORD00710,CUST0238,06-02-2023,2023-06-06,Shipped,COD,mobile app,26937.24,8732.3,199,London,TN
ORD00711,CUST0239,03/06/2023,2023-06-04,pending,UPI ,online,1110.76,367.95,199,Sydney,NY
ORD00125,CUST0682,2023-06-04,2023-06-08,Delivered,credit card,online,44099.14,10887.84,0,Hyderabad,MH
ORD00713,CUST0678,05/06/2023,2023-06-11,CANCELLED,UPI ,IN-STORE,14844.99,,49,London,TS
ORD00714,CUST0532,05/06/2023,2023-06-12,SHIPPED,Wallet,Mobile App,20422.82,4424.19,49,Hyderabad,TS
ORD00715,CUST0311,2023-06-06,2023-06-10,pending,Debit Card,IN-STORE,12112.82,853.19,149,Mumbai,ON
ORD00716,CUST0680,07/06/2023,2023-06-13,Shipped,UPI,mobile app,42936.05,14327.12,149,Kolkata,NSW
ORD00717,CUST0579,2023-06-08,2023-06-09,delivered,Wallet,Mobile App,17812.07,235.24,49,Pune,MH
ORD00718,CUST0748,08/06/2023,2023-06-11,Pending,  COD,online,7928.88,143.22,199,London,GJ
ORD00347,CUST0417,06-09-2023,2023-06-11,Delivered,Net Banking,mobile app,478.74,28.96,149,London,ON
ORD00720,CUST0719,10/06/2023,2023-06-11,pending,UPI ,Online,5401.52,517.16,49,Toronto,RJ
ORD00721,CUST0948,06-10-2023,2023-06-15,pending,WALLET,Mobile App,24521.51,4778.88,199,New York,LDN
ORD00722,CUST0351,2023-06-11,2023-06-16,Shipped,WALLET,Mobile App,1181.78,335.03,99,Hyderabad,GJ
ORD00723,CUST0384,2023-06-12,2023-06-15,Delivered,Credit Card,mobile app,9291.87,1265.6,99,Sydney,NY
ORD00724,CUST0963,06-13-2023,2023-06-16,pending,Credit Card,mobile app,37024.1,5241.09,199,Pune,WB
ORD00725,CUST0166,06-13-2023,2023-06-14,Returned,Wallet,In-Store,29010.42,7213.72,49,Sydney,GJ
ORD00726,CUST0235,14/06/2023,2023-06-15,Delivered,Net Banking,Mobile App,39003.84,11341.64,49,Bangalore,GJ
ORD00727,CUST0582,2023-06-15,2023-06-19,Returned,credit card,online,48122.42,12528.95,149,London,LDN
ORD00728,CUST0112,2023-06-16,2023-06-20,Cancelled,credit card,Mobile App,38442.14,4380.31,149,Pune,RJ
ORD00729,CUST0492,2023-06-16,2023-06-23,Cancelled,WALLET,Mobile App,41909.55,7442.09,0,Surat,NSW
ORD00730,CUST0795,17/06/2023,2023-06-22,SHIPPED,Net Banking,mobile app,17701.91,4798.49,0,Chennai,RJ
ORD00731,CUST0697,06-18-2023,2023-06-25,CANCELLED,Net Banking,Online,48704.34,8336.39,149,Sydney,RJ
ORD00732,CUST0028,18/06/2023,2023-06-23,returned,UPI,mobile app,17295.58,34591.16,149,Pune,ON
ORD00733,CUST0839,19/06/2023,2023-06-23,delivered,UPI ,mobile app,8090.04,280.05,99,Ahmedabad,GJ
ORD00734,CUST0217,2023-06-20,2023-06-23,pending,credit card,In-Store,33142.83,10567.97,199,Mumbai,KA
ORD00735,CUST0745,21/06/2023,2023-06-28,returned,Net Banking,Mobile App,3555.45,161.95,149,New York,NY
ORD00736,CUST0240,21/06/2023,2023-06-27,SHIPPED,Net Banking,Online,22145.77,3422.69,149,Ahmedabad,LDN
ORD00737,CUST0369,06-22-2023,2023-06-25,pending,COD,Mobile App,12379.11,748.53,149,Sydney,LDN
ORD00738,CUST0250,23/06/2023,2023-06-28,Pending,UPI,In-Store,7850.09,2728.71,149,Kolkata,KA
ORD00100,CUST0929,06-24-2023,2023-06-29,Returned,UPI,online,14295.75,2931.36,149,Sydney,ON
ORD00740,CUST0002,06-24-2023,2023-06-26,SHIPPED,  COD,online,4248.01,,199,Pune,DL
ORD00741,CUST0898,25/06/2023,2023-06-28,Shipped,Wallet,In-Store,46954.09,4598.52,99,Mumbai,ON
ORD00742,CUST0960,26/06/2023,2023-06-28,Delivered,credit card,IN-STORE,37641.84,8501.02,49,Surat,MH
ORD00743,CUST0776,27/06/2023,2023-07-01,delivered,UPI,mobile app,3750.16,214.81,149,Hyderabad,LDN
ORD00744,CUST0057,06-27-2023,2023-07-04,Shipped,  COD,Online,25160.02,3825.32,199,Kolkata,MH
ORD00745,CUST0319,06-28-2023,2023-07-04,Shipped,Net Banking,IN-STORE,37772.79,8089.01,99,Bangalore,GJ
ORD00746,CUST0633,2023-06-29,,Delivered,UPI ,mobile app,10165.1,2777.15,149,Sydney,ON
ORD00747,CUST0712,29/06/2023,2023-07-04,returned,UPI,Mobile App,49273.04,17649.93,199,Mumbai,KA
ORD00748,CUST0817,06-30-2023,2023-07-06,Delivered,Net Banking,mobile app,38969.27,10401.66,0,Ahmedabad,NY
ORD00749,CUST0600,2023-07-01,2023-07-06,Delivered,UPI ,mobile app,8267.01,1415.21,99,Jaipur,NY
ORD00750,CUST0598,07-02-2023,2023-07-08,pending,UPI,IN-STORE,39671.51,3496.31,99,New York,MH
ORD00751,CUST0185,07-02-2023,2023-07-07,Delivered,UPI,IN-STORE,9235.63,1033.1,99,Pune,TS
ORD00752,CUST0394,03/07/2023,2023-07-04,Shipped,Wallet,online,12520.47,4758.69,99,Kolkata,MH
ORD00753,CUST0642,2023-07-04,2023-07-05,pending,WALLET,Mobile App,37593.41,9226.85,149,Bangalore,ON
ORD00754,CUST0414,07-05-2023,2023-07-09,CANCELLED,Net Banking,In-Store,14745.91,2511.88,49,New York,ON
ORD00755,CUST0357,07-05-2023,2023-07-07,delivered,Debit Card,mobile app,,2127.74,0,London,GJ
ORD00756,CUST0220,06/07/2023,,Delivered,Credit Card,IN-STORE,15813.58,6063.39,199,Bangalore,TS
ORD00757,CUST0737,07/07/2023,2023-07-10,Pending,Net Banking,Mobile App,16416.85,3505.54,99,Ahmedabad,GJ
ORD00758,CUST0396,07-07-2023,2023-07-10,Delivered,Net Banking,Mobile App,33641.17,11658.25,49,Delhi,ON
ORD00759,CUST0735,07-08-2023,2023-07-14,delivered,UPI ,Online,35577.0,2551.91,49,Surat,DL
ORD00760,CUST0115,09/07/2023,2023-07-12,Delivered,Credit Card,In-Store,30733.06,7183.01,49,New York,DL
ORD00761,CUST0981,07-10-2023,2023-07-12,Pending,Credit Card,online,43336.99,1264.56,199,Sydney,ON
ORD00762,CUST0758,2023-07-10,2023-07-11,delivered,  COD,Mobile App,39150.77,5813.86,0,Bangalore,KA
ORD00763,CUST0629,2023-07-11,2023-07-14,Returned,WALLET,Mobile App,14706.1,2902.56,199,Kolkata,TS
ORD00764,CUST0490,12/07/2023,2023-07-19,returned,COD,IN-STORE,42744.62,11423.59,0,Mumbai,WB
ORD00765,CUST0664,2023-07-13,2023-07-15,pending,UPI,Online,24688.06,5601.6,49,Toronto,DL
ORD00766,CUST0852,2023-07-13,,Pending,Net Banking,online,-500.0,3837.26,149,Bangalore,LDN
ORD00767,CUST0468,2023-07-14,2023-07-16,Cancelled,COD,IN-STORE,26532.02,993.44,149,Sydney,GJ
ORD00768,CUST0242,15/07/2023,2023-07-16,returned,Credit Card,Online,47192.8,17886.02,49,New York,MH
ORD00769,CUST0107,2023-07-16,2023-07-18,Pending,Net Banking,Mobile App,44053.46,12218.94,199,New York,NY
ORD00770,CUST0466,16/07/2023,2023-07-19,Delivered,UPI ,In-Store,3295.16,1215.95,149,Kolkata,GJ
ORD00771,CUST0222,17/07/2023,2023-07-22,Shipped,Credit Card,IN-STORE,686.36,54.12,49,Toronto,RJ
ORD00772,CUST0985,18/07/2023,2023-07-20,Delivered,COD,In-Store,39212.78,12673.76,149,London,LDN
ORD00773,CUST0582,18/07/2023,2023-07-24,Pending,Net Banking,In-Store,-500.0,17461.8,49,Sydney,MH
ORD00774,CUST0890,19/07/2023,2023-07-20,returned,Net Banking,mobile app,36030.07,7465.32,199,Delhi,TS
ORD00775,CUST0311,20/07/2023,,pending,Net Banking,IN-STORE,40873.63,12641.97,199,Delhi,DL
ORD00776,CUST0782,07-21-2023,2023-07-26,delivered,Net Banking,Mobile App,10704.56,3635.76,199,Jaipur,MH
ORD00777,CUST0438,2023-07-21,2023-07-24,returned,Debit Card,online,25524.49,9581.94,199,Kolkata,LDN
ORD00778,CUST0712,07-22-2023,2023-07-25,returned,  COD,IN-STORE,37029.3,1270.76,49,Jaipur,TS
ORD00779,CUST0935,07-23-2023,2023-07-26,pending,  COD,In-Store,32041.74,3245.12,99,Sydney,RJ
ORD00780,CUST0159,2023-07-24,,Returned,Net Banking,In-Store,30009.76,288.42,99,Sydney,WB
ORD00781,CUST0280,07-24-2023,2023-07-29,pending,  COD,mobile app,35788.1,744.37,49,Mumbai,WB
ORD00782,CUST0519,2023-07-25,2023-07-28,delivered,COD,IN-STORE,38203.53,1430.06,199,London,GJ
ORD00783,CUST0508,2023-07-26,2023-08-02,Cancelled,Wallet,Online,41261.02,15994.81,0,Delhi,DL
ORD00784,CUST0735,07-26-2023,2023-08-01,returned,credit card,In-Store,14659.5,643.4,99,Mumbai,RJ
ORD00785,CUST0741,2023-07-27,2023-07-29,SHIPPED,Debit Card,online,34577.06,9798.89,0,Surat,WB
ORD00786,CUST0156,28/07/2023,2023-07-30,delivered,UPI,IN-STORE,47587.77,13966.98,199,Toronto,TS
ORD00787,CUST0952,2023-07-29,2023-08-04,returned,Wallet,online,1882.54,192.23,0,Chennai,TS
ORD00788,CUST0941,29/07/2023,2023-07-31,pending,UPI ,Mobile App,12175.32,1697.59,149,Kolkata,KA
ORD00789,CUST0201,07-30-2023,2023-08-04,Returned,  COD,mobile app,34386.47,11466.35,49,Sydney,WB
ORD00790,CUST0812,07-31-2023,2023-08-06,Returned,Credit Card,IN-STORE,13794.58,3563.01,149,Mumbai,KA
ORD00791,CUST0765,08-01-2023,2023-08-05,Pending,COD,Online,25333.72,1997.16,199,Surat,ON
ORD00792,CUST0832,08-01-2023,,delivered,UPI ,mobile app,20225.46,7535.17,149,New York,TS
ORD00793,CUST0574,08-02-2023,2023-08-09,Pending,Net Banking,Mobile App,0.0,7583.53,99,Delhi,TS
ORD00794,CUST0843,08-03-2023,2023-08-06,SHIPPED,UPI ,Online,44440.01,14048.55,0,Surat,NSW
ORD00795,CUST0358,2023-08-04,2023-08-09,returned,Debit Card,online,34726.35,8971.04,49,Hyderabad,GJ
ORD00796,CUST0867,04/08/2023,2023-08-11,Returned,WALLET,In-Store,4761.1,696.67,149,Sydney,MH
ORD00797,CUST0539,2023-08-05,2023-08-07,Pending,  COD,online,48890.52,2206.39,199,Surat,LDN
ORD00798,CUST0386,08-06-2023,2023-08-07,Delivered,Wallet,In-Store,19330.47,2754.58,199,Mumbai,TS
ORD00799,CUST0879,06/08/2023,2023-08-10,Returned,Debit Card,Online,20749.78,3954.83,0,Sydney,GJ
ORD00800,CUST0338,2023-08-07,2023-08-11,Shipped,UPI ,Mobile App,16708.69,6543.4,49,Jaipur,RJ
ORD00801,CUST0994,2023-08-08,2023-08-11,SHIPPED,credit card,Online,32216.83,863.07,99,Delhi,WB
ORD00802,CUST0678,09/08/2023,2023-08-10,Returned,WALLET,Mobile App,7582.56,1121.06,99,New York,GJ
ORD00803,CUST0250,08-09-2023,2023-08-16,Shipped,credit card,Online,28967.27,6874.13,199,Ahmedabad,DL
ORD00804,CUST0856,10/08/2023,2023-08-11,delivered,  COD,mobile app,20068.97,1140.13,149,Mumbai,DL
ORD00805,CUST0637,08-11-2023,2023-08-16,Cancelled,Credit Card,online,16824.04,291.49,99,Mumbai,ON
ORD00806,CUST0158,12/08/2023,2023-08-16,pending,credit card,In-Store,21323.59,,199,Sydney,MH
ORD00807,CUST0887,12/08/2023,2023-08-19,Returned,COD,In-Store,422.36,133.24,99,Chennai,DL
ORD00808,CUST0491,2023-08-13,2023-08-15,Delivered,Wallet,mobile app,23155.09,4436.42,149,Bangalore,RJ
ORD00809,CUST0675,08-14-2023,2023-08-16,delivered,Wallet,Mobile App,32402.71,3305.68,0,Ahmedabad,GJ
ORD00810,CUST0832,2023-08-14,2023-08-15,Shipped,COD,Online,35535.01,2339.72,49,London,GJ
ORD00811,CUST0398,2023-08-15,2023-08-18,Cancelled,COD,Mobile App,0.0,641.58,49,Kolkata,ON
ORD00812,CUST0567,2023-08-16,2023-08-18,Cancelled,UPI,Online,9603.13,3515.77,199,New York,MH
ORD00813,CUST0465,2023-08-17,,pending,Debit Card,Online,6340.58,1831.31,0,Bangalore,TN
ORD00814,CUST0680,2023-08-17,2023-08-20,returned,Wallet,mobile app,11265.64,3898.04,49,Jaipur,TN
ORD00815,CUST0095,18/08/2023,2023-08-19,Cancelled,UPI ,In-Store,23510.22,8650.39,0,Mumbai,KA
ORD00816,CUST0268,2023-08-19,2023-08-25,pending,  COD,online,14695.22,1875.34,149,Pune,MH
ORD00817,CUST0719,20/08/2023,2023-08-23,SHIPPED,Net Banking,Mobile App,-500.0,3121.28,0,Sydney,GJ
ORD00818,CUST0081,2023-08-20,2023-08-24,SHIPPED,UPI ,IN-STORE,2497.69,141.43,99,Toronto,ON
ORD00819,CUST0948,2023-08-21,2023-08-28,returned,WALLET,In-Store,14584.34,1263.62,0,New York,MH
ORD00820,CUST0982,08-22-2023,2023-08-25,returned,UPI,IN-STORE,42453.44,11746.69,149,New York,LDN
ORD00821,CUST0248,22/08/2023,2023-08-24,pending,credit card,online,30990.27,11502.59,149,London,TS
ORD00822,CUST0281,2023-08-23,2023-08-25,SHIPPED,COD,mobile app,29169.95,5539.22,149,Jaipur,NY
ORD00823,CUST0591,24/08/2023,,CANCELLED,Credit Card,IN-STORE,17558.36,2800.64,149,Ahmedabad,TS
ORD00824,CUST0206,2023-08-25,2023-08-27,Shipped,Wallet,online,30509.06,8313.86,199,Ahmedabad,TN
ORD00825,CUST0811,08-25-2023,2023-09-01,SHIPPED,Net Banking,In-Store,38971.04,250.63,199,Sydney,ON
ORD00826,CUST0128,26/08/2023,2023-08-28,Delivered,UPI,In-Store,46814.84,15722.78,49,Ahmedabad,ON
ORD00827,CUST0917,2023-08-27,2023-08-30,CANCELLED,UPI ,Mobile App,35661.06,2799.77,149,Sydney,MH
ORD00828,CUST0784,2023-08-28,2023-08-29,delivered,Net Banking,online,9196.72,3081.96,199,Ahmedabad,GJ
ORD00829,CUST0494,28/08/2023,,delivered,WALLET,online,0.0,13844.81,149,Toronto,TN
ORD00830,CUST0940,08-29-2023,2023-09-05,pending,credit card,Mobile App,33620.92,5666.25,0,Mumbai,KA
ORD00831,CUST0624,2023-08-30,2023-08-31,Shipped,  COD,mobile app,0.0,970.85,99,Delhi,TS
ORD00832,CUST0400,2023-08-31,2023-09-02,pending,  COD,online,3555.22,1008.03,49,Hyderabad,NSW
ORD00833,CUST0451,2023-08-31,,Returned,Wallet,Mobile App,1731.57,277.97,199,New York,WB
ORD00834,CUST0960,01/09/2023,2023-09-02,returned,WALLET,mobile app,13156.54,2466.73,99,Surat,NY
ORD00835,CUST0035,09-02-2023,2023-09-06,Delivered,Net Banking,online,45933.84,3735.49,99,Ahmedabad,WB
ORD00836,CUST0441,02/09/2023,2023-09-08,delivered,COD,online,10430.1,2052.63,0,Bangalore,ON
ORD00837,CUST0007,03/09/2023,2023-09-09,CANCELLED,UPI,mobile app,28565.71,5393.13,0,London,RJ
ORD00838,CUST0375,2023-09-04,2023-09-11,Returned,  COD,Online,48517.93,13796.18,149,Kolkata,GJ
ORD00839,CUST0373,09-05-2023,2023-09-11,returned,  COD,In-Store,-500.0,4742.06,49,Jaipur,GJ
ORD00840,CUST0573,05/09/2023,2023-09-12,SHIPPED,Net Banking,In-Store,49746.24,9846.87,49,Bangalore,NSW
ORD00841,CUST0657,2023-09-06,2023-09-11,CANCELLED,WALLET,In-Store,18306.87,5702.08,49,Delhi,GJ
ORD00842,CUST0104,09-07-2023,2023-09-14,CANCELLED,Credit Card,online,13267.09,4717.63,49,Delhi,NY
ORD00843,CUST0490,08/09/2023,2023-09-09,Shipped,Net Banking,In-Store,6513.93,6.81,0,Surat,TS
ORD00844,CUST0894,09-08-2023,2023-09-13,Returned,WALLET,IN-STORE,32925.67,273.82,149,Pune,GJ
ORD00845,CUST0235,09/09/2023,2023-09-11,Returned,UPI ,IN-STORE,33360.33,5030.61,0,Kolkata,ON
ORD00846,CUST0845,10/09/2023,2023-09-16,returned,WALLET,online,28017.97,3787.14,49,New York,ON
ORD00434,CUST0328,09-10-2023,2023-09-17,returned,WALLET,Mobile App,5815.63,2220.08,49,New York,NY
ORD00848,CUST0474,2023-09-11,2023-09-13,Delivered,UPI ,Online,34834.09,2760.91,49,Toronto,MH
ORD00849,CUST0623,2023-09-12,2023-09-19,CANCELLED,  COD,Mobile App,32807.19,2848.59,199,London,ON
ORD00850,CUST0129,09-13-2023,2023-09-16,Delivered,Net Banking,IN-STORE,10118.54,52.06,0,Surat,TN
ORD00851,CUST0122,09-13-2023,2023-09-16,Cancelled,Net Banking,In-Store,2715.52,891.51,199,Kolkata,NY
ORD00852,CUST0902,09-14-2023,2023-09-20,delivered,Debit Card,Online,26099.95,7591.1,99,Hyderabad,ON
ORD00853,CUST0735,2023-09-15,2023-09-19,CANCELLED,Wallet,mobile app,2338.26,492.65,49,Kolkata,MH
ORD00854,CUST0125,2023-09-16,2023-09-20,SHIPPED,Credit Card,IN-STORE,3317.0,721.45,199,Mumbai,TS
ORD00855,CUST0398,2023-09-16,2023-09-23,Pending,Net Banking,Mobile App,2623.56,776.15,0,Ahmedabad,ON
ORD00856,CUST0140,2023-09-17,2023-09-18,Returned,UPI,Online,31704.53,5290.33,0,Ahmedabad,TN
ORD00857,CUST0348,2023-09-18,2023-09-19,Delivered,Debit Card,Online,8602.64,3152.66,0,Chennai,RJ
ORD00858,CUST0026,09-19-2023,2023-09-20,delivered,WALLET,Online,7102.49,389.52,149,New York,DL
ORD00859,CUST0403,19/09/2023,2023-09-25,pending,  COD,Online,49208.69,14979.76,99,Pune,ON
ORD00860,CUST0715,09-20-2023,,Returned,Wallet,In-Store,49071.5,15096.43,0,Surat,GJ
ORD00861,CUST0831,2023-09-21,2023-09-25,Returned,WALLET,mobile app,,4408.14,0,Pune,GJ
ORD00862,CUST0602,21/09/2023,2023-09-24,delivered,credit card,online,0.0,12771.84,49,Kolkata,GJ
ORD00863,CUST0571,09-22-2023,2023-09-24,Delivered,Wallet,online,46500.44,11246.79,199,London,GJ
ORD00864,CUST0628,23/09/2023,2023-09-24,returned,Wallet,Online,4823.76,1127.85,0,Toronto,LDN
ORD00865,CUST0193,09-24-2023,2023-09-29,returned,Debit Card,online,21167.32,1970.94,149,Surat,RJ
ORD00866,CUST0957,24/09/2023,2023-09-26,returned,Credit Card,IN-STORE,1536.2,447.63,149,New York,GJ
ORD00867,CUST0898,09-25-2023,2023-10-02,CANCELLED,UPI,Online,34534.95,1357.83,149,Delhi,GJ
ORD00868,CUST0380,2023-09-26,2023-09-28,SHIPPED,Wallet,mobile app,6350.74,1348.31,49,Surat,KA
ORD00869,CUST0769,27/09/2023,2023-10-01,Cancelled,Credit Card,IN-STORE,0.0,9887.88,99,Sydney,TS
ORD00870,CUST0270,2023-09-27,2023-09-29,Pending,credit card,Mobile App,43966.98,13758.44,49,Bangalore,WB
ORD00871,CUST0403,2023-09-28,,Returned,credit card,Online,29647.01,2182.91,149,Bangalore,NSW
ORD00872,CUST0310,29/09/2023,2023-10-01,delivered,credit card,online,34587.38,154.86,49,Mumbai,GJ
ORD00873,CUST0411,29/09/2023,2023-10-01,Cancelled,  COD,Mobile App,47485.16,18794.83,99,Pune,KA
ORD00874,CUST0214,30/09/2023,2023-10-06,delivered,credit card,IN-STORE,32077.11,-100.0,199,Sydney,TS
ORD00875,CUST0840,10-01-2023,2023-10-07,Pending,Credit Card,Mobile App,29080.93,2813.14,99,Sydney,GJ
ORD00876,CUST0607,2023-10-02,2023-10-04,pending,credit card,IN-STORE,16240.6,4043.82,149,Sydney,MH
ORD00877,CUST0548,2023-10-02,2023-10-08,returned,UPI ,online,48729.12,16293.96,149,Delhi,TS
ORD00878,CUST0711,2023-10-03,2023-10-05,Shipped,Net Banking,online,-500.0,2112.14,199,Chennai,NSW
ORD00879,CUST0611,04/10/2023,2023-10-07,Shipped,COD,IN-STORE,45930.96,17291.91,99,Pune,RJ
ORD00880,CUST0459,2023-10-05,2023-10-08,Shipped,UPI ,mobile app,44607.89,13930.3,99,Kolkata,DL
ORD00881,CUST0016,10-05-2023,2023-10-09,Shipped,credit card,online,28625.69,10916.66,49,Chennai,DL
ORD00882,CUST0105,10-06-2023,,Delivered,UPI ,In-Store,17688.73,2805.3,0,Sydney,NY
ORD00883,CUST0962,07/10/2023,2023-10-08,CANCELLED,Debit Card,IN-STORE,32449.53,10922.69,99,London,TN
ORD00884,CUST0304,2023-10-08,2023-10-15,delivered,COD,In-Store,0.0,6306.23,0,Sydney,MH
ORD00885,CUST0679,10-08-2023,2023-10-12,Shipped,WALLET,In-Store,13561.51,3818.95,49,Surat,DL
ORD00886,CUST0644,10-09-2023,,CANCELLED,WALLET,Online,41780.01,8210.19,149,London,RJ
ORD00887,CUST0662,10/10/2023,2023-10-12,Returned,  COD,online,32163.77,9957.15,199,New York,WB
ORD00888,CUST0336,10/10/2023,2023-10-14,SHIPPED,credit card,Online,36581.21,2193.78,0,Ahmedabad,ON
ORD00889,CUST0370,10-11-2023,2023-10-13,SHIPPED,Net Banking,Mobile App,41797.1,604.03,99,Toronto,TS
ORD00890,CUST0498,10-12-2023,2023-10-18,CANCELLED,UPI,Mobile App,1245.59,329.62,199,Hyderabad,TN
ORD00891,CUST0006,10-13-2023,2023-10-19,returned,  COD,In-Store,8186.34,2786.57,149,London,KA
ORD00892,CUST0868,2023-10-13,2023-10-16,CANCELLED,WALLET,Mobile App,31736.0,-100.0,49,Jaipur,TN
ORD00893,CUST0895,14/10/2023,2023-10-18,delivered,Wallet,online,31983.04,253.47,49,Toronto,DL
ORD00894,CUST0237,2023-10-15,2023-10-17,returned,WALLET,mobile app,45244.46,11785.43,149,New York,NSW
ORD00895,CUST0614,10-16-2023,,Cancelled,Debit Card,Mobile App,28753.46,4180.52,149,Surat,TS
ORD00896,CUST0735,2023-10-16,2023-10-20,Pending,Credit Card,Mobile App,14485.19,144.17,99,Bangalore,MH
ORD00897,CUST0244,2023-10-17,2023-10-19,Shipped,Net Banking,mobile app,4691.88,1204.88,99,Pune,LDN
ORD00898,CUST0257,2023-10-18,2023-10-19,Cancelled,  COD,online,48055.45,7063.74,149,Mumbai,WB
ORD00899,CUST0678,10-18-2023,2023-10-24,delivered,Wallet,IN-STORE,12860.04,3705.55,199,Mumbai,NSW
ORD00900,CUST0136,2023-10-19,2023-10-24,returned,UPI,IN-STORE,18158.16,2207.52,99,Ahmedabad,MH
ORD00901,CUST0487,2023-10-20,2023-10-23,SHIPPED,COD,In-Store,3372.62,513.74,149,Pune,DL
ORD00902,CUST0713,21/10/2023,,Shipped,UPI,Mobile App,33166.73,5556.53,199,Delhi,RJ
ORD00903,CUST0861,10-21-2023,2023-10-24,CANCELLED,UPI ,Online,13456.63,1067.38,99,Kolkata,ON
ORD00904,CUST0102,10-22-2023,2023-10-28,Cancelled,credit card,Mobile App,33101.39,12271.73,199,Ahmedabad,DL
ORD00905,CUST0742,2023-10-23,2023-10-27,Delivered,UPI,mobile app,42748.33,14228.78,49,London,KA
ORD00906,CUST0554,10-24-2023,2023-10-30,pending,UPI,mobile app,0.0,1886.12,49,Hyderabad,GJ
ORD00907,CUST0405,10-24-2023,2023-10-28,Cancelled,Debit Card,mobile app,23690.84,4970.57,0,Toronto,MH
ORD00908,CUST0408,10-25-2023,2023-10-31,Returned,Wallet,In-Store,14607.31,929.42,149,London,GJ
ORD00909,CUST0977,2023-10-26,2023-10-27,CANCELLED,Wallet,online,11000.31,3648.23,99,Jaipur,DL
ORD00910,CUST0766,2023-10-27,2023-10-30,Delivered,WALLET,Online,36467.13,14540.42,99,Kolkata,NSW
ORD00911,CUST0598,10-27-2023,,Delivered,credit card,In-Store,1286.58,372.62,99,New York,GJ
ORD00912,CUST0989,10-28-2023,2023-11-02,Pending,Net Banking,online,49726.85,634.14,49,Ahmedabad,MH
ORD00311,CUST0155,2023-10-29,2023-10-31,Pending,UPI ,Online,8342.73,2745.53,0,Chennai,MH
ORD00914,CUST0371,2023-10-29,2023-11-04,SHIPPED,COD,mobile app,45896.52,13918.73,49,Pune,TN
ORD00915,CUST0330,2023-10-30,2023-10-31,Returned,Net Banking,online,22397.15,8194.48,149,Jaipur,TS
ORD00916,CUST0130,10-31-2023,2023-11-07,Pending,WALLET,IN-STORE,29555.5,3187.75,99,Delhi,TN
ORD00917,CUST0619,11-01-2023,2023-11-08,delivered,credit card,online,338.88,76.21,0,Jaipur,ON
ORD00918,CUST0854,11-01-2023,2023-11-02,returned,Net Banking,Mobile App,-500.0,3932.87,99,Bangalore,GJ
ORD00919,CUST0873,2023-11-02,2023-11-03,pending,WALLET,online,-500.0,3819.22,99,London,TS
ORD00920,CUST0665,2023-11-03,,Pending,WALLET,online,4801.24,402.76,49,Delhi,TN
ORD00921,CUST0057,11-04-2023,2023-11-07,Delivered,COD,Online,23253.36,2463.21,49,Ahmedabad,LDN
ORD00922,CUST0338,2023-11-04,2023-11-10,delivered,WALLET,online,31059.98,10342.18,99,London,NSW
ORD00923,CUST0025,2023-11-05,2023-11-12,delivered,Wallet,Online,36271.68,1459.14,49,Ahmedabad,KA
ORD00924,CUST0637,06/11/2023,2023-11-11,Returned,WALLET,mobile app,1556.71,618.8,49,Hyderabad,MH
ORD00925,CUST0947,06/11/2023,2023-11-09,CANCELLED,COD,mobile app,23089.88,2440.07,199,Jaipur,WB
ORD00926,CUST0178,2023-11-07,2023-11-14,Pending,Credit Card,IN-STORE,45314.92,14611.78,99,Ahmedabad,ON
ORD00927,CUST0399,11-08-2023,2023-11-11,returned,Net Banking,mobile app,18237.52,1630.03,49,Hyderabad,NY
ORD00928,CUST0055,11-09-2023,2023-11-10,CANCELLED,  COD,Online,17493.22,2394.62,0,Ahmedabad,GJ
ORD00929,CUST0008,09/11/2023,2023-11-16,pending,WALLET,In-Store,48842.28,15594.1,0,Ahmedabad,TS
ORD00930,CUST0050,11-10-2023,,CANCELLED,Wallet,IN-STORE,4011.78,1068.04,99,Surat,MH
ORD00931,CUST0683,11/11/2023,2023-11-13,Shipped,Wallet,In-Store,37814.36,3326.45,149,Chennai,NSW
ORD00932,CUST0083,11-12-2023,2023-11-16,returned,COD,In-Store,20952.16,3971.74,199,Pune,ON
ORD00933,CUST0803,11-12-2023,2023-11-16,Pending,credit card,mobile app,10069.84,1781.4,149,Sydney,ON
ORD00934,CUST0982,13/11/2023,2023-11-18,Shipped,Wallet,online,42308.22,11301.38,149,Surat,LDN
ORD00935,CUST0816,11-14-2023,2023-11-18,Returned,credit card,Online,36123.49,12563.58,49,Surat,MH
ORD00936,CUST0839,15/11/2023,2023-11-22,pending,Wallet,In-Store,5165.03,1556.24,0,New York,TN
ORD00937,CUST0114,15/11/2023,2023-11-22,Returned,Net Banking,IN-STORE,25607.08,51214.16,149,New York,WB
ORD00938,CUST0684,11-16-2023,2023-11-20,returned,Debit Card,Online,46652.17,7910.28,49,Pune,KA
ORD00939,CUST0790,2023-11-17,2023-11-20,CANCELLED,UPI ,In-Store,12100.9,3824.37,49,New York,MH
ORD00940,CUST0768,2023-11-17,2023-11-22,Returned,Credit Card,In-Store,47496.04,8280.02,149,Jaipur,DL
ORD00941,CUST0057,18/11/2023,2023-11-25,pending,  COD,online,1721.06,227.13,199,Hyderabad,NY
ORD00942,CUST0086,2023-11-19,2023-11-21,Returned,UPI ,online,45892.5,2295.41,149,Chennai,NY
ORD00772,CUST0838,20/11/2023,,SHIPPED,Net Banking,Mobile App,5087.92,352.58,49,Jaipur,KA
ORD00944,CUST0335,20/11/2023,2023-11-22,Delivered,Credit Card,Mobile App,38792.42,14271.85,199,Chennai,TN
ORD00945,CUST0435,11-21-2023,2023-11-23,Returned,Credit Card,IN-STORE,17273.4,6465.5,99,Pune,DL
ORD00946,CUST0076,2023-11-22,2023-11-25,Pending,UPI,mobile app,18527.94,6046.85,149,Kolkata,DL
ORD00947,CUST0426,11-23-2023,2023-11-28,returned,Debit Card,IN-STORE,34008.14,7522.29,49,Surat,NSW
ORD00948,CUST0073,11-23-2023,2023-11-30,Cancelled,Credit Card,IN-STORE,23621.89,7248.22,149,Surat,MH
ORD00949,CUST0867,24/11/2023,2023-12-01,pending,UPI,Mobile App,30520.73,-100.0,99,Surat,TS
ORD00950,CUST0600,2023-11-25,2023-12-02,Shipped,UPI ,mobile app,31472.67,2443.32,0,Ahmedabad,DL
ORD00951,CUST0471,11-25-2023,2023-11-30,pending,Net Banking,Online,32380.15,3221.59,199,Toronto,NY
ORD00602,CUST0198,11-26-2023,2023-11-29,CANCELLED,credit card,mobile app,4319.37,65.89,49,Delhi,DL
ORD00953,CUST0576,11-27-2023,2023-11-28,Returned,credit card,mobile app,24233.84,6574.19,0,Bangalore,DL
ORD00954,CUST0265,11-28-2023,2023-12-04,pending,Net Banking,In-Store,34197.66,1568.88,149,Pune,GJ
ORD00955,CUST0807,11-28-2023,,Pending,UPI,In-Store,39134.74,5318.13,0,Bangalore,NSW
ORD00956,CUST0259,2023-11-29,2023-12-03,Shipped,Wallet,online,8170.01,364.52,149,Toronto,MH
ORD00957,CUST0992,2023-11-30,2023-12-06,Returned,credit card,online,37207.6,10881.8,149,Mumbai,NY
ORD00958,CUST0790,2023-12-01,,SHIPPED,UPI ,IN-STORE,7920.87,1881.06,49,Sydney,KA
ORD00959,CUST0765,2023-12-01,2023-12-04,Shipped,Net Banking,online,39363.63,6969.78,149,Delhi,MH
ORD00960,CUST0639,12-02-2023,2023-12-04,pending,UPI,Online,38666.52,5552.28,199,Surat,WB
ORD00961,CUST0642,2023-12-03,2023-12-08,Pending,UPI,Mobile App,148.84,38.31,99,Chennai,MH
ORD00962,CUST0527,2023-12-03,2023-12-04,pending,Net Banking,mobile app,42040.33,1361.69,49,Mumbai,GJ
ORD00963,CUST0084,2023-12-04,2023-12-07,delivered,COD,IN-STORE,0.0,857.66,49,London,DL
ORD00964,CUST0143,05/12/2023,2023-12-07,CANCELLED,  COD,Online,40365.14,3940.22,149,Kolkata,TN
ORD00965,CUST0971,2023-12-06,2023-12-11,Delivered,UPI ,online,10731.04,4035.44,99,Hyderabad,LDN
ORD00966,CUST0090,06/12/2023,2023-12-11,Returned,COD,IN-STORE,15878.8,2539.12,149,Kolkata,WB
ORD00967,CUST0876,07/12/2023,2023-12-14,delivered,WALLET,Online,2471.45,8.41,49,New York,NY
ORD00968,CUST0237,2023-12-08,2023-12-14,Pending,Net Banking,Online,23015.99,3203.69,0,Surat,GJ
ORD00969,CUST0002,12-09-2023,,returned,WALLET,mobile app,12080.67,2048.71,199,Delhi,TN
ORD00970,CUST0049,09/12/2023,2023-12-14,Pending,Debit Card,online,12254.99,2693.45,49,Bangalore,MH
ORD00971,CUST0689,2023-12-10,2023-12-17,SHIPPED,credit card,mobile app,43580.24,5466.22,49,Kolkata,ON
ORD00972,CUST0758,11/12/2023,2023-12-13,pending,credit card,Mobile App,-500.0,635.6,49,Toronto,MH
ORD00973,CUST0570,2023-12-12,2023-12-19,SHIPPED,Credit Card,Online,27390.55,3962.45,49,Ahmedabad,MH
ORD00974,CUST0525,2023-12-12,2023-12-19,returned,Debit Card,Online,37037.58,10150.39,0,Delhi,NSW
ORD00975,CUST0144,13/12/2023,2023-12-19,CANCELLED,WALLET,online,26196.3,7582.94,149,Surat,KA
ORD00976,CUST0671,2023-12-14,2023-12-16,CANCELLED,Debit Card,Mobile App,11954.2,2703.28,0,Delhi,KA
ORD00977,CUST0783,14/12/2023,2023-12-20,returned,Credit Card,Online,0.0,14623.49,199,Surat,DL
ORD00978,CUST0198,15/12/2023,2023-12-21,pending,WALLET,online,35350.9,9163.18,149,Kolkata,NY
ORD00290,CUST0544,12-16-2023,2023-12-21,returned,Credit Card,Online,1254.42,64.93,99,Surat,TS
ORD00980,CUST0875,17/12/2023,2023-12-19,CANCELLED,COD,online,2612.67,495.25,0,Surat,TS
ORD00981,CUST0311,2023-12-17,2023-12-19,CANCELLED,  COD,IN-STORE,13522.81,1975.32,0,Chennai,KA
ORD00982,CUST0682,18/12/2023,2023-12-25,pending,  COD,In-Store,41913.7,-100.0,49,Chennai,NY
ORD00983,CUST0995,2023-12-19,2023-12-21,pending,credit card,IN-STORE,4138.26,182.3,199,Pune,NSW
ORD00984,CUST0385,12-20-2023,2023-12-27,delivered,credit card,mobile app,39947.52,4856.53,99,Chennai,WB
ORD00985,CUST0853,2023-12-20,2023-12-26,Returned,Credit Card,mobile app,23683.29,5843.48,99,New York,ON
ORD00986,CUST0587,2023-12-21,2023-12-27,Returned,UPI ,Mobile App,30041.99,5449.85,149,Mumbai,GJ
ORD00987,CUST0640,12-22-2023,2023-12-28,delivered,Net Banking,online,36744.64,11918.21,199,Chennai,NY
ORD00988,CUST0053,22/12/2023,2023-12-24,CANCELLED,UPI,IN-STORE,42338.22,4073.24,99,New York,TN
ORD00989,CUST0783,12-23-2023,2023-12-29,Returned,credit card,mobile app,20146.08,6681.9,149,Delhi,LDN
ORD00990,CUST0697,12-24-2023,2023-12-28,pending,COD,Mobile App,18675.54,3693.42,149,Chennai,ON
ORD00991,CUST0704,12-25-2023,,Returned,COD,IN-STORE,42618.42,8145.7,99,Toronto,MH
ORD00992,CUST0973,25/12/2023,2023-12-29,Shipped,UPI ,In-Store,36498.99,3174.18,99,Jaipur,NSW
ORD00993,CUST0912,12-26-2023,2023-12-27,Cancelled,  COD,Online,15166.1,4777.07,149,Ahmedabad,TN
ORD00994,CUST0936,12-27-2023,2024-01-02,Returned,WALLET,In-Store,36403.31,12.35,0,Jaipur,RJ
ORD00995,CUST0726,12-28-2023,,Delivered,Net Banking,Mobile App,38978.85,10667.7,49,Chennai,TS
ORD00996,CUST0840,12-28-2023,2024-01-02,Shipped,UPI ,IN-STORE,9359.88,1914.5,0,Mumbai,NY
ORD00997,CUST0575,12-29-2023,2024-01-05,returned,  COD,Mobile App,36882.39,-100.0,149,Pune,KA
ORD00998,CUST0874,2023-12-30,2024-01-04,Pending,Wallet,online,19476.08,2937.83,199,New York,MH
ORD00999,CUST0415,12-31-2023,2024-01-04,returned,WALLET,In-Store,24203.51,211.51,149,Kolkata,ON
ORD01000,CUST0490,2023-12-31,2024-01-04,Cancelled,Wallet,online,11643.2,131.83,199,Jaipur,WB
ORD01001,CUST0131,01-01-2024,2024-01-02,SHIPPED,COD,Mobile App,46034.65,4195.36,49,Bangalore,DL
ORD01002,CUST0202,01-02-2024,2024-01-06,Delivered,Debit Card,mobile app,17291.32,6747.28,49,Jaipur,DL
ORD01003,CUST0691,01-02-2024,2024-01-08,delivered,UPI ,Mobile App,47407.2,2154.46,49,Toronto,NSW
ORD01004,CUST0955,01-03-2024,2024-01-06,returned,credit card,mobile app,16558.54,1477.38,0,London,WB
ORD01005,CUST0224,04/01/2024,2024-01-06,SHIPPED,Credit Card,mobile app,18918.31,7087.87,49,London,DL
ORD01006,CUST0076,2024-01-05,2024-01-11,Pending,WALLET,Online,22637.96,1161.62,49,Toronto,NY
ORD01007,CUST0063,2024-01-05,2024-01-11,pending,Credit Card,Mobile App,9709.72,339.86,0,Ahmedabad,MH
ORD01008,CUST0271,06/01/2024,2024-01-12,delivered,WALLET,Mobile App,49446.18,7920.85,0,Pune,NY
ORD01009,CUST0682,07/01/2024,2024-01-12,Shipped,Net Banking,IN-STORE,33889.54,7127.92,199,Chennai,ON
ORD01010,CUST0269,2024-01-08,2024-01-13,returned,UPI ,In-Store,23905.51,2723.88,199,Chennai,GJ
ORD01011,CUST0542,01-08-2024,2024-01-15,Cancelled,Debit Card,online,15854.62,5897.02,49,Pune,GJ
ORD01012,CUST0128,09/01/2024,2024-01-13,Returned,credit card,In-Store,14030.05,4790.8,99,Sydney,LDN
ORD01013,CUST0506,01-10-2024,2024-01-15,SHIPPED,COD,IN-STORE,36914.69,8163.93,199,Pune,GJ
ORD01014,CUST0693,2024-01-10,2024-01-13,Cancelled,Wallet,Online,44580.15,167.86,0,Bangalore,TS
ORD01015,CUST0911,01-11-2024,2024-01-14,CANCELLED,  COD,IN-STORE,34267.1,13125.24,99,Kolkata,TS
ORD01016,CUST0967,01-12-2024,,returned,Debit Card,Online,49658.36,3974.98,0,London,LDN
ORD01017,CUST0478,13/01/2024,2024-01-19,Delivered,Credit Card,In-Store,47758.69,15909.43,149,Bangalore,KA
ORD01018,CUST0972,2024-01-13,2024-01-18,Shipped,COD,Online,37689.39,1558.17,199,Mumbai,WB
ORD01019,CUST0644,2024-01-14,2024-01-18,Pending,Wallet,online,24451.38,5482.52,0,Bangalore,ON
ORD01020,CUST0251,15/01/2024,2024-01-17,Returned,UPI ,IN-STORE,10641.83,3630.76,199,Surat,LDN
ORD01021,CUST0644,16/01/2024,2024-01-20,CANCELLED,Net Banking,IN-STORE,2772.24,588.16,49,New York,DL
ORD01022,CUST0423,16/01/2024,2024-01-17,Returned,COD,In-Store,10438.36,3437.55,149,Hyderabad,RJ
ORD01023,CUST0877,01-17-2024,2024-01-22,Returned,credit card,mobile app,17468.14,5557.28,49,Toronto,TS
ORD01024,CUST0923,2024-01-18,,pending,credit card,online,49185.11,3826.01,0,Jaipur,NSW
ORD01025,CUST0962,01-19-2024,2024-01-23,returned,WALLET,Mobile App,23563.3,8115.04,99,Ahmedabad,NSW
ORD01026,CUST0372,01-19-2024,2024-01-23,Cancelled,COD,In-Store,42409.45,5266.78,199,Hyderabad,MH
ORD01027,CUST0993,20/01/2024,2024-01-26,SHIPPED,COD,mobile app,33660.51,8097.06,99,Ahmedabad,MH
ORD01028,CUST0325,01-21-2024,2024-01-24,delivered,UPI ,Online,25225.76,3448.32,149,Jaipur,TN
ORD01029,CUST0743,2024-01-21,2024-01-26,SHIPPED,Net Banking,online,11797.56,2820.57,199,Delhi,GJ
ORD01030,CUST0430,01-22-2024,2024-01-29,Shipped,Net Banking,online,7742.11,2634.21,49,Delhi,ON
ORD01031,CUST0072,23/01/2024,2024-01-24,Shipped,  COD,mobile app,45547.72,14159.8,99,Bangalore,ON
ORD01032,CUST0621,2024-01-24,2024-01-27,delivered,UPI ,IN-STORE,3580.02,859.49,49,Jaipur,MH
ORD01033,CUST0142,01-24-2024,2024-01-30,SHIPPED,  COD,Mobile App,3431.77,1014.51,99,Bangalore,RJ
ORD01034,CUST0130,25/01/2024,2024-01-31,CANCELLED,Credit Card,mobile app,44911.71,16250.92,0,Kolkata,KA
ORD01035,CUST0074,01-26-2024,2024-01-27,SHIPPED,Wallet,IN-STORE,35362.75,5740.31,0,Surat,WB
ORD01036,CUST0791,27/01/2024,2024-02-03,Pending,UPI,IN-STORE,11740.22,2809.36,99,Sydney,RJ
ORD01037,CUST0544,2024-01-27,2024-01-30,Pending,  COD,Mobile App,36194.06,8033.04,99,New York,KA
ORD01038,CUST0561,2024-01-28,2024-02-04,Cancelled,WALLET,Mobile App,,231.12,49,Surat,LDN
ORD01039,CUST0140,01-29-2024,2024-02-04,Delivered,Credit Card,Mobile App,26113.69,7697.05,199,Chennai,NY
ORD01040,CUST0900,29/01/2024,2024-01-30,pending,Wallet,Online,34818.6,4259.76,199,Hyderabad,GJ
ORD01041,CUST0144,2024-01-30,2024-01-31,Delivered,credit card,IN-STORE,13950.5,4070.09,199,London,MH
ORD01042,CUST0022,2024-01-31,2024-02-02,SHIPPED,credit card,IN-STORE,43325.56,12176.53,149,Pune,MH
ORD01043,CUST0421,01/02/2024,2024-02-02,delivered,Wallet,mobile app,9490.31,2470.71,0,Delhi,RJ
ORD01044,CUST0219,01/02/2024,2024-02-06,returned,Debit Card,IN-STORE,3420.47,282.11,199,Ahmedabad,DL
ORD01045,CUST0769,2024-02-02,2024-02-03,Returned,  COD,Mobile App,22695.78,4341.42,49,Chennai,TS
ORD01046,CUST0084,2024-02-03,2024-02-06,CANCELLED,Net Banking,mobile app,35359.96,13785.02,49,Surat,NSW
ORD01047,CUST0539,04/02/2024,2024-02-07,Delivered,UPI ,IN-STORE,32352.33,9511.27,99,Bangalore,GJ
ORD01048,CUST0745,2024-02-04,2024-02-05,delivered,  COD,In-Store,43990.0,14771.59,49,Toronto,GJ
ORD01049,CUST0408,02-05-2024,2024-02-10,Cancelled,COD,Online,33718.1,3312.92,49,Bangalore,NSW
ORD01050,CUST0842,02-06-2024,,Shipped,UPI ,In-Store,819.36,292.2,0,Bangalore,NSW
ORD01051,CUST0295,07/02/2024,2024-02-10,SHIPPED,UPI ,In-Store,13495.93,1600.78,199,Surat,NY
ORD01052,CUST0125,02-07-2024,2024-02-12,Delivered,Debit Card,mobile app,33503.16,8954.1,49,Chennai,TS
ORD01053,CUST0493,02-08-2024,2024-02-14,Pending,WALLET,Online,41855.52,6158.72,199,Delhi,MH
ORD01054,CUST0394,02-09-2024,2024-02-10,Pending,  COD,online,35107.43,13172.03,0,Ahmedabad,KA
ORD01055,CUST0065,09/02/2024,2024-02-16,pending,  COD,mobile app,32902.76,65805.52,149,New York,ON
ORD01056,CUST0654,2024-02-10,2024-02-14,Returned,  COD,Mobile App,14321.86,1769.78,99,Ahmedabad,TN
ORD00693,CUST0645,2024-02-11,,Cancelled,Net Banking,online,,12691.99,149,Jaipur,KA
ORD01058,CUST0643,2024-02-12,2024-02-18,Cancelled,UPI ,Online,6798.33,2280.9,0,Kolkata,TN
ORD01059,CUST0999,12/02/2024,2024-02-19,Delivered,COD,mobile app,25477.69,8404.09,149,Pune,MH
ORD01060,CUST0736,2024-02-13,2024-02-18,Cancelled,Net Banking,Mobile App,41108.28,1160.88,49,Mumbai,RJ
ORD01061,CUST0229,02-14-2024,2024-02-17,pending,COD,In-Store,13431.67,4026.0,199,Toronto,MH
ORD01062,CUST0849,2024-02-15,2024-02-18,Pending,Wallet,online,47844.83,4628.74,149,Chennai,GJ
ORD01063,CUST0030,2024-02-15,2024-02-20,pending,Credit Card,IN-STORE,33231.86,13279.16,199,Surat,TN
ORD01064,CUST0160,02-16-2024,2024-02-18,Shipped,WALLET,IN-STORE,17414.01,1614.02,149,New York,NSW
ORD01065,CUST0195,02-17-2024,2024-02-23,CANCELLED,credit card,Online,41754.74,10440.56,199,Hyderabad,MH
ORD01066,CUST0424,17/02/2024,2024-02-21,SHIPPED,  COD,Online,33872.68,11323.97,49,New York,RJ
ORD01067,CUST0269,2024-02-18,2024-02-23,Pending,Wallet,mobile app,14094.09,3556.93,49,London,MH
ORD01068,CUST0783,02-19-2024,2024-02-20,Returned,WALLET,Mobile App,33700.04,6906.99,49,Toronto,LDN
ORD01069,CUST0120,02-20-2024,2024-02-24,Returned,Net Banking,In-Store,40317.08,10878.29,199,Sydney,TN
ORD00025,CUST0707,02-20-2024,,pending,  COD,In-Store,12941.98,2446.76,0,Ahmedabad,NY
ORD01071,CUST0643,2024-02-21,2024-02-27,delivered,Credit Card,mobile app,19124.32,6904.11,99,Pune,LDN
ORD01072,CUST0447,22/02/2024,2024-02-25,SHIPPED,credit card,Online,38824.7,5621.37,99,Sydney,NY
ORD01073,CUST0623,2024-02-23,2024-02-24,Cancelled,UPI,In-Store,28144.8,4319.88,199,Toronto,MH
ORD01074,CUST0245,23/02/2024,2024-02-26,Shipped,Wallet,IN-STORE,17241.92,3101.94,49,New York,NY
ORD01075,CUST0434,24/02/2024,2024-02-26,Shipped,Credit Card,IN-STORE,28923.12,4019.11,199,New York,KA
ORD01076,CUST0519,2024-02-25,2024-02-29,Pending,UPI,mobile app,40367.34,15964.41,199,Mumbai,RJ
ORD00361,CUST0194,02-26-2024,2024-02-29,Shipped,Net Banking,IN-STORE,24032.25,6071.08,0,Pune,RJ
ORD01078,CUST0325,02-26-2024,2024-03-01,Cancelled,Credit Card,online,45224.93,15803.84,149,Pune,MH
ORD01079,CUST0935,27/02/2024,2024-02-29,CANCELLED,  COD,online,30086.89,10103.26,149,Ahmedabad,MH
ORD01080,CUST0641,2024-02-28,2024-03-03,Delivered,WALLET,In-Store,22949.55,7367.43,199,London,MH
ORD01081,CUST0625,2024-02-28,2024-02-29,pending,WALLET,In-Store,29636.7,6978.88,99,New York,ON
ORD01082,CUST0606,29/02/2024,2024-03-05,CANCELLED,credit card,Online,22820.93,8531.02,99,Ahmedabad,GJ
ORD01083,CUST0068,01/03/2024,2024-03-03,Pending,COD,IN-STORE,20158.06,3042.18,149,London,MH
ORD01084,CUST0424,02/03/2024,2024-03-09,CANCELLED,credit card,In-Store,30603.4,3160.89,0,Ahmedabad,MH
ORD01085,CUST0868,2024-03-02,2024-03-03,pending,WALLET,In-Store,35043.98,11986.96,0,Toronto,NSW
ORD01086,CUST0474,03/03/2024,2024-03-05,CANCELLED,UPI,Mobile App,21718.19,447.31,99,Sydney,GJ
ORD01087,CUST0445,03-04-2024,2024-03-10,Delivered,COD,online,4131.6,1592.11,49,Surat,LDN
ORD01088,CUST0281,05/03/2024,,SHIPPED,Net Banking,Mobile App,47574.75,13622.06,149,Delhi,NY
ORD01089,CUST0016,05/03/2024,2024-03-08,SHIPPED,COD,Mobile App,,6949.34,99,Ahmedabad,RJ
ORD01090,CUST0857,06/03/2024,2024-03-09,Shipped,Net Banking,Online,36425.77,6154.17,0,Hyderabad,DL
ORD01091,CUST0250,03-07-2024,2024-03-14,delivered,Wallet,In-Store,33143.1,3456.95,49,Chennai,GJ
ORD01092,CUST0151,03-07-2024,2024-03-09,Returned,COD,Online,48485.87,7135.91,149,Delhi,NY
ORD01093,CUST0231,08/03/2024,2024-03-10,delivered,  COD,online,44158.88,17525.66,99,Bangalore,NY
ORD01094,CUST0801,2024-03-09,2024-03-14,returned,credit card,IN-STORE,32321.08,10104.08,149,New York,NSW
ORD01095,CUST0592,2024-03-10,2024-03-14,CANCELLED,WALLET,mobile app,47424.74,9190.39,99,Hyderabad,GJ
ORD01096,CUST0683,2024-03-10,2024-03-13,delivered,Wallet,IN-STORE,37494.56,3963.83,49,Chennai,ON
ORD01097,CUST0070,11/03/2024,2024-03-13,CANCELLED,UPI,Online,23634.28,6646.03,199,Hyderabad,TN
ORD01098,CUST0731,03-12-2024,2024-03-19,SHIPPED,Debit Card,Mobile App,22340.56,2686.79,0,New York,MH
ORD01099,CUST0586,03-13-2024,,SHIPPED,UPI,Mobile App,49018.85,13381.93,49,Pune,TS
ORD01100,CUST0752,2024-03-13,2024-03-17,Cancelled,Debit Card,Online,49949.7,8548.04,49,Chennai,ON
ORD01101,CUST0234,2024-03-14,2024-03-15,delivered,Wallet,In-Store,15112.64,6001.03,0,Pune,ON
ORD01102,CUST0675,2024-03-15,2024-03-21,SHIPPED,credit card,mobile app,12543.47,3245.37,199,Chennai,NSW
ORD01103,CUST0184,2024-03-15,2024-03-22,delivered,Credit Card,online,42986.63,14927.92,149,Jaipur,TS
ORD01104,CUST0352,03-16-2024,2024-03-20,Returned,Net Banking,In-Store,-500.0,3201.42,0,London,KA
ORD01105,CUST0144,17/03/2024,2024-03-24,Shipped,  COD,In-Store,7150.98,1571.13,149,Delhi,MH
ORD01106,CUST0808,03-18-2024,2024-03-23,CANCELLED,UPI ,Online,40344.97,10465.84,0,Delhi,KA
ORD01107,CUST0922,03-18-2024,2024-03-21,Delivered,Debit Card,Online,25235.38,3723.46,149,London,TS
ORD01108,CUST0547,03-19-2024,2024-03-25,Pending,Credit Card,In-Store,37973.44,740.83,49,Pune,LDN
ORD01109,CUST0153,20/03/2024,2024-03-22,CANCELLED,  COD,mobile app,2675.11,207.91,149,Ahmedabad,LDN
ORD01110,CUST0907,03-21-2024,2024-03-24,CANCELLED,  COD,IN-STORE,14134.82,3555.57,99,Pune,GJ
ORD01111,CUST0909,21/03/2024,2024-03-23,Pending,Credit Card,Mobile App,18938.25,5596.25,49,Mumbai,GJ
ORD01112,CUST0651,22/03/2024,2024-03-23,delivered,Net Banking,In-Store,33745.84,2032.03,49,Sydney,GJ
ORD01113,CUST0825,03-23-2024,2024-03-26,Pending,Wallet,Online,4529.99,1293.88,0,Surat,GJ
ORD01114,CUST0412,03-24-2024,2024-03-25,Shipped,COD,IN-STORE,6289.19,1123.25,99,Bangalore,TS
ORD01115,CUST0825,2024-03-24,2024-03-27,Pending,credit card,Mobile App,44318.48,3067.89,149,Ahmedabad,TS
ORD01116,CUST0466,03-25-2024,2024-04-01,CANCELLED,WALLET,Online,47165.73,8385.99,99,Bangalore,ON
ORD01117,CUST0934,26/03/2024,2024-03-29,CANCELLED,COD,Online,45096.27,9998.17,199,Mumbai,TS
ORD01118,CUST0105,26/03/2024,2024-03-30,SHIPPED,credit card,Mobile App,39199.48,15149.63,99,Surat,GJ
ORD01119,CUST0180,27/03/2024,2024-03-31,SHIPPED,credit card,In-Store,32538.16,12246.7,199,Hyderabad,WB
ORD01120,CUST0390,28/03/2024,2024-04-03,returned,Credit Card,In-Store,17771.67,1352.48,149,Jaipur,TS
ORD01121,CUST0910,2024-03-29,2024-04-01,Delivered,COD,Online,43473.72,16733.96,49,Mumbai,ON
ORD01122,CUST0617,03-29-2024,2024-04-04,delivered,WALLET,mobile app,27922.88,-100.0,99,London,GJ
ORD01123,CUST0247,03-30-2024,2024-04-02,returned,Credit Card,IN-STORE,21120.4,2996.49,99,Toronto,TN
ORD01124,CUST0473,31/03/2024,2024-04-01,Returned,Net Banking,In-Store,14972.57,455.35,149,Chennai,MH
ORD01125,CUST0598,01/04/2024,2024-04-07,SHIPPED,UPI ,mobile app,10477.25,2606.7,0,Kolkata,TS
ORD01126,CUST0267,04-01-2024,2024-04-05,returned,credit card,Online,2420.91,824.18,0,Surat,WB
ORD01127,CUST0620,02/04/2024,2024-04-09,returned,COD,mobile app,17917.71,3628.27,49,London,TS
ORD01128,CUST0867,2024-04-03,2024-04-04,CANCELLED,UPI ,online,17235.92,3621.84,99,Sydney,ON
ORD00897,CUST0640,03/04/2024,2024-04-08,Returned,COD,IN-STORE,12375.49,4721.65,49,Pune,MH
ORD01130,CUST0582,2024-04-04,2024-04-06,Pending,UPI ,In-Store,20639.73,8122.59,0,Ahmedabad,MH
ORD01131,CUST0329,2024-04-05,2024-04-09,CANCELLED,credit card,Online,23374.11,7998.31,199,New York,WB
ORD01132,CUST0866,2024-04-06,2024-04-12,CANCELLED,WALLET,Mobile App,36807.05,11998.11,199,Pune,MH
ORD01133,CUST0881,04-06-2024,2024-04-11,Pending,Debit Card,IN-STORE,41241.14,1283.37,199,Kolkata,WB
ORD01134,CUST0170,2024-04-07,2024-04-11,CANCELLED,Debit Card,Online,28428.06,8364.65,99,Bangalore,GJ
ORD01135,CUST0959,04-08-2024,2024-04-12,Returned,credit card,mobile app,5179.94,1837.29,199,Surat,RJ
ORD01136,CUST0191,2024-04-09,2024-04-16,pending,Debit Card,Online,39399.02,4360.4,149,Hyderabad,NSW
ORD01137,CUST0321,2024-04-09,2024-04-12,Delivered,UPI,IN-STORE,23572.15,4007.74,0,Chennai,RJ
ORD01138,CUST0190,10/04/2024,2024-04-15,delivered,UPI,In-Store,20477.3,3987.84,0,Chennai,KA
ORD01139,CUST0929,2024-04-11,2024-04-14,Pending,Debit Card,Online,29219.16,4673.84,149,Surat,WB
ORD01140,CUST0630,12/04/2024,2024-04-14,Delivered,Wallet,Mobile App,30744.09,9104.85,49,Delhi,TS
ORD01141,CUST0425,2024-04-12,2024-04-15,Cancelled,Credit Card,Mobile App,30059.9,4508.11,199,Kolkata,RJ
ORD01142,CUST0780,13/04/2024,2024-04-19,Shipped,Net Banking,IN-STORE,-500.0,10084.39,49,Jaipur,WB
ORD01143,CUST0264,14/04/2024,2024-04-21,Cancelled,WALLET,Mobile App,9378.2,1586.09,99,Kolkata,KA
ORD01144,CUST0265,14/04/2024,2024-04-20,Pending,credit card,mobile app,41924.98,11410.46,199,Sydney,LDN
ORD01145,CUST0309,04-15-2024,2024-04-16,returned,Wallet,online,7862.75,796.9,99,Toronto,NY
ORD01146,CUST0701,04-16-2024,2024-04-23,CANCELLED,Wallet,In-Store,26643.51,4008.21,99,Ahmedabad,GJ
ORD01147,CUST0533,17/04/2024,2024-04-23,CANCELLED,  COD,IN-STORE,12257.44,2705.28,0,Mumbai,MH
ORD01148,CUST0286,17/04/2024,2024-04-20,pending,credit card,Mobile App,25067.1,1681.1,149,Toronto,ON
ORD00889,CUST0779,18/04/2024,2024-04-19,Shipped,  COD,online,6497.29,488.54,199,Jaipur,MH
ORD01150,CUST0985,19/04/2024,2024-04-25,Pending,Debit Card,online,46508.15,13883.7,49,Jaipur,ON
ORD01151,CUST0255,2024-04-20,2024-04-25,Cancelled,WALLET,IN-STORE,25276.96,6522.87,99,Pune,TN
ORD01152,CUST0821,04-20-2024,2024-04-21,Pending,Credit Card,online,37411.17,10470.36,149,Pune,GJ
ORD01153,CUST0944,2024-04-21,2024-04-23,Delivered,Credit Card,In-Store,43239.92,8285.91,0,Mumbai,GJ
ORD01154,CUST0765,2024-04-22,2024-04-27,Cancelled,COD,IN-STORE,,1403.15,49,Kolkata,GJ
ORD01155,CUST0645,22/04/2024,2024-04-26,SHIPPED,Debit Card,IN-STORE,9860.21,3552.44,149,Surat,TN
ORD01156,CUST0440,23/04/2024,2024-04-26,SHIPPED,Wallet,mobile app,4018.89,337.65,199,Toronto,ON
ORD01157,CUST0786,24/04/2024,2024-04-25,CANCELLED,  COD,In-Store,18297.53,1228.04,0,Hyderabad,NSW
ORD01158,CUST0721,04-25-2024,2024-04-30,SHIPPED,WALLET,Mobile App,17251.99,4296.56,199,Chennai,RJ
ORD01159,CUST0748,04-25-2024,2024-04-26,Returned,Net Banking,mobile app,15249.07,5405.45,0,Toronto,MH
ORD01160,CUST0556,04-26-2024,2024-05-01,Pending,Net Banking,Mobile App,27744.63,4162.89,99,Surat,NY
ORD01161,CUST0446,27/04/2024,2024-04-29,pending,Net Banking,mobile app,48652.76,2152.44,149,New York,NSW
ORD01162,CUST0520,04-28-2024,2024-04-30,pending,Wallet,mobile app,10835.1,890.79,0,Hyderabad,TS
ORD01163,CUST0116,04-28-2024,2024-05-04,CANCELLED,UPI,Mobile App,38134.01,8724.14,199,Hyderabad,NY
ORD01164,CUST0894,2024-04-29,2024-05-05,SHIPPED,  COD,In-Store,36643.75,14551.27,199,Toronto,ON
ORD01165,CUST0996,04-30-2024,2024-05-04,Pending,credit card,IN-STORE,19320.46,2002.49,199,Delhi,WB
ORD01166,CUST0906,01/05/2024,2024-05-04,SHIPPED,credit card,Online,45744.92,1880.96,199,Mumbai,MH
ORD01167,CUST0119,01/05/2024,2024-05-05,CANCELLED,Credit Card,Mobile App,37253.68,3608.58,0,Toronto,GJ
ORD01119,CUST0077,05-02-2024,2024-05-09,delivered,Debit Card,Online,5170.08,130.94,99,London,DL
ORD01169,CUST0317,05-03-2024,2024-05-10,Pending,Net Banking,IN-STORE,14830.08,5873.58,99,Delhi,KA
ORD01170,CUST0802,05-03-2024,2024-05-08,pending,  COD,In-Store,12547.98,1668.08,99,Mumbai,DL
ORD01171,CUST0995,05-04-2024,2024-05-07,Pending,Wallet,online,47618.27,6109.0,0,Hyderabad,MH
ORD01172,CUST0228,05-05-2024,2024-05-08,CANCELLED,Wallet,In-Store,14911.94,2682.84,199,Bangalore,NSW
ORD01173,CUST0227,06/05/2024,2024-05-09,pending,Credit Card,mobile app,44695.8,11024.47,149,Sydney,TS
ORD01174,CUST0048,05-06-2024,2024-05-09,SHIPPED,Credit Card,In-Store,33215.83,4156.79,149,Ahmedabad,MH
ORD01175,CUST0437,2024-05-07,2024-05-12,Delivered,UPI,IN-STORE,21664.73,6493.46,99,Toronto,GJ
ORD01176,CUST0264,05-08-2024,2024-05-09,Cancelled,WALLET,In-Store,6072.0,1356.15,49,London,KA
ORD01177,CUST0025,2024-05-09,2024-05-13,Pending,Wallet,online,20389.82,5006.72,199,Surat,NSW
ORD01178,CUST0620,09/05/2024,2024-05-15,Delivered,UPI ,Mobile App,20907.1,5723.83,199,Ahmedabad,MH
ORD01179,CUST0725,05-10-2024,2024-05-16,CANCELLED,Net Banking,In-Store,1243.1,483.17,149,Hyderabad,TS
ORD01180,CUST0533,2024-05-11,2024-05-18,pending,  COD,IN-STORE,30831.39,212.98,199,Surat,ON
ORD01181,CUST0026,05-11-2024,2024-05-16,pending,Credit Card,Mobile App,12577.93,4025.25,0,Chennai,MH
ORD01182,CUST0329,05-12-2024,2024-05-19,CANCELLED,Debit Card,Online,41228.92,15255.61,49,Pune,LDN
ORD01183,CUST0576,2024-05-13,,Cancelled,Credit Card,IN-STORE,25011.15,9282.84,149,Hyderabad,TN
ORD01184,CUST0512,14/05/2024,2024-05-21,Returned,Debit Card,Mobile App,41799.34,9504.85,149,Sydney,GJ
ORD01185,CUST0491,14/05/2024,2024-05-17,pending,UPI,In-Store,9758.28,1057.76,199,Surat,WB
ORD01186,CUST0088,2024-05-15,2024-05-22,Shipped,COD,Mobile App,37313.19,166.01,199,Bangalore,MH
ORD01187,CUST0862,2024-05-16,2024-05-20,Delivered,Wallet,Mobile App,31743.83,11713.27,99,Delhi,DL
ORD01188,CUST0342,2024-05-17,2024-05-22,SHIPPED,UPI ,mobile app,27608.28,5034.26,49,Mumbai,ON
ORD01189,CUST0325,05-17-2024,2024-05-18,Pending,Debit Card,online,48012.14,12694.57,99,Delhi,WB
ORD01190,CUST0720,05-18-2024,2024-05-20,CANCELLED,  COD,mobile app,36777.3,3737.88,49,Sydney,MH
ORD01191,CUST0357,2024-05-19,2024-05-24,Cancelled,Debit Card,online,7322.93,1024.18,99,Jaipur,GJ
ORD01192,CUST0609,20/05/2024,2024-05-27,Cancelled,Wallet,IN-STORE,40588.96,5376.94,199,Toronto,NSW
ORD01193,CUST0692,2024-05-20,2024-05-25,Returned,  COD,IN-STORE,1251.09,465.28,199,Delhi,GJ
ORD01194,CUST0676,21/05/2024,2024-05-28,delivered,Credit Card,mobile app,2291.5,506.35,49,Jaipur,NSW
ORD01195,CUST0801,22/05/2024,2024-05-25,delivered,credit card,mobile app,13181.16,2206.57,99,Jaipur,NSW
ORD01196,CUST0711,2024-05-22,2024-05-28,pending,Debit Card,Online,13248.15,5058.78,149,New York,TN
ORD00347,CUST0058,05-23-2024,2024-05-30,Cancelled,WALLET,Mobile App,17119.16,4916.74,0,Surat,KA
ORD01198,CUST0790,05-24-2024,2024-05-29,delivered,COD,Mobile App,25183.56,7340.27,199,Kolkata,NSW
ORD01199,CUST0656,2024-05-25,2024-06-01,SHIPPED,WALLET,IN-STORE,34421.75,2812.09,0,Surat,NY
ORD01200,CUST0932,25/05/2024,,Pending,WALLET,Online,42065.78,7259.13,49,Surat,LDN
ORD01201,CUST0398,26/05/2024,2024-05-28,Cancelled,WALLET,In-Store,26589.07,9856.53,149,New York,TS
ORD01202,CUST0716,27/05/2024,2024-05-31,Pending,Debit Card,Online,21335.84,8385.29,199,Delhi,GJ
ORD01203,CUST0911,2024-05-28,2024-06-04,pending,Net Banking,IN-STORE,10379.58,2736.07,0,Chennai,MH
ORD01204,CUST0171,2024-05-28,2024-06-03,pending,credit card,Online,46381.17,15646.15,0,Bangalore,GJ
ORD01205,CUST0799,29/05/2024,2024-06-04,Delivered,Wallet,IN-STORE,39988.28,13886.11,199,Toronto,GJ
ORD01206,CUST0494,2024-05-30,2024-06-06,Delivered,Credit Card,online,24151.52,5691.27,149,Sydney,KA
ORD01207,CUST0544,05-30-2024,2024-05-31,Returned,Wallet,mobile app,,178.38,199,Sydney,WB
ORD01208,CUST0491,05-31-2024,2024-06-03,delivered,Wallet,mobile app,36079.45,3699.6,199,New York,KA
ORD01209,CUST0952,06-01-2024,,Cancelled,Debit Card,IN-STORE,16200.34,1593.41,49,Surat,MH
ORD01210,CUST0625,06-02-2024,2024-06-03,delivered,WALLET,Mobile App,15471.18,3645.76,0,Chennai,NY
ORD01211,CUST0054,2024-06-02,2024-06-09,CANCELLED,Debit Card,Mobile App,36580.74,14003.59,49,Pune,ON
ORD01212,CUST0176,2024-06-03,2024-06-05,delivered,WALLET,Mobile App,12044.49,1726.73,0,Ahmedabad,DL
ORD01213,CUST0945,06-04-2024,2024-06-06,returned,Net Banking,mobile app,10831.14,243.9,199,Pune,LDN
ORD01214,CUST0365,05/06/2024,2024-06-08,pending,WALLET,IN-STORE,32909.65,5184.5,0,Chennai,GJ
ORD01215,CUST0591,05/06/2024,2024-06-08,Cancelled,credit card,online,25575.59,5289.73,199,Jaipur,TS
ORD01216,CUST0101,06-06-2024,,Delivered,  COD,online,40003.78,6080.54,49,Hyderabad,TN
ORD01217,CUST0705,2024-06-07,2024-06-13,Pending,UPI ,Online,38737.49,14553.85,199,Toronto,DL
ORD01218,CUST0156,06-08-2024,2024-06-15,pending,Debit Card,mobile app,8026.63,2909.6,199,Jaipur,NY
ORD01219,CUST0017,06-08-2024,2024-06-14,Cancelled,  COD,Mobile App,5628.07,491.52,49,New York,WB
ORD01220,CUST0731,09/06/2024,,Pending,credit card,Online,44924.06,9240.69,149,Delhi,ON
ORD01221,CUST0748,2024-06-10,2024-06-13,Pending,UPI ,mobile app,47111.87,7960.12,149,Delhi,MH
ORD00050,CUST0273,10/06/2024,2024-06-12,CANCELLED,Debit Card,Mobile App,30579.51,4883.23,99,Delhi,TN
ORD01223,CUST0978,11/06/2024,2024-06-17,delivered,UPI ,IN-STORE,48680.94,14294.01,199,Pune,KA
ORD01224,CUST0400,06-12-2024,2024-06-16,pending,Credit Card,IN-STORE,16802.68,533.31,99,London,MH
ORD01225,CUST0977,13/06/2024,2024-06-15,Delivered,  COD,Mobile App,23931.04,8588.59,99,Ahmedabad,MH
ORD01226,CUST0242,2024-06-13,2024-06-15,Returned,Credit Card,IN-STORE,25197.02,6275.59,99,Mumbai,NY
ORD01227,CUST0480,06-14-2024,2024-06-20,Pending,COD,mobile app,13894.06,5374.04,0,Sydney,NSW
ORD01228,CUST0173,06-15-2024,2024-06-17,Returned,WALLET,Online,26375.51,7215.33,49,Chennai,TN
ORD01229,CUST0120,2024-06-16,2024-06-23,Delivered,UPI,mobile app,6102.99,1826.48,0,Hyderabad,LDN
ORD01230,CUST0423,06-16-2024,2024-06-17,Pending,WALLET,Mobile App,21277.6,2848.18,99,Ahmedabad,NY
ORD01231,CUST0183,06-17-2024,2024-06-20,delivered,Net Banking,mobile app,15982.85,4906.76,149,Pune,LDN
ORD01232,CUST0908,18/06/2024,2024-06-19,delivered,UPI,Online,20224.8,4282.71,149,Kolkata,ON
ORD01233,CUST0742,18/06/2024,2024-06-22,delivered,  COD,IN-STORE,45684.4,910.41,49,Mumbai,GJ
ORD01234,CUST0990,2024-06-19,2024-06-25,Returned,Wallet,IN-STORE,9265.9,3095.07,149,New York,TS
ORD01235,CUST0407,20/06/2024,2024-06-27,SHIPPED,Credit Card,In-Store,4384.49,1291.51,199,Delhi,TN
ORD01236,CUST0405,06-21-2024,2024-06-25,CANCELLED,UPI ,mobile app,8710.34,978.28,49,Sydney,NY
ORD01237,CUST0743,21/06/2024,2024-06-24,returned,Debit Card,Mobile App,39614.83,3406.34,199,Sydney,NY
ORD01238,CUST0024,2024-06-22,2024-06-23,Cancelled,WALLET,Mobile App,27709.53,6292.56,199,Kolkata,GJ
ORD01239,CUST0222,2024-06-23,2024-06-27,returned,credit card,online,34738.48,13268.95,199,Hyderabad,RJ
ORD01240,CUST0150,06-24-2024,2024-06-25,pending,Debit Card,mobile app,39702.33,3121.16,99,Sydney,RJ
ORD01241,CUST0195,06-24-2024,2024-06-26,pending,UPI,Mobile App,42731.18,14878.43,149,New York,TS
ORD01242,CUST0332,2024-06-25,,Delivered,WALLET,Online,44069.1,7035.75,149,Bangalore,TS
ORD01243,CUST0521,2024-06-26,2024-07-01,Returned,Net Banking,In-Store,13134.61,2189.95,0,Kolkata,KA
ORD01244,CUST0305,06-26-2024,2024-06-30,Shipped,Net Banking,Mobile App,44635.56,730.29,149,Bangalore,GJ
ORD01245,CUST0075,27/06/2024,2024-06-29,Shipped,UPI,Online,37412.16,14823.64,49,Hyderabad,RJ
ORD01246,CUST0549,06-28-2024,2024-06-29,SHIPPED,Debit Card,online,16704.62,1377.86,99,Sydney,GJ
ORD01247,CUST0816,29/06/2024,,pending,Net Banking,online,30005.11,1838.2,199,Pune,MH
ORD01248,CUST0007,06-29-2024,2024-07-05,CANCELLED,COD,IN-STORE,22277.93,5583.18,49,Pune,KA
ORD01249,CUST0180,2024-06-30,2024-07-01,CANCELLED,WALLET,Mobile App,2224.43,872.97,99,Hyderabad,NY
ORD01250,CUST0638,07-01-2024,2024-07-05,Shipped,Wallet,Mobile App,42504.6,11034.33,49,Kolkata,TN
ORD01251,CUST0328,02/07/2024,2024-07-08,delivered,UPI,Mobile App,33711.52,6121.86,99,Bangalore,WB
ORD01252,CUST0353,02/07/2024,2024-07-07,returned,UPI,IN-STORE,8019.87,585.11,99,Mumbai,DL
ORD01253,CUST0674,07-03-2024,2024-07-06,SHIPPED,Credit Card,mobile app,19943.48,5116.28,99,Bangalore,ON
ORD01254,CUST0635,04/07/2024,2024-07-05,Returned,WALLET,In-Store,22345.97,5448.04,0,Delhi,NSW
ORD01255,CUST0604,2024-07-05,2024-07-06,SHIPPED,COD,Mobile App,4201.09,1312.89,199,Sydney,GJ
ORD01256,CUST0582,07-05-2024,,pending,Credit Card,Mobile App,30396.78,786.35,149,Chennai,GJ
ORD01257,CUST0975,06/07/2024,,Cancelled,Credit Card,IN-STORE,28672.07,7890.47,99,Pune,TS
ORD01258,CUST0502,2024-07-07,2024-07-11,CANCELLED,Net Banking,IN-STORE,39059.55,5297.31,0,London,GJ
ORD01259,CUST0480,07/07/2024,2024-07-09,SHIPPED,UPI ,Online,27120.73,5641.26,49,Hyderabad,WB
ORD01260,CUST0789,07-08-2024,2024-07-15,delivered,Debit Card,Online,33181.88,6316.09,149,Toronto,LDN
ORD01261,CUST0233,07-09-2024,2024-07-12,SHIPPED,UPI ,IN-STORE,39028.58,9091.3,0,Kolkata,TS
ORD01262,CUST0739,10/07/2024,2024-07-11,returned,UPI ,mobile app,15219.32,3730.3,49,Surat,MH
ORD01263,CUST0467,07-10-2024,2024-07-12,Delivered,Wallet,In-Store,49201.13,8500.17,149,London,ON
ORD01264,CUST0994,2024-07-11,2024-07-12,Returned,  COD,mobile app,43005.19,13773.76,49,London,TS
ORD01265,CUST0939,07-12-2024,,Returned,  COD,In-Store,41520.41,4411.65,199,Bangalore,GJ
ORD01266,CUST0816,13/07/2024,2024-07-17,CANCELLED,Wallet,online,20305.28,7711.63,49,Bangalore,LDN
ORD01267,CUST0585,07-13-2024,2024-07-20,Returned,credit card,online,10604.4,2518.51,149,New York,LDN
ORD01268,CUST0201,07-14-2024,2024-07-15,SHIPPED,UPI,Mobile App,2482.16,122.19,99,Chennai,MH
ORD01269,CUST0617,2024-07-15,2024-07-20,pending,UPI ,Mobile App,42954.53,13169.85,199,Surat,LDN
ORD01270,CUST0851,15/07/2024,2024-07-20,Cancelled,COD,online,3680.65,1316.84,99,Hyderabad,GJ
ORD01271,CUST0368,16/07/2024,2024-07-23,Cancelled,  COD,online,8730.14,3291.56,149,Mumbai,MH
ORD00698,CUST0501,17/07/2024,2024-07-18,Pending,Credit Card,mobile app,12802.66,1143.28,99,Ahmedabad,NSW
ORD01273,CUST0874,2024-07-18,2024-07-25,Pending,credit card,online,24441.12,931.02,199,Sydney,GJ
ORD01274,CUST0593,18/07/2024,2024-07-23,returned,credit card,online,23432.89,5807.37,99,Sydney,LDN
ORD01275,CUST0324,19/07/2024,2024-07-21,Shipped,Debit Card,Mobile App,26866.69,10389.22,99,Delhi,RJ
ORD01276,CUST0782,2024-07-20,2024-07-24,Pending,Debit Card,Mobile App,33740.14,7855.69,99,Toronto,DL
ORD01277,CUST0355,2024-07-21,2024-07-22,Returned,UPI,IN-STORE,41659.93,6034.45,199,Ahmedabad,KA
ORD01109,CUST0070,21/07/2024,2024-07-28,CANCELLED,credit card,In-Store,2311.13,727.93,199,Chennai,GJ
ORD01279,CUST0578,07-22-2024,2024-07-23,returned,UPI,Mobile App,32049.72,9957.14,149,New York,LDN
ORD01280,CUST0985,23/07/2024,2024-07-30,delivered,Credit Card,Mobile App,36829.5,11595.38,99,Hyderabad,TN
ORD01281,CUST0659,24/07/2024,2024-07-31,delivered,Net Banking,mobile app,23304.2,2345.55,199,Chennai,LDN
ORD01282,CUST0836,2024-07-24,2024-07-26,CANCELLED,Credit Card,Online,35844.23,3648.73,149,Hyderabad,DL
ORD01283,CUST0150,2024-07-25,2024-07-30,pending,credit card,In-Store,40486.94,13288.06,49,Kolkata,GJ
ORD01284,CUST0261,07-26-2024,2024-07-27,pending,WALLET,In-Store,17530.04,2239.23,99,Kolkata,LDN
ORD01285,CUST0738,2024-07-26,2024-07-31,Delivered,Wallet,IN-STORE,10915.93,4099.28,99,Mumbai,NSW
ORD01286,CUST0463,07-27-2024,2024-08-02,Delivered,Debit Card,online,6220.79,63.2,199,Toronto,TS
ORD01240,CUST0276,07-28-2024,2024-07-30,SHIPPED,credit card,In-Store,3983.87,554.45,0,Surat,NY
ORD01288,CUST0699,2024-07-29,2024-08-02,Pending,Wallet,Mobile App,5332.52,1599.13,149,Pune,LDN
ORD01289,CUST0088,29/07/2024,,Cancelled,UPI ,mobile app,13558.55,181.38,199,Sydney,NSW
ORD01290,CUST0076,30/07/2024,2024-07-31,returned,Debit Card,IN-STORE,47213.55,5903.6,0,Hyderabad,NY
ORD01291,CUST0066,2024-07-31,,Returned,UPI,In-Store,5581.11,1781.77,199,Ahmedabad,ON
ORD01292,CUST0491,2024-08-01,2024-08-04,delivered,Debit Card,online,27528.89,8715.22,199,New York,KA
ORD01293,CUST0692,08-01-2024,2024-08-08,returned,Debit Card,IN-STORE,12574.34,5020.75,149,Mumbai,GJ
ORD01294,CUST0222,2024-08-02,2024-08-04,returned,  COD,online,43971.65,13993.25,199,London,LDN
ORD01295,CUST0401,03/08/2024,2024-08-05,Returned,credit card,IN-STORE,2983.87,152.88,199,New York,DL
ORD01296,CUST0987,2024-08-03,2024-08-04,Pending,Credit Card,Online,4360.2,372.59,99,Mumbai,RJ
ORD01297,CUST0945,2024-08-04,2024-08-10,SHIPPED,Debit Card,Online,30643.38,912.08,49,Kolkata,TN
ORD01298,CUST0467,2024-08-05,2024-08-06,Returned,  COD,online,42877.79,2829.39,99,Mumbai,KA
ORD01299,CUST0013,08-06-2024,2024-08-12,Delivered,Debit Card,Online,20318.91,5464.75,49,Toronto,NSW
ORD01300,CUST0224,06/08/2024,,pending,Debit Card,mobile app,36386.28,6026.24,0,Toronto,KA
ORD01301,CUST0728,07/08/2024,,SHIPPED,UPI,Mobile App,48166.95,3776.62,0,Chennai,NY
ORD01302,CUST0541,08-08-2024,2024-08-14,Delivered,Net Banking,Mobile App,33709.87,3078.75,99,Surat,TS
ORD01303,CUST0436,08-09-2024,2024-08-16,CANCELLED,WALLET,Mobile App,18301.4,5957.17,149,Jaipur,MH
ORD01304,CUST0152,2024-08-09,2024-08-14,returned,WALLET,IN-STORE,48718.04,6678.37,149,Sydney,KA
ORD01305,CUST0985,10/08/2024,2024-08-13,delivered,Net Banking,Mobile App,40507.93,15327.81,0,Delhi,TN
ORD01306,CUST0364,2024-08-11,2024-08-18,Cancelled,Net Banking,IN-STORE,38203.01,5964.87,199,Mumbai,GJ
ORD01307,CUST0403,2024-08-12,2024-08-13,Delivered,Credit Card,Mobile App,33643.74,12877.67,49,Ahmedabad,TN
ORD01308,CUST0981,08-12-2024,2024-08-17,Shipped,UPI,IN-STORE,8402.92,2913.25,149,Surat,WB
ORD01309,CUST0669,08-13-2024,2024-08-15,Pending,Wallet,mobile app,24512.67,6293.98,199,Toronto,NSW
ORD01310,CUST0475,14/08/2024,2024-08-19,Delivered,Wallet,mobile app,16724.02,4138.84,99,Pune,NY
ORD01311,CUST0884,2024-08-14,2024-08-19,Cancelled,WALLET,online,15991.81,6164.91,99,Delhi,KA
ORD01312,CUST0442,08-15-2024,2024-08-19,Cancelled,  COD,online,10817.03,1621.62,99,Kolkata,GJ
ORD01313,CUST0107,16/08/2024,2024-08-19,returned,UPI ,Mobile App,5557.83,216.88,199,Chennai,WB
ORD01314,CUST0106,08-17-2024,2024-08-21,CANCELLED,WALLET,mobile app,34844.52,1189.29,149,Pune,DL
ORD01315,CUST0165,2024-08-17,,Delivered,UPI,Online,48321.92,13281.75,49,Bangalore,GJ
ORD01316,CUST0374,18/08/2024,2024-08-25,Shipped,Credit Card,online,32438.59,7005.11,199,Delhi,WB
ORD01317,CUST0971,2024-08-19,2024-08-21,Cancelled,credit card,online,36141.62,7416.13,0,Hyderabad,NSW
ORD00097,CUST0569,20/08/2024,2024-08-27,CANCELLED,UPI,In-Store,43111.57,16194.42,99,New York,TS
ORD01319,CUST0299,08-20-2024,2024-08-26,pending,Net Banking,In-Store,1492.27,44.47,199,Toronto,LDN
ORD01320,CUST0748,21/08/2024,2024-08-22,Shipped,Debit Card,mobile app,13421.45,320.32,0,London,MH
ORD01321,CUST0871,08-22-2024,,SHIPPED,COD,IN-STORE,27130.96,9891.06,0,Delhi,ON
ORD01322,CUST0165,22/08/2024,2024-08-26,Pending,Wallet,Mobile App,43934.64,6939.79,99,London,NY
ORD01323,CUST0211,2024-08-23,2024-08-29,CANCELLED,WALLET,online,36642.5,154.88,149,Bangalore,TS
ORD01324,CUST0213,2024-08-24,,Cancelled,credit card,mobile app,5509.53,1197.69,149,Mumbai,MH
ORD01325,CUST0032,08-25-2024,2024-08-29,Cancelled,  COD,online,18721.51,3618.37,149,Bangalore,TS
ORD01326,CUST0816,08-25-2024,,delivered,  COD,Online,20860.2,7997.48,149,Bangalore,LDN
ORD01327,CUST0015,2024-08-26,,SHIPPED,WALLET,In-Store,26225.27,5414.42,199,Hyderabad,WB
ORD01328,CUST0557,08-27-2024,2024-08-30,CANCELLED,Debit Card,Mobile App,25100.09,8171.81,49,New York,MH
ORD01329,CUST0044,2024-08-28,2024-09-01,returned,Credit Card,Mobile App,33597.18,5202.49,99,Delhi,NY
ORD01330,CUST0371,28/08/2024,2024-09-03,Delivered,WALLET,IN-STORE,12909.46,2217.33,99,Ahmedabad,MH
ORD01331,CUST0408,08-29-2024,2024-09-01,delivered,credit card,In-Store,20123.77,-100.0,49,Pune,DL
ORD01332,CUST0980,08-30-2024,,CANCELLED,Debit Card,Mobile App,39824.63,9066.12,199,Kolkata,DL
ORD01333,CUST0256,31/08/2024,2024-09-04,Shipped,WALLET,Online,32294.13,2964.19,49,Delhi,KA
ORD01334,CUST0033,31/08/2024,,Delivered,credit card,In-Store,5813.18,2235.35,149,Kolkata,RJ
ORD01335,CUST0761,01/09/2024,2024-09-03,CANCELLED,  COD,online,3550.65,1226.22,199,Jaipur,WB
ORD01336,CUST0971,09-02-2024,,Delivered,Credit Card,online,49674.16,-100.0,149,Mumbai,TN
ORD01337,CUST0521,02/09/2024,2024-09-04,Shipped,COD,online,8840.06,3397.15,49,Surat,RJ
ORD01338,CUST0717,2024-09-03,2024-09-05,delivered,Wallet,Mobile App,45076.28,13137.49,99,Pune,DL
ORD01339,CUST0150,2024-09-04,2024-09-10,Cancelled,Credit Card,IN-STORE,272.02,18.96,149,Kolkata,DL
ORD01340,CUST0592,2024-09-05,2024-09-06,Cancelled,Wallet,mobile app,1351.69,382.71,149,Hyderabad,MH
ORD01341,CUST0988,09-05-2024,2024-09-12,pending,UPI,Online,622.18,215.23,199,New York,MH
ORD00007,CUST0171,2024-09-06,2024-09-12,Returned,Debit Card,online,18466.06,1704.72,199,Sydney,MH
ORD01343,CUST0644,2024-09-07,2024-09-13,Cancelled,Debit Card,Mobile App,41975.88,10725.31,0,Delhi,KA
ORD01344,CUST0259,2024-09-08,2024-09-10,delivered,UPI,Online,44280.94,5779.04,0,Jaipur,LDN
ORD01345,CUST0653,08/09/2024,2024-09-11,SHIPPED,Credit Card,In-Store,12760.69,2929.4,99,London,NSW
ORD01346,CUST0573,09-09-2024,2024-09-16,pending,Net Banking,In-Store,36746.79,4472.2,0,Pune,ON
ORD01347,CUST0143,10/09/2024,2024-09-17,Delivered,credit card,online,9550.98,2182.81,99,Hyderabad,KA
ORD01348,CUST0524,10/09/2024,2024-09-11,Pending,Credit Card,In-Store,35356.03,8008.3,0,Delhi,RJ
ORD01349,CUST0478,09-11-2024,2024-09-18,pending,  COD,mobile app,37942.51,9150.19,0,Chennai,LDN
ORD01350,CUST0229,2024-09-12,2024-09-16,pending,Debit Card,online,,11989.58,49,Chennai,GJ
ORD01351,CUST0985,13/09/2024,2024-09-16,Pending,credit card,online,45386.98,16216.8,99,New York,KA
ORD01352,CUST0931,13/09/2024,2024-09-14,CANCELLED,COD,Mobile App,46649.68,7127.83,99,Chennai,MH
ORD01353,CUST0859,2024-09-14,2024-09-21,pending,Debit Card,In-Store,27089.44,2512.37,199,Kolkata,GJ
ORD01354,CUST0886,15/09/2024,2024-09-18,Shipped,  COD,Online,22466.08,5019.96,0,Kolkata,ON
ORD01355,CUST0176,2024-09-16,2024-09-18,delivered,Credit Card,Mobile App,41653.14,-100.0,149,Pune,NY
ORD01356,CUST0819,2024-09-16,2024-09-22,SHIPPED,COD,Mobile App,11299.59,1467.13,199,London,TS
ORD01357,CUST0114,2024-09-17,2024-09-20,delivered,COD,Online,31787.62,10706.52,0,Toronto,NY
ORD01358,CUST0041,09-18-2024,2024-09-21,returned,credit card,mobile app,11893.08,1082.97,49,Mumbai,NY
ORD01359,CUST0910,2024-09-19,2024-09-25,SHIPPED,Credit Card,mobile app,37446.0,10822.83,149,Bangalore,MH
ORD01360,CUST0484,09-19-2024,,returned,  COD,In-Store,25043.64,50087.28,99,Jaipur,GJ
ORD01361,CUST0700,20/09/2024,2024-09-23,delivered,Debit Card,Mobile App,14117.22,3011.65,0,Pune,MH
ORD01362,CUST0734,21/09/2024,2024-09-28,pending,WALLET,Online,49162.63,14264.28,49,Surat,KA
ORD01363,CUST0535,2024-09-21,2024-09-25,returned,UPI ,online,49542.28,7669.48,99,Toronto,ON
ORD01364,CUST0538,2024-09-22,2024-09-28,Returned,Debit Card,mobile app,2668.07,634.31,199,Delhi,RJ
ORD01365,CUST0208,09-23-2024,2024-09-29,delivered,COD,Online,29028.1,10331.35,149,Pune,LDN
ORD01366,CUST0086,2024-09-24,2024-09-26,pending,Credit Card,Online,5464.38,1058.16,199,Kolkata,KA
ORD01367,CUST0176,24/09/2024,,delivered,  COD,Mobile App,22533.79,2613.29,99,London,GJ
ORD01368,CUST0652,25/09/2024,2024-09-30,returned,Net Banking,Mobile App,25635.63,8103.41,49,Toronto,ON
ORD01369,CUST0452,09-26-2024,,delivered,COD,Mobile App,10583.41,2145.93,99,Pune,WB
ORD01370,CUST0236,09-27-2024,2024-09-29,returned,credit card,Mobile App,37934.77,8800.41,199,Jaipur,GJ
ORD01371,CUST0734,27/09/2024,2024-10-04,returned,WALLET,IN-STORE,,6548.01,149,Delhi,GJ
ORD01372,CUST0438,09-28-2024,2024-10-03,delivered,Wallet,In-Store,29547.62,7061.4,149,Ahmedabad,ON
ORD01373,CUST0362,29/09/2024,2024-09-30,delivered,COD,Mobile App,,14566.66,149,New York,TS
ORD01374,CUST0781,2024-09-29,2024-10-04,Delivered,COD,Mobile App,44529.5,7819.97,99,Surat,KA
ORD01375,CUST0942,30/09/2024,2024-10-05,delivered,WALLET,Mobile App,10335.52,2335.83,149,Delhi,TN
ORD01376,CUST0298,2024-10-01,2024-10-03,delivered,Wallet,IN-STORE,23474.95,1725.29,149,New York,GJ
ORD01377,CUST0558,10-02-2024,2024-10-06,Cancelled,Credit Card,Mobile App,2853.19,499.66,49,Pune,TN
ORD01378,CUST0358,10-02-2024,2024-10-05,SHIPPED,credit card,Mobile App,27739.54,4654.06,49,London,MH
ORD01379,CUST0153,10-03-2024,2024-10-07,Pending,Credit Card,online,27028.0,9740.96,49,Ahmedabad,LDN
ORD01380,CUST0189,10-04-2024,2024-10-08,returned,WALLET,In-Store,9710.36,3657.47,49,Jaipur,TS
ORD01381,CUST0003,10-05-2024,2024-10-11,Shipped,Wallet,Online,30877.45,-100.0,99,Bangalore,TN
ORD01382,CUST0484,2024-10-05,2024-10-09,pending,  COD,online,40738.33,14496.28,149,Surat,ON
ORD01383,CUST0137,2024-10-06,2024-10-07,Shipped,Credit Card,IN-STORE,35415.13,9633.64,0,Mumbai,TN
ORD01384,CUST0007,07/10/2024,2024-10-10,Returned,credit card,mobile app,6612.69,902.03,199,London,NSW
ORD01385,CUST0066,2024-10-07,2024-10-12,CANCELLED,UPI,In-Store,7114.68,869.47,49,Pune,NY
ORD01386,CUST0632,08/10/2024,2024-10-15,delivered,UPI ,In-Store,35798.58,695.35,149,Bangalore,GJ
ORD01387,CUST0460,2024-10-09,2024-10-14,Returned,COD,Mobile App,26600.02,8810.22,99,London,TN
ORD01388,CUST0866,2024-10-10,2024-10-14,Shipped,Wallet,mobile app,47359.38,4648.97,0,Toronto,LDN
ORD01389,CUST0024,10-10-2024,2024-10-12,CANCELLED,credit card,online,38256.97,7961.77,0,Hyderabad,ON
ORD01390,CUST0564,11/10/2024,,Cancelled,credit card,mobile app,48157.97,17423.83,199,Surat,KA
ORD01391,CUST0303,10-12-2024,2024-10-18,returned,WALLET,online,48723.88,7994.56,99,Bangalore,LDN
ORD01392,CUST0142,10-13-2024,2024-10-20,delivered,  COD,online,40055.65,7685.42,149,Bangalore,GJ
ORD01393,CUST0558,2024-10-13,2024-10-17,Pending,Net Banking,IN-STORE,22386.84,3554.02,49,Delhi,RJ
ORD01394,CUST0482,10-14-2024,2024-10-20,delivered,WALLET,Online,47552.67,3210.45,49,Sydney,TN
ORD01395,CUST0260,2024-10-15,2024-10-22,Pending,  COD,IN-STORE,1805.71,649.57,199,Surat,GJ
ORD01396,CUST0850,2024-10-16,2024-10-19,delivered,Wallet,IN-STORE,28053.11,10822.42,49,Sydney,WB
ORD01397,CUST0690,10-16-2024,2024-10-20,Pending,WALLET,Mobile App,33125.47,7154.38,149,Delhi,ON
ORD01398,CUST0072,2024-10-17,2024-10-22,Delivered,Credit Card,Online,8058.03,2854.31,149,New York,LDN
ORD01399,CUST0448,2024-10-18,2024-10-23,pending,UPI ,Mobile App,3906.8,1252.42,99,New York,GJ
ORD01400,CUST0699,18/10/2024,2024-10-21,CANCELLED,COD,mobile app,8766.69,2866.48,149,Delhi,KA
ORD01401,CUST0734,2024-10-19,2024-10-21,CANCELLED,UPI,IN-STORE,15554.5,714.61,0,New York,DL
ORD01402,CUST0165,2024-10-20,,Pending,WALLET,Online,,5499.38,149,Hyderabad,NSW
ORD01403,CUST0502,2024-10-21,2024-10-23,Shipped,COD,Online,2162.24,455.86,99,Bangalore,MH
ORD01404,CUST0628,21/10/2024,2024-10-27,SHIPPED,Debit Card,IN-STORE,46955.94,2763.63,49,Surat,DL
ORD01405,CUST0715,2024-10-22,,delivered,COD,online,280.96,81.27,149,Surat,MH
ORD01406,CUST0441,23/10/2024,2024-10-24,Shipped,UPI,mobile app,13652.39,2175.37,199,Surat,MH
ORD01407,CUST0781,2024-10-24,,Shipped,WALLET,Online,43257.93,1179.22,99,Hyderabad,KA
ORD01408,CUST0910,2024-10-24,2024-10-29,returned,Credit Card,Mobile App,23376.73,6080.14,0,Jaipur,WB
ORD01409,CUST0215,2024-10-25,2024-11-01,Pending,COD,In-Store,20347.11,5538.86,149,Delhi,MH
ORD01410,CUST0645,10-26-2024,2024-10-30,Shipped,WALLET,Online,2634.96,914.56,149,Hyderabad,GJ
ORD01411,CUST0406,10-26-2024,2024-10-27,Returned,Wallet,online,38373.41,4487.46,199,Delhi,GJ
ORD01412,CUST0335,2024-10-27,2024-11-01,delivered,UPI ,Online,10162.99,2328.81,99,Hyderabad,ON
ORD01413,CUST0068,10-28-2024,2024-10-29,pending,UPI ,Mobile App,45114.13,12429.75,49,Mumbai,KA
ORD01414,CUST0161,2024-10-29,2024-11-02,Returned,credit card,Mobile App,622.24,12.19,0,Toronto,DL
ORD01415,CUST0640,2024-10-29,2024-11-03,Returned,UPI,mobile app,48893.38,3002.62,49,Delhi,TS
ORD01416,CUST0749,2024-10-30,2024-11-03,delivered,Wallet,online,37102.18,7888.29,199,Chennai,TN
ORD01417,CUST0749,10-31-2024,2024-11-06,Pending,Net Banking,IN-STORE,23069.14,882.66,0,Sydney,NY
ORD01418,CUST0336,2024-11-01,2024-11-03,Delivered,  COD,Mobile App,24867.94,,149,Jaipur,NY
ORD01419,CUST0362,2024-11-01,2024-11-05,Cancelled,COD,In-Store,17584.84,4019.59,0,Pune,TS
ORD01420,CUST0340,11-02-2024,2024-11-08,Delivered,UPI ,Online,27530.46,7938.36,49,London,LDN
ORD01421,CUST0094,11-03-2024,2024-11-09,Pending,credit card,mobile app,48479.62,8725.62,0,London,RJ
ORD01422,CUST0701,11-04-2024,,pending,credit card,mobile app,42564.73,12836.69,199,Kolkata,WB
ORD01423,CUST0727,2024-11-04,2024-11-09,SHIPPED,WALLET,IN-STORE,45483.61,6252.56,99,Surat,GJ
ORD01424,CUST0020,05/11/2024,2024-11-08,returned,Debit Card,online,3958.53,1333.74,199,Surat,NY
ORD01425,CUST0019,2024-11-06,2024-11-13,Returned,WALLET,IN-STORE,30116.94,11728.69,149,Chennai,ON
ORD01426,CUST0980,11-06-2024,2024-11-10,pending,Wallet,In-Store,15204.93,5225.7,99,Surat,WB
ORD01427,CUST0373,07/11/2024,2024-11-11,Cancelled,Net Banking,In-Store,40554.06,13410.84,199,Delhi,ON
ORD01428,CUST0907,2024-11-08,2024-11-09,Delivered,Credit Card,online,17356.77,553.53,199,Hyderabad,NSW
ORD01429,CUST0083,11-09-2024,2024-11-14,CANCELLED,Debit Card,IN-STORE,15088.92,3471.08,149,Sydney,MH
ORD01430,CUST0034,2024-11-09,2024-11-11,CANCELLED,credit card,online,46207.81,8026.17,149,Bangalore,TN
ORD01431,CUST0526,2024-11-10,2024-11-16,Pending,COD,Online,12968.36,992.18,99,Kolkata,NSW
ORD01432,CUST0118,11/11/2024,2024-11-12,Returned,UPI ,IN-STORE,43010.4,10711.93,149,Pune,GJ
ORD00909,CUST0634,11-12-2024,2024-11-13,Delivered,UPI,mobile app,48726.86,7336.16,149,Bangalore,DL
ORD01434,CUST0311,11-12-2024,2024-11-17,Cancelled,  COD,In-Store,37658.9,12825.26,49,Mumbai,MH
ORD01435,CUST0706,13/11/2024,2024-11-19,delivered,credit card,Online,32414.71,10825.45,199,Delhi,MH
ORD01436,CUST0551,11-14-2024,2024-11-16,Cancelled,Debit Card,mobile app,40323.43,4358.33,199,Sydney,GJ
ORD01437,CUST0788,14/11/2024,2024-11-16,Pending,UPI ,mobile app,6355.52,1197.13,149,Bangalore,TN
ORD01438,CUST0263,2024-11-15,2024-11-21,Shipped,COD,online,36077.65,8191.42,0,Sydney,DL
ORD01439,CUST0728,11-16-2024,,Pending,credit card,Online,17781.4,1622.05,149,London,MH
ORD01440,CUST0132,2024-11-17,2024-11-20,Returned,  COD,IN-STORE,20335.33,5649.34,49,Mumbai,MH
ORD01441,CUST0132,17/11/2024,2024-11-21,Returned,Wallet,IN-STORE,7774.11,102.78,149,Delhi,KA
ORD01442,CUST0440,18/11/2024,2024-11-21,Delivered,WALLET,IN-STORE,29812.1,1007.99,99,Ahmedabad,MH
ORD01443,CUST0899,11-19-2024,2024-11-24,Pending,Credit Card,IN-STORE,3026.51,121.37,99,Hyderabad,RJ
ORD01444,CUST0178,20/11/2024,2024-11-25,returned,UPI,IN-STORE,47216.71,2146.45,149,Mumbai,GJ
ORD01445,CUST0213,20/11/2024,2024-11-27,Cancelled,credit card,Mobile App,15605.88,410.96,149,Bangalore,RJ
ORD01446,CUST0707,21/11/2024,2024-11-23,SHIPPED,UPI,mobile app,28621.74,9021.11,0,Mumbai,TN
ORD01447,CUST0049,2024-11-22,2024-11-23,Cancelled,WALLET,mobile app,6381.1,1557.95,49,Surat,DL
ORD01448,CUST0014,23/11/2024,2024-11-29,Returned,UPI ,Online,26421.66,7788.7,149,Jaipur,RJ
ORD01449,CUST0215,2024-11-23,2024-11-29,Delivered,credit card,Online,28802.91,7343.26,99,New York,GJ
ORD01450,CUST0429,2024-11-24,2024-11-30,returned,Debit Card,Online,45588.53,8776.69,149,Hyderabad,TN
ORD01451,CUST0011,2024-11-25,2024-12-01,Returned,Debit Card,Mobile App,17710.29,6113.91,0,London,MH
ORD01452,CUST0463,25/11/2024,2024-11-30,Shipped,credit card,Mobile App,38480.49,2517.02,99,Hyderabad,NY
ORD01453,CUST0138,26/11/2024,2024-11-27,Pending,credit card,IN-STORE,20193.93,85.6,49,Kolkata,ON
ORD01454,CUST0133,27/11/2024,,Shipped,UPI,In-Store,28775.0,8093.5,0,Surat,GJ
ORD01455,CUST0247,28/11/2024,2024-12-03,CANCELLED,  COD,IN-STORE,20388.3,7051.62,99,Jaipur,MH
ORD01456,CUST0330,28/11/2024,2024-12-01,Delivered,credit card,Online,24495.64,8250.47,99,Jaipur,MH
ORD01457,CUST0040,2024-11-29,2024-12-03,delivered,credit card,Online,2719.62,1001.99,49,Jaipur,GJ
ORD01458,CUST0158,30/11/2024,2024-12-06,Pending,Credit Card,Online,31000.24,7423.83,0,Kolkata,GJ
ORD01459,CUST0764,01/12/2024,2024-12-04,delivered,Net Banking,Mobile App,18247.87,6299.75,199,Kolkata,TN
ORD01460,CUST0670,2024-12-01,2024-12-04,pending,COD,In-Store,47802.3,13076.99,149,Pune,NSW
ORD01461,CUST0542,2024-12-02,2024-12-03,returned,WALLET,In-Store,42698.21,12627.43,199,Surat,TN
ORD01462,CUST0237,2024-12-03,2024-12-08,delivered,  COD,Online,34475.59,2406.64,149,Hyderabad,GJ
ORD01463,CUST0003,12-03-2024,2024-12-05,returned,UPI,In-Store,22888.01,2271.59,199,Jaipur,GJ
ORD01464,CUST0723,04/12/2024,2024-12-05,returned,COD,online,1082.72,208.49,99,Delhi,NSW
ORD01465,CUST0927,12-05-2024,2024-12-09,Delivered,credit card,Mobile App,41929.04,3491.71,49,London,NSW
ORD01466,CUST0195,12-06-2024,2024-12-08,Delivered,  COD,Online,5163.4,369.11,99,Jaipur,TN
ORD01467,CUST0686,06/12/2024,2024-12-09,Returned,WALLET,Online,1179.78,269.02,99,Bangalore,DL
ORD01468,CUST0279,07/12/2024,2024-12-13,pending,credit card,IN-STORE,7948.4,768.54,99,Ahmedabad,KA
ORD01469,CUST0700,08/12/2024,2024-12-09,returned,UPI ,mobile app,20048.08,1006.52,49,Bangalore,GJ
ORD01470,CUST0146,2024-12-09,2024-12-13,Returned,Credit Card,In-Store,24424.94,877.09,99,Toronto,GJ
ORD01471,CUST0899,2024-12-09,2024-12-10,Shipped,Debit Card,mobile app,2801.54,658.65,99,Surat,TN
ORD01472,CUST0839,10/12/2024,,Pending,credit card,mobile app,13741.8,837.22,99,Delhi,TS
ORD01473,CUST0656,2024-12-11,2024-12-16,Cancelled,Wallet,mobile app,3653.2,867.61,49,Chennai,DL
ORD01474,CUST0282,2024-12-12,2024-12-16,Pending,credit card,In-Store,4471.31,573.65,199,New York,LDN
ORD01475,CUST0203,2024-12-12,2024-12-18,delivered,UPI,mobile app,24367.07,5037.87,199,Kolkata,TS
ORD01476,CUST0468,2024-12-13,2024-12-15,Returned,UPI ,In-Store,48864.96,19032.27,99,Ahmedabad,RJ
ORD01477,CUST0339,2024-12-14,2024-12-19,SHIPPED,UPI ,IN-STORE,37171.83,10842.67,99,New York,MH
ORD00011,CUST0827,12-14-2024,,Delivered,COD,online,38128.37,1042.91,149,Pune,MH
ORD01479,CUST0210,2024-12-15,,Shipped,Credit Card,In-Store,42930.24,5393.05,149,Surat,ON
ORD01480,CUST0589,16/12/2024,2024-12-21,CANCELLED,UPI,online,19677.36,6277.41,49,Delhi,KA
ORD01481,CUST0118,2024-12-17,2024-12-21,returned,Debit Card,IN-STORE,,739.69,49,Kolkata,NY
ORD01482,CUST0446,17/12/2024,2024-12-24,Shipped,Wallet,Online,20584.81,6960.76,0,Hyderabad,LDN
ORD01483,CUST0786,12-18-2024,2024-12-25,Shipped,UPI ,In-Store,32890.94,11732.56,149,Hyderabad,GJ
ORD01484,CUST0587,19/12/2024,,Cancelled,UPI,Online,43712.64,13.57,149,London,NY
ORD01485,CUST0145,20/12/2024,2024-12-26,Returned,Net Banking,mobile app,14529.17,318.1,199,New York,MH
ORD01486,CUST0870,2024-12-20,2024-12-24,Cancelled,Debit Card,mobile app,40452.92,10803.27,149,Surat,GJ
ORD01487,CUST0980,2024-12-21,2024-12-28,Returned,UPI,In-Store,3959.59,300.69,49,Delhi,NY
ORD01488,CUST0574,22/12/2024,2024-12-29,CANCELLED,Wallet,IN-STORE,-500.0,9225.49,199,Pune,NSW
ORD01489,CUST0031,2024-12-22,2024-12-27,delivered,UPI,IN-STORE,14298.03,4314.06,0,Chennai,LDN
ORD01490,CUST0886,2024-12-23,2024-12-24,pending,COD,mobile app,30034.8,5833.87,199,Toronto,MH
ORD01491,CUST0621,12-24-2024,2024-12-30,Shipped,UPI,online,26943.55,2232.26,99,Bangalore,RJ
ORD01492,CUST0115,2024-12-25,2024-12-31,Cancelled,Net Banking,IN-STORE,32856.54,5071.39,49,London,KA
ORD01493,CUST0893,2024-12-25,2024-12-28,Cancelled,Wallet,In-Store,48347.58,9149.92,199,Delhi,WB
ORD01494,CUST0426,12-26-2024,2024-12-30,returned,UPI,mobile app,40883.28,5776.34,149,Jaipur,RJ
ORD01495,CUST0727,27/12/2024,2025-01-01,returned,Wallet,Online,17590.82,247.57,199,New York,LDN
ORD01496,CUST0406,28/12/2024,2025-01-04,SHIPPED,credit card,IN-STORE,37961.4,8143.52,49,Mumbai,MH
ORD01497,CUST0227,12-28-2024,2024-12-30,Pending,Credit Card,IN-STORE,1810.31,346.98,49,Delhi,MH
ORD01498,CUST0127,12-29-2024,2024-12-31,pending,Credit Card,IN-STORE,188.7,48.18,199,Delhi,GJ
ORD01499,CUST0433,2024-12-30,2025-01-04,SHIPPED,  COD,In-Store,43253.61,7741.16,49,Chennai,MH
ORD01500,CUST0861,31/12/2024,2025-01-06,CANCELLED,Wallet,IN-STORE,14207.62,2648.93,49,Mumbai,GJ
