item_id,order_id,product_id,quantity,unit_price,item_total,discount_pct
ITEM00001,ORD00127,PROD183,4.0,1984.59,7938.36,150.0
ITEM00002,ORD00902,PROD076,3.0,2533.44,7600.32,34.1
ITEM00003,ORD00493,PROD047,5.0,3847.5,19237.5,20.6
ITEM00004,ORD01271,PROD034,4.0,3273.94,13095.76,39.9
ITEM00005,ORD01056,PROD152,5.0,4537.99,22689.95,5.2
ITEM00006,ORD00897,PROD198,4.0,4648.88,18595.52,4.6
ITEM00007,ORD00161,PROD099,5.0,577.76,2888.8,32.1
ITEM00008,ORD01328,PROD195,7.0,2273.21,15912.47,5.8
ITEM00009,ORD01373,PROD105,9.0,3376.48,30388.32,27.1
ITEM00010,ORD00596,PROD085,6.0,2687.85,16127.1,3.3
ITEM00011,ORD01047,PROD027,2.0,320.28,640.56,6.3
ITEM00012,ORD00593,PROD078,3.0,4892.77,14678.31,23.2
ITEM00013,ORD01396,PROD066,4.0,3282.94,13131.76,38.4
ITEM00014,ORD00659,PROD176,8.0,2389.91,19119.28,150.0
ITEM00015,ORD00555,PROD067,2.0,2184.24,4368.48,0.6
ITEM00016,ORD00631,PROD131,3.0,4635.2,13905.6,6.7
ITEM00017,ORD00408,PROD097,9.0,122.22,1099.98,22.5
ITEM00018,ORD00061,PROD087,10.0,1044.48,10444.8,33.8
ITEM00019,ORD00009,PROD118,6.0,1999.87,11999.22,22.9
ITEM00020,ORD00951,PROD070,10.0,740.83,7408.3,33.1
ITEM00021,ORD01323,PROD051,4.0,3357.74,13430.96,9.9
ITEM00022,ORD00599,PROD007,6.0,3892.76,23356.56,27.7
ITEM00023,ORD00691,PROD104,3.0,4945.59,,10.0
ITEM00024,ORD01384,PROD040,6.0,2316.28,13897.68,17.2
ITEM00025,ORD00924,PROD006,2.0,1868.68,3737.36,
ITEM00026,ORD01001,PROD098,,1934.25,13539.75,12.0
ITEM00027,ORD00961,PROD136,6.0,4588.52,27531.12,34.2
ITEM00028,ORD00596,PROD017,1.0,3504.03,3504.03,25.7
ITEM00029,ORD00249,PROD080,2.0,4114.71,8229.42,150.0
ITEM00030,ORD01328,PROD174,4.0,668.8,2675.2,4.2
ITEM00031,ORD00602,PROD174,5.0,3101.84,15509.2,13.9
ITEM00032,ORD00861,PROD143,-1.0,4091.02,32728.16,21.7
ITEM00033,ORD00710,PROD163,1.0,2518.66,2518.66,15.2
ITEM00034,ORD00206,PROD077,4.0,1275.23,5100.92,35.6
ITEM00035,ORD01027,PROD145,10.0,442.76,4427.6,23.4
ITEM00036,ORD00431,PROD158,5.0,1025.03,5125.15,6.5
ITEM00037,ORD00199,PROD161,7.0,1229.89,8609.23,21.7
ITEM00038,ORD00823,PROD032,2.0,4537.4,9074.8,14.3
ITEM00039,ORD00501,PROD151,1.0,3708.31,3708.31,5.6
ITEM00040,ORD00411,PROD130,7.0,653.6,4575.2,16.7
ITEM00041,ORD00359,PROD180,5.0,381.99,1909.95,1.8
ITEM00042,ORD00752,PROD113,2.0,1290.93,2581.86,23.3
ITEM00043,ORD00455,PROD037,3.0,2120.41,6361.23,38.7
ITEM00044,ORD00497,PROD013,3.0,724.95,2174.85,11.2
ITEM00045,ORD01446,PROD045,9.0,4490.42,40413.78,31.2
ITEM00046,ORD00888,PROD152,1.0,120.78,120.78,39.7
ITEM00047,ORD00404,PROD132,,3325.99,9977.97,9.4
ITEM00048,ORD00082,PROD021,6.0,2128.55,12771.3,36.8
ITEM00049,ORD00681,PROD017,5.0,596.79,2983.95,9.9
ITEM00050,ORD00936,PROD054,1.0,1518.67,1518.67,13.8
ITEM00051,ORD00724,PROD003,2.0,4465.12,8930.24,26.5
ITEM00052,ORD00949,PROD195,8.0,3281.89,26255.12,
ITEM00053,ORD01409,PROD002,8.0,3771.59,30172.72,24.1
ITEM00054,ORD01036,PROD133,7.0,1955.09,13685.63,11.2
ITEM00055,ORD00778,PROD070,,1796.3,16166.7,10.8
ITEM00056,ORD00828,PROD061,3.0,2951.27,8853.81,5.4
ITEM00057,ORD00115,PROD166,2.0,2480.51,4961.02,27.4
ITEM00058,ORD00929,PROD056,8.0,2669.64,21357.12,36.8
ITEM00059,ORD00120,PROD150,8.0,1834.93,,19.6
ITEM00060,ORD00383,PROD031,2.0,3450.35,6900.7,39.1
ITEM00061,ORD00690,PROD075,10.0,892.33,8923.3,34.4
ITEM00062,ORD00048,PROD022,9.0,2187.38,19686.42,29.3
ITEM00063,ORD00935,PROD149,8.0,741.48,5931.84,30.5
ITEM00064,ORD01473,PROD181,1.0,1266.48,1266.48,24.8
ITEM00065,ORD00782,PROD141,4.0,490.36,1961.44,30.4
ITEM00066,ORD00876,PROD030,0.0,1246.98,4987.92,19.4
ITEM00067,ORD00874,PROD194,-1.0,1351.08,12159.72,12.1
ITEM00068,ORD00092,PROD020,6.0,2639.2,15835.2,26.2
ITEM00069,ORD00792,PROD180,3.0,2869.09,8607.27,18.7
ITEM00070,ORD01179,PROD163,10.0,2314.42,23144.2,32.5
ITEM00071,ORD01313,PROD113,4.0,1621.04,6484.16,28.2
ITEM00072,ORD01380,PROD152,4.0,3268.33,13073.32,9.3
ITEM00073,ORD00732,PROD106,6.0,1778.03,10668.18,16.1
ITEM00074,ORD00040,PROD064,4.0,3302.4,13209.6,14.0
ITEM00075,ORD01056,PROD050,10.0,1809.24,18092.4,25.0
ITEM00076,ORD00740,PROD006,2.0,2346.68,4693.36,8.1
ITEM00077,ORD01458,PROD161,7.0,4524.59,31672.13,150.0
ITEM00078,ORD00304,PROD087,2.0,3885.82,7771.64,3.5
ITEM00079,ORD00874,PROD001,7.0,4674.64,32722.48,38.5
ITEM00080,ORD00168,PROD117,3.0,2979.96,8939.88,25.8
ITEM00081,ORD00097,PROD193,5.0,730.07,3650.35,9.9
ITEM00082,ORD00862,PROD072,10.0,2314.99,23149.9,39.3
ITEM00083,ORD01051,PROD147,1.0,497.76,497.76,26.7
ITEM00084,ORD01263,PROD087,8.0,4075.29,32602.32,2.3
ITEM00085,ORD00840,PROD014,10.0,1598.4,15984.0,13.7
ITEM00086,ORD00763,PROD073,1.0,979.97,979.97,36.1
ITEM00087,ORD00709,PROD073,3.0,664.79,1994.37,33.8
ITEM00088,ORD00429,PROD062,1.0,3187.86,3187.86,30.4
ITEM00089,ORD00279,PROD044,5.0,4086.77,20433.85,13.5
ITEM00090,ORD00790,PROD113,1.0,514.56,514.56,28.4
ITEM00091,ORD00522,PROD025,4.0,3028.05,12112.2,5.9
ITEM00092,ORD01017,PROD152,5.0,983.62,4918.1,13.0
ITEM00093,ORD00556,PROD043,9.0,502.15,4519.35,4.7
ITEM00094,ORD00220,PROD147,6.0,1601.18,9607.08,15.8
ITEM00095,ORD01329,PROD143,2.0,3379.18,6758.36,12.2
ITEM00096,ORD01453,PROD167,9.0,1522.75,13704.75,8.9
ITEM00097,ORD00532,PROD002,6.0,121.69,730.14,18.0
ITEM00098,ORD00132,PROD037,4.0,4711.22,18844.88,39.6
ITEM00099,ORD00370,PROD181,10.0,3060.1,30601.0,28.0
ITEM00100,ORD01378,PROD134,5.0,N/A,,2.3
ITEM00101,ORD00558,PROD072,8.0,526.15,4209.2,4.3
ITEM00102,ORD00029,PROD167,4.0,4696.58,18786.32,9.9
ITEM00103,ORD01382,PROD068,4.0,2473.12,9892.48,10.9
ITEM00104,ORD00533,PROD196,8.0,680.01,5440.08,6.4
ITEM00105,ORD00401,PROD029,5.0,2809.21,14046.05,10.6
ITEM00106,ORD01165,PROD105,7.0,2061.12,14427.84,32.9
ITEM00107,ORD00893,PROD023,4.0,4003.25,16013.0,26.6
ITEM00108,ORD01066,PROD173,3.0,2340.22,7020.66,26.3
ITEM00109,ORD00581,PROD097,1.0,4672.0,4672.0,23.2
ITEM00110,ORD01055,PROD152,4.0,3201.11,12804.44,26.6
ITEM00111,ORD00431,PROD055,9.0,4863.54,43771.86,2.6
ITEM00112,ORD00652,PROD176,5.0,4071.16,20355.8,4.5
ITEM00113,ORD01195,PROD105,10.0,395.86,3958.6,9.5
ITEM00114,ORD00795,PROD046,4.0,2277.12,9108.48,36.1
ITEM00115,ORD00103,PROD070,8.0,1765.86,14126.88,25.7
ITEM00116,ORD00015,PROD015,8.0,3356.39,26851.12,14.7
ITEM00117,ORD00011,PROD134,2.0,2136.04,4272.08,21.4
ITEM00118,ORD00138,PROD190,7.0,4289.06,30023.42,1.1
ITEM00119,ORD01131,PROD135,1.0,3599.85,3599.85,24.7
ITEM00120,ORD01352,PROD197,4.0,1991.87,7967.48,1.9
ITEM00121,ORD01406,PROD085,10.0,4051.4,40514.0,1.3
ITEM00122,ORD00319,PROD030,1.0,3176.13,3176.13,-10.0
ITEM00123,ORD00016,PROD168,8.0,2019.97,16159.76,24.5
ITEM00124,ORD01052,PROD167,1.0,4243.53,4243.53,21.4
ITEM00125,ORD01000,PROD110,9.0,1632.06,14688.54,37.4
ITEM00126,ORD00217,PROD060,4.0,2725.01,10900.04,7.6
ITEM00127,ORD00794,PROD034,1.0,4502.59,4502.59,23.6
ITEM00128,ORD01295,PROD062,6.0,2596.67,15580.02,15.6
ITEM00129,ORD00444,PROD130,8.0,4429.31,35434.48,0.7
ITEM00130,ORD01088,PROD027,8.0,870.21,6961.68,28.0
ITEM00131,ORD01130,PROD051,4.0,1482.01,5928.04,17.9
ITEM00132,ORD00250,PROD126,5.0,4109.22,20546.1,-10.0
ITEM00133,ORD01214,PROD004,7.0,4285.57,29998.99,22.7
ITEM00134,ORD00442,PROD189,6.0,1518.6,9111.6,17.2
ITEM00135,ORD01456,PROD082,6.0,2500.65,15003.9,
ITEM00136,ORD01387,PROD124,9.0,1863.93,16775.37,17.9
ITEM00137,ORD01192,PROD183,10.0,3389.37,33893.7,4.2
ITEM00138,ORD01294,PROD171,10.0,N/A,20715.2,14.8
ITEM00139,ORD01313,PROD076,4.0,3541.43,14165.72,150.0
ITEM00140,ORD00298,PROD020,7.0,3696.98,25878.86,33.2
ITEM00141,ORD00977,PROD010,10.0,840.79,8407.9,150.0
ITEM00142,ORD00167,PROD063,5.0,1725.63,8628.15,29.0
ITEM00143,ORD01160,PROD122,4.0,2293.14,9172.56,10.9
ITEM00144,ORD00195,PROD106,5.0,396.93,1984.65,28.5
ITEM00145,ORD01037,PROD041,3.0,3113.2,9339.6,7.5
ITEM00146,ORD01214,PROD045,8.0,818.52,,34.7
ITEM00147,ORD01180,PROD107,4.0,1840.43,7361.72,15.4
ITEM00148,ORD00452,PROD187,4.0,3050.25,12201.0,10.2
ITEM00149,ORD01145,PROD086,5.0,2860.44,,9.8
ITEM00150,ORD00217,PROD154,7.0,3400.51,23803.57,38.2
ITEM00151,ORD01251,PROD069,1.0,4609.68,4609.68,5.9
ITEM00152,ORD01095,PROD032,5.0,3770.05,,20.7
ITEM00153,ORD00979,PROD184,8.0,2553.61,20428.88,5.0
ITEM00154,ORD01237,PROD084,7.0,3057.45,21402.15,36.9
ITEM00155,ORD00264,PROD033,1.0,3416.04,3416.04,22.3
ITEM00156,ORD00198,PROD093,9.0,835.91,7523.19,40.0
ITEM00157,ORD00847,PROD137,9.0,1668.55,15016.95,9.5
ITEM00158,ORD00681,PROD054,3.0,2875.78,8627.34,23.9
ITEM00159,ORD00006,PROD135,3.0,1093.04,3279.12,
ITEM00160,ORD00200,PROD090,3.0,2464.82,7394.46,-10.0
ITEM00161,ORD01075,PROD022,7.0,4612.97,32290.79,4.8
ITEM00162,ORD00152,PROD111,1.0,3651.9,3651.9,5.1
ITEM00163,ORD00954,PROD060,4.0,1303.91,5215.64,6.9
ITEM00164,ORD00742,PROD081,7.0,571.51,4000.57,21.2
ITEM00165,ORD00936,PROD127,7.0,480.32,3362.24,25.9
ITEM00166,ORD00863,PROD133,3.0,2535.66,7606.98,24.9
ITEM00167,ORD00017,PROD019,9.0,4780.86,43027.74,29.5
ITEM00168,ORD00211,PROD031,5.0,3040.15,15200.75,3.9
ITEM00169,ORD01048,PROD106,10.0,1833.12,18331.2,3.8
ITEM00170,ORD00066,PROD073,7.0,4010.01,28070.07,-10.0
ITEM00171,ORD01065,PROD199,9.0,4876.33,43886.97,12.4
ITEM00172,ORD00883,PROD072,-1.0,1275.49,11479.41,18.7
ITEM00173,ORD01460,PROD183,8.0,2133.1,17064.8,31.9
ITEM00174,ORD00901,PROD112,4.0,2495.1,9980.4,150.0
ITEM00175,ORD01401,PROD106,,2777.62,27776.2,37.7
ITEM00176,ORD00655,PROD129,1.0,430.06,430.06,13.8
ITEM00177,ORD00257,PROD071,1.0,79.22,79.22,16.5
ITEM00178,ORD00259,PROD123,4.0,412.32,1649.28,7.3
ITEM00179,ORD00843,PROD028,4.0,N/A,13642.0,35.0
ITEM00180,ORD00269,PROD049,3.0,2450.92,7352.76,31.9
ITEM00181,ORD00628,PROD044,0.0,2445.34,17117.38,26.6
ITEM00182,ORD01223,PROD176,1.0,4492.95,4492.95,3.5
ITEM00183,ORD00178,PROD159,8.0,3196.24,25569.92,10.2
ITEM00184,ORD00684,PROD016,1.0,3510.82,3510.82,24.6
ITEM00185,ORD00264,PROD026,2.0,4758.53,9517.06,2.7
ITEM00186,ORD01406,PROD199,4.0,4113.1,16452.4,28.1
ITEM00187,ORD01062,PROD016,4.0,1323.03,5292.12,-10.0
ITEM00188,ORD01259,PROD046,8.0,612.98,4903.84,13.4
ITEM00189,ORD00461,PROD155,5.0,2205.05,11025.25,12.0
ITEM00190,ORD00345,PROD167,9.0,2288.37,20595.33,16.9
ITEM00191,ORD01046,PROD026,1.0,4226.64,4226.64,36.9
ITEM00192,ORD00220,PROD087,9.0,97.87,880.83,4.4
ITEM00193,ORD00827,PROD134,10.0,3225.49,32254.9,22.1
ITEM00194,ORD00894,PROD198,1.0,173.79,173.79,18.3
ITEM00195,ORD00691,PROD173,5.0,3504.58,17522.9,32.5
ITEM00196,ORD00165,PROD088,6.0,975.17,5851.02,23.3
ITEM00197,ORD00999,PROD176,1.0,4426.08,4426.08,36.4
ITEM00198,ORD01002,PROD031,10.0,1764.3,17643.0,36.0
ITEM00199,ORD00412,PROD026,4.0,878.95,3515.8,16.1
ITEM00200,ORD00160,PROD142,2.0,2034.41,4068.82,6.1
ITEM00201,ORD00423,PROD095,8.0,3983.59,31868.72,11.9
ITEM00202,ORD00171,PROD135,10.0,84.94,849.4,
ITEM00203,ORD01259,PROD021,5.0,3782.36,,39.1
ITEM00204,ORD00944,PROD031,3.0,251.94,755.82,23.6
ITEM00205,ORD00594,PROD014,6.0,1083.14,6498.84,16.2
ITEM00206,ORD01167,PROD025,6.0,3970.11,23820.66,31.3
ITEM00207,ORD00504,PROD074,-1.0,3340.48,,39.9
ITEM00208,ORD00237,PROD099,5.0,2533.91,12669.55,30.3
ITEM00209,ORD00491,PROD012,8.0,358.31,2866.48,17.5
ITEM00210,ORD00668,PROD034,10.0,2486.08,24860.8,8.9
ITEM00211,ORD00282,PROD049,1.0,3269.54,3269.54,31.9
ITEM00212,ORD01461,PROD197,6.0,4672.13,28032.78,20.5
ITEM00213,ORD01002,PROD191,2.0,2512.88,5025.76,22.8
ITEM00214,ORD01386,PROD095,8.0,1249.75,9998.0,18.4
ITEM00215,ORD00874,PROD064,2.0,4241.42,,16.7
ITEM00216,ORD00374,PROD087,2.0,495.45,990.9,34.3
ITEM00217,ORD00706,PROD163,7.0,4482.19,31375.33,9.2
ITEM00218,ORD00702,PROD152,10.0,3002.86,30028.6,16.8
ITEM00219,ORD01264,PROD102,6.0,367.87,2207.22,39.9
ITEM00220,ORD00506,PROD131,8.0,4019.76,32158.08,6.9
ITEM00221,ORD01008,PROD042,5.0,2726.81,13634.05,13.4
ITEM00222,ORD00867,PROD131,9.0,2802.95,25226.55,35.9
ITEM00223,ORD01351,PROD152,5.0,4155.82,,38.8
ITEM00224,ORD00758,PROD004,5.0,2737.97,13689.85,13.4
ITEM00225,ORD00129,PROD025,9.0,646.33,5816.97,37.5
ITEM00226,ORD00191,PROD070,5.0,4113.68,20568.4,36.8
ITEM00227,ORD01063,PROD013,7.0,2350.37,16452.59,3.3
ITEM00228,ORD00262,PROD138,3.0,-200,4129.41,38.8
ITEM00229,ORD00657,PROD030,3.0,3961.23,11883.69,8.6
ITEM00230,ORD00896,PROD036,8.0,4356.51,34852.08,33.9
ITEM00231,ORD00869,PROD178,3.0,3344.13,10032.39,36.3
ITEM00232,ORD01283,PROD063,4.0,1561.4,6245.6,13.0
ITEM00233,ORD00692,PROD087,3.0,1646.85,4940.55,8.9
ITEM00234,ORD00226,PROD110,6.0,3198.75,19192.5,39.9
ITEM00235,ORD00786,PROD059,10.0,2800.36,28003.6,18.8
ITEM00236,ORD00440,PROD021,3.0,4893.43,14680.29,31.2
ITEM00237,ORD01221,PROD103,4.0,1114.05,4456.2,37.0
ITEM00238,ORD00225,PROD127,1.0,858.87,858.87,31.9
ITEM00239,ORD00934,PROD098,4.0,2897.86,11591.44,4.5
ITEM00240,ORD00348,PROD102,9.0,1576.26,14186.34,16.1
ITEM00241,ORD00961,PROD013,8.0,1279.89,10239.12,8.8
ITEM00242,ORD00196,PROD037,6.0,697.81,4186.86,7.1
ITEM00243,ORD00676,PROD116,7.0,3324.49,23271.43,29.5
ITEM00244,ORD00516,PROD025,4.0,1700.78,6803.12,13.6
ITEM00245,ORD01096,PROD102,5.0,4480.02,22400.1,31.1
ITEM00246,ORD01420,PROD144,2.0,2084.51,4169.02,37.3
ITEM00247,ORD00398,PROD150,5.0,3471.22,17356.1,9.5
ITEM00248,ORD00847,PROD047,5.0,4417.08,22085.4,6.0
ITEM00249,ORD00353,PROD119,4.0,2035.7,8142.8,32.8
ITEM00250,ORD01096,PROD136,4.0,1015.04,4060.16,23.5
ITEM00251,ORD00191,PROD163,6.0,4006.1,24036.6,38.0
ITEM00252,ORD00400,PROD143,5.0,1056.76,5283.8,2.5
ITEM00253,ORD00589,PROD143,2.0,2362.58,4725.16,26.0
ITEM00254,ORD00249,PROD071,10.0,1695.63,16956.3,1.9
ITEM00255,ORD00480,PROD120,9.0,2680.82,24127.38,6.4
ITEM00256,ORD00684,PROD132,7.0,1226.3,8584.1,39.3
ITEM00257,ORD00049,PROD198,2.0,658.93,1317.86,20.5
ITEM00258,ORD00385,PROD176,10.0,909.51,9095.1,3.8
ITEM00259,ORD00414,PROD118,10.0,4398.29,43982.9,39.7
ITEM00260,ORD00581,PROD023,4.0,1649.88,6599.52,32.9
ITEM00261,ORD00824,PROD140,8.0,1904.55,15236.4,13.4
ITEM00262,ORD00026,PROD020,1.0,352.72,352.72,38.8
ITEM00263,ORD01462,PROD158,2.0,3994.84,7989.68,3.5
ITEM00264,ORD00970,PROD051,3.0,4591.14,13773.42,32.2
ITEM00265,ORD00638,PROD137,9.0,899.01,8091.09,7.1
ITEM00266,ORD01214,PROD059,9.0,504.36,4539.24,7.6
ITEM00267,ORD00852,PROD079,4.0,3726.79,14907.16,7.8
ITEM00268,ORD01300,PROD128,3.0,1577.27,4731.81,-10.0
ITEM00269,ORD01035,PROD172,-1.0,3177.93,15889.65,23.0
ITEM00270,ORD00904,PROD114,2.0,3640.7,7281.4,36.1
ITEM00271,ORD00668,PROD192,4.0,3762.26,15049.04,27.9
ITEM00272,ORD00914,PROD012,3.0,4004.95,12014.85,14.6
ITEM00273,ORD00618,PROD090,0.0,1959.5,1959.5,17.5
ITEM00274,ORD01323,PROD023,0.0,1782.48,3564.96,23.3
ITEM00275,ORD00606,PROD004,3.0,3649.38,,6.0
ITEM00276,ORD00877,PROD166,5.0,3819.62,19098.1,18.1
ITEM00277,ORD01434,PROD196,10.0,2728.61,27286.1,19.4
ITEM00278,ORD00646,PROD190,4.0,3212.41,12849.64,1.7
ITEM00279,ORD00624,PROD184,2.0,1358.15,2716.3,14.7
ITEM00280,ORD01452,PROD066,1.0,4259.81,4259.81,27.7
ITEM00281,ORD00519,PROD122,8.0,2551.01,20408.08,39.2
ITEM00282,ORD01104,PROD060,2.0,1465.29,2930.58,15.2
ITEM00283,ORD00292,PROD001,1.0,3226.11,3226.11,32.4
ITEM00284,ORD00236,PROD161,9.0,4590.91,41318.19,6.9
ITEM00285,ORD01056,PROD143,3.0,2618.15,7854.45,1.9
ITEM00286,ORD01001,PROD008,10.0,1402.64,14026.4,11.7
ITEM00287,ORD00446,PROD048,4.0,4482.19,17928.76,9.2
ITEM00288,ORD01260,PROD133,-1.0,2985.52,8956.56,3.7
ITEM00289,ORD01143,PROD043,10.0,3224.5,32245.0,12.4
ITEM00290,ORD01351,PROD025,1.0,2371.78,2371.78,26.5
ITEM00291,ORD00363,PROD056,4.0,3045.96,12183.84,32.0
ITEM00292,ORD00217,PROD030,5.0,4095.67,20478.35,14.2
ITEM00293,ORD00261,PROD181,7.0,3723.27,26062.89,24.0
ITEM00294,ORD00676,PROD021,7.0,3113.91,,25.1
ITEM00295,ORD00668,PROD179,10.0,2124.76,21247.6,2.6
ITEM00296,ORD01045,PROD077,7.0,134.6,942.2,5.3
ITEM00297,ORD01113,PROD131,2.0,331.86,663.72,6.5
ITEM00298,ORD01003,PROD045,3.0,1929.46,5788.38,0.3
ITEM00299,ORD00965,PROD080,1.0,4388.42,4388.42,24.6
ITEM00300,ORD00573,PROD162,1.0,2533.46,2533.46,8.5
ITEM00301,ORD00082,PROD024,7.0,1898.83,13291.81,32.5
ITEM00302,ORD00720,PROD190,8.0,3875.77,31006.16,10.3
ITEM00303,ORD00119,PROD078,8.0,3627.54,29020.32,38.0
ITEM00304,ORD00447,PROD189,6.0,2320.8,13924.8,4.7
ITEM00305,ORD00134,PROD060,6.0,3650.73,21904.38,19.9
ITEM00306,ORD00698,PROD006,6.0,4694.15,28164.9,27.7
ITEM00307,ORD00136,PROD071,10.0,4236.22,42362.2,3.0
ITEM00308,ORD00426,PROD195,3.0,4267.9,12803.7,24.5
ITEM00309,ORD00636,PROD076,3.0,3124.77,9374.31,38.2
ITEM00310,ORD01363,PROD080,6.0,4392.98,26357.88,15.7
ITEM00311,ORD00777,PROD098,10.0,4753.53,47535.3,13.3
ITEM00312,ORD00765,PROD146,4.0,3340.63,,1.9
ITEM00313,ORD00111,PROD119,9.0,1348.03,12132.27,33.1
ITEM00314,ORD01118,PROD137,3.0,1450.2,4350.6,21.4
ITEM00315,ORD01444,PROD161,6.0,1145.81,6874.86,13.9
ITEM00316,ORD01358,PROD151,4.0,3394.79,13579.16,-10.0
ITEM00317,ORD00852,PROD076,6.0,847.07,5082.42,14.3
ITEM00318,ORD00662,PROD038,0.0,3751.79,26262.53,25.3
ITEM00319,ORD01420,PROD084,7.0,3963.49,27744.43,30.9
ITEM00320,ORD00857,PROD145,9.0,3014.15,27127.35,9.2
ITEM00321,ORD01270,PROD106,3.0,3271.0,9813.0,7.3
ITEM00322,ORD01153,PROD057,4.0,3312.11,13248.44,6.7
ITEM00323,ORD00879,PROD077,10.0,376.49,3764.9,7.3
ITEM00324,ORD01413,PROD149,4.0,1051.55,4206.2,21.8
ITEM00325,ORD00449,PROD193,9.0,4085.25,36767.25,0.9
ITEM00326,ORD01118,PROD005,4.0,2127.21,8508.84,16.4
ITEM00327,ORD01005,PROD195,1.0,3170.78,3170.78,28.4
ITEM00328,ORD00546,PROD006,9.0,2724.42,24519.78,18.9
ITEM00329,ORD00601,PROD024,10.0,1239.46,12394.6,12.5
ITEM00330,ORD00982,PROD152,7.0,2518.42,17628.94,38.5
ITEM00331,ORD01008,PROD116,7.0,1743.24,12202.68,22.2
ITEM00332,ORD00161,PROD108,5.0,1687.58,8437.9,16.9
ITEM00333,ORD00468,PROD135,9.0,598.59,5387.31,6.6
ITEM00334,ORD00631,PROD185,6.0,3869.01,23214.06,11.8
ITEM00335,ORD00178,PROD187,7.0,3140.1,21980.7,10.4
ITEM00336,ORD00339,PROD156,1.0,2709.91,2709.91,28.1
ITEM00337,ORD00696,PROD058,4.0,3281.37,13125.48,34.7
ITEM00338,ORD00489,PROD064,2.0,1591.06,3182.12,16.2
ITEM00339,ORD01314,PROD071,1.0,2349.32,2349.32,10.6
ITEM00340,ORD01063,PROD093,7.0,120.32,842.24,21.8
ITEM00341,ORD01426,PROD002,2.0,3744.43,7488.86,22.3
ITEM00342,ORD01311,PROD016,3.0,581.44,1744.32,8.5
ITEM00343,ORD00510,PROD067,9.0,4921.15,44290.35,27.2
ITEM00344,ORD00540,PROD027,10.0,2295.38,22953.8,31.9
ITEM00345,ORD00179,PROD159,10.0,1669.6,16696.0,31.6
ITEM00346,ORD00053,PROD094,1.0,830.53,830.53,12.1
ITEM00347,ORD00869,PROD023,10.0,1070.91,10709.1,14.2
ITEM00348,ORD00755,PROD171,3.0,2708.21,8124.63,31.1
ITEM00349,ORD00940,PROD023,2.0,2979.12,5958.24,29.4
ITEM00350,ORD00278,PROD051,5.0,4159.25,20796.25,13.1
ITEM00351,ORD01252,PROD162,6.0,3143.46,18860.76,7.1
ITEM00352,ORD01496,PROD012,6.0,4189.24,25135.44,18.5
ITEM00353,ORD01485,PROD055,7.0,1294.54,9061.78,23.5
ITEM00354,ORD01272,PROD007,1.0,1326.25,1326.25,15.2
ITEM00355,ORD00913,PROD114,9.0,1909.62,17186.58,2.6
ITEM00356,ORD00864,PROD199,1.0,3947.94,3947.94,23.2
ITEM00357,ORD00784,PROD100,6.0,3834.27,23005.62,36.1
ITEM00358,ORD00751,PROD100,1.0,3755.62,3755.62,16.1
ITEM00359,ORD00864,PROD019,3.0,3805.91,11417.73,15.9
ITEM00360,ORD00322,PROD123,9.0,3503.51,31531.59,5.3
ITEM00361,ORD01461,PROD002,8.0,2443.61,19548.88,14.1
ITEM00362,ORD00088,PROD100,5.0,3520.21,17601.05,29.6
ITEM00363,ORD00863,PROD180,2.0,1146.72,2293.44,36.8
ITEM00364,ORD01022,PROD028,3.0,4019.36,12058.08,29.0
ITEM00365,ORD01294,PROD100,8.0,1651.89,13215.12,33.4
ITEM00366,ORD00101,PROD176,9.0,3572.57,32153.13,33.6
ITEM00367,ORD00484,PROD186,9.0,3784.49,34060.41,150.0
ITEM00368,ORD01243,PROD103,2.0,4799.39,9598.78,17.7
ITEM00369,ORD00478,PROD143,9.0,4680.91,42128.19,8.7
ITEM00370,ORD00439,PROD188,6.0,1855.79,11134.74,38.5
ITEM00371,ORD00770,PROD069,7.0,2820.41,19742.87,1.1
ITEM00372,ORD00903,PROD106,4.0,2131.86,8527.44,24.5
ITEM00373,ORD01393,PROD080,1.0,1741.09,1741.09,16.0
ITEM00374,ORD00998,PROD177,2.0,4324.91,8649.82,2.0
ITEM00375,ORD00931,PROD138,4.0,977.46,3909.84,38.7
ITEM00376,ORD00525,PROD173,3.0,1897.3,5691.9,22.5
ITEM00377,ORD00638,PROD035,3.0,3224.13,9672.39,3.5
ITEM00378,ORD00195,PROD165,5.0,2812.31,14061.55,25.6
ITEM00379,ORD00069,PROD008,9.0,1555.65,14000.85,22.0
ITEM00380,ORD01401,PROD154,10.0,4952.49,49524.9,37.4
ITEM00381,ORD01145,PROD134,4.0,339.35,1357.4,3.4
ITEM00382,ORD00516,PROD126,4.0,1973.97,7895.88,8.4
ITEM00383,ORD00416,PROD033,6.0,4077.83,24466.98,12.8
ITEM00384,ORD01199,PROD136,1.0,4709.39,4709.39,24.9
ITEM00385,ORD00961,PROD080,1.0,597.45,597.45,25.5
ITEM00386,ORD00250,PROD197,2.0,2874.81,5749.62,0.4
ITEM00387,ORD00230,PROD134,1.0,4192.43,4192.43,-10.0
ITEM00388,ORD01065,PROD019,1.0,2129.3,2129.3,3.8
ITEM00389,ORD00381,PROD132,6.0,2115.03,12690.18,16.6
ITEM00390,ORD01444,PROD028,6.0,1988.38,11930.28,20.1
ITEM00391,ORD00113,PROD137,-1.0,4011.92,20059.6,39.2
ITEM00392,ORD00026,PROD100,1.0,1124.59,,2.9
ITEM00393,ORD00447,PROD147,3.0,1577.26,4731.78,28.2
ITEM00394,ORD01375,PROD101,7.0,1074.74,7523.18,6.5
ITEM00395,ORD00564,PROD155,6.0,4203.31,25219.86,28.6
ITEM00396,ORD00073,PROD036,3.0,113.69,,32.7
ITEM00397,ORD01275,PROD058,7.0,4291.89,30043.23,38.3
ITEM00398,ORD00503,PROD200,7.0,4834.59,33842.13,34.9
ITEM00399,ORD00687,PROD072,2.0,3565.35,7130.7,33.0
ITEM00400,ORD01047,PROD066,2.0,2359.83,4719.66,28.4
ITEM00401,ORD00376,PROD066,7.0,2148.3,15038.1,23.7
ITEM00402,ORD00978,PROD015,10.0,1553.41,15534.1,8.1
ITEM00403,ORD01402,PROD084,7.0,4760.7,33324.9,150.0
ITEM00404,ORD00233,PROD095,4.0,1045.21,4180.84,30.0
ITEM00405,ORD00995,PROD113,10.0,1426.49,14264.9,10.5
ITEM00406,ORD00406,PROD037,4.0,1757.93,7031.72,13.3
ITEM00407,ORD01408,PROD080,4.0,818.74,3274.96,
ITEM00408,ORD01495,PROD128,8.0,4766.63,38133.04,5.6
ITEM00409,ORD00277,PROD194,6.0,284.81,1708.86,39.0
ITEM00410,ORD00109,PROD119,6.0,2043.9,12263.4,25.9
ITEM00411,ORD00433,PROD044,3.0,3519.99,10559.97,22.4
ITEM00412,ORD00164,PROD022,10.0,1495.94,14959.4,5.1
ITEM00413,ORD01361,PROD057,10.0,4783.19,47831.9,14.3
ITEM00414,ORD00023,PROD200,1.0,4539.33,4539.33,2.2
ITEM00415,ORD00896,PROD147,8.0,2508.43,20067.44,24.7
ITEM00416,ORD00814,PROD105,2.0,2070.64,4141.28,39.9
ITEM00417,ORD00809,PROD051,9.0,4516.02,40644.18,26.1
ITEM00418,ORD00577,PROD167,7.0,587.18,4110.26,28.5
ITEM00419,ORD00893,PROD104,0.0,3348.73,33487.3,38.2
ITEM00420,ORD01439,PROD040,5.0,2922.99,14614.95,2.8
ITEM00421,ORD00737,PROD007,5.0,3714.75,18573.75,16.3
ITEM00422,ORD00198,PROD182,7.0,4324.03,30268.21,17.5
ITEM00423,ORD01028,PROD150,9.0,4228.99,38060.91,36.6
ITEM00424,ORD00547,PROD020,1.0,3549.82,3549.82,34.8
ITEM00425,ORD00973,PROD105,6.0,3615.3,21691.8,21.9
ITEM00426,ORD01042,PROD002,4.0,2843.39,11373.56,15.1
ITEM00427,ORD01041,PROD170,10.0,,37952.4,11.6
ITEM00428,ORD01021,PROD070,5.0,480.45,2402.25,0.7
ITEM00429,ORD01467,PROD150,9.0,3886.26,34976.34,-10.0
ITEM00430,ORD01316,PROD174,8.0,2697.79,,8.9
ITEM00431,ORD01275,PROD076,3.0,193.89,581.67,11.7
ITEM00432,ORD00957,PROD029,4.0,2775.37,11101.48,7.4
ITEM00433,ORD01078,PROD123,10.0,3108.14,31081.4,23.9
ITEM00434,ORD01125,PROD189,,861.26,6890.08,29.2
ITEM00435,ORD01049,PROD180,5.0,2541.27,12706.35,8.7
ITEM00436,ORD00624,PROD041,1.0,2327.0,,7.6
ITEM00437,ORD00717,PROD050,7.0,3313.8,23196.6,13.5
ITEM00438,ORD01026,PROD018,4.0,2965.32,11861.28,39.8
ITEM00439,ORD01282,PROD160,8.0,1046.07,8368.56,10.3
ITEM00440,ORD01443,PROD008,1.0,2972.2,2972.2,8.9
ITEM00441,ORD01486,PROD017,9.0,3286.32,29576.88,19.0
ITEM00442,ORD01007,PROD113,1.0,3787.51,3787.51,17.4
ITEM00443,ORD01269,PROD015,1.0,4256.68,4256.68,8.4
ITEM00444,ORD00729,PROD179,10.0,4013.98,40139.8,20.6
ITEM00445,ORD00953,PROD100,5.0,4922.97,24614.85,3.0
ITEM00446,ORD01435,PROD109,10.0,,16725.1,36.4
ITEM00447,ORD01190,PROD135,7.0,654.64,4582.48,38.2
ITEM00448,ORD00978,PROD097,1.0,252.38,252.38,7.2
ITEM00449,ORD00175,PROD063,1.0,2281.19,2281.19,13.9
ITEM00450,ORD00203,PROD113,8.0,4592.49,36739.92,9.1
ITEM00451,ORD00599,PROD035,5.0,1257.86,6289.3,32.4
ITEM00452,ORD01227,PROD026,1.0,2794.64,2794.64,29.5
ITEM00453,ORD00178,PROD179,6.0,4734.26,28405.56,31.1
ITEM00454,ORD00939,PROD140,-1.0,1045.58,2091.16,13.0
ITEM00455,ORD01233,PROD093,5.0,3290.99,16454.95,12.7
ITEM00456,ORD00602,PROD143,2.0,4834.05,9668.1,33.0
ITEM00457,ORD00854,PROD148,10.0,1536.15,15361.5,31.9
ITEM00458,ORD00138,PROD056,10.0,1449.3,14493.0,-10.0
ITEM00459,ORD01326,PROD089,10.0,3704.74,37047.4,29.1
ITEM00460,ORD01254,PROD132,3.0,1272.17,3816.51,6.4
ITEM00461,ORD00111,PROD065,8.0,1976.49,15811.92,20.1
ITEM00462,ORD00770,PROD187,3.0,4215.64,12646.92,23.1
ITEM00463,ORD01207,PROD185,2.0,4476.51,,23.2
ITEM00464,ORD01451,PROD193,4.0,2842.67,11370.68,33.1
ITEM00465,ORD00363,PROD168,8.0,1469.51,,22.4
ITEM00466,ORD00462,PROD014,2.0,2577.14,5154.28,16.3
ITEM00467,ORD01308,PROD079,4.0,3186.51,12746.04,23.1
ITEM00468,ORD01470,PROD124,3.0,1954.9,5864.7,
ITEM00469,ORD01170,PROD011,8.0,655.92,5247.36,27.1
ITEM00470,ORD00726,PROD200,2.0,1151.19,2302.38,35.6
ITEM00471,ORD00198,PROD094,9.0,2104.06,18936.54,21.2
ITEM00472,ORD00043,PROD178,8.0,2491.8,19934.4,12.5
ITEM00473,ORD01104,PROD117,9.0,2785.73,25071.57,12.6
ITEM00474,ORD01330,PROD023,3.0,2676.8,8030.4,29.9
ITEM00475,ORD01481,PROD041,5.0,215.81,1079.05,37.9
ITEM00476,ORD00419,PROD107,-1.0,1085.61,1085.61,30.6
ITEM00477,ORD00273,PROD082,10.0,4365.97,43659.7,31.5
ITEM00478,ORD01011,PROD100,3.0,1921.13,5763.39,26.1
ITEM00479,ORD01374,PROD089,7.0,1444.93,10114.51,-10.0
ITEM00480,ORD01059,PROD099,6.0,518.99,3113.94,36.5
ITEM00481,ORD00815,PROD178,3.0,1809.45,5428.35,35.8
ITEM00482,ORD00804,PROD072,9.0,2682.63,24143.67,39.2
ITEM00483,ORD01066,PROD026,10.0,2888.55,28885.5,25.5
ITEM00484,ORD00872,PROD175,2.0,3821.39,7642.78,7.3
ITEM00485,ORD01111,PROD110,8.0,4471.12,35768.96,32.2
ITEM00486,ORD01353,PROD081,6.0,2326.74,13960.44,150.0
ITEM00487,ORD01242,PROD102,6.0,348.41,2090.46,39.8
ITEM00488,ORD01171,PROD100,1.0,4854.25,4854.25,17.7
ITEM00489,ORD01076,PROD108,2.0,4304.43,8608.86,20.5
ITEM00490,ORD00618,PROD118,3.0,3809.04,11427.12,37.2
ITEM00491,ORD00300,PROD025,5.0,3745.44,18727.2,23.4
ITEM00492,ORD00037,PROD086,4.0,3898.26,15593.04,30.9
ITEM00493,ORD00043,PROD118,6.0,735.11,4410.66,150.0
ITEM00494,ORD00469,PROD198,6.0,4324.7,25948.2,6.8
ITEM00495,ORD00384,PROD029,3.0,N/A,6126.06,22.2
ITEM00496,ORD00790,PROD022,3.0,4809.5,14428.5,11.3
ITEM00497,ORD00678,PROD031,8.0,488.93,3911.44,4.2
ITEM00498,ORD00124,PROD036,3.0,3590.52,10771.56,38.7
ITEM00499,ORD01314,PROD010,8.0,4794.99,38359.92,27.2
ITEM00500,ORD00468,PROD127,,3181.35,12725.4,36.3
ITEM00501,ORD00102,PROD005,5.0,2374.44,11872.2,19.5
ITEM00502,ORD00649,PROD027,7.0,2656.72,18597.04,14.0
ITEM00503,ORD00287,PROD134,10.0,817.33,8173.3,12.9
ITEM00504,ORD00536,PROD177,3.0,4669.14,14007.42,24.4
ITEM00505,ORD00193,PROD169,1.0,4341.85,4341.85,5.4
ITEM00506,ORD00198,PROD005,4.0,3441.76,13767.04,25.8
ITEM00507,ORD00559,PROD178,6.0,1409.14,8454.84,30.7
ITEM00508,ORD00345,PROD087,3.0,1625.57,4876.71,
ITEM00509,ORD00081,PROD161,0.0,1343.33,2686.66,20.9
ITEM00510,ORD00908,PROD135,4.0,4527.67,18110.68,12.3
ITEM00511,ORD00834,PROD197,6.0,-200,20131.8,16.2
ITEM00512,ORD00766,PROD146,9.0,4758.55,42826.95,0.5
ITEM00513,ORD00195,PROD050,9.0,2941.86,26476.74,39.1
ITEM00514,ORD00457,PROD196,6.0,345.43,2072.58,18.8
ITEM00515,ORD00443,PROD095,9.0,1602.96,14426.64,4.0
ITEM00516,ORD00691,PROD146,7.0,300.17,2101.19,12.6
ITEM00517,ORD00365,PROD109,3.0,1093.96,3281.88,23.1
ITEM00518,ORD01153,PROD126,3.0,2627.29,7881.87,35.6
ITEM00519,ORD00579,PROD162,4.0,1995.01,,18.7
ITEM00520,ORD01230,PROD151,9.0,1502.89,13526.01,15.2
ITEM00521,ORD00766,PROD048,0.0,2595.04,7785.12,18.3
ITEM00522,ORD00976,PROD105,10.0,293.05,2930.5,13.4
ITEM00523,ORD00896,PROD047,8.0,1442.37,11538.96,11.2
ITEM00524,ORD00109,PROD093,4.0,1307.93,5231.72,15.0
ITEM00525,ORD00510,PROD185,1.0,1182.25,1182.25,22.2
ITEM00526,ORD01459,PROD087,7.0,2089.64,14627.48,8.2
ITEM00527,ORD01292,PROD036,3.0,2644.6,7933.8,15.1
ITEM00528,ORD01167,PROD089,1.0,2690.44,2690.44,2.7
ITEM00529,ORD00856,PROD118,7.0,803.7,5625.9,4.5
ITEM00530,ORD01412,PROD108,2.0,3187.58,6375.16,32.2
ITEM00531,ORD00145,PROD021,7.0,3669.02,25683.14,32.4
ITEM00532,ORD00063,PROD090,1.0,-200,954.15,5.5
ITEM00533,ORD01106,PROD008,2.0,2238.88,4477.76,19.8
ITEM00534,ORD00554,PROD183,10.0,574.46,5744.6,19.8
ITEM00535,ORD01296,PROD183,5.0,1423.41,7117.05,6.6
ITEM00536,ORD01393,PROD061,9.0,2744.52,24700.68,9.9
ITEM00537,ORD01162,PROD049,3.0,4550.43,13651.29,8.2
ITEM00538,ORD00338,PROD089,5.0,806.74,4033.7,0.4
ITEM00539,ORD01472,PROD156,5.0,,18627.75,1.1
ITEM00540,ORD01210,PROD161,1.0,3450.73,3450.73,32.2
ITEM00541,ORD00979,PROD132,3.0,1257.22,3771.66,8.1
ITEM00542,ORD00111,PROD166,1.0,4210.64,4210.64,10.7
ITEM00543,ORD00617,PROD067,4.0,4653.95,18615.8,2.7
ITEM00544,ORD00650,PROD138,2.0,1310.89,2621.78,3.4
ITEM00545,ORD00422,PROD013,2.0,894.99,1789.98,1.8
ITEM00546,ORD01069,PROD133,5.0,3781.03,18905.15,18.1
ITEM00547,ORD00869,PROD107,3.0,2562.84,7688.52,10.3
ITEM00548,ORD01112,PROD017,3.0,285.42,856.26,39.8
ITEM00549,ORD00910,PROD130,2.0,4231.48,8462.96,22.7
ITEM00550,ORD00816,PROD111,3.0,2114.42,6343.26,23.5
ITEM00551,ORD00144,PROD173,6.0,3808.26,22849.56,35.4
ITEM00552,ORD00294,PROD195,5.0,3761.69,18808.45,20.0
ITEM00553,ORD01423,PROD172,4.0,318.18,1272.72,2.7
ITEM00554,ORD01163,PROD177,1.0,3722.25,3722.25,32.1
ITEM00555,ORD00919,PROD163,3.0,3952.22,11856.66,10.5
ITEM00556,ORD00843,PROD133,5.0,284.0,1420.0,30.0
ITEM00557,ORD01006,PROD190,4.0,2435.06,9740.24,1.0
ITEM00558,ORD00772,PROD049,10.0,1366.78,13667.8,23.4
ITEM00559,ORD00312,PROD193,9.0,-200,1303.47,25.8
ITEM00560,ORD00233,PROD003,2.0,1473.04,2946.08,10.8
ITEM00561,ORD01304,PROD065,1.0,2600.94,2600.94,27.8
ITEM00562,ORD00402,PROD053,5.0,4689.9,23449.5,11.0
ITEM00563,ORD00687,PROD072,10.0,187.27,1872.7,27.2
ITEM00564,ORD00615,PROD038,8.0,2466.72,19733.76,6.9
ITEM00565,ORD01293,PROD042,5.0,1322.92,6614.6,4.3
ITEM00566,ORD00658,PROD152,2.0,2384.74,4769.48,31.7
ITEM00567,ORD00828,PROD155,1.0,1042.03,1042.03,16.2
ITEM00568,ORD00140,PROD171,9.0,3454.64,31091.76,5.3
ITEM00569,ORD00575,PROD127,8.0,3783.84,30270.72,19.4
ITEM00570,ORD01478,PROD139,0.0,1916.33,13414.31,22.9
ITEM00571,ORD00465,PROD096,1.0,3849.06,3849.06,31.3
ITEM00572,ORD00247,PROD056,3.0,-200,249.21,28.0
ITEM00573,ORD00706,PROD034,4.0,2530.3,10121.2,20.9
ITEM00574,ORD00405,PROD032,9.0,3407.98,30671.82,1.0
ITEM00575,ORD01363,PROD177,10.0,1272.98,12729.8,37.7
ITEM00576,ORD01049,PROD177,10.0,3882.07,38820.7,33.1
ITEM00577,ORD01284,PROD001,7.0,2122.74,14859.18,29.3
ITEM00578,ORD00392,PROD017,2.0,2165.4,4330.8,23.3
ITEM00579,ORD01401,PROD183,3.0,1345.04,4035.12,35.0
ITEM00580,ORD00623,PROD062,8.0,1958.09,15664.72,6.9
ITEM00581,ORD01144,PROD057,9.0,N/A,10698.21,0.8
ITEM00582,ORD01313,PROD150,6.0,1239.63,7437.78,20.5
ITEM00583,ORD01181,PROD140,7.0,256.75,1797.25,15.6
ITEM00584,ORD01201,PROD145,10.0,4038.68,40386.8,20.1
ITEM00585,ORD01461,PROD056,1.0,510.31,510.31,22.3
ITEM00586,ORD00743,PROD003,5.0,2303.72,11518.6,37.3
ITEM00587,ORD00502,PROD145,,4288.26,34306.08,20.7
ITEM00588,ORD00136,PROD004,7.0,2321.16,16248.12,5.3
ITEM00589,ORD00366,PROD072,7.0,4884.48,34191.36,38.8
ITEM00590,ORD00104,PROD002,10.0,1955.48,19554.8,11.0
ITEM00591,ORD00066,PROD013,5.0,155.12,775.6,4.4
ITEM00592,ORD01065,PROD064,10.0,528.03,,35.3
ITEM00593,ORD00680,PROD126,2.0,3543.52,7087.04,18.3
ITEM00594,ORD01182,PROD108,,4457.52,22287.6,11.5
ITEM00595,ORD00088,PROD089,9.0,3318.17,29863.53,13.8
ITEM00596,ORD00639,PROD142,7.0,4766.79,33367.53,25.3
ITEM00597,ORD00098,PROD080,8.0,946.14,7569.12,35.8
ITEM00598,ORD00061,PROD189,1.0,1355.27,1355.27,150.0
ITEM00599,ORD00360,PROD169,7.0,2273.81,15916.67,-10.0
ITEM00600,ORD00573,PROD146,8.0,3486.48,27891.84,34.6
ITEM00601,ORD00213,PROD170,10.0,4208.33,42083.3,20.7
ITEM00602,ORD01388,PROD005,9.0,2569.01,23121.09,-10.0
ITEM00603,ORD00924,PROD028,10.0,N/A,3667.1,-10.0
ITEM00604,ORD00066,PROD078,6.0,3403.07,20418.42,23.8
ITEM00605,ORD00441,PROD011,8.0,3580.65,28645.2,16.8
ITEM00606,ORD00829,PROD087,7.0,1055.85,7390.95,31.7
ITEM00607,ORD01468,PROD111,8.0,157.9,1263.2,10.7
ITEM00608,ORD00516,PROD086,5.0,1313.58,6567.9,12.5
ITEM00609,ORD00376,PROD189,5.0,61.22,306.1,
ITEM00610,ORD00499,PROD001,8.0,1879.48,15035.84,38.1
ITEM00611,ORD01006,PROD038,2.0,302.03,604.06,20.6
ITEM00612,ORD01481,PROD091,10.0,2457.02,24570.2,24.9
ITEM00613,ORD00509,PROD116,9.0,2541.35,22872.15,38.1
ITEM00614,ORD00446,PROD141,8.0,4623.46,36987.68,32.8
ITEM00615,ORD00159,PROD126,8.0,2899.83,23198.64,36.2
ITEM00616,ORD00419,PROD010,2.0,3994.96,7989.92,6.0
ITEM00617,ORD00613,PROD173,7.0,2068.93,14482.51,5.7
ITEM00618,ORD01298,PROD190,6.0,2568.21,15409.26,5.5
ITEM00619,ORD00306,PROD154,4.0,4776.01,19104.04,30.8
ITEM00620,ORD00638,PROD012,6.0,978.2,5869.2,2.3
ITEM00621,ORD00129,PROD157,10.0,322.96,3229.6,21.0
ITEM00622,ORD00599,PROD084,9.0,N/A,14875.83,3.3
ITEM00623,ORD01283,PROD157,5.0,4645.51,23227.55,23.4
ITEM00624,ORD00901,PROD015,3.0,1783.46,5350.38,21.7
ITEM00625,ORD00254,PROD037,4.0,4506.88,18027.52,39.6
ITEM00626,ORD01050,PROD175,6.0,,4685.46,27.4
ITEM00627,ORD01173,PROD119,8.0,2899.48,23195.84,7.1
ITEM00628,ORD00988,PROD189,7.0,-200,7730.1,12.0
ITEM00629,ORD00806,PROD155,8.0,828.56,6628.48,39.5
ITEM00630,ORD00333,PROD145,4.0,2583.02,10332.08,23.3
ITEM00631,ORD00154,PROD002,8.0,2018.31,16146.48,1.8
ITEM00632,ORD00984,PROD070,1.0,761.99,761.99,30.6
ITEM00633,ORD00961,PROD101,4.0,2894.04,11576.16,5.9
ITEM00634,ORD01241,PROD050,8.0,674.25,5394.0,4.4
ITEM00635,ORD01351,PROD102,8.0,4944.71,39557.68,17.8
ITEM00636,ORD01490,PROD155,,2207.39,8829.56,12.7
ITEM00637,ORD00603,PROD018,6.0,212.43,1274.58,34.2
ITEM00638,ORD01491,PROD200,5.0,196.08,980.4,10.4
ITEM00639,ORD00289,PROD153,3.0,815.91,2447.73,33.0
ITEM00640,ORD01315,PROD196,7.0,1950.2,13651.4,5.2
ITEM00641,ORD01249,PROD148,1.0,1655.39,1655.39,28.6
ITEM00642,ORD00364,PROD029,2.0,3473.45,6946.9,39.6
ITEM00643,ORD00202,PROD133,4.0,3521.31,14085.24,36.7
ITEM00644,ORD00072,PROD196,2.0,2358.49,4716.98,39.6
ITEM00645,ORD00213,PROD050,4.0,4881.19,19524.76,30.9
ITEM00646,ORD01014,PROD197,3.0,622.94,1868.82,7.0
ITEM00647,ORD00279,PROD134,9.0,1955.01,17595.09,27.3
ITEM00648,ORD01016,PROD108,0.0,1610.75,3221.5,1.3
ITEM00649,ORD00548,PROD069,0.0,4909.8,29458.8,20.6
ITEM00650,ORD01110,PROD136,9.0,2022.46,18202.14,25.9
ITEM00651,ORD00274,PROD194,3.0,3873.58,11620.74,31.3
ITEM00652,ORD00166,PROD139,9.0,2967.17,26704.53,10.8
ITEM00653,ORD01452,PROD049,7.0,3003.67,21025.69,29.4
ITEM00654,ORD00698,PROD098,1.0,1945.23,1945.23,35.5
ITEM00655,ORD00178,PROD035,2.0,2438.71,4877.42,16.0
ITEM00656,ORD00984,PROD105,6.0,424.0,2544.0,-10.0
ITEM00657,ORD00691,PROD151,10.0,1706.15,17061.5,9.9
ITEM00658,ORD00041,PROD107,4.0,1372.24,5488.96,18.2
ITEM00659,ORD01500,PROD021,1.0,3361.74,3361.74,17.4
ITEM00660,ORD01005,PROD106,2.0,1026.93,2053.86,19.3
ITEM00661,ORD01401,PROD180,7.0,430.88,3016.16,20.3
ITEM00662,ORD01163,PROD050,6.0,1278.89,7673.34,17.7
ITEM00663,ORD00864,PROD100,5.0,4519.59,22597.95,3.7
ITEM00664,ORD00484,PROD114,-1.0,4902.11,9804.22,29.4
ITEM00665,ORD00165,PROD172,10.0,3616.68,36166.8,9.4
ITEM00666,ORD00461,PROD122,9.0,3025.4,27228.6,39.8
ITEM00667,ORD00295,PROD018,5.0,2791.33,13956.65,20.0
ITEM00668,ORD00561,PROD117,2.0,4057.01,8114.02,38.7
ITEM00669,ORD01408,PROD182,10.0,1286.21,,21.4
ITEM00670,ORD00124,PROD118,9.0,2732.11,24588.99,29.9
ITEM00671,ORD01357,PROD082,9.0,,2312.19,11.6
ITEM00672,ORD01489,PROD048,,1732.59,1732.59,13.1
ITEM00673,ORD00563,PROD154,1.0,1728.56,1728.56,11.6
ITEM00674,ORD01202,PROD106,9.0,3617.26,32555.34,15.2
ITEM00675,ORD00798,PROD184,1.0,3192.08,3192.08,24.5
ITEM00676,ORD00165,PROD175,2.0,2084.11,,29.5
ITEM00677,ORD01275,PROD147,3.0,4805.97,14417.91,6.1
ITEM00678,ORD00860,PROD181,7.0,4815.82,33710.74,1.8
ITEM00679,ORD01432,PROD077,2.0,787.71,1575.42,16.0
ITEM00680,ORD01319,PROD173,4.0,2012.87,8051.48,1.4
ITEM00681,ORD01297,PROD047,10.0,2570.78,25707.8,24.5
ITEM00682,ORD00654,PROD177,6.0,3014.15,18084.9,10.5
ITEM00683,ORD00189,PROD099,3.0,52.41,157.23,18.2
ITEM00684,ORD01250,PROD160,7.0,1878.75,13151.25,34.8
ITEM00685,ORD00812,PROD026,2.0,3807.11,7614.22,35.9
ITEM00686,ORD00804,PROD092,9.0,3177.01,28593.09,2.2
ITEM00687,ORD00352,PROD070,6.0,4254.36,25526.16,29.1
ITEM00688,ORD00986,PROD182,7.0,1488.97,10422.79,0.9
ITEM00689,ORD00189,PROD139,7.0,763.63,5345.41,12.8
ITEM00690,ORD00566,PROD162,4.0,3981.82,15927.28,27.7
ITEM00691,ORD00719,PROD158,8.0,4981.07,39848.56,34.9
ITEM00692,ORD00992,PROD119,9.0,4591.42,41322.78,14.7
ITEM00693,ORD00106,PROD139,2.0,4468.37,8936.74,16.7
ITEM00694,ORD00869,PROD140,6.0,2475.54,14853.24,34.7
ITEM00695,ORD00649,PROD187,1.0,3454.75,3454.75,24.2
ITEM00696,ORD01414,PROD023,1.0,2614.49,2614.49,20.3
ITEM00697,ORD01089,PROD172,3.0,3392.88,10178.64,31.4
ITEM00698,ORD01412,PROD163,9.0,668.67,6018.03,5.0
ITEM00699,ORD00888,PROD068,7.0,3085.46,21598.22,25.1
ITEM00700,ORD01040,PROD025,3.0,4761.77,14285.31,33.7
ITEM00701,ORD00893,PROD177,9.0,1217.98,10961.82,2.1
ITEM00702,ORD00334,PROD036,5.0,657.69,3288.45,
ITEM00703,ORD00439,PROD067,6.0,4828.0,28968.0,39.4
ITEM00704,ORD00905,PROD084,1.0,846.95,846.95,5.4
ITEM00705,ORD01048,PROD042,-1.0,4475.38,13426.14,29.2
ITEM00706,ORD00762,PROD114,1.0,2131.45,2131.45,0.4
ITEM00707,ORD01427,PROD193,3.0,3757.06,11271.18,12.1
ITEM00708,ORD00919,PROD121,4.0,3895.88,15583.52,19.2
ITEM00709,ORD00948,PROD010,5.0,3497.76,17488.8,31.2
ITEM00710,ORD00198,PROD093,4.0,3692.98,14771.92,31.6
ITEM00711,ORD01385,PROD010,7.0,4833.34,33833.38,
ITEM00712,ORD00949,PROD137,7.0,3216.67,22516.69,7.8
ITEM00713,ORD00252,PROD121,3.0,3768.22,11304.66,9.2
ITEM00714,ORD00365,PROD087,1.0,1511.61,1511.61,37.4
ITEM00715,ORD00135,PROD087,8.0,,33908.88,14.8
ITEM00716,ORD01179,PROD011,8.0,2370.44,18963.52,33.1
ITEM00717,ORD01210,PROD083,4.0,982.53,3930.12,29.4
ITEM00718,ORD01169,PROD111,6.0,1098.13,6588.78,37.3
ITEM00719,ORD00400,PROD042,3.0,1832.41,5497.23,31.8
ITEM00720,ORD01422,PROD068,8.0,2308.13,18465.04,150.0
ITEM00721,ORD01343,PROD076,2.0,3308.93,6617.86,20.6
ITEM00722,ORD01240,PROD137,2.0,4681.64,9363.28,36.3
ITEM00723,ORD00177,PROD021,4.0,3569.33,14277.32,30.8
ITEM00724,ORD01009,PROD140,9.0,2471.47,22243.23,28.1
ITEM00725,ORD00778,PROD191,1.0,3802.7,3802.7,39.6
ITEM00726,ORD01478,PROD191,10.0,3870.7,38707.0,5.5
ITEM00727,ORD00980,PROD185,5.0,2263.02,11315.1,23.3
ITEM00728,ORD00003,PROD138,4.0,3428.22,13712.88,19.2
ITEM00729,ORD01364,PROD137,1.0,793.56,793.56,-10.0
ITEM00730,ORD01003,PROD169,7.0,3577.81,25044.67,20.9
ITEM00731,ORD01305,PROD099,7.0,3743.35,26203.45,28.0
ITEM00732,ORD00024,PROD114,2.0,2623.1,5246.2,21.6
ITEM00733,ORD00003,PROD133,7.0,3744.15,26209.05,23.1
ITEM00734,ORD00261,PROD152,10.0,3607.3,36073.0,16.8
ITEM00735,ORD00351,PROD184,3.0,3536.1,10608.3,150.0
ITEM00736,ORD01325,PROD095,8.0,905.94,7247.52,22.5
ITEM00737,ORD00899,PROD007,2.0,3112.93,6225.86,36.3
ITEM00738,ORD01183,PROD026,3.0,2035.09,6105.27,21.7
ITEM00739,ORD00869,PROD058,6.0,1495.7,8974.2,23.2
ITEM00740,ORD00330,PROD147,8.0,2872.45,22979.6,30.2
ITEM00741,ORD00567,PROD029,3.0,150.61,,19.2
ITEM00742,ORD00627,PROD148,1.0,532.22,532.22,15.2
ITEM00743,ORD00690,PROD052,7.0,3000.95,21006.65,21.5
ITEM00744,ORD00375,PROD135,6.0,2951.56,17709.36,34.9
ITEM00745,ORD00907,PROD119,1.0,2847.06,2847.06,33.0
ITEM00746,ORD01036,PROD016,,3335.81,3335.81,4.8
ITEM00747,ORD00595,PROD113,9.0,3488.44,31395.96,1.7
ITEM00748,ORD00402,PROD072,8.0,4296.15,34369.2,26.8
ITEM00749,ORD00001,PROD184,10.0,4795.09,47950.9,38.9
ITEM00750,ORD01433,PROD021,5.0,4089.76,20448.8,35.5
ITEM00751,ORD00022,PROD077,2.0,2310.36,4620.72,29.5
ITEM00752,ORD00450,PROD044,3.0,3280.05,9840.15,29.9
ITEM00753,ORD01242,PROD006,4.0,1671.36,6685.44,5.4
ITEM00754,ORD01117,PROD026,8.0,2513.65,20109.2,7.0
ITEM00755,ORD01018,PROD062,3.0,1970.61,5911.83,5.2
ITEM00756,ORD01026,PROD071,6.0,N/A,1728.24,19.0
ITEM00757,ORD01305,PROD160,8.0,3016.36,24130.88,32.1
ITEM00758,ORD00082,PROD169,-1.0,4343.88,13031.64,36.3
ITEM00759,ORD00861,PROD138,10.0,3001.83,30018.3,4.6
ITEM00760,ORD00588,PROD080,7.0,3041.03,21287.21,38.1
ITEM00761,ORD00868,PROD055,2.0,2324.34,4648.68,38.4
ITEM00762,ORD00698,PROD142,6.0,1980.74,11884.44,35.6
ITEM00763,ORD01156,PROD192,1.0,1129.22,1129.22,2.8
ITEM00764,ORD00630,PROD045,10.0,1889.99,18899.9,10.7
ITEM00765,ORD01223,PROD140,7.0,N/A,17315.34,29.1
ITEM00766,ORD00180,PROD170,1.0,3322.87,3322.87,34.5
ITEM00767,ORD01349,PROD196,5.0,4067.88,20339.4,16.7
ITEM00768,ORD01107,PROD020,2.0,957.9,1915.8,14.6
ITEM00769,ORD00850,PROD080,10.0,1062.82,10628.2,5.3
ITEM00770,ORD01112,PROD005,10.0,2004.56,20045.6,4.4
ITEM00771,ORD01323,PROD075,5.0,1315.55,6577.75,28.0
ITEM00772,ORD00623,PROD100,2.0,3166.26,6332.52,14.1
ITEM00773,ORD01231,PROD046,4.0,4994.24,19976.96,12.0
ITEM00774,ORD01334,PROD080,2.0,3973.08,7946.16,29.2
ITEM00775,ORD01047,PROD122,1.0,2254.4,2254.4,17.6
ITEM00776,ORD00997,PROD137,1.0,4361.92,4361.92,30.1
ITEM00777,ORD01428,PROD112,6.0,3837.48,23024.88,31.7
ITEM00778,ORD00557,PROD176,8.0,3755.69,30045.52,27.6
ITEM00779,ORD01234,PROD187,6.0,4658.5,27951.0,17.5
ITEM00780,ORD01455,PROD051,10.0,1618.67,16186.7,20.2
ITEM00781,ORD00397,PROD092,1.0,1706.46,1706.46,27.8
ITEM00782,ORD01432,PROD113,1.0,2397.31,2397.31,16.0
ITEM00783,ORD00366,PROD193,7.0,3064.47,21451.29,5.0
ITEM00784,ORD00016,PROD048,9.0,956.25,8606.25,19.9
ITEM00785,ORD00430,PROD056,3.0,2890.71,8672.13,15.6
ITEM00786,ORD01479,PROD106,3.0,1985.92,5957.76,
ITEM00787,ORD01191,PROD170,1.0,825.19,825.19,23.9
ITEM00788,ORD00290,PROD042,5.0,424.92,2124.6,39.6
ITEM00789,ORD00342,PROD124,10.0,4954.59,49545.9,3.4
ITEM00790,ORD00775,PROD059,6.0,362.47,2174.82,
ITEM00791,ORD01133,PROD060,8.0,2206.88,17655.04,28.1
ITEM00792,ORD00825,PROD013,3.0,817.94,2453.82,38.9
ITEM00793,ORD01027,PROD129,9.0,-200,14846.94,33.5
ITEM00794,ORD00965,PROD170,3.0,3850.5,11551.5,6.3
ITEM00795,ORD00053,PROD147,4.0,3997.02,15988.08,19.1
ITEM00796,ORD01328,PROD003,9.0,3081.71,27735.39,23.5
ITEM00797,ORD01403,PROD062,10.0,3262.15,32621.5,29.8
ITEM00798,ORD00424,PROD079,5.0,4259.94,21299.7,7.3
ITEM00799,ORD00964,PROD082,6.0,217.45,1304.7,29.3
ITEM00800,ORD00752,PROD199,1.0,4620.34,4620.34,8.0
ITEM00801,ORD00763,PROD076,1.0,2655.36,2655.36,6.0
ITEM00802,ORD01006,PROD080,5.0,4103.18,20515.9,35.0
ITEM00803,ORD01089,PROD102,6.0,2737.54,,34.9
ITEM00804,ORD00754,PROD168,1.0,2831.96,2831.96,27.7
ITEM00805,ORD00588,PROD129,8.0,2992.98,23943.84,11.3
ITEM00806,ORD00672,PROD073,2.0,2961.95,5923.9,19.3
ITEM00807,ORD00992,PROD064,7.0,1915.79,13410.53,20.7
ITEM00808,ORD01445,PROD195,6.0,1249.07,7494.42,24.0
ITEM00809,ORD01421,PROD046,5.0,3731.58,18657.9,11.3
ITEM00810,ORD00792,PROD017,10.0,4476.12,44761.2,27.1
ITEM00811,ORD00665,PROD192,7.0,4603.39,32223.73,36.9
ITEM00812,ORD00440,PROD011,6.0,52.57,315.42,12.5
ITEM00813,ORD00009,PROD153,8.0,1262.13,10097.04,15.7
ITEM00814,ORD01188,PROD083,,-200,6042.84,22.7
ITEM00815,ORD00294,PROD076,7.0,180.78,1265.46,10.4
ITEM00816,ORD00534,PROD154,3.0,2996.1,8988.3,27.2
ITEM00817,ORD00858,PROD100,4.0,N/A,19534.84,8.7
ITEM00818,ORD00590,PROD144,6.0,2923.97,17543.82,38.9
ITEM00819,ORD00421,PROD108,8.0,4886.07,39088.56,7.6
ITEM00820,ORD00037,PROD027,8.0,3245.44,25963.52,32.9
ITEM00821,ORD01035,PROD125,9.0,3750.16,33751.44,39.1
ITEM00822,ORD00229,PROD118,6.0,2290.78,13744.68,35.9
ITEM00823,ORD00456,PROD184,5.0,4797.99,23989.95,36.5
ITEM00824,ORD00265,PROD171,7.0,369.37,2585.59,20.7
ITEM00825,ORD00308,PROD049,6.0,2420.52,14523.12,22.5
ITEM00826,ORD00355,PROD015,3.0,442.83,1328.49,7.1
ITEM00827,ORD00709,PROD121,6.0,1948.27,11689.62,7.0
ITEM00828,ORD00944,PROD145,2.0,4642.48,9284.96,6.5
ITEM00829,ORD00760,PROD001,6.0,2489.24,14935.44,12.6
ITEM00830,ORD00040,PROD147,3.0,3665.83,10997.49,28.6
ITEM00831,ORD00530,PROD159,-1.0,1652.25,1652.25,14.6
ITEM00832,ORD00156,PROD020,4.0,1929.93,7719.72,1.3
ITEM00833,ORD00283,PROD178,10.0,382.43,3824.3,15.6
ITEM00834,ORD00336,PROD185,7.0,672.14,4704.98,13.0
ITEM00835,ORD00864,PROD147,3.0,982.8,2948.4,4.1
ITEM00836,ORD00806,PROD157,7.0,1714.36,12000.52,12.7
ITEM00837,ORD00627,PROD165,6.0,3082.03,18492.18,38.7
ITEM00838,ORD00489,PROD163,9.0,149.68,1347.12,11.5
ITEM00839,ORD01418,PROD167,2.0,2992.34,5984.68,26.9
ITEM00840,ORD00765,PROD129,6.0,3182.82,19096.92,7.3
ITEM00841,ORD01497,PROD072,8.0,4921.95,39375.6,10.2
ITEM00842,ORD00007,PROD102,10.0,4663.24,46632.4,4.0
ITEM00843,ORD01172,PROD115,4.0,4344.81,17379.24,35.4
ITEM00844,ORD00576,PROD108,10.0,4979.05,49790.5,1.7
ITEM00845,ORD00646,PROD018,1.0,3965.27,3965.27,1.9
ITEM00846,ORD00758,PROD120,6.0,3325.71,19954.26,21.6
ITEM00847,ORD01325,PROD005,10.0,4478.84,44788.4,26.0
ITEM00848,ORD01320,PROD153,2.0,135.23,270.46,19.3
ITEM00849,ORD00909,PROD148,3.0,2053.57,6160.71,26.3
ITEM00850,ORD00476,PROD096,7.0,1226.13,8582.91,31.9
ITEM00851,ORD00201,PROD031,6.0,2155.51,12933.06,8.2
ITEM00852,ORD00587,PROD024,10.0,2778.17,27781.7,3.9
ITEM00853,ORD01168,PROD193,3.0,1425.91,4277.73,29.8
ITEM00854,ORD00309,PROD011,10.0,3943.3,39433.0,24.4
ITEM00855,ORD01351,PROD056,9.0,3372.72,30354.48,19.0
ITEM00856,ORD00869,PROD183,4.0,3468.88,13875.52,19.5
ITEM00857,ORD00865,PROD090,6.0,3112.01,18672.06,27.3
ITEM00858,ORD00364,PROD104,-1.0,4730.5,47305.0,10.3
ITEM00859,ORD00298,PROD187,6.0,456.25,2737.5,29.5
ITEM00860,ORD01347,PROD042,8.0,949.28,7594.24,23.8
ITEM00861,ORD00519,PROD082,9.0,,11245.86,22.5
ITEM00862,ORD01007,PROD124,9.0,4687.51,42187.59,38.8
ITEM00863,ORD00898,PROD178,3.0,602.61,1807.83,32.5
ITEM00864,ORD00878,PROD102,2.0,1152.34,2304.68,6.1
ITEM00865,ORD00005,PROD035,7.0,3458.02,24206.14,39.2
ITEM00866,ORD00413,PROD018,9.0,1117.97,10061.73,30.0
ITEM00867,ORD01138,PROD015,4.0,4890.0,19560.0,31.6
ITEM00868,ORD00312,PROD186,2.0,2145.75,4291.5,36.3
ITEM00869,ORD01394,PROD161,7.0,277.34,1941.38,14.9
ITEM00870,ORD01029,PROD153,6.0,2842.4,17054.4,11.6
ITEM00871,ORD00122,PROD009,6.0,1488.52,8931.12,25.4
ITEM00872,ORD00986,PROD037,8.0,2432.88,,33.9
ITEM00873,ORD00144,PROD135,1.0,935.24,935.24,2.2
ITEM00874,ORD00125,PROD007,10.0,N/A,37000.7,1.9
ITEM00875,ORD00101,PROD089,6.0,2666.56,15999.36,34.6
ITEM00876,ORD00296,PROD117,6.0,3931.72,,28.3
ITEM00877,ORD00523,PROD195,-1.0,4708.94,23544.7,24.7
ITEM00878,ORD00648,PROD152,8.0,3688.95,29511.6,34.5
ITEM00879,ORD01077,PROD180,7.0,1925.93,13481.51,18.9
ITEM00880,ORD01467,PROD088,2.0,475.65,951.3,28.3
ITEM00881,ORD01082,PROD096,2.0,1193.24,2386.48,36.4
ITEM00882,ORD01387,PROD006,6.0,272.94,1637.64,9.9
ITEM00883,ORD00878,PROD007,5.0,217.89,1089.45,4.7
ITEM00884,ORD00559,PROD015,8.0,164.36,1314.88,30.6
ITEM00885,ORD00232,PROD196,7.0,1585.34,11097.38,6.7
ITEM00886,ORD01289,PROD066,6.0,3708.55,22251.3,11.4
ITEM00887,ORD00942,PROD077,1.0,4605.56,4605.56,32.4
ITEM00888,ORD01342,PROD071,4.0,2047.08,8188.32,25.0
ITEM00889,ORD01204,PROD019,6.0,3867.52,23205.12,0.5
ITEM00890,ORD00491,PROD089,4.0,1216.78,4867.12,21.8
ITEM00891,ORD01225,PROD110,3.0,1340.14,4020.42,31.3
ITEM00892,ORD01235,PROD197,7.0,2036.82,14257.74,17.6
ITEM00893,ORD00797,PROD098,1.0,1336.26,1336.26,15.0
ITEM00894,ORD01255,PROD175,1.0,1402.46,1402.46,20.8
ITEM00895,ORD00980,PROD061,9.0,4005.21,36046.89,38.4
ITEM00896,ORD01236,PROD011,2.0,1542.88,3085.76,3.2
ITEM00897,ORD00501,PROD096,1.0,2844.91,2844.91,0.2
ITEM00898,ORD01348,PROD187,1.0,4764.42,4764.42,16.2
ITEM00899,ORD01311,PROD115,7.0,4798.27,33587.89,36.9
ITEM00900,ORD00459,PROD041,4.0,4296.76,17187.04,-10.0
ITEM00901,ORD01256,PROD128,3.0,2770.1,8310.3,34.3
ITEM00902,ORD00416,PROD096,5.0,4641.03,23205.15,
ITEM00903,ORD00504,PROD112,2.0,816.2,1632.4,5.4
ITEM00904,ORD01036,PROD040,7.0,2987.84,20914.88,29.0
ITEM00905,ORD00401,PROD048,10.0,1805.54,18055.4,11.0
ITEM00906,ORD01484,PROD006,5.0,2467.0,12335.0,150.0
ITEM00907,ORD00402,PROD042,9.0,3103.63,27932.67,25.4
ITEM00908,ORD01080,PROD030,4.0,493.28,1973.12,12.1
ITEM00909,ORD00914,PROD116,1.0,4474.34,4474.34,-10.0
ITEM00910,ORD00880,PROD082,5.0,4179.67,20898.35,3.2
ITEM00911,ORD01135,PROD139,6.0,232.61,1395.66,14.5
ITEM00912,ORD01050,PROD146,7.0,1343.12,9401.84,26.6
ITEM00913,ORD00431,PROD046,3.0,3018.0,9054.0,20.9
ITEM00914,ORD01130,PROD144,6.0,1321.91,7931.46,2.8
ITEM00915,ORD01474,PROD055,2.0,4184.36,8368.72,22.8
ITEM00916,ORD00817,PROD145,5.0,2994.94,,21.5
ITEM00917,ORD01070,PROD180,4.0,4062.39,16249.56,28.5
ITEM00918,ORD01190,PROD006,6.0,3692.92,22157.52,
ITEM00919,ORD01085,PROD083,7.0,62.03,434.21,23.7
ITEM00920,ORD00307,PROD050,5.0,2210.96,,36.1
ITEM00921,ORD00708,PROD118,3.0,2204.89,6614.67,19.5
ITEM00922,ORD01051,PROD008,6.0,1798.45,10790.7,37.5
ITEM00923,ORD00252,PROD031,7.0,3613.37,25293.59,16.2
ITEM00924,ORD00917,PROD191,2.0,4322.29,,9.7
ITEM00925,ORD00431,PROD059,6.0,1402.19,8413.14,1.8
ITEM00926,ORD01142,PROD165,3.0,4338.04,13014.12,15.7
ITEM00927,ORD01475,PROD123,9.0,3211.13,28900.17,
ITEM00928,ORD00889,PROD182,3.0,3500.76,10502.28,31.8
ITEM00929,ORD01103,PROD101,,1067.33,4269.32,13.5
ITEM00930,ORD00210,PROD180,8.0,2671.01,21368.08,19.5
ITEM00931,ORD00776,PROD190,8.0,833.87,6670.96,3.2
ITEM00932,ORD00714,PROD008,8.0,2263.43,18107.44,37.2
ITEM00933,ORD00370,PROD171,10.0,1711.93,17119.3,38.7
ITEM00934,ORD00291,PROD117,5.0,3823.47,19117.35,33.0
ITEM00935,ORD00511,PROD048,5.0,2938.67,14693.35,8.0
ITEM00936,ORD00682,PROD002,10.0,1009.72,10097.2,30.2
ITEM00937,ORD00077,PROD172,8.0,827.07,6616.56,27.3
ITEM00938,ORD01006,PROD056,7.0,2547.94,17835.58,4.2
ITEM00939,ORD01301,PROD040,6.0,1188.05,7128.3,13.4
ITEM00940,ORD01236,PROD188,0.0,3828.12,15312.48,28.5
ITEM00941,ORD01456,PROD072,4.0,4377.76,17511.04,14.4
ITEM00942,ORD01294,PROD133,5.0,254.09,1270.45,32.6
ITEM00943,ORD01261,PROD156,4.0,553.96,2215.84,18.9
ITEM00944,ORD00483,PROD050,2.0,2584.85,5169.7,19.1
ITEM00945,ORD00983,PROD199,1.0,829.72,829.72,20.5
ITEM00946,ORD01113,PROD037,10.0,1149.3,11493.0,28.5
ITEM00947,ORD01005,PROD059,6.0,4777.43,28664.58,1.7
ITEM00948,ORD00477,PROD166,4.0,2838.67,11354.68,3.1
ITEM00949,ORD01294,PROD120,5.0,4055.14,20275.7,38.3
ITEM00950,ORD00738,PROD124,-1.0,3885.76,27200.32,22.1
ITEM00951,ORD00273,PROD094,7.0,1798.42,12588.94,12.1
ITEM00952,ORD00234,PROD108,3.0,4058.21,12174.63,31.6
ITEM00953,ORD01188,PROD126,10.0,702.55,7025.5,25.6
ITEM00954,ORD01237,PROD122,9.0,4965.99,44693.91,30.6
ITEM00955,ORD01071,PROD157,2.0,4716.69,9433.38,18.5
ITEM00956,ORD00052,PROD070,3.0,372.05,1116.15,36.9
ITEM00957,ORD00772,PROD097,8.0,4229.54,33836.32,15.9
ITEM00958,ORD01058,PROD100,7.0,722.94,5060.58,25.5
ITEM00959,ORD00524,PROD140,10.0,2414.19,24141.9,13.6
ITEM00960,ORD01223,PROD084,7.0,2121.08,14847.56,26.8
ITEM00961,ORD00828,PROD053,9.0,510.07,4590.63,31.7
ITEM00962,ORD00063,PROD048,3.0,612.87,1838.61,11.3
ITEM00963,ORD01366,PROD071,4.0,316.89,1267.56,9.3
ITEM00964,ORD00404,PROD030,4.0,,,18.7
ITEM00965,ORD00428,PROD196,1.0,1739.38,1739.38,3.3
ITEM00966,ORD00593,PROD076,1.0,2437.76,2437.76,29.0
ITEM00967,ORD00362,PROD130,8.0,1462.81,11702.48,14.6
ITEM00968,ORD01218,PROD073,9.0,3595.52,32359.68,2.1
ITEM00969,ORD01264,PROD040,3.0,2336.14,7008.42,25.7
ITEM00970,ORD01485,PROD108,3.0,3000.47,9001.41,39.4
ITEM00971,ORD00719,PROD167,3.0,4822.15,14466.45,16.0
ITEM00972,ORD00118,PROD144,4.0,2775.8,11103.2,22.6
ITEM00973,ORD01109,PROD155,6.0,1493.62,8961.72,2.3
ITEM00974,ORD00809,PROD131,5.0,1836.99,9184.95,18.0
ITEM00975,ORD00950,PROD141,10.0,909.81,9098.1,6.0
ITEM00976,ORD00316,PROD187,7.0,4935.6,34549.2,13.0
ITEM00977,ORD01474,PROD010,6.0,4891.45,29348.7,32.7
ITEM00978,ORD00316,PROD125,6.0,2743.57,,30.5
ITEM00979,ORD00837,PROD113,8.0,3751.0,30008.0,28.5
ITEM00980,ORD01358,PROD092,4.0,622.07,2488.28,16.0
ITEM00981,ORD01293,PROD122,4.0,3841.13,,25.4
ITEM00982,ORD00889,PROD163,4.0,1086.92,4347.68,8.0
ITEM00983,ORD00380,PROD074,0.0,2131.6,21316.0,19.4
ITEM00984,ORD01095,PROD112,2.0,4438.95,8877.9,32.8
ITEM00985,ORD00181,PROD089,6.0,968.68,5812.08,20.8
ITEM00986,ORD00116,PROD136,7.0,320.06,2240.42,9.0
ITEM00987,ORD00921,PROD087,5.0,695.74,3478.7,10.5
ITEM00988,ORD00828,PROD174,2.0,1926.74,3853.48,6.2
ITEM00989,ORD00902,PROD192,4.0,571.75,2287.0,20.4
ITEM00990,ORD00936,PROD113,10.0,3980.05,39800.5,27.4
ITEM00991,ORD00910,PROD141,1.0,1705.52,1705.52,37.4
ITEM00992,ORD01103,PROD096,1.0,2792.69,,29.8
ITEM00993,ORD00847,PROD101,6.0,2094.69,12568.14,32.3
ITEM00994,ORD00908,PROD077,3.0,4022.72,12068.16,12.9
ITEM00995,ORD01374,PROD094,8.0,4008.88,32071.04,24.4
ITEM00996,ORD01459,PROD023,1.0,792.86,792.86,30.8
ITEM00997,ORD00469,PROD199,7.0,2420.74,16945.18,
ITEM00998,ORD01437,PROD179,7.0,157.43,1102.01,-10.0
ITEM00999,ORD01233,PROD149,8.0,2229.49,17835.92,0.0
ITEM01000,ORD00988,PROD046,6.0,2380.55,14283.3,
ITEM01001,ORD00155,PROD071,8.0,4325.53,34604.24,16.0
ITEM01002,ORD01092,PROD036,6.0,857.91,5147.46,18.7
ITEM01003,ORD00139,PROD115,9.0,3141.01,28269.09,-10.0
ITEM01004,ORD01247,PROD146,2.0,2035.17,4070.34,16.2
ITEM01005,ORD00093,PROD062,2.0,1620.38,3240.76,27.8
ITEM01006,ORD00735,PROD068,5.0,624.25,3121.25,23.2
ITEM01007,ORD01336,PROD099,6.0,4439.84,26639.04,38.9
ITEM01008,ORD01181,PROD138,4.0,2246.16,8984.64,19.8
ITEM01009,ORD00897,PROD175,5.0,-200,2537.1,16.6
ITEM01010,ORD00543,PROD033,6.0,1585.81,9514.86,-10.0
ITEM01011,ORD00882,PROD168,-1.0,,29714.96,11.8
ITEM01012,ORD01027,PROD158,2.0,4669.04,9338.08,14.2
ITEM01013,ORD01176,PROD172,7.0,566.12,3962.84,6.2
ITEM01014,ORD01165,PROD144,3.0,2287.08,6861.24,23.0
ITEM01015,ORD00467,PROD093,9.0,3175.75,,8.1
ITEM01016,ORD00445,PROD024,4.0,4825.81,19303.24,13.1
ITEM01017,ORD00068,PROD103,,1334.66,9342.62,35.7
ITEM01018,ORD00741,PROD089,6.0,1489.31,8935.86,2.9
ITEM01019,ORD00442,PROD037,8.0,2787.13,22297.04,34.6
ITEM01020,ORD01418,PROD047,7.0,4356.84,30497.88,36.3
ITEM01021,ORD00996,PROD171,2.0,4189.27,8378.54,11.5
ITEM01022,ORD00575,PROD134,5.0,3311.45,16557.25,31.5
ITEM01023,ORD00088,PROD126,9.0,771.98,6947.82,1.0
ITEM01024,ORD01370,PROD054,5.0,675.17,3375.85,1.9
ITEM01025,ORD00870,PROD084,5.0,2031.64,10158.2,35.3
ITEM01026,ORD00324,PROD028,6.0,534.09,3204.54,17.5
ITEM01027,ORD00525,PROD023,7.0,1985.01,13895.07,36.3
ITEM01028,ORD00288,PROD141,7.0,1322.75,9259.25,0.8
ITEM01029,ORD00795,PROD120,7.0,3772.71,,39.6
ITEM01030,ORD00241,PROD124,1.0,3906.68,3906.68,10.6
ITEM01031,ORD00114,PROD136,4.0,2405.24,9620.96,29.7
ITEM01032,ORD01453,PROD101,5.0,3221.8,16109.0,-10.0
ITEM01033,ORD00483,PROD062,1.0,4735.07,4735.07,36.8
ITEM01034,ORD00495,PROD067,8.0,2700.87,21606.96,5.3
ITEM01035,ORD00311,PROD161,7.0,314.89,2204.23,4.6
ITEM01036,ORD00573,PROD018,1.0,1407.73,1407.73,27.3
ITEM01037,ORD01139,PROD071,5.0,3211.69,16058.45,19.9
ITEM01038,ORD01420,PROD073,5.0,3525.57,17627.85,33.5
ITEM01039,ORD00968,PROD144,10.0,2370.55,23705.5,25.5
ITEM01040,ORD01021,PROD123,7.0,2534.72,17743.04,38.7
ITEM01041,ORD00385,PROD171,4.0,428.69,1714.76,13.9
ITEM01042,ORD00798,PROD125,6.0,291.47,1748.82,15.2
ITEM01043,ORD00718,PROD113,1.0,458.9,458.9,29.5
ITEM01044,ORD00223,PROD077,9.0,2882.88,25945.92,21.1
ITEM01045,ORD01082,PROD114,,887.3,5323.8,7.5
ITEM01046,ORD01099,PROD105,1.0,3014.87,3014.87,24.4
ITEM01047,ORD00561,PROD200,9.0,1371.16,12340.44,34.9
ITEM01048,ORD01241,PROD051,7.0,4734.31,33140.17,25.9
ITEM01049,ORD00228,PROD150,3.0,1475.7,4427.1,15.7
ITEM01050,ORD01258,PROD115,,4316.09,25896.54,21.0
ITEM01051,ORD01099,PROD169,7.0,928.63,6500.41,37.6
ITEM01052,ORD00838,PROD185,1.0,2577.09,2577.09,16.5
ITEM01053,ORD00806,PROD020,7.0,2536.4,17754.8,14.7
ITEM01054,ORD00167,PROD005,2.0,2328.73,4657.46,26.7
ITEM01055,ORD00434,PROD050,3.0,3903.61,11710.83,
ITEM01056,ORD00290,PROD018,3.0,1680.15,,24.0
ITEM01057,ORD01189,PROD135,4.0,2619.56,10478.24,32.4
ITEM01058,ORD00617,PROD138,7.0,915.57,6408.99,27.1
ITEM01059,ORD00044,PROD113,2.0,987.92,1975.84,13.9
ITEM01060,ORD00820,PROD199,4.0,762.67,3050.68,35.4
ITEM01061,ORD00488,PROD046,5.0,940.5,4702.5,14.6
ITEM01062,ORD00747,PROD128,3.0,108.73,326.19,3.4
ITEM01063,ORD00968,PROD125,8.0,1341.47,10731.76,14.6
ITEM01064,ORD00374,PROD146,10.0,1473.07,14730.7,19.5
ITEM01065,ORD00542,PROD108,10.0,722.91,7229.1,38.5
ITEM01066,ORD00957,PROD015,1.0,4324.4,4324.4,38.8
ITEM01067,ORD00826,PROD105,9.0,2483.9,22355.1,26.5
ITEM01068,ORD00418,PROD171,7.0,1512.15,10585.05,10.4
ITEM01069,ORD01228,PROD139,6.0,2296.47,13778.82,37.2
ITEM01070,ORD01128,PROD130,2.0,681.92,1363.84,
ITEM01071,ORD00714,PROD134,2.0,1234.93,2469.86,8.2
ITEM01072,ORD00975,PROD172,4.0,1896.13,7584.52,19.1
ITEM01073,ORD00302,PROD098,7.0,4873.01,34111.07,2.9
ITEM01074,ORD00813,PROD113,5.0,3571.76,17858.8,25.4
ITEM01075,ORD01353,PROD171,3.0,947.73,2843.19,150.0
ITEM01076,ORD01433,PROD183,4.0,2642.43,10569.72,2.7
ITEM01077,ORD01072,PROD073,1.0,4708.59,4708.59,4.0
ITEM01078,ORD00662,PROD187,10.0,4163.28,41632.8,1.4
ITEM01079,ORD00071,PROD045,6.0,2831.19,16987.14,19.4
ITEM01080,ORD00024,PROD003,3.0,663.27,1989.81,5.8
ITEM01081,ORD00953,PROD085,9.0,969.73,,2.4
ITEM01082,ORD00287,PROD176,10.0,1085.24,10852.4,17.3
ITEM01083,ORD01133,PROD180,8.0,4220.13,33761.04,13.9
ITEM01084,ORD01387,PROD008,4.0,2724.55,10898.2,28.3
ITEM01085,ORD01448,PROD171,8.0,4445.09,35560.72,20.7
ITEM01086,ORD00613,PROD084,4.0,2254.67,9018.68,7.3
ITEM01087,ORD00465,PROD121,5.0,4219.45,21097.25,38.1
ITEM01088,ORD01041,PROD137,1.0,126.8,126.8,32.3
ITEM01089,ORD01328,PROD076,9.0,2617.98,23561.82,3.8
ITEM01090,ORD01459,PROD104,2.0,N/A,6704.64,13.9
ITEM01091,ORD01423,PROD045,10.0,3276.95,32769.5,19.9
ITEM01092,ORD00727,PROD037,3.0,3659.34,10978.02,5.7
ITEM01093,ORD01075,PROD018,9.0,3830.64,34475.76,34.7
ITEM01094,ORD00017,PROD104,4.0,2349.26,9397.04,30.2
ITEM01095,ORD00056,PROD054,6.0,4427.05,26562.3,18.6
ITEM01096,ORD01186,PROD068,8.0,3870.44,30963.52,150.0
ITEM01097,ORD01274,PROD198,1.0,3240.93,3240.93,20.7
ITEM01098,ORD01206,PROD105,4.0,498.52,1994.08,28.6
ITEM01099,ORD01047,PROD085,2.0,4994.55,9989.1,21.0
ITEM01100,ORD00879,PROD024,4.0,176.53,706.12,31.1
ITEM01101,ORD00889,PROD137,4.0,1315.39,5261.56,37.9
ITEM01102,ORD01407,PROD185,8.0,91.69,733.52,23.0
ITEM01103,ORD01434,PROD104,4.0,186.03,744.12,35.4
ITEM01104,ORD01165,PROD082,1.0,4485.97,4485.97,35.1
ITEM01105,ORD00330,PROD198,1.0,2410.25,2410.25,2.2
ITEM01106,ORD01429,PROD030,8.0,4870.18,38961.44,0.9
ITEM01107,ORD00549,PROD089,8.0,1256.98,10055.84,7.8
ITEM01108,ORD01321,PROD060,7.0,4727.87,33095.09,150.0
ITEM01109,ORD00642,PROD022,6.0,3596.7,21580.2,18.5
ITEM01110,ORD01414,PROD034,10.0,3196.89,31968.9,6.8
ITEM01111,ORD00034,PROD017,1.0,3125.92,3125.92,21.8
ITEM01112,ORD00670,PROD076,1.0,4243.18,4243.18,29.2
ITEM01113,ORD00133,PROD019,9.0,538.64,4847.76,9.4
ITEM01114,ORD00548,PROD174,7.0,2721.05,19047.35,15.8
ITEM01115,ORD01263,PROD060,6.0,2205.4,13232.4,34.6
ITEM01116,ORD00059,PROD183,9.0,3909.96,35189.64,17.0
ITEM01117,ORD00636,PROD134,3.0,216.4,649.2,12.2
ITEM01118,ORD01031,PROD033,6.0,4525.71,27154.26,9.4
ITEM01119,ORD00957,PROD161,6.0,2128.14,12768.84,29.6
ITEM01120,ORD00458,PROD158,3.0,290.09,870.27,9.3
ITEM01121,ORD00707,PROD129,10.0,3694.79,36947.9,150.0
ITEM01122,ORD01477,PROD165,2.0,1159.18,2318.36,16.4
ITEM01123,ORD01244,PROD124,1.0,1778.12,1778.12,14.5
ITEM01124,ORD00999,PROD160,1.0,2876.01,2876.01,1.2
ITEM01125,ORD00768,PROD013,7.0,,,31.8
ITEM01126,ORD00560,PROD137,5.0,235.18,1175.9,29.6
ITEM01127,ORD00463,PROD192,5.0,3135.19,15675.95,3.4
ITEM01128,ORD00588,PROD188,9.0,4058.16,,6.6
ITEM01129,ORD00659,PROD111,9.0,2925.76,26331.84,19.8
ITEM01130,ORD00481,PROD170,6.0,2245.24,13471.44,32.6
ITEM01131,ORD00782,PROD131,8.0,3032.07,24256.56,37.2
ITEM01132,ORD00602,PROD110,3.0,3354.56,10063.68,10.8
ITEM01133,ORD01267,PROD081,6.0,346.4,2078.4,14.5
ITEM01134,ORD01158,PROD028,1.0,1575.96,1575.96,21.6
ITEM01135,ORD00803,PROD164,2.0,3890.62,7781.24,23.5
ITEM01136,ORD00206,PROD065,8.0,4749.56,37996.48,32.8
ITEM01137,ORD01466,PROD112,7.0,4396.57,30775.99,23.2
ITEM01138,ORD00126,PROD105,1.0,3469.37,3469.37,0.8
ITEM01139,ORD00999,PROD014,4.0,652.12,2608.48,36.9
ITEM01140,ORD01023,PROD027,5.0,4818.87,24094.35,16.2
ITEM01141,ORD01478,PROD127,5.0,1929.64,9648.2,21.1
ITEM01142,ORD01176,PROD004,9.0,3054.35,27489.15,20.9
ITEM01143,ORD01240,PROD197,9.0,1178.25,10604.25,6.5
ITEM01144,ORD01303,PROD189,4.0,4326.54,17306.16,18.6
ITEM01145,ORD00911,PROD090,5.0,3848.75,19243.75,14.1
ITEM01146,ORD00935,PROD146,10.0,2314.91,23149.1,27.7
ITEM01147,ORD00292,PROD061,5.0,4581.47,22907.35,35.4
ITEM01148,ORD00307,PROD158,,149.08,745.4,5.7
ITEM01149,ORD00330,PROD107,9.0,1312.59,11813.31,19.7
ITEM01150,ORD00290,PROD119,3.0,3239.59,9718.77,-10.0
ITEM01151,ORD01429,PROD010,8.0,2822.74,22581.92,32.1
ITEM01152,ORD00880,PROD028,7.0,3347.09,23429.63,16.3
ITEM01153,ORD00630,PROD177,10.0,2376.61,23766.1,24.4
ITEM01154,ORD00776,PROD086,5.0,4289.52,21447.6,7.5
ITEM01155,ORD01496,PROD095,8.0,656.97,5255.76,3.6
ITEM01156,ORD01383,PROD178,8.0,2204.32,17634.56,24.5
ITEM01157,ORD00174,PROD043,1.0,3475.76,3475.76,7.0
ITEM01158,ORD00664,PROD048,6.0,860.23,5161.38,4.1
ITEM01159,ORD00496,PROD100,10.0,1092.44,10924.4,21.9
ITEM01160,ORD00486,PROD079,1.0,2678.19,2678.19,11.5
ITEM01161,ORD00070,PROD020,10.0,628.04,6280.4,29.2
ITEM01162,ORD00022,PROD189,4.0,3992.69,15970.76,26.6
ITEM01163,ORD00303,PROD035,7.0,2450.44,17153.08,19.9
ITEM01164,ORD01018,PROD068,8.0,4831.56,38652.48,4.8
ITEM01165,ORD00023,PROD099,6.0,4034.55,24207.3,11.6
ITEM01166,ORD00279,PROD096,3.0,4847.85,14543.55,15.3
ITEM01167,ORD00943,PROD086,6.0,1874.21,11245.26,15.0
ITEM01168,ORD00745,PROD040,10.0,3475.26,34752.6,39.8
ITEM01169,ORD00123,PROD177,3.0,1882.5,5647.5,13.5
ITEM01170,ORD00976,PROD169,5.0,4672.27,23361.35,8.7
ITEM01171,ORD00860,PROD189,8.0,1982.36,15858.88,25.3
ITEM01172,ORD01253,PROD154,4.0,4148.97,,39.3
ITEM01173,ORD00964,PROD093,6.0,180.6,1083.6,8.7
ITEM01174,ORD01420,PROD184,1.0,3444.84,3444.84,28.7
ITEM01175,ORD00895,PROD125,9.0,3143.89,28295.01,39.1
ITEM01176,ORD01421,PROD144,6.0,3377.64,20265.84,5.7
ITEM01177,ORD01154,PROD116,9.0,2926.29,26336.61,17.2
ITEM01178,ORD00499,PROD051,-1.0,4093.69,28655.83,37.0
ITEM01179,ORD01101,PROD082,9.0,204.01,1836.09,15.5
ITEM01180,ORD01417,PROD030,5.0,1357.8,6789.0,24.9
ITEM01181,ORD00080,PROD098,5.0,1022.9,5114.5,13.8
ITEM01182,ORD00654,PROD140,7.0,4019.74,28138.18,22.2
ITEM01183,ORD00222,PROD062,8.0,3419.78,27358.24,25.4
ITEM01184,ORD00517,PROD036,5.0,2843.04,14215.2,28.5
ITEM01185,ORD00734,PROD002,,2930.61,20514.27,37.1
ITEM01186,ORD00493,PROD047,-1.0,920.86,9208.6,37.2
ITEM01187,ORD01135,PROD041,10.0,2408.34,24083.4,26.8
ITEM01188,ORD00773,PROD119,1.0,2417.33,2417.33,35.1
ITEM01189,ORD01330,PROD184,5.0,4132.9,20664.5,34.6
ITEM01190,ORD01218,PROD032,8.0,1533.28,12266.24,21.0
ITEM01191,ORD01388,PROD022,3.0,3801.57,11404.71,16.3
ITEM01192,ORD00021,PROD055,2.0,3498.68,6997.36,4.6
ITEM01193,ORD00240,PROD168,10.0,633.22,6332.2,150.0
ITEM01194,ORD00891,PROD021,0.0,4510.5,31573.5,150.0
ITEM01195,ORD01057,PROD129,9.0,2337.63,21038.67,37.2
ITEM01196,ORD00145,PROD013,6.0,2971.11,17826.66,30.9
ITEM01197,ORD00318,PROD016,4.0,4140.68,16562.72,3.9
ITEM01198,ORD00077,PROD037,6.0,3033.55,18201.3,12.0
ITEM01199,ORD01020,PROD022,10.0,1306.35,13063.5,21.8
ITEM01200,ORD00701,PROD192,4.0,2810.24,11240.96,16.1
ITEM01201,ORD00014,PROD072,5.0,4438.74,22193.7,34.9
ITEM01202,ORD00112,PROD154,8.0,1244.54,9956.32,3.5
ITEM01203,ORD00052,PROD133,4.0,98.16,392.64,24.3
ITEM01204,ORD00825,PROD014,3.0,3434.73,10304.19,2.9
ITEM01205,ORD01254,PROD009,2.0,2035.1,4070.2,33.4
ITEM01206,ORD01266,PROD185,4.0,831.81,3327.24,36.2
ITEM01207,ORD01401,PROD196,5.0,3394.09,16970.45,29.2
ITEM01208,ORD00166,PROD137,7.0,4773.14,33411.98,20.3
ITEM01209,ORD00713,PROD066,4.0,3682.32,14729.28,14.2
ITEM01210,ORD00750,PROD114,10.0,442.33,4423.3,25.9
ITEM01211,ORD01085,PROD176,3.0,2556.81,7670.43,2.4
ITEM01212,ORD00710,PROD081,10.0,463.15,4631.5,25.6
ITEM01213,ORD01165,PROD086,3.0,3004.2,9012.6,31.1
ITEM01214,ORD00449,PROD093,3.0,4182.51,12547.53,30.7
ITEM01215,ORD01199,PROD115,2.0,,6690.64,24.4
ITEM01216,ORD01356,PROD176,1.0,2327.95,2327.95,9.9
ITEM01217,ORD00322,PROD125,5.0,1284.29,6421.45,34.2
ITEM01218,ORD00295,PROD064,3.0,2140.55,6421.65,31.5
ITEM01219,ORD00530,PROD075,7.0,N/A,8042.93,31.0
ITEM01220,ORD00525,PROD176,4.0,4518.07,18072.28,35.4
ITEM01221,ORD00653,PROD166,6.0,2580.23,15481.38,3.3
ITEM01222,ORD00729,PROD056,2.0,4072.43,8144.86,27.7
ITEM01223,ORD00894,PROD039,2.0,4936.15,9872.3,6.9
ITEM01224,ORD00694,PROD144,8.0,1829.33,14634.64,1.3
ITEM01225,ORD00375,PROD047,1.0,965.18,965.18,19.0
ITEM01226,ORD00435,PROD059,8.0,1104.89,8839.12,13.6
ITEM01227,ORD00372,PROD156,1.0,N/A,462.97,24.9
ITEM01228,ORD00261,PROD018,5.0,2850.12,14250.6,37.5
ITEM01229,ORD00197,PROD049,9.0,3102.07,27918.63,1.4
ITEM01230,ORD00622,PROD033,0.0,126.97,634.85,34.4
ITEM01231,ORD01098,PROD170,5.0,4240.06,21200.3,22.5
ITEM01232,ORD01260,PROD181,6.0,4283.1,25698.6,2.5
ITEM01233,ORD00634,PROD017,1.0,4180.97,4180.97,10.1
ITEM01234,ORD00573,PROD141,-1.0,4969.82,4969.82,39.8
ITEM01235,ORD00172,PROD163,6.0,3744.48,22466.88,17.7
ITEM01236,ORD00389,PROD062,6.0,3075.67,18454.02,3.1
ITEM01237,ORD01274,PROD107,7.0,337.68,2363.76,26.2
ITEM01238,ORD01172,PROD100,4.0,4004.25,16017.0,15.8
ITEM01239,ORD01177,PROD149,8.0,4983.62,39868.96,2.7
ITEM01240,ORD00766,PROD186,5.0,4568.2,22841.0,27.7
ITEM01241,ORD01344,PROD068,8.0,1782.19,14257.52,29.2
ITEM01242,ORD00175,PROD160,5.0,3797.75,18988.75,26.1
ITEM01243,ORD00916,PROD133,9.0,2104.4,18939.6,19.8
ITEM01244,ORD00824,PROD064,5.0,4405.06,22025.3,8.4
ITEM01245,ORD01156,PROD092,2.0,3977.01,7954.02,150.0
ITEM01246,ORD01229,PROD151,7.0,,2273.67,11.8
ITEM01247,ORD00408,PROD132,6.0,1802.9,10817.4,4.4
ITEM01248,ORD00428,PROD165,9.0,1938.01,17442.09,38.9
ITEM01249,ORD00107,PROD003,5.0,502.47,2512.35,11.7
ITEM01250,ORD00489,PROD135,10.0,4865.96,48659.6,38.4
ITEM01251,ORD01130,PROD070,1.0,2673.67,2673.67,20.0
ITEM01252,ORD00163,PROD100,6.0,4104.74,24628.44,4.1
ITEM01253,ORD00649,PROD154,3.0,2083.0,6249.0,33.9
ITEM01254,ORD00889,PROD133,1.0,1501.91,1501.91,150.0
ITEM01255,ORD01196,PROD193,9.0,626.17,,0.3
ITEM01256,ORD00670,PROD128,7.0,3314.35,23200.45,16.5
ITEM01257,ORD01203,PROD053,9.0,435.15,3916.35,19.3
ITEM01258,ORD00086,PROD036,3.0,3374.88,10124.64,33.4
ITEM01259,ORD00987,PROD148,7.0,2085.03,14595.21,5.2
ITEM01260,ORD00028,PROD117,8.0,-200,31423.76,7.7
ITEM01261,ORD00716,PROD081,2.0,3454.67,6909.34,4.4
ITEM01262,ORD01351,PROD131,-1.0,4408.86,39679.74,35.1
ITEM01263,ORD01380,PROD070,3.0,2559.17,7677.51,37.7
ITEM01264,ORD00892,PROD194,9.0,3144.4,28299.6,11.3
ITEM01265,ORD01225,PROD086,7.0,2466.11,17262.77,31.1
ITEM01266,ORD00757,PROD110,3.0,2788.51,8365.53,31.2
ITEM01267,ORD01451,PROD037,4.0,102.83,411.32,17.6
ITEM01268,ORD00134,PROD122,3.0,2289.75,6869.25,10.0
ITEM01269,ORD00027,PROD028,4.0,1021.58,4086.32,26.7
ITEM01270,ORD00884,PROD166,1.0,4481.77,4481.77,13.2
ITEM01271,ORD00428,PROD049,1.0,1759.2,1759.2,7.1
ITEM01272,ORD00843,PROD120,8.0,3158.85,25270.8,28.8
ITEM01273,ORD00230,PROD014,9.0,194.82,1753.38,27.4
ITEM01274,ORD01333,PROD161,7.0,3998.11,27986.77,22.2
ITEM01275,ORD00131,PROD037,1.0,4305.5,4305.5,30.3
ITEM01276,ORD00288,PROD067,1.0,3971.03,3971.03,5.1
ITEM01277,ORD01063,PROD077,1.0,3689.36,3689.36,23.6
ITEM01278,ORD00993,PROD101,6.0,4639.04,27834.24,29.2
ITEM01279,ORD00597,PROD157,6.0,660.09,3960.54,36.1
ITEM01280,ORD00085,PROD135,7.0,800.78,5605.46,37.6
ITEM01281,ORD01444,PROD071,9.0,4305.28,38747.52,23.5
ITEM01282,ORD01030,PROD090,1.0,707.13,707.13,19.6
ITEM01283,ORD01328,PROD145,8.0,980.64,7845.12,2.6
ITEM01284,ORD00232,PROD139,6.0,4371.8,26230.8,34.0
ITEM01285,ORD00131,PROD158,1.0,1966.69,1966.69,7.7
ITEM01286,ORD00929,PROD186,8.0,4105.93,32847.44,29.0
ITEM01287,ORD00391,PROD008,8.0,4561.25,36490.0,33.4
ITEM01288,ORD00051,PROD155,5.0,4465.57,22327.85,0.8
ITEM01289,ORD01407,PROD016,7.0,1978.07,13846.49,10.2
ITEM01290,ORD00770,PROD098,4.0,4265.67,17062.68,35.0
ITEM01291,ORD01184,PROD103,1.0,3794.51,3794.51,39.9
ITEM01292,ORD01232,PROD008,6.0,N/A,25145.28,9.2
ITEM01293,ORD00470,PROD147,8.0,4443.54,35548.32,13.5
ITEM01294,ORD01087,PROD077,4.0,-200,9512.16,22.6
ITEM01295,ORD00298,PROD120,10.0,4888.76,48887.6,39.1
ITEM01296,ORD00142,PROD135,4.0,335.54,1342.16,16.8
ITEM01297,ORD00565,PROD051,10.0,166.82,1668.2,20.4
ITEM01298,ORD00644,PROD014,4.0,71.7,286.8,26.0
ITEM01299,ORD00272,PROD107,1.0,4490.67,4490.67,7.8
ITEM01300,ORD01117,PROD038,6.0,4582.01,27492.06,13.3
ITEM01301,ORD00903,PROD109,9.0,3885.25,34967.25,31.2
ITEM01302,ORD01064,PROD075,7.0,841.57,,7.4
ITEM01303,ORD01194,PROD104,3.0,N/A,5265.45,17.9
ITEM01304,ORD01234,PROD185,9.0,1835.61,16520.49,26.0
ITEM01305,ORD01189,PROD085,4.0,1680.91,6723.64,0.3
ITEM01306,ORD01158,PROD129,9.0,2575.22,23176.98,10.2
ITEM01307,ORD00813,PROD137,6.0,654.32,3925.92,8.8
ITEM01308,ORD00277,PROD145,9.0,N/A,28743.84,0.4
ITEM01309,ORD01035,PROD152,,554.05,,19.8
ITEM01310,ORD01181,PROD142,5.0,3178.15,15890.75,19.6
ITEM01311,ORD00481,PROD128,2.0,1689.54,3379.08,6.5
ITEM01312,ORD00016,PROD046,3.0,2390.47,7171.41,34.0
ITEM01313,ORD01315,PROD069,9.0,2880.14,25921.26,26.7
ITEM01314,ORD00384,PROD069,8.0,4194.96,33559.68,36.3
ITEM01315,ORD01132,PROD195,6.0,931.93,5591.58,150.0
ITEM01316,ORD00588,PROD077,6.0,2093.24,12559.44,
ITEM01317,ORD00116,PROD100,5.0,4155.72,20778.6,38.8
ITEM01318,ORD00739,PROD063,5.0,3097.47,15487.35,37.2
ITEM01319,ORD00296,PROD022,2.0,2859.09,5718.18,9.0
ITEM01320,ORD00154,PROD037,4.0,2181.86,8727.44,19.1
ITEM01321,ORD01030,PROD187,4.0,465.99,1863.96,12.1
ITEM01322,ORD00736,PROD136,10.0,4876.01,48760.1,33.7
ITEM01323,ORD00097,PROD176,2.0,1872.39,3744.78,1.3
ITEM01324,ORD00657,PROD072,5.0,1938.3,9691.5,3.9
ITEM01325,ORD00786,PROD036,9.0,2266.34,20397.06,16.5
ITEM01326,ORD00107,PROD176,4.0,1237.27,4949.08,16.1
ITEM01327,ORD01147,PROD011,5.0,820.49,4102.45,11.2
ITEM01328,ORD00389,PROD149,9.0,2649.51,23845.59,16.3
ITEM01329,ORD00219,PROD045,1.0,3854.16,3854.16,15.0
ITEM01330,ORD01170,PROD118,3.0,-200,7510.53,12.2
ITEM01331,ORD00197,PROD079,9.0,4588.69,41298.21,23.1
ITEM01332,ORD00307,PROD150,1.0,4068.31,4068.31,35.0
ITEM01333,ORD01337,PROD063,8.0,1606.67,12853.36,4.6
ITEM01334,ORD00837,PROD176,0.0,2095.96,8383.84,25.7
ITEM01335,ORD00110,PROD146,9.0,336.53,3028.77,32.1
ITEM01336,ORD00538,PROD012,4.0,990.04,,9.9
ITEM01337,ORD01438,PROD151,10.0,3995.85,39958.5,15.6
ITEM01338,ORD01495,PROD133,1.0,3172.98,3172.98,19.7
ITEM01339,ORD01119,PROD024,,736.11,5152.77,12.5
ITEM01340,ORD00725,PROD176,7.0,4205.5,29438.5,21.7
ITEM01341,ORD01082,PROD021,3.0,2552.16,7656.48,25.9
ITEM01342,ORD01162,PROD037,-1.0,1966.68,19666.8,15.8
ITEM01343,ORD00863,PROD036,9.0,363.31,3269.79,16.8
ITEM01344,ORD00668,PROD010,3.0,1878.95,5636.85,32.5
ITEM01345,ORD00540,PROD047,1.0,2140.33,2140.33,20.5
ITEM01346,ORD01256,PROD193,3.0,3174.92,9524.76,
ITEM01347,ORD01130,PROD019,10.0,2242.19,22421.9,10.4
ITEM01348,ORD00140,PROD088,4.0,1358.8,5435.2,20.4
ITEM01349,ORD01123,PROD168,6.0,4430.9,26585.4,31.7
ITEM01350,ORD00557,PROD025,9.0,2888.9,26000.1,30.2
ITEM01351,ORD00558,PROD036,9.0,1271.08,11439.72,10.4
ITEM01352,ORD00032,PROD166,7.0,4593.79,32156.53,2.8
ITEM01353,ORD01217,PROD176,1.0,954.85,954.85,27.0
ITEM01354,ORD00496,PROD130,1.0,2140.67,2140.67,37.7
ITEM01355,ORD01114,PROD091,6.0,4613.41,27680.46,25.7
ITEM01356,ORD00877,PROD021,-1.0,1151.72,,15.9
ITEM01357,ORD00724,PROD054,4.0,2253.4,9013.6,7.3
ITEM01358,ORD00631,PROD099,4.0,2222.14,8888.56,19.3
ITEM01359,ORD00941,PROD131,9.0,2507.63,22568.67,25.9
ITEM01360,ORD00143,PROD072,6.0,2458.73,14752.38,23.9
ITEM01361,ORD01275,PROD009,8.0,1041.42,8331.36,150.0
ITEM01362,ORD00383,PROD084,2.0,4211.62,8423.24,13.9
ITEM01363,ORD01024,PROD075,8.0,2991.29,23930.32,9.9
ITEM01364,ORD01314,PROD028,2.0,2509.06,5018.12,16.5
ITEM01365,ORD00106,PROD184,1.0,1791.69,1791.69,8.6
ITEM01366,ORD01408,PROD100,1.0,2662.99,2662.99,24.0
ITEM01367,ORD00764,PROD172,5.0,3589.16,17945.8,13.2
ITEM01368,ORD00520,PROD085,6.0,2238.98,13433.88,21.3
ITEM01369,ORD01046,PROD043,10.0,3091.57,30915.7,38.1
ITEM01370,ORD00937,PROD059,6.0,3174.08,19044.48,2.1
ITEM01371,ORD00627,PROD126,3.0,1352.16,4056.48,12.0
ITEM01372,ORD01085,PROD003,10.0,934.35,9343.5,13.7
ITEM01373,ORD00967,PROD001,7.0,2387.29,,16.3
ITEM01374,ORD00076,PROD197,6.0,4945.83,29674.98,14.6
ITEM01375,ORD00689,PROD138,4.0,2807.64,11230.56,3.4
ITEM01376,ORD00818,PROD116,10.0,718.05,7180.5,36.6
ITEM01377,ORD00780,PROD128,9.0,1981.87,17836.83,9.2
ITEM01378,ORD00314,PROD122,9.0,3711.22,33400.98,10.3
ITEM01379,ORD00461,PROD096,2.0,348.96,697.92,19.4
ITEM01380,ORD00057,PROD020,9.0,306.44,2757.96,15.4
ITEM01381,ORD01489,PROD158,2.0,3544.87,7089.74,31.0
ITEM01382,ORD00097,PROD014,8.0,1197.48,9579.84,6.0
ITEM01383,ORD00761,PROD193,2.0,785.8,1571.6,33.9
ITEM01384,ORD00804,PROD012,1.0,2948.08,2948.08,11.5
ITEM01385,ORD00014,PROD053,10.0,4540.02,45400.2,37.0
ITEM01386,ORD01197,PROD046,7.0,1810.31,12672.17,30.1
ITEM01387,ORD01329,PROD041,5.0,4680.69,23403.45,26.3
ITEM01388,ORD00633,PROD186,9.0,4352.98,39176.82,20.8
ITEM01389,ORD00558,PROD111,8.0,3649.54,29196.32,30.4
ITEM01390,ORD01283,PROD007,1.0,4561.1,4561.1,15.6
ITEM01391,ORD00802,PROD122,9.0,2874.52,25870.68,16.9
ITEM01392,ORD00222,PROD062,4.0,329.67,1318.68,35.4
ITEM01393,ORD00739,PROD074,7.0,1898.91,13292.37,32.8
ITEM01394,ORD00022,PROD195,1.0,3759.94,3759.94,17.5
ITEM01395,ORD00200,PROD119,2.0,4329.43,8658.86,18.0
ITEM01396,ORD00284,PROD131,5.0,54.6,,18.3
ITEM01397,ORD01378,PROD192,5.0,921.91,4609.55,39.0
ITEM01398,ORD01487,PROD074,5.0,1263.74,6318.7,10.1
ITEM01399,ORD00453,PROD062,7.0,1725.24,12076.68,26.5
ITEM01400,ORD00686,PROD042,1.0,4244.47,4244.47,15.8
ITEM01401,ORD00108,PROD110,5.0,N/A,2218.4,37.7
ITEM01402,ORD00855,PROD120,10.0,4392.22,43922.2,20.2
ITEM01403,ORD00809,PROD066,9.0,2710.55,24394.95,27.5
ITEM01404,ORD01287,PROD137,9.0,2493.04,22437.36,13.7
ITEM01405,ORD00768,PROD080,5.0,3632.01,18160.05,22.2
ITEM01406,ORD00771,PROD109,9.0,3701.89,33317.01,38.1
ITEM01407,ORD00887,PROD070,2.0,2026.86,,150.0
ITEM01408,ORD00114,PROD163,4.0,3154.53,12618.12,2.6
ITEM01409,ORD00738,PROD057,5.0,1509.82,7549.1,30.5
ITEM01410,ORD00060,PROD020,3.0,2986.06,8958.18,28.7
ITEM01411,ORD00715,PROD199,8.0,3481.48,27851.84,21.4
ITEM01412,ORD01265,PROD016,8.0,4718.3,37746.4,31.5
ITEM01413,ORD00043,PROD054,5.0,4571.88,22859.4,36.6
ITEM01414,ORD01048,PROD036,9.0,1094.89,9854.01,15.6
ITEM01415,ORD00739,PROD056,7.0,2280.88,15966.16,5.7
ITEM01416,ORD01319,PROD060,1.0,3002.36,3002.36,1.1
ITEM01417,ORD00764,PROD140,10.0,2563.92,25639.2,39.4
ITEM01418,ORD01426,PROD170,5.0,699.12,3495.6,21.0
ITEM01419,ORD00938,PROD091,6.0,4804.01,28824.06,33.7
ITEM01420,ORD00877,PROD066,3.0,N/A,4370.16,22.6
ITEM01421,ORD00676,PROD063,10.0,2886.23,28862.3,8.7
ITEM01422,ORD00993,PROD115,5.0,1181.54,5907.7,22.4
ITEM01423,ORD01102,PROD184,2.0,3270.75,6541.5,9.4
ITEM01424,ORD01177,PROD112,5.0,1412.4,,11.0
ITEM01425,ORD00436,PROD124,1.0,2101.3,2101.3,22.3
ITEM01426,ORD00976,PROD061,10.0,1677.45,16774.5,1.5
ITEM01427,ORD01174,PROD015,9.0,3760.11,33840.99,34.7
ITEM01428,ORD01433,PROD192,1.0,3725.01,3725.01,10.2
ITEM01429,ORD00510,PROD092,3.0,2639.08,7917.24,
ITEM01430,ORD01196,PROD141,7.0,1577.41,11041.87,38.5
ITEM01431,ORD00198,PROD088,6.0,1317.34,7904.04,14.4
ITEM01432,ORD01233,PROD138,4.0,3847.71,15390.84,22.8
ITEM01433,ORD00632,PROD045,6.0,4285.88,25715.28,38.2
ITEM01434,ORD00999,PROD020,1.0,3210.38,3210.38,7.1
ITEM01435,ORD00546,PROD159,8.0,2053.09,16424.72,9.1
ITEM01436,ORD00463,PROD109,4.0,693.51,2774.04,2.1
ITEM01437,ORD00946,PROD191,8.0,3051.52,24412.16,22.1
ITEM01438,ORD00312,PROD072,9.0,3126.48,28138.32,33.6
ITEM01439,ORD01162,PROD196,10.0,4626.82,46268.2,27.0
ITEM01440,ORD01216,PROD088,4.0,3120.57,12482.28,23.1
ITEM01441,ORD00086,PROD155,10.0,4037.42,40374.2,18.0
ITEM01442,ORD01444,PROD157,2.0,4338.51,8677.02,
ITEM01443,ORD00391,PROD108,9.0,4576.68,41190.12,26.8
ITEM01444,ORD00667,PROD140,9.0,869.61,,15.5
ITEM01445,ORD00313,PROD039,7.0,4026.2,28183.4,26.1
ITEM01446,ORD00170,PROD036,6.0,871.44,5228.64,34.1
ITEM01447,ORD01422,PROD070,8.0,4790.82,38326.56,20.0
ITEM01448,ORD01161,PROD053,4.0,399.85,1599.4,20.1
ITEM01449,ORD01499,PROD024,2.0,3975.25,7950.5,37.9
ITEM01450,ORD00794,PROD035,7.0,4405.3,30837.1,21.5
ITEM01451,ORD00038,PROD175,8.0,1928.33,15426.64,11.3
ITEM01452,ORD01214,PROD171,1.0,3940.18,3940.18,20.7
ITEM01453,ORD00256,PROD021,10.0,3867.0,38670.0,3.0
ITEM01454,ORD00056,PROD039,0.0,329.19,2633.52,5.9
ITEM01455,ORD00283,PROD092,4.0,2588.04,10352.16,15.2
ITEM01456,ORD00934,PROD094,4.0,522.99,2091.96,35.8
ITEM01457,ORD00866,PROD129,8.0,4181.69,33453.52,20.0
ITEM01458,ORD00558,PROD129,9.0,2364.94,21284.46,5.8
ITEM01459,ORD01019,PROD158,8.0,1470.57,11764.56,13.4
ITEM01460,ORD00146,PROD134,7.0,4558.6,31910.2,28.5
ITEM01461,ORD00632,PROD051,2.0,3746.96,7493.92,15.3
ITEM01462,ORD00384,PROD189,4.0,2718.34,10873.36,33.8
ITEM01463,ORD00515,PROD158,8.0,3032.83,24262.64,31.8
ITEM01464,ORD01384,PROD044,5.0,3287.99,16439.95,2.3
ITEM01465,ORD01336,PROD177,10.0,1909.26,19092.6,4.1
ITEM01466,ORD00467,PROD053,7.0,920.26,6441.82,6.5
ITEM01467,ORD00345,PROD006,10.0,4741.88,47418.8,11.2
ITEM01468,ORD00166,PROD123,2.0,4226.79,8453.58,36.7
ITEM01469,ORD00207,PROD140,-1.0,2663.32,18643.24,38.6
ITEM01470,ORD00153,PROD031,9.0,822.47,7402.23,2.1
ITEM01471,ORD01296,PROD069,4.0,493.75,1975.0,16.5
ITEM01472,ORD01190,PROD029,8.0,1807.88,14463.04,22.9
ITEM01473,ORD00101,PROD033,7.0,2176.69,15236.83,9.8
ITEM01474,ORD00268,PROD199,8.0,3447.17,27577.36,20.5
ITEM01475,ORD00895,PROD197,1.0,3596.08,3596.08,14.1
ITEM01476,ORD01328,PROD085,1.0,4936.85,4936.85,4.9
ITEM01477,ORD00854,PROD120,5.0,2334.12,11670.6,20.1
ITEM01478,ORD01380,PROD006,7.0,1845.63,12919.41,30.4
ITEM01479,ORD00274,PROD170,8.0,2424.49,19395.92,31.4
ITEM01480,ORD00481,PROD106,7.0,2622.28,18355.96,13.3
ITEM01481,ORD00994,PROD116,3.0,1244.45,3733.35,12.3
ITEM01482,ORD00922,PROD015,7.0,3815.75,26710.25,13.4
ITEM01483,ORD00394,PROD118,1.0,4325.88,4325.88,8.4
ITEM01484,ORD01296,PROD128,6.0,1140.49,6842.94,15.6
ITEM01485,ORD01131,PROD159,1.0,1643.79,1643.79,24.5
ITEM01486,ORD00224,PROD181,10.0,50.35,503.5,5.0
ITEM01487,ORD00449,PROD173,7.0,787.22,5510.54,9.9
ITEM01488,ORD00511,PROD188,7.0,601.59,4211.13,37.1
ITEM01489,ORD00016,PROD185,1.0,2187.56,2187.56,39.4
ITEM01490,ORD01254,PROD167,8.0,335.51,2684.08,28.9
ITEM01491,ORD01101,PROD166,10.0,3216.94,32169.4,31.8
ITEM01492,ORD00499,PROD048,4.0,564.35,2257.4,5.3
ITEM01493,ORD00201,PROD077,10.0,4653.93,46539.3,37.9
ITEM01494,ORD00539,PROD065,10.0,2129.95,21299.5,15.7
ITEM01495,ORD00758,PROD183,9.0,1133.99,10205.91,29.5
ITEM01496,ORD00333,PROD088,5.0,3575.14,17875.7,
ITEM01497,ORD00512,PROD077,9.0,808.0,7272.0,18.7
ITEM01498,ORD01006,PROD189,9.0,3717.02,33453.18,12.9
ITEM01499,ORD01094,PROD121,5.0,4606.95,,0.9
ITEM01500,ORD00027,PROD084,1.0,2870.91,2870.91,16.1
ITEM01501,ORD00425,PROD168,6.0,2972.53,17835.18,5.9
ITEM01502,ORD00633,PROD155,4.0,1953.99,7815.96,16.6
ITEM01503,ORD00791,PROD113,6.0,1940.2,11641.2,15.1
ITEM01504,ORD00445,PROD018,1.0,2701.72,2701.72,8.8
ITEM01505,ORD00402,PROD027,7.0,1577.5,11042.5,30.1
ITEM01506,ORD00371,PROD060,2.0,3221.53,6443.06,39.0
ITEM01507,ORD01055,PROD029,10.0,1428.85,14288.5,30.2
ITEM01508,ORD00908,PROD096,2.0,1899.82,3799.64,24.8
ITEM01509,ORD00542,PROD194,9.0,474.67,4272.03,32.4
ITEM01510,ORD01297,PROD178,2.0,1854.66,3709.32,8.4
ITEM01511,ORD00315,PROD107,-1.0,4026.48,40264.8,11.4
ITEM01512,ORD00747,PROD135,5.0,1443.04,7215.2,3.9
ITEM01513,ORD00854,PROD125,9.0,371.31,3341.79,23.8
ITEM01514,ORD00656,PROD054,3.0,2497.84,7493.52,22.8
ITEM01515,ORD00827,PROD030,2.0,3130.14,6260.28,36.1
ITEM01516,ORD01132,PROD173,10.0,319.02,3190.2,21.5
ITEM01517,ORD00805,PROD011,1.0,3220.44,3220.44,28.7
ITEM01518,ORD00848,PROD034,5.0,1576.09,7880.45,28.9
ITEM01519,ORD01089,PROD077,7.0,525.28,3676.96,3.7
ITEM01520,ORD00070,PROD041,10.0,1427.61,14276.1,13.4
ITEM01521,ORD01349,PROD100,,2807.74,2807.74,28.1
ITEM01522,ORD00684,PROD076,9.0,N/A,7291.89,29.8
ITEM01523,ORD01135,PROD082,8.0,3572.86,28582.88,25.2
ITEM01524,ORD00084,PROD154,0.0,1460.11,4380.33,13.9
ITEM01525,ORD00065,PROD186,2.0,3744.75,7489.5,
ITEM01526,ORD00102,PROD110,10.0,2814.01,28140.1,23.6
ITEM01527,ORD01466,PROD060,10.0,1553.56,15535.6,5.2
ITEM01528,ORD00738,PROD147,2.0,3069.61,6139.22,1.0
ITEM01529,ORD01140,PROD072,4.0,946.69,3786.76,17.8
ITEM01530,ORD01180,PROD110,1.0,724.61,724.61,12.8
ITEM01531,ORD01347,PROD136,10.0,4183.55,41835.5,10.7
ITEM01532,ORD00717,PROD074,8.0,321.58,2572.64,-10.0
ITEM01533,ORD01433,PROD096,7.0,2555.46,17888.22,2.0
ITEM01534,ORD00441,PROD132,6.0,1356.4,8138.4,18.9
ITEM01535,ORD01116,PROD055,2.0,1243.16,2486.32,25.5
ITEM01536,ORD00238,PROD182,6.0,2412.58,14475.48,3.2
ITEM01537,ORD00671,PROD026,6.0,4356.97,26141.82,6.2
ITEM01538,ORD00961,PROD004,6.0,4914.22,29485.32,34.9
ITEM01539,ORD00763,PROD147,0.0,2379.23,9516.92,16.9
ITEM01540,ORD00109,PROD004,8.0,1632.1,13056.8,9.6
ITEM01541,ORD00190,PROD050,4.0,778.68,3114.72,30.9
ITEM01542,ORD00644,PROD089,4.0,2866.24,11464.96,3.5
ITEM01543,ORD00553,PROD143,7.0,1663.19,11642.33,27.5
ITEM01544,ORD00453,PROD174,,1900.24,7600.96,8.7
ITEM01545,ORD01403,PROD089,6.0,3616.14,21696.84,7.9
ITEM01546,ORD01114,PROD129,3.0,3084.85,9254.55,17.3
ITEM01547,ORD01410,PROD183,3.0,2620.99,7862.97,30.7
ITEM01548,ORD00683,PROD122,3.0,2903.87,,37.8
ITEM01549,ORD00930,PROD035,7.0,4389.42,30725.94,12.0
ITEM01550,ORD01107,PROD097,8.0,3633.55,29068.4,11.4
ITEM01551,ORD00219,PROD049,9.0,708.25,6374.25,3.1
ITEM01552,ORD01147,PROD175,2.0,4861.2,,14.6
ITEM01553,ORD01302,PROD048,2.0,1881.96,3763.92,3.5
ITEM01554,ORD00102,PROD178,1.0,4941.62,4941.62,12.8
ITEM01555,ORD00985,PROD122,5.0,4689.2,23446.0,4.4
ITEM01556,ORD00930,PROD090,9.0,2571.15,23140.35,15.9
ITEM01557,ORD01272,PROD009,4.0,4936.87,19747.48,24.1
ITEM01558,ORD01460,PROD048,9.0,203.57,1832.13,6.0
ITEM01559,ORD00561,PROD126,9.0,962.34,8661.06,31.7
ITEM01560,ORD01269,PROD163,3.0,3537.05,10611.15,37.2
ITEM01561,ORD01483,PROD019,10.0,1982.21,19822.1,24.8
ITEM01562,ORD00219,PROD156,4.0,3809.36,15237.44,23.2
ITEM01563,ORD00578,PROD040,5.0,1694.27,8471.35,13.7
ITEM01564,ORD01087,PROD100,3.0,808.3,2424.9,39.6
ITEM01565,ORD01065,PROD079,5.0,3869.47,19347.35,26.0
ITEM01566,ORD00235,PROD048,3.0,2961.03,8883.09,36.3
ITEM01567,ORD00712,PROD029,1.0,2265.46,2265.46,-10.0
ITEM01568,ORD01372,PROD191,7.0,2872.99,20110.93,31.7
ITEM01569,ORD01300,PROD002,6.0,417.48,2504.88,36.7
ITEM01570,ORD00234,PROD045,9.0,3616.19,32545.71,9.2
ITEM01571,ORD00605,PROD061,10.0,N/A,26056.7,5.7
ITEM01572,ORD00556,PROD141,9.0,1897.62,17078.58,34.0
ITEM01573,ORD00876,PROD200,4.0,-200,8545.88,19.9
ITEM01574,ORD00833,PROD113,7.0,4568.93,31982.51,17.6
ITEM01575,ORD00190,PROD042,10.0,1535.41,15354.1,1.4
ITEM01576,ORD01222,PROD133,9.0,3091.54,27823.86,30.4
ITEM01577,ORD01348,PROD141,9.0,4453.44,40080.96,0.2
ITEM01578,ORD01217,PROD008,1.0,2650.16,2650.16,8.1
ITEM01579,ORD00699,PROD126,5.0,2999.4,14997.0,10.8
ITEM01580,ORD00518,PROD064,1.0,1260.21,1260.21,9.9
ITEM01581,ORD00227,PROD112,6.0,4908.72,29452.32,10.7
ITEM01582,ORD00931,PROD107,5.0,1086.63,5433.15,3.7
ITEM01583,ORD00191,PROD189,4.0,910.24,3640.96,13.3
ITEM01584,ORD00073,PROD199,8.0,4275.71,34205.68,29.9
ITEM01585,ORD00008,PROD183,2.0,3589.76,7179.52,8.6
ITEM01586,ORD00833,PROD164,5.0,1203.03,6015.15,26.8
ITEM01587,ORD00745,PROD079,10.0,4917.7,49177.0,2.2
ITEM01588,ORD00850,PROD146,7.0,2587.44,18112.08,17.6
ITEM01589,ORD00290,PROD127,,3808.25,34274.25,34.6
ITEM01590,ORD00811,PROD011,8.0,872.35,6978.8,-10.0
ITEM01591,ORD00801,PROD097,2.0,659.06,1318.12,23.7
ITEM01592,ORD00877,PROD167,5.0,1968.86,9844.3,28.2
ITEM01593,ORD01099,PROD160,3.0,407.22,1221.66,38.2
ITEM01594,ORD01134,PROD081,5.0,929.78,4648.9,36.0
ITEM01595,ORD00742,PROD149,9.0,2745.0,24705.0,-10.0
ITEM01596,ORD00595,PROD182,3.0,169.67,509.01,39.3
ITEM01597,ORD00643,PROD159,6.0,694.93,4169.58,13.9
ITEM01598,ORD01367,PROD001,10.0,559.47,5594.7,27.5
ITEM01599,ORD00682,PROD187,1.0,4869.19,4869.19,2.2
ITEM01600,ORD00482,PROD188,3.0,3800.8,11402.4,6.3
ITEM01601,ORD01299,PROD175,3.0,1015.09,3045.27,11.7
ITEM01602,ORD01403,PROD162,1.0,924.3,924.3,37.8
ITEM01603,ORD00818,PROD030,2.0,4170.98,8341.96,31.4
ITEM01604,ORD00451,PROD145,5.0,1971.43,9857.15,33.4
ITEM01605,ORD01020,PROD104,7.0,227.48,1592.36,24.4
ITEM01606,ORD01017,PROD170,1.0,3182.2,3182.2,18.8
ITEM01607,ORD00872,PROD162,9.0,85.64,770.76,21.3
ITEM01608,ORD00888,PROD069,6.0,1182.02,7092.12,22.5
ITEM01609,ORD00739,PROD057,7.0,3565.77,24960.39,29.0
ITEM01610,ORD01238,PROD191,5.0,4223.26,21116.3,
ITEM01611,ORD01272,PROD170,4.0,225.7,902.8,19.7
ITEM01612,ORD00722,PROD183,6.0,547.45,3284.7,21.8
ITEM01613,ORD01267,PROD062,8.0,1054.92,8439.36,38.0
ITEM01614,ORD01228,PROD089,-1.0,1502.41,4507.23,35.6
ITEM01615,ORD00094,PROD106,6.0,2856.96,17141.76,28.9
ITEM01616,ORD00346,PROD037,10.0,296.94,2969.4,37.9
ITEM01617,ORD01358,PROD049,6.0,2428.55,14571.3,23.7
ITEM01618,ORD00469,PROD149,,146.19,1315.71,1.9
ITEM01619,ORD00565,PROD086,7.0,2466.31,17264.17,4.6
ITEM01620,ORD00577,PROD007,4.0,3259.51,13038.04,6.4
ITEM01621,ORD00272,PROD045,1.0,1164.49,1164.49,35.8
ITEM01622,ORD00478,PROD019,6.0,2578.81,15472.86,6.1
ITEM01623,ORD01150,PROD020,5.0,3232.02,16160.1,20.2
ITEM01624,ORD00210,PROD031,10.0,-200,1552.2,
ITEM01625,ORD00877,PROD131,2.0,3020.23,6040.46,36.4
ITEM01626,ORD00371,PROD121,1.0,4223.22,4223.22,33.0
ITEM01627,ORD00378,PROD002,8.0,4846.73,38773.84,22.6
ITEM01628,ORD00781,PROD176,3.0,1979.92,5939.76,1.7
ITEM01629,ORD00879,PROD012,1.0,1438.79,1438.79,25.7
ITEM01630,ORD00552,PROD002,3.0,3384.51,10153.53,26.3
ITEM01631,ORD01046,PROD011,4.0,3680.17,14720.68,29.9
ITEM01632,ORD00635,PROD138,9.0,4166.54,37498.86,150.0
ITEM01633,ORD01258,PROD036,3.0,4446.9,13340.7,2.0
ITEM01634,ORD01324,PROD046,0.0,447.65,3581.2,8.4
ITEM01635,ORD00221,PROD033,4.0,1457.31,5829.24,-10.0
ITEM01636,ORD01079,PROD015,3.0,3626.78,10880.34,22.4
ITEM01637,ORD01328,PROD092,10.0,4681.25,46812.5,13.3
ITEM01638,ORD00803,PROD061,5.0,N/A,9242.35,9.0
ITEM01639,ORD00199,PROD034,1.0,-200,768.48,29.9
ITEM01640,ORD00640,PROD192,6.0,1559.8,9358.8,11.8
ITEM01641,ORD00789,PROD043,5.0,719.39,3596.95,27.1
ITEM01642,ORD00329,PROD011,,N/A,22151.36,26.1
ITEM01643,ORD01124,PROD139,5.0,1650.84,8254.2,27.3
ITEM01644,ORD01059,PROD151,5.0,2237.67,,8.6
ITEM01645,ORD00479,PROD061,5.0,606.11,3030.55,0.6
ITEM01646,ORD00828,PROD148,6.0,890.51,5343.06,33.0
ITEM01647,ORD00447,PROD184,2.0,981.63,1963.26,5.6
ITEM01648,ORD01459,PROD092,3.0,2752.65,8257.95,34.3
ITEM01649,ORD00687,PROD099,8.0,1881.38,15051.04,
ITEM01650,ORD01101,PROD197,8.0,3089.59,24716.72,26.8
ITEM01651,ORD00123,PROD013,9.0,612.38,5511.42,33.3
ITEM01652,ORD01351,PROD136,10.0,3727.33,,35.9
ITEM01653,ORD00767,PROD147,9.0,859.99,7739.91,37.6
ITEM01654,ORD00424,PROD136,7.0,4763.51,33344.57,21.2
ITEM01655,ORD00412,PROD008,7.0,1460.21,10221.47,39.8
ITEM01656,ORD00178,PROD075,8.0,1911.32,15290.56,10.6
ITEM01657,ORD01349,PROD109,6.0,4499.86,26999.16,12.5
ITEM01658,ORD00739,PROD099,2.0,3261.42,6522.84,11.2
ITEM01659,ORD00169,PROD019,10.0,2922.73,,12.2
ITEM01660,ORD01291,PROD115,10.0,2915.81,,28.6
ITEM01661,ORD00409,PROD030,9.0,1754.54,15790.86,20.1
ITEM01662,ORD00159,PROD004,9.0,3397.11,30573.99,12.3
ITEM01663,ORD01388,PROD024,4.0,969.01,3876.04,12.6
ITEM01664,ORD00404,PROD074,7.0,1719.87,12039.09,26.0
ITEM01665,ORD00708,PROD121,10.0,3968.7,39687.0,28.9
ITEM01666,ORD00883,PROD138,4.0,4056.14,16224.56,9.2
ITEM01667,ORD00233,PROD047,6.0,1014.07,6084.42,0.6
ITEM01668,ORD00224,PROD068,9.0,1163.65,10472.85,1.8
ITEM01669,ORD00910,PROD120,1.0,567.79,567.79,36.7
ITEM01670,ORD00010,PROD091,10.0,754.49,7544.9,31.1
ITEM01671,ORD00336,PROD145,2.0,3685.55,7371.1,14.4
ITEM01672,ORD00994,PROD158,10.0,2318.08,23180.8,14.0
ITEM01673,ORD01038,PROD185,5.0,-200,8871.65,34.2
ITEM01674,ORD00593,PROD026,2.0,4453.66,8907.32,24.1
ITEM01675,ORD00973,PROD197,4.0,2783.91,11135.64,33.5
ITEM01676,ORD00385,PROD032,6.0,3738.3,22429.8,29.3
ITEM01677,ORD00609,PROD125,10.0,4577.75,45777.5,23.9
ITEM01678,ORD00629,PROD050,7.0,1171.57,8200.99,38.6
ITEM01679,ORD00935,PROD146,4.0,2470.69,9882.76,30.6
ITEM01680,ORD01184,PROD012,2.0,2876.33,5752.66,17.7
ITEM01681,ORD00393,PROD101,6.0,3432.02,20592.12,8.5
ITEM01682,ORD00913,PROD108,-1.0,1575.55,6302.2,39.6
ITEM01683,ORD00350,PROD083,4.0,794.05,3176.2,8.2
ITEM01684,ORD00360,PROD015,9.0,474.96,4274.64,29.6
ITEM01685,ORD00465,PROD189,2.0,N/A,5871.84,13.5
ITEM01686,ORD01271,PROD104,4.0,2167.41,8669.64,13.6
ITEM01687,ORD00226,PROD132,8.0,1284.45,10275.6,34.2
ITEM01688,ORD00989,PROD136,5.0,1004.25,5021.25,0.4
ITEM01689,ORD00779,PROD162,2.0,4033.72,8067.44,15.0
ITEM01690,ORD00156,PROD187,2.0,3715.21,7430.42,11.9
ITEM01691,ORD01250,PROD129,1.0,2253.91,2253.91,32.7
ITEM01692,ORD01432,PROD094,4.0,3678.28,14713.12,35.0
ITEM01693,ORD00835,PROD119,6.0,3977.83,23866.98,23.8
ITEM01694,ORD01142,PROD184,4.0,367.84,1471.36,34.3
ITEM01695,ORD00329,PROD110,10.0,921.81,9218.1,29.7
ITEM01696,ORD00349,PROD200,1.0,2749.92,2749.92,3.0
ITEM01697,ORD00710,PROD010,9.0,1012.0,9108.0,14.8
ITEM01698,ORD01070,PROD047,9.0,3692.21,33229.89,4.0
ITEM01699,ORD01119,PROD120,1.0,2619.46,2619.46,25.2
ITEM01700,ORD00699,PROD051,5.0,4490.47,22452.35,29.2
ITEM01701,ORD01365,PROD032,3.0,1442.44,4327.32,18.1
ITEM01702,ORD01071,PROD109,9.0,3919.66,35276.94,37.2
ITEM01703,ORD00560,PROD006,7.0,218.22,1527.54,0.2
ITEM01704,ORD01355,PROD062,7.0,4180.77,29265.39,31.5
ITEM01705,ORD00404,PROD090,9.0,472.65,4253.85,26.1
ITEM01706,ORD00247,PROD014,4.0,2624.49,,4.0
ITEM01707,ORD00442,PROD040,4.0,66.26,265.04,-10.0
ITEM01708,ORD01300,PROD177,5.0,2860.05,14300.25,8.8
ITEM01709,ORD01445,PROD079,5.0,2924.12,14620.6,37.1
ITEM01710,ORD00644,PROD088,7.0,2797.17,19580.19,12.4
ITEM01711,ORD01426,PROD004,8.0,3262.43,26099.44,22.6
ITEM01712,ORD01396,PROD101,9.0,561.16,5050.44,3.8
ITEM01713,ORD01395,PROD052,10.0,967.75,9677.5,26.0
ITEM01714,ORD01015,PROD033,3.0,487.44,1462.32,24.7
ITEM01715,ORD00624,PROD190,4.0,1259.54,5038.16,37.1
ITEM01716,ORD00031,PROD119,,2302.63,20723.67,19.8
ITEM01717,ORD01081,PROD016,1.0,2386.78,2386.78,32.7
ITEM01718,ORD00917,PROD177,9.0,401.23,3611.07,21.9
ITEM01719,ORD00630,PROD178,7.0,2429.82,17008.74,7.4
ITEM01720,ORD00916,PROD173,8.0,3067.44,24539.52,10.2
ITEM01721,ORD00561,PROD090,10.0,1155.3,11553.0,-10.0
ITEM01722,ORD00057,PROD040,3.0,4829.43,14488.29,1.3
ITEM01723,ORD00925,PROD071,9.0,527.21,4744.89,7.9
ITEM01724,ORD00400,PROD023,4.0,4146.3,16585.2,13.4
ITEM01725,ORD01250,PROD170,3.0,261.55,784.65,21.3
ITEM01726,ORD00977,PROD110,2.0,4306.07,8612.14,25.6
ITEM01727,ORD00311,PROD156,3.0,1194.43,3583.29,22.4
ITEM01728,ORD01177,PROD066,1.0,369.36,369.36,10.7
ITEM01729,ORD01288,PROD200,2.0,1420.91,2841.82,21.2
ITEM01730,ORD00860,PROD197,1.0,1313.85,1313.85,39.2
ITEM01731,ORD00214,PROD163,3.0,233.88,701.64,28.1
ITEM01732,ORD00998,PROD191,9.0,2259.85,20338.65,34.8
ITEM01733,ORD00712,PROD081,8.0,2745.46,21963.68,13.9
ITEM01734,ORD00835,PROD111,4.0,4024.77,16099.08,37.5
ITEM01735,ORD00700,PROD077,1.0,3532.31,3532.31,
ITEM01736,ORD00900,PROD098,6.0,3221.08,19326.48,12.4
ITEM01737,ORD00994,PROD138,10.0,293.72,2937.2,12.1
ITEM01738,ORD01208,PROD107,7.0,2988.63,20920.41,21.3
ITEM01739,ORD01171,PROD097,7.0,4660.87,32626.09,2.9
ITEM01740,ORD00114,PROD120,6.0,2111.6,12669.6,37.6
ITEM01741,ORD00789,PROD102,4.0,1746.14,6984.56,35.0
ITEM01742,ORD00256,PROD198,6.0,2836.15,17016.9,26.0
ITEM01743,ORD01038,PROD163,4.0,2099.29,8397.16,19.4
ITEM01744,ORD00498,PROD169,4.0,2227.07,8908.28,24.5
ITEM01745,ORD00593,PROD188,4.0,3804.99,15219.96,29.7
ITEM01746,ORD00538,PROD183,-1.0,1371.55,6857.75,26.9
ITEM01747,ORD00306,PROD066,1.0,819.26,819.26,0.2
ITEM01748,ORD00674,PROD106,6.0,3957.94,23747.64,3.2
ITEM01749,ORD00255,PROD158,7.0,3807.17,26650.19,14.7
ITEM01750,ORD00177,PROD031,7.0,1081.2,7568.4,0.2
ITEM01751,ORD01037,PROD072,9.0,4964.55,44680.95,14.2
ITEM01752,ORD00077,PROD043,5.0,495.63,2478.15,29.5
ITEM01753,ORD01224,PROD183,1.0,2586.91,2586.91,11.6
ITEM01754,ORD00648,PROD130,9.0,2095.36,18858.24,10.9
ITEM01755,ORD00534,PROD079,1.0,4339.8,4339.8,36.2
ITEM01756,ORD00684,PROD003,4.0,3408.16,13632.64,20.5
ITEM01757,ORD00642,PROD005,8.0,3981.99,31855.92,15.6
ITEM01758,ORD00160,PROD002,2.0,4442.39,8884.78,11.6
ITEM01759,ORD01199,PROD004,8.0,1541.34,12330.72,19.7
ITEM01760,ORD01357,PROD179,1.0,3443.16,3443.16,4.5
ITEM01761,ORD00259,PROD029,6.0,2001.76,12010.56,37.0
ITEM01762,ORD00593,PROD055,4.0,2640.69,10562.76,0.8
ITEM01763,ORD00214,PROD195,0.0,2882.61,2882.61,2.0
ITEM01764,ORD00756,PROD114,2.0,2069.7,4139.4,27.5
ITEM01765,ORD00265,PROD068,6.0,1008.71,,-10.0
ITEM01766,ORD01053,PROD049,3.0,1501.75,4505.25,4.6
ITEM01767,ORD00885,PROD115,10.0,502.44,5024.4,19.7
ITEM01768,ORD00486,PROD131,7.0,4340.7,30384.9,22.8
ITEM01769,ORD00638,PROD070,6.0,1351.14,8106.84,17.5
ITEM01770,ORD01121,PROD126,3.0,2118.71,6356.13,16.7
ITEM01771,ORD00515,PROD188,3.0,4073.71,12221.13,20.2
ITEM01772,ORD00013,PROD025,10.0,2031.27,20312.7,37.8
ITEM01773,ORD00137,PROD005,2.0,2593.77,5187.54,2.4
ITEM01774,ORD00873,PROD195,-1.0,1481.17,2962.34,37.1
ITEM01775,ORD00179,PROD122,9.0,2252.32,20270.88,25.4
ITEM01776,ORD01374,PROD062,2.0,4543.73,9087.46,13.5
ITEM01777,ORD00925,PROD130,3.0,832.92,2498.76,31.7
ITEM01778,ORD00099,PROD046,10.0,3250.49,32504.9,9.2
ITEM01779,ORD01332,PROD049,3.0,469.59,1408.77,25.4
ITEM01780,ORD01368,PROD047,6.0,4165.43,24992.58,37.0
ITEM01781,ORD00780,PROD038,8.0,968.42,7747.36,37.9
ITEM01782,ORD00516,PROD084,9.0,2451.31,22061.79,23.2
ITEM01783,ORD01243,PROD186,7.0,1774.87,12424.09,20.6
ITEM01784,ORD00241,PROD170,2.0,3254.39,6508.78,1.2
ITEM01785,ORD00624,PROD176,2.0,1218.91,2437.82,33.2
ITEM01786,ORD00627,PROD139,8.0,3050.72,24405.76,19.4
ITEM01787,ORD00667,PROD177,3.0,3611.59,10834.77,8.9
ITEM01788,ORD00435,PROD058,4.0,2366.18,9464.72,5.7
ITEM01789,ORD00503,PROD058,8.0,2933.97,23471.76,32.6
ITEM01790,ORD01009,PROD124,5.0,1705.69,8528.45,8.6
ITEM01791,ORD01412,PROD110,10.0,4422.84,44228.4,28.6
ITEM01792,ORD00716,PROD200,9.0,734.32,6608.88,21.7
ITEM01793,ORD00368,PROD198,2.0,1215.96,2431.92,8.4
ITEM01794,ORD00042,PROD043,9.0,2160.85,19447.65,8.0
ITEM01795,ORD00198,PROD165,1.0,2620.84,2620.84,6.2
ITEM01796,ORD00737,PROD187,2.0,4935.16,9870.32,2.4
ITEM01797,ORD00781,PROD037,10.0,238.95,2389.5,9.6
ITEM01798,ORD01256,PROD054,5.0,3960.27,19801.35,19.1
ITEM01799,ORD00196,PROD185,8.0,731.65,5853.2,1.1
ITEM01800,ORD00566,PROD061,9.0,2089.23,18803.07,13.7
ITEM01801,ORD00892,PROD069,3.0,2770.56,8311.68,7.2
ITEM01802,ORD01379,PROD085,2.0,4366.82,8733.64,37.1
ITEM01803,ORD00224,PROD012,1.0,1234.21,1234.21,28.8
ITEM01804,ORD00778,PROD030,1.0,1180.52,1180.52,1.2
ITEM01805,ORD01403,PROD088,,3396.02,6792.04,14.2
ITEM01806,ORD00612,PROD071,8.0,2322.3,,21.5
ITEM01807,ORD00157,PROD031,4.0,2899.81,11599.24,150.0
ITEM01808,ORD00719,PROD121,3.0,4926.39,14779.17,31.5
ITEM01809,ORD00971,PROD127,8.0,3473.48,27787.84,26.4
ITEM01810,ORD00467,PROD104,4.0,505.35,2021.4,7.0
ITEM01811,ORD00385,PROD095,7.0,947.42,6631.94,25.4
ITEM01812,ORD00974,PROD119,9.0,2085.25,18767.25,36.1
ITEM01813,ORD00872,PROD138,9.0,1992.03,,22.9
ITEM01814,ORD01061,PROD108,4.0,754.95,3019.8,19.9
ITEM01815,ORD00554,PROD112,10.0,2602.78,26027.8,34.7
ITEM01816,ORD00015,PROD021,6.0,4055.34,24332.04,31.1
ITEM01817,ORD01483,PROD011,6.0,1163.74,6982.44,2.6
ITEM01818,ORD01268,PROD179,5.0,4830.75,24153.75,34.7
ITEM01819,ORD00182,PROD167,8.0,1932.44,15459.52,1.5
ITEM01820,ORD00413,PROD013,2.0,3518.12,7036.24,2.9
ITEM01821,ORD00548,PROD010,0.0,859.42,7734.78,16.4
ITEM01822,ORD00147,PROD005,1.0,1808.98,1808.98,14.0
ITEM01823,ORD01289,PROD090,6.0,2026.96,12161.76,31.9
ITEM01824,ORD01007,PROD154,2.0,3025.49,6050.98,2.4
ITEM01825,ORD01038,PROD023,6.0,708.51,4251.06,12.9
ITEM01826,ORD00141,PROD032,2.0,4642.87,9285.74,32.9
ITEM01827,ORD00032,PROD136,3.0,2337.74,7013.22,7.6
ITEM01828,ORD01267,PROD098,3.0,2427.86,7283.58,4.8
ITEM01829,ORD00012,PROD042,4.0,4031.42,16125.68,34.2
ITEM01830,ORD00998,PROD165,10.0,1588.03,15880.3,18.5
ITEM01831,ORD00228,PROD188,6.0,2266.35,13598.1,4.4
ITEM01832,ORD01176,PROD069,3.0,4426.96,13280.88,29.9
ITEM01833,ORD00767,PROD128,1.0,,3670.22,22.6
ITEM01834,ORD00987,PROD156,2.0,3199.76,6399.52,26.5
ITEM01835,ORD01316,PROD193,3.0,3210.28,9630.84,35.3
ITEM01836,ORD00210,PROD062,7.0,1878.8,13151.6,17.2
ITEM01837,ORD01346,PROD160,2.0,681.0,1362.0,21.3
ITEM01838,ORD00613,PROD056,9.0,1438.21,12943.89,4.2
ITEM01839,ORD00707,PROD161,5.0,1548.44,7742.2,23.7
ITEM01840,ORD00209,PROD053,9.0,3107.38,27966.42,33.7
ITEM01841,ORD00639,PROD078,5.0,3414.26,17071.3,39.2
ITEM01842,ORD01194,PROD131,5.0,4136.48,20682.4,26.3
ITEM01843,ORD00735,PROD171,3.0,4155.53,12466.59,16.5
ITEM01844,ORD00203,PROD148,1.0,2507.71,2507.71,23.3
ITEM01845,ORD00573,PROD022,9.0,1454.44,13089.96,6.0
ITEM01846,ORD01193,PROD074,4.0,3707.91,14831.64,19.5
ITEM01847,ORD01415,PROD015,10.0,486.64,4866.4,39.3
ITEM01848,ORD01335,PROD033,9.0,4429.25,39863.25,27.6
ITEM01849,ORD00736,PROD102,6.0,3855.77,23134.62,11.5
ITEM01850,ORD00670,PROD151,7.0,3103.27,21722.89,15.0
ITEM01851,ORD01090,PROD165,10.0,4736.63,47366.3,19.8
ITEM01852,ORD00388,PROD173,8.0,,6559.2,11.7
ITEM01853,ORD01112,PROD100,5.0,1923.99,9619.95,20.0
ITEM01854,ORD00997,PROD058,5.0,4465.59,22327.95,2.3
ITEM01855,ORD00436,PROD023,5.0,3380.17,16900.85,21.2
ITEM01856,ORD00786,PROD082,4.0,581.96,2327.84,10.3
ITEM01857,ORD01125,PROD180,-1.0,2507.72,22569.48,35.4
ITEM01858,ORD00075,PROD089,1.0,1237.48,1237.48,15.7
ITEM01859,ORD00957,PROD163,3.0,3742.75,,2.6
ITEM01860,ORD00359,PROD090,6.0,3422.72,20536.32,14.4
ITEM01861,ORD01219,PROD174,7.0,4103.84,28726.88,39.9
ITEM01862,ORD00808,PROD135,7.0,3993.46,27954.22,10.6
ITEM01863,ORD00874,PROD013,4.0,2991.78,11967.12,8.0
ITEM01864,ORD01488,PROD167,1.0,2912.85,2912.85,9.1
ITEM01865,ORD00160,PROD005,6.0,3821.2,22927.2,4.0
ITEM01866,ORD01060,PROD129,,4704.19,42337.71,
ITEM01867,ORD00102,PROD124,9.0,1249.13,11242.17,6.7
ITEM01868,ORD01096,PROD095,2.0,2826.23,5652.46,23.7
ITEM01869,ORD00527,PROD128,10.0,4293.18,42931.8,31.2
ITEM01870,ORD00495,PROD198,1.0,4171.26,4171.26,30.6
ITEM01871,ORD01066,PROD087,6.0,3410.63,20463.78,8.1
ITEM01872,ORD01063,PROD118,3.0,2265.17,6795.51,24.5
ITEM01873,ORD00141,PROD085,6.0,2626.01,15756.06,15.6
ITEM01874,ORD00784,PROD026,-1.0,3339.43,3339.43,31.6
ITEM01875,ORD01108,PROD177,3.0,275.95,827.85,14.6
ITEM01876,ORD00637,PROD055,8.0,-200,39242.56,32.3
ITEM01877,ORD01085,PROD029,9.0,1294.41,11649.69,15.6
ITEM01878,ORD00287,PROD131,3.0,1524.47,4573.41,29.7
ITEM01879,ORD00960,PROD196,1.0,3426.23,3426.23,28.2
ITEM01880,ORD01462,PROD058,9.0,,29528.73,33.2
ITEM01881,ORD00348,PROD189,4.0,3798.71,15194.84,3.2
ITEM01882,ORD00401,PROD186,2.0,3688.12,7376.24,24.1
ITEM01883,ORD01336,PROD142,7.0,458.64,3210.48,6.3
ITEM01884,ORD00048,PROD035,7.0,N/A,9864.4,19.1
ITEM01885,ORD01218,PROD050,6.0,955.61,5733.66,17.2
ITEM01886,ORD01238,PROD126,1.0,2741.35,2741.35,16.5
ITEM01887,ORD00065,PROD014,,106.61,426.44,7.5
ITEM01888,ORD00934,PROD171,9.0,1144.97,10304.73,28.1
ITEM01889,ORD00036,PROD190,1.0,344.1,344.1,26.0
ITEM01890,ORD00639,PROD138,7.0,4387.58,30713.06,39.5
ITEM01891,ORD01482,PROD072,9.0,1920.05,17280.45,32.5
ITEM01892,ORD00789,PROD071,4.0,527.29,2109.16,19.5
ITEM01893,ORD00565,PROD066,5.0,1940.82,9704.1,1.0
ITEM01894,ORD00514,PROD100,1.0,1934.86,1934.86,9.0
ITEM01895,ORD00698,PROD138,4.0,2482.65,9930.6,38.4
ITEM01896,ORD00007,PROD164,2.0,1315.4,2630.8,15.5
ITEM01897,ORD00484,PROD082,10.0,175.85,1758.5,18.3
ITEM01898,ORD00045,PROD005,9.0,3613.97,32525.73,17.4
ITEM01899,ORD01358,PROD027,6.0,3848.61,23091.66,6.0
ITEM01900,ORD00015,PROD171,6.0,2719.79,16318.74,9.8
ITEM01901,ORD00774,PROD051,1.0,4437.68,4437.68,36.2
ITEM01902,ORD01376,PROD162,6.0,3184.49,19106.94,8.8
ITEM01903,ORD00006,PROD139,10.0,N/A,48869.7,150.0
ITEM01904,ORD00536,PROD023,10.0,2940.68,29406.8,37.9
ITEM01905,ORD00733,PROD063,9.0,1447.66,13028.94,28.3
ITEM01906,ORD01461,PROD130,1.0,2713.33,2713.33,33.0
ITEM01907,ORD01483,PROD094,4.0,172.78,,35.0
ITEM01908,ORD00255,PROD184,0.0,4250.86,34006.88,19.6
ITEM01909,ORD01381,PROD174,6.0,1720.88,10325.28,25.1
ITEM01910,ORD01250,PROD077,10.0,2199.12,21991.2,8.8
ITEM01911,ORD01259,PROD028,4.0,2668.57,10674.28,4.3
ITEM01912,ORD00098,PROD141,3.0,4109.97,12329.91,22.2
ITEM01913,ORD01048,PROD080,6.0,2559.44,15356.64,29.7
ITEM01914,ORD00172,PROD046,7.0,4785.45,33498.15,25.7
ITEM01915,ORD01052,PROD158,1.0,3924.71,3924.71,21.0
ITEM01916,ORD00982,PROD058,1.0,2699.57,2699.57,13.1
ITEM01917,ORD00473,PROD042,2.0,581.21,1162.42,37.1
ITEM01918,ORD00433,PROD104,4.0,347.38,1389.52,27.4
ITEM01919,ORD00109,PROD190,8.0,678.01,5424.08,25.0
ITEM01920,ORD00059,PROD072,9.0,573.23,5159.07,12.0
ITEM01921,ORD00364,PROD083,8.0,4996.24,39969.92,20.9
ITEM01922,ORD01010,PROD117,3.0,471.98,1415.94,0.1
ITEM01923,ORD01307,PROD012,0.0,617.0,4936.0,17.9
ITEM01924,ORD00774,PROD017,9.0,3241.65,29174.85,18.3
ITEM01925,ORD00490,PROD121,2.0,1489.58,2979.16,34.8
ITEM01926,ORD01464,PROD115,5.0,2167.27,10836.35,9.4
ITEM01927,ORD00285,PROD064,3.0,1746.82,5240.46,31.0
ITEM01928,ORD00936,PROD059,10.0,4181.26,41812.6,26.0
ITEM01929,ORD00376,PROD125,4.0,3418.55,13674.2,16.5
ITEM01930,ORD00341,PROD170,7.0,218.33,1528.31,29.2
ITEM01931,ORD00424,PROD010,-1.0,3711.01,,37.8
ITEM01932,ORD01017,PROD018,10.0,1797.04,17970.4,22.9
ITEM01933,ORD00455,PROD013,2.0,1788.18,3576.36,22.8
ITEM01934,ORD00874,PROD109,7.0,3655.56,25588.92,35.3
ITEM01935,ORD01256,PROD093,5.0,2463.94,12319.7,32.3
ITEM01936,ORD00664,PROD050,2.0,3524.99,7049.98,29.8
ITEM01937,ORD00122,PROD103,6.0,3449.16,20694.96,17.1
ITEM01938,ORD00537,PROD012,9.0,3879.13,34912.17,15.4
ITEM01939,ORD00426,PROD089,10.0,3433.25,34332.5,5.1
ITEM01940,ORD00300,PROD076,9.0,3688.8,33199.2,0.5
ITEM01941,ORD01330,PROD186,7.0,2018.15,14127.05,18.1
ITEM01942,ORD00791,PROD145,10.0,2698.98,26989.8,10.3
ITEM01943,ORD00092,PROD125,5.0,4658.74,23293.7,11.0
ITEM01944,ORD00680,PROD022,6.0,2203.84,13223.04,38.1
ITEM01945,ORD01199,PROD048,8.0,3096.93,24775.44,20.0
ITEM01946,ORD00099,PROD122,8.0,767.62,6140.96,2.7
ITEM01947,ORD00534,PROD148,8.0,1968.82,15750.56,6.0
ITEM01948,ORD00951,PROD060,4.0,151.92,607.68,5.2
ITEM01949,ORD00479,PROD021,4.0,743.29,2973.16,35.7
ITEM01950,ORD00731,PROD161,1.0,3039.97,3039.97,0.5
ITEM01951,ORD00432,PROD010,2.0,2132.09,4264.18,34.1
ITEM01952,ORD00671,PROD137,5.0,1774.82,8874.1,26.3
ITEM01953,ORD00289,PROD040,8.0,4533.61,36268.88,21.5
ITEM01954,ORD00337,PROD100,9.0,526.08,4734.72,36.7
ITEM01955,ORD00857,PROD043,8.0,1997.08,15976.64,16.6
ITEM01956,ORD01346,PROD166,2.0,3133.24,6266.48,17.1
ITEM01957,ORD00750,PROD166,8.0,2155.36,17242.88,6.8
ITEM01958,ORD00533,PROD124,7.0,4231.78,29622.46,5.2
ITEM01959,ORD01208,PROD120,2.0,2090.51,4181.02,1.0
ITEM01960,ORD00422,PROD081,2.0,1275.31,2550.62,38.6
ITEM01961,ORD00108,PROD108,6.0,1339.73,8038.38,11.8
ITEM01962,ORD00705,PROD199,1.0,3146.8,3146.8,3.3
ITEM01963,ORD00429,PROD187,6.0,3560.67,21364.02,13.0
ITEM01964,ORD01154,PROD154,9.0,2325.16,20926.44,33.1
ITEM01965,ORD00959,PROD156,2.0,935.06,1870.12,15.9
ITEM01966,ORD00389,PROD181,4.0,1783.23,7132.92,34.0
ITEM01967,ORD00626,PROD158,3.0,4604.82,13814.46,19.9
ITEM01968,ORD00757,PROD192,9.0,,24362.28,36.3
ITEM01969,ORD00198,PROD001,4.0,1580.62,6322.48,21.2
ITEM01970,ORD00399,PROD112,7.0,577.83,4044.81,22.8
ITEM01971,ORD01387,PROD178,2.0,211.38,422.76,38.8
ITEM01972,ORD01349,PROD006,4.0,2862.45,11449.8,10.6
ITEM01973,ORD00711,PROD077,10.0,2556.9,25569.0,28.5
ITEM01974,ORD01259,PROD030,5.0,1444.57,7222.85,15.8
ITEM01975,ORD01204,PROD130,3.0,2320.49,6961.47,18.2
ITEM01976,ORD00890,PROD112,2.0,4576.91,9153.82,23.0
ITEM01977,ORD00607,PROD158,10.0,72.25,722.5,17.8
ITEM01978,ORD00298,PROD100,8.0,N/A,,6.7
ITEM01979,ORD00862,PROD003,4.0,192.54,770.16,12.6
ITEM01980,ORD00122,PROD157,3.0,874.54,2623.62,10.5
ITEM01981,ORD01298,PROD093,2.0,3044.86,6089.72,27.3
ITEM01982,ORD00778,PROD099,1.0,815.04,815.04,18.3
ITEM01983,ORD00127,PROD104,3.0,4116.06,12348.18,37.1
ITEM01984,ORD01465,PROD026,9.0,120.56,1085.04,6.2
ITEM01985,ORD00053,PROD022,7.0,933.18,6532.26,5.3
ITEM01986,ORD01250,PROD189,0.0,2919.09,17514.54,35.0
ITEM01987,ORD01151,PROD143,9.0,-200,1051.83,32.3
ITEM01988,ORD01275,PROD048,8.0,2713.49,21707.92,16.5
ITEM01989,ORD01448,PROD141,8.0,3166.66,25333.28,32.9
ITEM01990,ORD00939,PROD148,1.0,,4546.34,4.4
ITEM01991,ORD00321,PROD034,9.0,359.48,3235.32,37.5
ITEM01992,ORD00957,PROD023,3.0,1065.09,3195.27,16.4
ITEM01993,ORD00523,PROD181,7.0,878.31,6148.17,9.3
ITEM01994,ORD00023,PROD005,2.0,4878.92,,29.0
ITEM01995,ORD01435,PROD124,3.0,2299.0,6897.0,37.0
ITEM01996,ORD00644,PROD081,10.0,1575.86,15758.6,22.8
ITEM01997,ORD00184,PROD129,4.0,1694.06,6776.24,15.3
ITEM01998,ORD00530,PROD111,7.0,1041.15,7288.05,2.1
ITEM01999,ORD01341,PROD078,8.0,3242.08,25936.64,1.0
ITEM02000,ORD01432,PROD057,1.0,3066.41,3066.41,27.6
ITEM02001,ORD00497,PROD093,6.0,1848.05,11088.3,30.9
ITEM02002,ORD00235,PROD144,3.0,4466.53,13399.59,6.7
ITEM02003,ORD00793,PROD061,9.0,4089.4,36804.6,12.8
ITEM02004,ORD00596,PROD006,1.0,1783.22,1783.22,24.1
ITEM02005,ORD00187,PROD150,1.0,3506.09,3506.09,39.7
ITEM02006,ORD00142,PROD127,10.0,3027.18,30271.8,26.2
ITEM02007,ORD01246,PROD083,10.0,1523.4,15234.0,25.3
ITEM02008,ORD01260,PROD058,3.0,3277.81,9833.43,29.6
ITEM02009,ORD00183,PROD051,10.0,3427.03,34270.3,6.8
ITEM02010,ORD01437,PROD177,9.0,450.34,4053.06,32.5
ITEM02011,ORD00410,PROD097,8.0,3150.36,25202.88,23.1
ITEM02012,ORD00890,PROD051,9.0,3706.45,33358.05,35.4
ITEM02013,ORD00752,PROD029,10.0,4350.31,43503.1,16.1
ITEM02014,ORD00860,PROD068,7.0,-200,12359.48,6.4
ITEM02015,ORD00636,PROD149,1.0,4149.75,4149.75,3.9
ITEM02016,ORD01469,PROD035,1.0,447.65,447.65,12.8
ITEM02017,ORD00102,PROD129,6.0,2259.5,13557.0,22.4
ITEM02018,ORD01313,PROD162,6.0,1752.02,10512.12,33.9
ITEM02019,ORD00321,PROD152,7.0,2526.08,17682.56,1.0
ITEM02020,ORD01430,PROD105,-1.0,3658.15,36581.5,35.0
ITEM02021,ORD00739,PROD149,3.0,3912.97,11738.91,20.4
ITEM02022,ORD00591,PROD025,5.0,3122.36,15611.8,19.3
ITEM02023,ORD00355,PROD133,1.0,73.11,73.11,19.6
ITEM02024,ORD00877,PROD176,1.0,1996.08,1996.08,29.2
ITEM02025,ORD00084,PROD104,5.0,3916.45,19582.25,28.5
ITEM02026,ORD00087,PROD031,8.0,3461.03,27688.24,27.7
ITEM02027,ORD00846,PROD169,8.0,1479.78,11838.24,16.2
ITEM02028,ORD00261,PROD122,9.0,1102.49,9922.41,32.5
ITEM02029,ORD01106,PROD082,10.0,517.73,5177.3,37.9
ITEM02030,ORD01323,PROD166,7.0,1286.74,9007.18,23.1
ITEM02031,ORD01178,PROD102,2.0,2549.21,5098.42,1.6
ITEM02032,ORD01350,PROD140,,826.6,2479.8,32.5
ITEM02033,ORD00376,PROD111,4.0,1113.25,4453.0,-10.0
ITEM02034,ORD00343,PROD056,3.0,4657.27,13971.81,29.7
ITEM02035,ORD00388,PROD065,6.0,3651.96,21911.76,22.6
ITEM02036,ORD01067,PROD082,6.0,4706.6,28239.6,33.7
ITEM02037,ORD00532,PROD169,7.0,3822.91,26760.37,10.3
ITEM02038,ORD00418,PROD071,3.0,3306.32,9918.96,19.8
ITEM02039,ORD00738,PROD152,4.0,272.56,1090.24,8.9
ITEM02040,ORD00948,PROD098,5.0,1735.83,8679.15,17.0
ITEM02041,ORD01248,PROD072,6.0,724.35,4346.1,2.2
ITEM02042,ORD01262,PROD171,5.0,2302.85,11514.25,28.4
ITEM02043,ORD00385,PROD176,6.0,224.37,1346.22,18.7
ITEM02044,ORD01102,PROD044,8.0,249.84,1998.72,37.1
ITEM02045,ORD01324,PROD045,2.0,2636.75,5273.5,4.0
ITEM02046,ORD01223,PROD008,8.0,4284.75,34278.0,18.4
ITEM02047,ORD00654,PROD107,5.0,859.48,4297.4,24.7
ITEM02048,ORD01174,PROD197,4.0,4428.29,17713.16,
ITEM02049,ORD00616,PROD146,10.0,2328.31,23283.1,21.7
ITEM02050,ORD00753,PROD195,9.0,78.75,708.75,3.0
ITEM02051,ORD01152,PROD147,8.0,1507.83,12062.64,27.8
ITEM02052,ORD01158,PROD171,,3137.42,28236.78,8.5
ITEM02053,ORD00343,PROD040,8.0,541.84,4334.72,38.4
ITEM02054,ORD00319,PROD087,5.0,2378.13,11890.65,23.1
ITEM02055,ORD00668,PROD199,8.0,1982.66,15861.28,2.2
ITEM02056,ORD00131,PROD088,9.0,2118.66,19067.94,36.1
ITEM02057,ORD01313,PROD136,9.0,3343.25,30089.25,31.4
ITEM02058,ORD00989,PROD199,6.0,2641.35,15848.1,37.7
ITEM02059,ORD00571,PROD062,10.0,2100.59,21005.9,
ITEM02060,ORD00996,PROD014,8.0,4194.28,,3.6
ITEM02061,ORD00660,PROD003,6.0,1008.89,,32.5
ITEM02062,ORD00361,PROD051,6.0,3499.72,20998.32,36.3
ITEM02063,ORD01222,PROD090,9.0,3774.87,33973.83,16.7
ITEM02064,ORD00555,PROD137,8.0,2146.12,17168.96,37.6
ITEM02065,ORD01276,PROD016,3.0,2108.01,6324.03,25.4
ITEM02066,ORD00912,PROD170,8.0,4340.76,34726.08,0.3
ITEM02067,ORD00939,PROD180,6.0,2928.53,17571.18,5.3
ITEM02068,ORD00728,PROD182,5.0,1672.52,8362.6,5.6
ITEM02069,ORD00816,PROD142,9.0,326.18,2935.62,-10.0
ITEM02070,ORD00751,PROD199,8.0,433.93,3471.44,22.1
ITEM02071,ORD00645,PROD118,8.0,1386.46,11091.68,21.9
ITEM02072,ORD00210,PROD095,10.0,671.52,6715.2,36.3
ITEM02073,ORD00333,PROD104,1.0,811.6,811.6,8.9
ITEM02074,ORD01055,PROD161,1.0,692.07,692.07,21.0
ITEM02075,ORD01051,PROD063,8.0,1969.96,15759.68,11.9
ITEM02076,ORD01379,PROD066,7.0,60.2,421.4,3.7
ITEM02077,ORD01266,PROD191,4.0,1265.91,5063.64,17.5
ITEM02078,ORD01375,PROD075,3.0,2982.47,8947.41,18.7
ITEM02079,ORD00683,PROD158,3.0,1687.33,5061.99,19.5
ITEM02080,ORD00893,PROD025,5.0,3406.15,17030.75,12.7
ITEM02081,ORD00414,PROD185,2.0,2400.5,4801.0,10.0
ITEM02082,ORD01098,PROD011,6.0,265.61,1593.66,16.8
ITEM02083,ORD00386,PROD130,6.0,888.89,5333.34,7.6
ITEM02084,ORD00877,PROD133,4.0,1702.32,6809.28,11.2
ITEM02085,ORD01005,PROD090,1.0,4463.33,4463.33,29.2
ITEM02086,ORD00836,PROD060,4.0,275.02,1100.08,38.2
ITEM02087,ORD00868,PROD075,-1.0,3083.4,12333.6,18.9
ITEM02088,ORD00711,PROD143,3.0,2392.69,7178.07,15.9
ITEM02089,ORD00930,PROD140,9.0,2484.48,22360.32,11.0
ITEM02090,ORD00120,PROD062,4.0,1133.72,4534.88,25.5
ITEM02091,ORD00431,PROD022,6.0,2970.83,17824.98,1.5
ITEM02092,ORD00165,PROD156,4.0,3082.0,12328.0,36.4
ITEM02093,ORD00007,PROD194,10.0,2824.7,28247.0,10.8
ITEM02094,ORD00161,PROD048,4.0,4136.79,,6.2
ITEM02095,ORD00344,PROD113,10.0,4869.29,48692.9,2.2
ITEM02096,ORD00262,PROD186,-1.0,3385.29,33852.9,36.2
ITEM02097,ORD01285,PROD042,1.0,-200,557.82,10.5
ITEM02098,ORD00147,PROD116,7.0,1767.7,12373.9,30.9
ITEM02099,ORD00503,PROD114,1.0,3245.35,3245.35,28.7
ITEM02100,ORD00460,PROD130,8.0,4333.46,34667.68,-10.0
ITEM02101,ORD01319,PROD054,3.0,1482.89,4448.67,32.2
ITEM02102,ORD01434,PROD074,4.0,3466.49,13865.96,37.1
ITEM02103,ORD01057,PROD013,10.0,2373.19,23731.9,22.1
ITEM02104,ORD01010,PROD128,4.0,1732.41,6929.64,23.1
ITEM02105,ORD00730,PROD150,5.0,4911.12,24555.6,20.2
ITEM02106,ORD00431,PROD176,9.0,2019.58,18176.22,6.1
ITEM02107,ORD01313,PROD161,7.0,3412.66,23888.62,9.0
ITEM02108,ORD01394,PROD049,3.0,3198.28,9594.84,1.2
ITEM02109,ORD00537,PROD036,10.0,,8231.9,31.5
ITEM02110,ORD00366,PROD129,1.0,124.63,124.63,25.9
ITEM02111,ORD00151,PROD021,10.0,897.93,8979.3,38.9
ITEM02112,ORD00618,PROD143,6.0,353.79,2122.74,24.8
ITEM02113,ORD00589,PROD023,4.0,1711.47,6845.88,16.4
ITEM02114,ORD01048,PROD099,2.0,3199.28,6398.56,7.5
ITEM02115,ORD00440,PROD170,9.0,1410.24,12692.16,4.9
ITEM02116,ORD00688,PROD122,9.0,3780.41,34023.69,33.1
ITEM02117,ORD00591,PROD023,10.0,4673.0,46730.0,27.0
ITEM02118,ORD01385,PROD126,9.0,986.64,8879.76,21.5
ITEM02119,ORD00680,PROD116,4.0,4485.81,17943.24,21.7
ITEM02120,ORD00930,PROD171,4.0,4553.99,18215.96,28.8
ITEM02121,ORD00591,PROD025,3.0,2135.91,6407.73,36.2
ITEM02122,ORD01155,PROD031,7.0,975.74,6830.18,
ITEM02123,ORD01038,PROD002,9.0,2882.34,25941.06,17.0
ITEM02124,ORD01079,PROD058,3.0,3471.49,10414.47,28.7
ITEM02125,ORD01459,PROD073,7.0,872.57,6107.99,17.6
ITEM02126,ORD01288,PROD012,9.0,4278.02,38502.18,35.1
ITEM02127,ORD00474,PROD045,9.0,4697.11,42273.99,39.1
ITEM02128,ORD01267,PROD014,10.0,4972.24,,5.3
ITEM02129,ORD00871,PROD126,10.0,4315.9,43159.0,39.7
ITEM02130,ORD01066,PROD057,2.0,4993.42,9986.84,24.2
ITEM02131,ORD00411,PROD112,3.0,968.35,2905.05,37.2
ITEM02132,ORD01151,PROD017,8.0,3392.99,27143.92,6.3
ITEM02133,ORD01420,PROD128,10.0,3545.85,35458.5,1.4
ITEM02134,ORD00261,PROD080,5.0,2104.17,10520.85,30.4
ITEM02135,ORD00742,PROD082,4.0,3231.48,12925.92,15.9
ITEM02136,ORD00309,PROD117,6.0,2786.44,16718.64,15.3
ITEM02137,ORD00762,PROD194,4.0,3592.61,14370.44,28.7
ITEM02138,ORD00587,PROD067,10.0,444.45,,24.5
ITEM02139,ORD00441,PROD028,4.0,3824.1,15296.4,8.4
ITEM02140,ORD00074,PROD122,8.0,1838.97,14711.76,39.9
ITEM02141,ORD01277,PROD161,6.0,4052.68,24316.08,24.3
ITEM02142,ORD00394,PROD158,4.0,119.34,477.36,27.4
ITEM02143,ORD00700,PROD017,2.0,2809.89,5619.78,0.3
ITEM02144,ORD01412,PROD129,7.0,3422.29,23956.03,8.5
ITEM02145,ORD00510,PROD070,3.0,3728.62,11185.86,13.0
ITEM02146,ORD00696,PROD164,7.0,4353.72,30476.04,18.0
ITEM02147,ORD00355,PROD136,3.0,3339.63,10018.89,27.6
ITEM02148,ORD00132,PROD002,1.0,3744.09,3744.09,38.6
ITEM02149,ORD00721,PROD005,5.0,4466.94,22334.7,20.0
ITEM02150,ORD00130,PROD016,6.0,1807.68,10846.08,21.6
ITEM02151,ORD01004,PROD008,3.0,2142.96,6428.88,24.0
ITEM02152,ORD00401,PROD193,1.0,3940.46,3940.46,38.0
ITEM02153,ORD01394,PROD004,6.0,2863.7,17182.2,30.9
ITEM02154,ORD00587,PROD024,5.0,894.1,4470.5,15.5
ITEM02155,ORD00778,PROD059,3.0,166.14,498.42,9.6
ITEM02156,ORD00861,PROD062,3.0,4892.67,14678.01,19.0
ITEM02157,ORD00044,PROD016,1.0,3492.67,3492.67,38.4
ITEM02158,ORD00886,PROD176,4.0,2418.36,9673.44,11.5
ITEM02159,ORD01091,PROD164,4.0,3984.66,15938.64,21.8
ITEM02160,ORD01483,PROD044,7.0,2690.81,18835.67,30.7
ITEM02161,ORD01176,PROD185,6.0,1241.81,7450.86,15.8
ITEM02162,ORD01312,PROD031,3.0,4957.41,14872.23,15.5
ITEM02163,ORD01158,PROD071,10.0,2248.87,22488.7,1.4
ITEM02164,ORD01460,PROD141,7.0,1487.84,10414.88,23.8
ITEM02165,ORD00311,PROD151,4.0,233.22,932.88,27.2
ITEM02166,ORD00524,PROD005,2.0,3685.98,7371.96,39.0
ITEM02167,ORD00964,PROD066,5.0,4997.74,,24.7
ITEM02168,ORD00209,PROD003,7.0,3049.71,21347.97,0.0
ITEM02169,ORD00734,PROD021,9.0,2437.71,,18.6
ITEM02170,ORD00975,PROD024,5.0,2941.65,14708.25,21.3
ITEM02171,ORD00658,PROD187,1.0,2224.64,2224.64,35.2
ITEM02172,ORD00851,PROD064,5.0,4591.7,22958.5,0.8
ITEM02173,ORD00216,PROD198,4.0,130.57,522.28,8.8
ITEM02174,ORD00036,PROD165,2.0,693.95,1387.9,15.5
ITEM02175,ORD01118,PROD147,4.0,421.45,,18.0
ITEM02176,ORD00096,PROD042,2.0,1853.94,3707.88,22.6
ITEM02177,ORD01361,PROD028,7.0,2105.52,14738.64,14.1
ITEM02178,ORD00158,PROD091,2.0,1373.0,2746.0,4.0
ITEM02179,ORD00080,PROD170,6.0,2045.53,12273.18,37.5
ITEM02180,ORD00437,PROD163,8.0,2396.94,19175.52,23.5
ITEM02181,ORD00042,PROD143,9.0,1971.99,17747.91,9.0
ITEM02182,ORD00333,PROD186,7.0,912.12,6384.84,36.8
ITEM02183,ORD00368,PROD020,6.0,3100.87,18605.22,14.3
ITEM02184,ORD00211,PROD149,-1.0,4819.25,33734.75,20.4
ITEM02185,ORD01466,PROD039,3.0,4737.89,14213.67,25.8
ITEM02186,ORD00287,PROD120,8.0,1040.34,,0.7
ITEM02187,ORD00430,PROD197,,1643.44,4930.32,16.9
ITEM02188,ORD01193,PROD126,,1538.17,4614.51,7.1
ITEM02189,ORD00693,PROD038,10.0,2171.14,21711.4,26.9
ITEM02190,ORD00745,PROD069,4.0,N/A,8268.68,29.8
ITEM02191,ORD00219,PROD074,10.0,2896.71,28967.1,36.8
ITEM02192,ORD00367,PROD064,2.0,4722.4,9444.8,10.9
ITEM02193,ORD00198,PROD166,10.0,3075.23,30752.3,20.6
ITEM02194,ORD00856,PROD115,10.0,2285.77,22857.7,5.8
ITEM02195,ORD01222,PROD182,3.0,2605.92,7817.76,16.3
ITEM02196,ORD01049,PROD108,6.0,3564.39,21386.34,27.1
ITEM02197,ORD00460,PROD074,6.0,1360.21,8161.26,33.3
ITEM02198,ORD00280,PROD083,3.0,2055.62,6166.86,0.1
ITEM02199,ORD00392,PROD097,7.0,3145.49,22018.43,35.6
ITEM02200,ORD00314,PROD020,9.0,359.63,3236.67,23.2
ITEM02201,ORD01138,PROD133,3.0,2849.36,8548.08,9.3
ITEM02202,ORD00728,PROD188,5.0,985.68,4928.4,25.4
ITEM02203,ORD00532,PROD190,9.0,1206.22,10855.98,3.8
ITEM02204,ORD00203,PROD080,8.0,65.07,520.56,38.0
ITEM02205,ORD00537,PROD110,9.0,3067.91,27611.19,17.9
ITEM02206,ORD00260,PROD144,4.0,995.43,3981.72,6.9
ITEM02207,ORD00337,PROD147,3.0,321.07,963.21,9.7
ITEM02208,ORD00839,PROD026,2.0,4151.71,8303.42,27.0
ITEM02209,ORD00473,PROD096,3.0,2968.67,8906.01,11.4
ITEM02210,ORD01286,PROD177,7.0,3239.84,22678.88,4.1
ITEM02211,ORD00273,PROD163,7.0,4757.97,33305.79,22.2
ITEM02212,ORD00845,PROD140,0.0,2795.65,2795.65,38.5
ITEM02213,ORD00262,PROD191,3.0,3308.53,9925.59,35.4
ITEM02214,ORD00234,PROD051,8.0,1120.95,8967.6,26.2
ITEM02215,ORD00605,PROD053,4.0,1131.79,4527.16,16.0
ITEM02216,ORD00541,PROD102,7.0,1985.67,13899.69,14.6
ITEM02217,ORD00655,PROD085,6.0,,10820.34,
ITEM02218,ORD00416,PROD159,1.0,3409.94,3409.94,10.1
ITEM02219,ORD00973,PROD195,10.0,974.75,9747.5,6.4
ITEM02220,ORD00218,PROD114,1.0,1789.85,1789.85,21.4
ITEM02221,ORD00689,PROD080,5.0,1592.57,7962.85,18.3
ITEM02222,ORD01324,PROD125,2.0,4228.91,8457.82,11.7
ITEM02223,ORD00075,PROD012,6.0,113.61,681.66,38.7
ITEM02224,ORD00547,PROD162,10.0,4844.94,48449.4,30.9
ITEM02225,ORD00660,PROD152,9.0,592.32,5330.88,9.7
ITEM02226,ORD00256,PROD027,4.0,2094.63,8378.52,6.0
ITEM02227,ORD01266,PROD075,2.0,2277.1,4554.2,20.9
ITEM02228,ORD00805,PROD132,2.0,3845.78,,20.3
ITEM02229,ORD01001,PROD119,1.0,1431.43,1431.43,3.4
ITEM02230,ORD01114,PROD190,2.0,1695.4,3390.8,23.1
ITEM02231,ORD00903,PROD177,3.0,4471.01,13413.03,27.5
ITEM02232,ORD01012,PROD031,9.0,1998.63,17987.67,39.6
ITEM02233,ORD01128,PROD155,7.0,2503.73,17526.11,150.0
ITEM02234,ORD01025,PROD048,7.0,2386.31,16704.17,37.1
ITEM02235,ORD00067,PROD179,2.0,4448.6,8897.2,38.5
ITEM02236,ORD00161,PROD173,8.0,1458.05,,28.2
ITEM02237,ORD01391,PROD156,2.0,895.36,1790.72,32.9
ITEM02238,ORD00256,PROD193,1.0,1077.07,1077.07,5.2
ITEM02239,ORD01309,PROD004,4.0,,12753.44,18.5
ITEM02240,ORD00723,PROD131,5.0,4537.79,22688.95,3.6
ITEM02241,ORD01241,PROD058,10.0,171.71,1717.1,31.3
ITEM02242,ORD00206,PROD058,6.0,613.17,,13.4
ITEM02243,ORD00427,PROD134,7.0,1340.62,9384.34,-10.0
ITEM02244,ORD00366,PROD034,10.0,1480.2,14802.0,9.5
ITEM02245,ORD00866,PROD191,2.0,2199.14,4398.28,25.3
ITEM02246,ORD01100,PROD097,8.0,3464.6,27716.8,33.4
ITEM02247,ORD00612,PROD089,6.0,1379.41,8276.46,25.1
ITEM02248,ORD00382,PROD109,7.0,145.67,1019.69,28.7
ITEM02249,ORD00401,PROD032,7.0,1810.72,12675.04,32.9
ITEM02250,ORD00359,PROD146,9.0,2959.37,26634.33,5.9
ITEM02251,ORD01447,PROD121,5.0,4374.05,21870.25,10.2
ITEM02252,ORD01406,PROD137,10.0,2276.45,22764.5,28.5
ITEM02253,ORD00806,PROD163,2.0,2684.6,5369.2,6.6
ITEM02254,ORD00390,PROD200,7.0,467.08,3269.56,9.2
ITEM02255,ORD00692,PROD149,4.0,3364.65,13458.6,0.2
ITEM02256,ORD00728,PROD097,1.0,3121.38,3121.38,20.7
ITEM02257,ORD00551,PROD140,4.0,3900.67,15602.68,25.8
ITEM02258,ORD00849,PROD019,4.0,568.2,2272.8,14.3
ITEM02259,ORD01251,PROD035,10.0,129.39,1293.9,36.4
ITEM02260,ORD01394,PROD097,8.0,2709.24,21673.92,10.1
ITEM02261,ORD00084,PROD104,7.0,3636.0,25452.0,37.0
ITEM02262,ORD00426,PROD106,3.0,601.24,1803.72,16.3
ITEM02263,ORD00394,PROD175,9.0,4660.33,41942.97,21.0
ITEM02264,ORD01469,PROD158,7.0,4374.84,30623.88,36.3
ITEM02265,ORD00793,PROD149,3.0,3543.12,10629.36,29.5
ITEM02266,ORD01153,PROD031,9.0,697.44,6276.96,11.1
ITEM02267,ORD01446,PROD099,1.0,3158.37,3158.37,30.4
ITEM02268,ORD00386,PROD187,4.0,4412.3,17649.2,2.8
ITEM02269,ORD00178,PROD147,4.0,3745.19,14980.76,22.4
ITEM02270,ORD00072,PROD146,1.0,2639.72,2639.72,12.8
ITEM02271,ORD00699,PROD041,1.0,730.36,730.36,3.3
ITEM02272,ORD00911,PROD187,3.0,3452.29,10356.87,19.0
ITEM02273,ORD00170,PROD184,,159.69,638.76,29.3
ITEM02274,ORD01163,PROD118,1.0,3989.85,3989.85,5.9
ITEM02275,ORD00932,PROD116,1.0,424.73,424.73,5.9
ITEM02276,ORD00507,PROD173,4.0,4564.54,18258.16,12.6
ITEM02277,ORD00361,PROD007,2.0,937.78,1875.56,2.8
ITEM02278,ORD00411,PROD173,5.0,1767.96,8839.8,10.3
ITEM02279,ORD01441,PROD129,8.0,2822.34,22578.72,1.1
ITEM02280,ORD01123,PROD163,5.0,766.29,3831.45,17.5
ITEM02281,ORD00206,PROD109,4.0,2655.49,10621.96,36.0
ITEM02282,ORD00726,PROD179,1.0,3269.31,3269.31,38.9
ITEM02283,ORD00601,PROD097,8.0,4342.46,34739.68,150.0
ITEM02284,ORD00698,PROD091,6.0,2446.6,14679.6,8.7
ITEM02285,ORD00694,PROD117,7.0,3579.25,25054.75,24.7
ITEM02286,ORD00282,PROD076,4.0,4987.3,19949.2,21.2
ITEM02287,ORD00930,PROD138,5.0,468.45,2342.25,19.1
ITEM02288,ORD01146,PROD188,4.0,791.66,3166.64,28.9
ITEM02289,ORD01495,PROD109,5.0,2566.11,12830.55,19.7
ITEM02290,ORD00962,PROD096,5.0,3280.29,16401.45,36.4
ITEM02291,ORD00896,PROD153,9.0,851.72,7665.48,30.9
ITEM02292,ORD01309,PROD116,4.0,347.86,1391.44,10.3
ITEM02293,ORD00332,PROD114,1.0,446.13,446.13,12.5
ITEM02294,ORD01291,PROD170,5.0,176.97,884.85,7.0
ITEM02295,ORD00781,PROD082,3.0,1670.65,5011.95,19.7
ITEM02296,ORD00014,PROD154,6.0,4639.73,27838.38,36.8
ITEM02297,ORD00374,PROD119,9.0,1284.56,11561.04,5.3
ITEM02298,ORD00441,PROD126,0.0,1676.0,11732.0,5.8
ITEM02299,ORD00676,PROD112,2.0,1451.44,2902.88,6.4
ITEM02300,ORD00880,PROD124,1.0,3908.8,3908.8,23.3
ITEM02301,ORD00583,PROD055,6.0,3998.29,23989.74,22.1
ITEM02302,ORD00045,PROD178,10.0,1152.62,11526.2,22.7
ITEM02303,ORD01385,PROD171,8.0,1880.68,15045.44,26.3
ITEM02304,ORD01195,PROD161,4.0,3906.45,15625.8,20.2
ITEM02305,ORD00477,PROD130,10.0,1271.67,12716.7,27.7
ITEM02306,ORD00030,PROD005,7.0,3300.68,23104.76,-10.0
ITEM02307,ORD01275,PROD011,-1.0,1346.92,13469.2,7.1
ITEM02308,ORD01254,PROD119,7.0,1822.35,12756.45,16.1
ITEM02309,ORD01262,PROD082,1.0,386.91,386.91,0.4
ITEM02310,ORD01094,PROD009,10.0,863.67,8636.7,22.4
ITEM02311,ORD00888,PROD188,9.0,1689.25,15203.25,39.4
ITEM02312,ORD01043,PROD106,2.0,4263.88,8527.76,31.6
ITEM02313,ORD01244,PROD135,5.0,1162.32,5811.6,20.1
ITEM02314,ORD00161,PROD035,8.0,4498.01,35984.08,2.9
ITEM02315,ORD01229,PROD050,3.0,4025.47,12076.41,6.4
ITEM02316,ORD01484,PROD168,5.0,N/A,20548.25,37.7
ITEM02317,ORD00765,PROD188,9.0,1956.92,17612.28,36.6
ITEM02318,ORD00026,PROD064,9.0,3199.54,28795.86,25.2
ITEM02319,ORD00987,PROD200,5.0,4693.57,23467.85,31.4
ITEM02320,ORD01426,PROD122,8.0,562.82,4502.56,16.8
ITEM02321,ORD01149,PROD061,9.0,471.13,4240.17,37.2
ITEM02322,ORD00895,PROD058,3.0,371.64,1114.92,150.0
ITEM02323,ORD01015,PROD145,2.0,1211.01,2422.02,31.7
ITEM02324,ORD01166,PROD062,1.0,3508.56,3508.56,29.2
ITEM02325,ORD00803,PROD072,2.0,2019.12,4038.24,35.2
ITEM02326,ORD01167,PROD120,3.0,1588.04,4764.12,30.7
ITEM02327,ORD01171,PROD198,9.0,3628.75,32658.75,150.0
ITEM02328,ORD01243,PROD073,7.0,902.85,6319.95,15.0
ITEM02329,ORD01160,PROD177,8.0,2869.01,22952.08,0.7
ITEM02330,ORD00446,PROD024,7.0,3278.65,22950.55,26.5
ITEM02331,ORD01368,PROD171,8.0,557.38,4459.04,5.0
ITEM02332,ORD01075,PROD185,10.0,1828.57,18285.7,16.0
ITEM02333,ORD00222,PROD045,3.0,1001.79,3005.37,26.9
ITEM02334,ORD01167,PROD112,1.0,3936.48,3936.48,32.5
ITEM02335,ORD01324,PROD128,8.0,1233.93,9871.44,13.2
ITEM02336,ORD00253,PROD144,2.0,4822.15,9644.3,5.5
ITEM02337,ORD01286,PROD129,3.0,4745.73,14237.19,11.8
ITEM02338,ORD01164,PROD104,8.0,,4046.32,26.0
ITEM02339,ORD00595,PROD087,8.0,3283.14,26265.12,23.5
ITEM02340,ORD01151,PROD115,2.0,1087.19,2174.38,150.0
ITEM02341,ORD01397,PROD014,6.0,1256.75,7540.5,22.6
ITEM02342,ORD00943,PROD115,0.0,1645.85,9875.1,28.3
ITEM02343,ORD00559,PROD063,3.0,4085.98,12257.94,24.1
ITEM02344,ORD00797,PROD166,5.0,3505.63,17528.15,11.6
ITEM02345,ORD00242,PROD140,5.0,2917.65,14588.25,13.6
ITEM02346,ORD00355,PROD095,8.0,2382.57,19060.56,150.0
ITEM02347,ORD00481,PROD067,6.0,2171.55,13029.3,31.6
ITEM02348,ORD01351,PROD104,3.0,253.51,760.53,37.9
ITEM02349,ORD00171,PROD001,5.0,1885.93,9429.65,25.7
ITEM02350,ORD01226,PROD191,8.0,3099.59,24796.72,0.5
ITEM02351,ORD01426,PROD191,7.0,2527.73,17694.11,1.8
ITEM02352,ORD01357,PROD194,5.0,3610.81,18054.05,6.3
ITEM02353,ORD00018,PROD093,7.0,4657.76,32604.32,23.2
ITEM02354,ORD00074,PROD040,8.0,3818.72,30549.76,20.2
ITEM02355,ORD00291,PROD021,1.0,1410.03,1410.03,21.1
ITEM02356,ORD00593,PROD118,10.0,4325.71,43257.1,6.5
ITEM02357,ORD00187,PROD054,5.0,2262.15,11310.75,33.1
ITEM02358,ORD00742,PROD035,6.0,298.16,1788.96,4.4
ITEM02359,ORD00690,PROD018,1.0,2900.46,2900.46,30.0
ITEM02360,ORD00232,PROD064,2.0,517.28,1034.56,26.6
ITEM02361,ORD01013,PROD056,10.0,3095.18,30951.8,32.7
ITEM02362,ORD00670,PROD001,1.0,569.03,569.03,37.6
ITEM02363,ORD01065,PROD164,6.0,3127.31,18763.86,35.1
ITEM02364,ORD00812,PROD086,7.0,2816.12,19712.84,24.6
ITEM02365,ORD00446,PROD132,9.0,220.46,1984.14,36.5
ITEM02366,ORD00928,PROD113,1.0,80.35,80.35,34.4
ITEM02367,ORD00432,PROD175,7.0,2628.01,18396.07,34.1
ITEM02368,ORD00683,PROD144,5.0,-200,5477.8,19.3
ITEM02369,ORD00419,PROD150,4.0,969.54,3878.16,30.6
ITEM02370,ORD00416,PROD043,6.0,1367.02,8202.12,14.6
ITEM02371,ORD00340,PROD161,10.0,693.76,6937.6,30.0
ITEM02372,ORD00970,PROD131,2.0,3001.76,6003.52,38.6
ITEM02373,ORD00071,PROD135,1.0,3031.22,3031.22,29.6
ITEM02374,ORD00268,PROD004,7.0,1619.12,11333.84,9.7
ITEM02375,ORD01034,PROD043,6.0,4892.44,29354.64,37.9
ITEM02376,ORD01215,PROD183,1.0,4510.16,4510.16,25.6
ITEM02377,ORD01239,PROD199,0.0,4131.27,28918.89,11.4
ITEM02378,ORD00823,PROD174,4.0,4950.64,19802.56,18.7
ITEM02379,ORD00837,PROD041,10.0,1531.95,15319.5,2.1
ITEM02380,ORD00890,PROD151,10.0,N/A,24898.6,5.7
ITEM02381,ORD01028,PROD169,2.0,1889.49,3778.98,18.6
ITEM02382,ORD00887,PROD089,1.0,1826.12,1826.12,10.7
ITEM02383,ORD01092,PROD086,3.0,4638.98,13916.94,15.8
ITEM02384,ORD00756,PROD199,9.0,3251.97,,34.7
ITEM02385,ORD01105,PROD193,5.0,4971.97,24859.85,13.2
ITEM02386,ORD00551,PROD128,6.0,1647.38,9884.28,22.5
ITEM02387,ORD00436,PROD102,4.0,856.77,3427.08,16.4
ITEM02388,ORD00143,PROD159,8.0,3795.76,30366.08,150.0
ITEM02389,ORD00183,PROD194,10.0,1064.02,,2.3
ITEM02390,ORD00789,PROD056,9.0,3237.54,29137.86,19.7
ITEM02391,ORD00331,PROD015,7.0,2513.19,17592.33,1.1
ITEM02392,ORD00138,PROD132,6.0,818.11,4908.66,38.9
ITEM02393,ORD00122,PROD134,9.0,4259.95,38339.55,21.8
ITEM02394,ORD01459,PROD138,4.0,N/A,12200.92,24.9
ITEM02395,ORD01375,PROD056,9.0,2955.51,26599.59,34.6
ITEM02396,ORD01422,PROD128,6.0,2446.14,14676.84,25.1
ITEM02397,ORD00830,PROD176,9.0,273.17,2458.53,18.1
ITEM02398,ORD00727,PROD009,2.0,809.35,1618.7,28.8
ITEM02399,ORD00173,PROD113,10.0,3230.17,32301.7,23.9
ITEM02400,ORD00625,PROD154,8.0,1297.44,10379.52,28.0
ITEM02401,ORD01436,PROD188,5.0,4876.52,24382.6,36.1
ITEM02402,ORD01262,PROD150,5.0,120.58,602.9,4.5
ITEM02403,ORD00519,PROD186,7.0,-200,2947.56,24.6
ITEM02404,ORD00946,PROD018,6.0,1556.88,9341.28,34.7
ITEM02405,ORD00424,PROD178,3.0,3425.99,10277.97,33.6
ITEM02406,ORD01257,PROD173,10.0,1457.89,14578.9,32.2
ITEM02407,ORD00825,PROD154,10.0,1956.68,19566.8,11.7
ITEM02408,ORD00745,PROD186,5.0,550.59,2752.95,15.7
ITEM02409,ORD01402,PROD003,10.0,2733.26,27332.6,36.4
ITEM02410,ORD00595,PROD107,4.0,3323.63,13294.52,10.7
ITEM02411,ORD00412,PROD033,8.0,4041.23,32329.84,16.9
ITEM02412,ORD00161,PROD049,9.0,4849.13,43642.17,12.1
ITEM02413,ORD00038,PROD176,7.0,3759.81,26318.67,22.3
ITEM02414,ORD00697,PROD170,2.0,701.99,1403.98,35.3
ITEM02415,ORD00725,PROD167,10.0,1527.93,15279.3,33.0
ITEM02416,ORD00899,PROD022,1.0,431.23,431.23,35.6
ITEM02417,ORD01015,PROD089,1.0,656.68,656.68,13.9
ITEM02418,ORD00136,PROD190,6.0,3146.94,18881.64,34.4
ITEM02419,ORD01358,PROD073,4.0,2764.34,11057.36,18.2
ITEM02420,ORD00093,PROD058,9.0,1571.78,14146.02,2.6
ITEM02421,ORD00420,PROD198,3.0,917.32,2751.96,28.7
ITEM02422,ORD01394,PROD079,10.0,3233.6,32336.0,23.8
ITEM02423,ORD00113,PROD076,,3904.57,,5.2
ITEM02424,ORD01355,PROD160,5.0,850.96,4254.8,37.2
ITEM02425,ORD00295,PROD021,3.0,1690.23,,26.0
ITEM02426,ORD00945,PROD145,9.0,2477.78,22300.02,31.6
ITEM02427,ORD00677,PROD126,1.0,4171.76,4171.76,6.4
ITEM02428,ORD01175,PROD080,6.0,3718.73,22312.38,38.6
ITEM02429,ORD00849,PROD117,2.0,1896.97,3793.94,35.8
ITEM02430,ORD00085,PROD001,6.0,878.96,5273.76,25.3
ITEM02431,ORD01142,PROD164,3.0,525.34,1576.02,31.1
ITEM02432,ORD01290,PROD140,9.0,2423.75,21813.75,38.9
ITEM02433,ORD01118,PROD074,3.0,161.35,484.05,18.0
ITEM02434,ORD01185,PROD139,3.0,1950.59,5851.77,27.2
ITEM02435,ORD00678,PROD191,5.0,770.77,3853.85,23.3
ITEM02436,ORD01123,PROD102,2.0,4938.31,9876.62,39.4
ITEM02437,ORD00785,PROD125,7.0,729.07,5103.49,21.3
ITEM02438,ORD01249,PROD032,3.0,,4317.33,27.0
ITEM02439,ORD00925,PROD029,2.0,1444.37,2888.74,38.8
ITEM02440,ORD01245,PROD181,4.0,2351.61,9406.44,23.2
ITEM02441,ORD00388,PROD113,6.0,1712.29,10273.74,25.3
ITEM02442,ORD00680,PROD194,,4830.61,38644.88,24.7
ITEM02443,ORD01068,PROD198,5.0,2838.65,14193.25,33.5
ITEM02444,ORD00614,PROD041,10.0,3693.35,36933.5,32.1
ITEM02445,ORD00418,PROD076,7.0,3375.69,23629.83,38.0
ITEM02446,ORD00524,PROD157,4.0,1770.92,7083.68,11.3
ITEM02447,ORD00330,PROD136,10.0,3131.69,31316.9,16.5
ITEM02448,ORD00386,PROD162,4.0,,4511.76,1.4
ITEM02449,ORD00205,PROD081,2.0,3098.98,6197.96,15.3
ITEM02450,ORD00537,PROD150,6.0,3193.24,19159.44,7.3
ITEM02451,ORD01162,PROD097,8.0,4082.07,32656.56,24.8
ITEM02452,ORD00567,PROD062,6.0,4663.08,27978.48,19.2
ITEM02453,ORD00683,PROD066,3.0,1090.63,3271.89,18.2
ITEM02454,ORD00343,PROD052,2.0,2061.09,4122.18,27.9
ITEM02455,ORD00208,PROD109,10.0,4404.53,44045.3,9.6
ITEM02456,ORD00346,PROD096,0.0,2931.96,20523.72,32.4
ITEM02457,ORD00708,PROD186,10.0,1685.99,16859.9,8.3
ITEM02458,ORD01449,PROD013,9.0,4517.96,40661.64,2.6
ITEM02459,ORD01123,PROD158,8.0,631.29,5050.32,20.7
ITEM02460,ORD00888,PROD065,1.0,949.75,949.75,16.8
ITEM02461,ORD00093,PROD027,5.0,1727.65,8638.25,2.9
ITEM02462,ORD00869,PROD107,7.0,3716.8,26017.6,1.8
ITEM02463,ORD00285,PROD037,8.0,3252.41,26019.28,22.3
ITEM02464,ORD01317,PROD162,1.0,1817.03,1817.03,6.3
ITEM02465,ORD00011,PROD179,8.0,2666.66,21333.28,39.6
ITEM02466,ORD01280,PROD200,8.0,4135.23,33081.84,23.4
ITEM02467,ORD01049,PROD178,5.0,4689.08,23445.4,29.0
ITEM02468,ORD00221,PROD198,7.0,4786.58,33506.06,38.7
ITEM02469,ORD01130,PROD101,8.0,627.8,5022.4,24.7
ITEM02470,ORD00092,PROD117,3.0,3712.14,11136.42,8.5
ITEM02471,ORD01397,PROD046,8.0,2345.07,18760.56,23.5
ITEM02472,ORD00559,PROD069,5.0,1905.74,9528.7,27.4
ITEM02473,ORD00098,PROD003,4.0,3228.98,12915.92,35.1
ITEM02474,ORD01338,PROD130,9.0,567.54,5107.86,15.5
ITEM02475,ORD01177,PROD156,4.0,3966.14,15864.56,4.3
ITEM02476,ORD01476,PROD098,6.0,3326.29,,17.3
ITEM02477,ORD01493,PROD042,8.0,3025.58,24204.64,15.7
ITEM02478,ORD01492,PROD144,1.0,4170.5,4170.5,21.9
ITEM02479,ORD01268,PROD171,1.0,4955.51,4955.51,2.0
ITEM02480,ORD01198,PROD127,5.0,566.43,2832.15,15.0
ITEM02481,ORD00237,PROD015,2.0,3209.66,6419.32,20.4
ITEM02482,ORD00650,PROD022,3.0,1328.75,3986.25,34.5
ITEM02483,ORD00255,PROD183,3.0,1666.25,4998.75,7.3
ITEM02484,ORD00619,PROD064,9.0,1808.33,16274.97,5.0
ITEM02485,ORD00213,PROD037,3.0,3808.53,11425.59,2.1
ITEM02486,ORD00598,PROD026,9.0,,33613.47,37.1
ITEM02487,ORD00005,PROD096,2.0,67.46,134.92,27.2
ITEM02488,ORD00734,PROD102,3.0,1911.16,5733.48,25.9
ITEM02489,ORD00123,PROD109,2.0,3634.69,7269.38,4.6
ITEM02490,ORD01144,PROD115,8.0,4755.45,38043.6,25.5
ITEM02491,ORD00715,PROD016,4.0,4957.01,19828.04,26.3
ITEM02492,ORD00030,PROD017,10.0,1015.88,,150.0
ITEM02493,ORD01363,PROD174,6.0,256.3,1537.8,0.1
ITEM02494,ORD00163,PROD159,6.0,4580.6,27483.6,29.3
ITEM02495,ORD01442,PROD020,4.0,2014.75,8059.0,33.9
ITEM02496,ORD00496,PROD131,1.0,4011.89,4011.89,37.0
ITEM02497,ORD01382,PROD120,10.0,1907.72,19077.2,-10.0
ITEM02498,ORD00546,PROD031,7.0,761.72,5332.04,21.0
ITEM02499,ORD00982,PROD119,8.0,1609.47,12875.76,31.6
ITEM02500,ORD01289,PROD029,10.0,2068.33,20683.3,32.1
ITEM02501,ORD00559,PROD002,5.0,3409.78,17048.9,22.3
ITEM02502,ORD01465,PROD069,8.0,4142.7,33141.6,24.4
ITEM02503,ORD00331,PROD086,1.0,4662.26,4662.26,3.2
ITEM02504,ORD01232,PROD184,5.0,3108.6,15543.0,4.3
ITEM02505,ORD01410,PROD157,10.0,1002.77,10027.7,10.6
ITEM02506,ORD00823,PROD147,7.0,213.24,1492.68,20.3
ITEM02507,ORD00449,PROD154,8.0,3355.01,26840.08,15.9
ITEM02508,ORD00850,PROD041,9.0,333.9,3005.1,24.4
ITEM02509,ORD00522,PROD184,6.0,902.01,5412.06,-10.0
ITEM02510,ORD00148,PROD012,4.0,1852.34,7409.36,28.9
ITEM02511,ORD00375,PROD122,6.0,268.97,,16.6
ITEM02512,ORD00352,PROD021,4.0,3164.45,12657.8,27.4
ITEM02513,ORD00844,PROD133,0.0,1289.21,11602.89,16.9
ITEM02514,ORD00621,PROD156,7.0,568.91,3982.37,6.5
ITEM02515,ORD00927,PROD141,3.0,2362.06,7086.18,6.1
ITEM02516,ORD00278,PROD172,1.0,704.76,704.76,33.5
ITEM02517,ORD00656,PROD006,7.0,3082.65,21578.55,34.5
ITEM02518,ORD01418,PROD039,7.0,410.66,2874.62,5.6
ITEM02519,ORD00547,PROD045,6.0,1354.51,8127.06,0.8
ITEM02520,ORD01412,PROD021,5.0,1032.12,5160.6,1.0
ITEM02521,ORD00449,PROD063,7.0,2319.09,16233.63,15.2
ITEM02522,ORD01433,PROD027,7.0,3903.65,27325.55,22.9
ITEM02523,ORD01178,PROD143,3.0,4902.79,14708.37,7.8
ITEM02524,ORD00366,PROD150,7.0,97.57,682.99,21.9
ITEM02525,ORD00585,PROD166,2.0,470.89,941.78,15.9
ITEM02526,ORD00698,PROD102,7.0,3673.64,25715.48,39.4
ITEM02527,ORD00434,PROD009,10.0,402.85,4028.5,10.4
ITEM02528,ORD01229,PROD081,2.0,939.54,1879.08,0.6
ITEM02529,ORD01483,PROD009,10.0,432.03,4320.3,22.7
ITEM02530,ORD00815,PROD049,3.0,4407.67,13223.01,37.0
ITEM02531,ORD00027,PROD080,5.0,399.91,1999.55,11.4
ITEM02532,ORD00593,PROD099,7.0,478.86,3352.02,38.8
ITEM02533,ORD00260,PROD028,5.0,4321.01,21605.05,15.1
ITEM02534,ORD00520,PROD163,9.0,4885.46,,3.6
ITEM02535,ORD00054,PROD024,10.0,2820.15,28201.5,15.9
ITEM02536,ORD01100,PROD122,4.0,3678.74,14714.96,6.8
ITEM02537,ORD00172,PROD061,2.0,1790.83,3581.66,23.3
ITEM02538,ORD00929,PROD076,9.0,,18528.93,14.9
ITEM02539,ORD00580,PROD024,6.0,,12687.24,27.0
ITEM02540,ORD01450,PROD124,0.0,4993.9,39951.2,19.3
ITEM02541,ORD01289,PROD181,1.0,1440.52,1440.52,1.6
ITEM02542,ORD00567,PROD066,4.0,4479.18,17916.72,32.1
ITEM02543,ORD00284,PROD023,2.0,1118.8,2237.6,34.0
ITEM02544,ORD00753,PROD072,10.0,1176.96,11769.6,0.2
ITEM02545,ORD01378,PROD105,9.0,3129.4,28164.6,6.0
ITEM02546,ORD00486,PROD089,7.0,3720.06,26040.42,27.1
ITEM02547,ORD01170,PROD094,4.0,4702.45,18809.8,13.3
ITEM02548,ORD01433,PROD077,-1.0,3772.42,11317.26,4.6
ITEM02549,ORD01438,PROD084,2.0,3920.8,7841.6,21.0
ITEM02550,ORD01500,PROD022,7.0,N/A,32233.81,27.2
ITEM02551,ORD00820,PROD047,1.0,3019.0,,10.8
ITEM02552,ORD01082,PROD064,4.0,1194.07,4776.28,3.5
ITEM02553,ORD01334,PROD053,5.0,1680.08,8400.4,18.8
ITEM02554,ORD00692,PROD088,3.0,1979.06,5937.18,34.4
ITEM02555,ORD01282,PROD094,8.0,938.27,7506.16,9.7
ITEM02556,ORD00381,PROD151,6.0,1228.66,7371.96,31.2
ITEM02557,ORD00927,PROD020,10.0,978.6,9786.0,-10.0
ITEM02558,ORD00886,PROD107,5.0,1839.38,9196.9,2.5
ITEM02559,ORD01031,PROD194,2.0,2139.31,4278.62,19.1
ITEM02560,ORD00363,PROD078,10.0,3927.17,39271.7,30.6
ITEM02561,ORD00040,PROD191,,4076.07,28532.49,15.7
ITEM02562,ORD01165,PROD159,6.0,4226.98,25361.88,19.7
ITEM02563,ORD00201,PROD023,8.0,375.2,3001.6,11.0
ITEM02564,ORD01123,PROD090,3.0,3308.86,9926.58,15.6
ITEM02565,ORD01327,PROD168,10.0,3563.62,35636.2,0.9
ITEM02566,ORD01125,PROD106,6.0,4308.82,25852.92,33.9
ITEM02567,ORD00210,PROD104,9.0,1734.09,15606.81,2.2
ITEM02568,ORD00339,PROD050,7.0,3261.58,22831.06,22.7
ITEM02569,ORD00313,PROD007,10.0,422.38,4223.8,23.2
ITEM02570,ORD00629,PROD177,10.0,2241.96,22419.6,28.5
ITEM02571,ORD00787,PROD051,5.0,4918.04,24590.2,10.6
ITEM02572,ORD00799,PROD098,2.0,4245.35,8490.7,35.0
ITEM02573,ORD00252,PROD052,4.0,4442.47,17769.88,34.3
ITEM02574,ORD00532,PROD060,7.0,818.9,5732.3,-10.0
ITEM02575,ORD00327,PROD132,5.0,3555.6,17778.0,37.1
ITEM02576,ORD01100,PROD106,3.0,3414.65,10243.95,34.1
ITEM02577,ORD00081,PROD184,10.0,4214.94,42149.4,7.1
ITEM02578,ORD01240,PROD079,10.0,189.86,1898.6,2.1
ITEM02579,ORD01000,PROD131,6.0,549.63,3297.78,33.1
ITEM02580,ORD00004,PROD103,4.0,3657.27,14629.08,11.1
ITEM02581,ORD00331,PROD086,-1.0,2396.08,7188.24,2.6
ITEM02582,ORD00017,PROD005,2.0,4828.07,9656.14,37.5
ITEM02583,ORD01246,PROD014,5.0,4981.32,24906.6,32.1
ITEM02584,ORD00959,PROD115,2.0,4474.43,8948.86,23.5
ITEM02585,ORD01203,PROD076,6.0,1342.9,8057.4,7.1
ITEM02586,ORD01446,PROD068,4.0,1253.39,5013.56,4.6
ITEM02587,ORD00032,PROD054,6.0,1548.33,9289.98,11.2
ITEM02588,ORD01244,PROD084,3.0,3462.22,10386.66,2.4
ITEM02589,ORD00892,PROD046,10.0,4735.63,47356.3,20.5
ITEM02590,ORD01381,PROD082,9.0,3454.36,31089.24,25.5
ITEM02591,ORD00506,PROD167,8.0,636.56,5092.48,4.6
ITEM02592,ORD00734,PROD001,2.0,3794.81,7589.62,37.6
ITEM02593,ORD00208,PROD017,3.0,1877.28,5631.84,150.0
ITEM02594,ORD01406,PROD146,5.0,1645.1,8225.5,8.0
ITEM02595,ORD00652,PROD023,9.0,4833.43,43500.87,20.7
ITEM02596,ORD01276,PROD106,5.0,4251.08,21255.4,34.5
ITEM02597,ORD00159,PROD094,6.0,1399.89,8399.34,10.6
ITEM02598,ORD00154,PROD060,4.0,1943.64,7774.56,35.5
ITEM02599,ORD00961,PROD102,1.0,2117.14,2117.14,14.3
ITEM02600,ORD00700,PROD067,2.0,911.69,1823.38,8.9
ITEM02601,ORD01330,PROD119,5.0,4288.51,21442.55,30.7
ITEM02602,ORD00437,PROD006,3.0,4937.02,14811.06,12.6
ITEM02603,ORD00483,PROD101,5.0,490.91,2454.55,-10.0
ITEM02604,ORD00241,PROD167,2.0,3242.07,6484.14,35.4
ITEM02605,ORD00901,PROD112,8.0,1601.93,12815.44,29.7
ITEM02606,ORD00113,PROD158,0.0,4824.63,38597.04,0.1
ITEM02607,ORD00278,PROD110,6.0,1755.37,10532.22,17.2
ITEM02608,ORD01374,PROD161,1.0,1339.46,1339.46,29.8
ITEM02609,ORD00718,PROD200,4.0,2730.43,10921.72,35.4
ITEM02610,ORD00418,PROD174,10.0,4371.58,43715.8,35.9
ITEM02611,ORD00490,PROD123,6.0,2228.04,13368.24,2.8
ITEM02612,ORD01022,PROD125,2.0,1327.09,2654.18,36.6
ITEM02613,ORD01226,PROD130,6.0,1991.97,11951.82,9.1
ITEM02614,ORD00971,PROD161,6.0,3249.31,19495.86,28.1
ITEM02615,ORD00004,PROD026,2.0,4705.72,9411.44,15.3
ITEM02616,ORD01089,PROD054,9.0,1120.12,10081.08,36.4
ITEM02617,ORD00798,PROD068,9.0,3511.44,31602.96,32.7
ITEM02618,ORD00106,PROD017,10.0,2343.05,23430.5,5.8
ITEM02619,ORD00632,PROD080,9.0,4659.3,41933.7,1.5
ITEM02620,ORD01326,PROD088,6.0,3577.5,21465.0,6.5
ITEM02621,ORD00483,PROD039,7.0,1020.93,7146.51,
ITEM02622,ORD00958,PROD071,8.0,4071.33,32570.64,
ITEM02623,ORD00981,PROD071,6.0,3005.0,18030.0,0.7
ITEM02624,ORD00708,PROD141,6.0,4043.6,24261.6,36.8
ITEM02625,ORD01128,PROD111,9.0,3903.28,35129.52,28.4
ITEM02626,ORD00944,PROD071,1.0,3053.36,3053.36,33.5
ITEM02627,ORD00369,PROD198,6.0,3487.68,20926.08,32.3
ITEM02628,ORD00754,PROD150,10.0,1531.05,15310.5,33.7
ITEM02629,ORD00407,PROD017,2.0,1353.38,2706.76,32.0
ITEM02630,ORD00957,PROD176,1.0,2919.98,2919.98,3.6
ITEM02631,ORD00177,PROD081,3.0,2773.72,8321.16,35.2
ITEM02632,ORD01009,PROD056,1.0,4744.96,4744.96,9.2
ITEM02633,ORD00284,PROD089,8.0,4959.49,39675.92,9.2
ITEM02634,ORD00073,PROD007,8.0,2183.48,17467.84,18.5
ITEM02635,ORD01403,PROD147,8.0,3957.3,31658.4,20.8
ITEM02636,ORD00236,PROD005,8.0,,13090.64,21.2
ITEM02637,ORD00663,PROD172,6.0,3844.44,23066.64,2.9
ITEM02638,ORD00472,PROD068,1.0,2463.94,2463.94,38.9
ITEM02639,ORD00492,PROD051,7.0,557.6,3903.2,5.6
ITEM02640,ORD00466,PROD090,2.0,2520.17,5040.34,18.8
ITEM02641,ORD00051,PROD189,10.0,760.51,7605.1,35.9
ITEM02642,ORD00016,PROD194,1.0,71.64,71.64,0.3
ITEM02643,ORD00409,PROD020,2.0,1554.06,3108.12,19.4
ITEM02644,ORD00382,PROD134,3.0,3103.66,9310.98,18.4
ITEM02645,ORD00690,PROD071,3.0,1241.16,,6.3
ITEM02646,ORD00784,PROD011,10.0,4802.86,48028.6,18.3
ITEM02647,ORD01179,PROD097,6.0,1914.88,11489.28,150.0
ITEM02648,ORD00852,PROD054,4.0,1018.12,4072.48,14.7
ITEM02649,ORD00557,PROD154,9.0,2742.98,24686.82,33.7
ITEM02650,ORD00912,PROD040,2.0,2875.12,5750.24,24.7
ITEM02651,ORD00515,PROD154,1.0,2817.81,2817.81,36.6
ITEM02652,ORD00138,PROD183,1.0,2057.66,2057.66,12.3
ITEM02653,ORD00391,PROD066,5.0,4032.49,20162.45,4.9
ITEM02654,ORD00484,PROD164,4.0,4378.41,17513.64,25.1
ITEM02655,ORD00144,PROD188,8.0,3709.47,29675.76,21.5
ITEM02656,ORD00206,PROD104,4.0,4679.69,18718.76,32.3
ITEM02657,ORD00731,PROD094,8.0,599.6,4796.8,23.3
ITEM02658,ORD00188,PROD026,9.0,840.03,7560.27,37.8
ITEM02659,ORD01219,PROD200,4.0,2866.44,11465.76,8.2
ITEM02660,ORD00850,PROD053,8.0,4957.44,39659.52,7.0
ITEM02661,ORD01031,PROD038,1.0,2742.93,2742.93,26.1
ITEM02662,ORD00465,PROD117,4.0,4596.1,18384.4,31.7
ITEM02663,ORD01250,PROD022,8.0,4553.68,36429.44,0.4
ITEM02664,ORD00596,PROD013,6.0,2276.17,13657.02,6.1
ITEM02665,ORD01105,PROD009,5.0,1388.64,6943.2,17.7
ITEM02666,ORD01418,PROD077,4.0,1775.96,7103.84,35.7
ITEM02667,ORD00617,PROD159,7.0,1282.62,8978.34,10.9
ITEM02668,ORD00324,PROD168,1.0,3334.63,3334.63,3.2
ITEM02669,ORD00289,PROD150,3.0,335.02,1005.06,25.2
ITEM02670,ORD00845,PROD027,5.0,1637.85,,30.0
ITEM02671,ORD01344,PROD045,4.0,3129.39,12517.56,27.0
ITEM02672,ORD00886,PROD110,7.0,3097.78,21684.46,0.4
ITEM02673,ORD00405,PROD197,2.0,171.57,343.14,27.2
ITEM02674,ORD00178,PROD200,9.0,962.34,8661.06,13.5
ITEM02675,ORD00754,PROD072,5.0,2724.19,13620.95,19.8
ITEM02676,ORD00620,PROD193,7.0,1986.49,13905.43,9.4
ITEM02677,ORD00435,PROD061,9.0,1842.86,16585.74,39.5
ITEM02678,ORD00037,PROD133,2.0,58.0,116.0,18.0
ITEM02679,ORD01215,PROD068,6.0,3408.84,20453.04,9.0
ITEM02680,ORD01260,PROD194,-1.0,2993.44,23947.52,11.0
ITEM02681,ORD00061,PROD121,9.0,4284.62,38561.58,32.3
ITEM02682,ORD00423,PROD183,3.0,558.26,1674.78,0.5
ITEM02683,ORD01315,PROD007,1.0,713.04,713.04,37.4
ITEM02684,ORD01338,PROD188,9.0,1243.46,11191.14,6.0
ITEM02685,ORD00638,PROD157,1.0,3471.13,3471.13,20.8
ITEM02686,ORD01417,PROD144,3.0,2565.59,7696.77,19.2
ITEM02687,ORD01165,PROD026,10.0,2296.72,22967.2,11.4
ITEM02688,ORD00241,PROD148,6.0,4428.88,26573.28,39.5
ITEM02689,ORD00506,PROD041,1.0,2494.66,2494.66,22.4
ITEM02690,ORD00156,PROD166,0.0,1078.85,4315.4,38.8
ITEM02691,ORD00729,PROD005,7.0,2175.61,15229.27,27.8
ITEM02692,ORD00781,PROD093,3.0,2471.05,7413.15,2.9
ITEM02693,ORD01312,PROD013,5.0,1853.89,9269.45,4.6
ITEM02694,ORD00702,PROD156,10.0,4737.47,47374.7,19.7
ITEM02695,ORD00402,PROD025,2.0,2921.27,5842.54,36.2
ITEM02696,ORD01454,PROD099,10.0,212.74,2127.4,24.0
ITEM02697,ORD00777,PROD055,2.0,3765.99,7531.98,33.3
ITEM02698,ORD00885,PROD062,7.0,4237.56,29662.92,9.5
ITEM02699,ORD01017,PROD146,3.0,1776.81,5330.43,-10.0
ITEM02700,ORD00181,PROD174,9.0,2170.63,19535.67,2.6
ITEM02701,ORD00425,PROD189,6.0,4498.33,26989.98,24.7
ITEM02702,ORD00822,PROD039,6.0,632.18,3793.08,26.1
ITEM02703,ORD00627,PROD169,7.0,2346.6,16426.2,38.3
ITEM02704,ORD00858,PROD063,6.0,379.77,2278.62,11.7
ITEM02705,ORD01446,PROD101,3.0,4373.85,13121.55,6.5
ITEM02706,ORD00401,PROD033,5.0,4369.28,21846.4,33.7
ITEM02707,ORD00674,PROD082,10.0,1817.69,18176.9,4.8
ITEM02708,ORD00171,PROD150,5.0,N/A,17293.9,15.3
ITEM02709,ORD00618,PROD057,9.0,3535.41,31818.69,26.0
ITEM02710,ORD00666,PROD035,5.0,555.94,,39.9
ITEM02711,ORD00346,PROD142,3.0,186.63,559.89,27.5
ITEM02712,ORD00377,PROD110,3.0,3841.47,11524.41,-10.0
ITEM02713,ORD01055,PROD093,5.0,1364.0,6820.0,7.7
ITEM02714,ORD01309,PROD126,3.0,4495.24,13485.72,22.6
ITEM02715,ORD00278,PROD192,5.0,2581.9,12909.5,29.0
ITEM02716,ORD00436,PROD031,6.0,3368.34,20210.04,13.2
ITEM02717,ORD00286,PROD029,6.0,3781.27,22687.62,35.9
ITEM02718,ORD00666,PROD178,6.0,1156.84,6941.04,14.5
ITEM02719,ORD01407,PROD156,5.0,2873.88,14369.4,38.9
ITEM02720,ORD00444,PROD044,2.0,2194.62,4389.24,9.1
ITEM02721,ORD00633,PROD182,10.0,3575.92,35759.2,37.3
ITEM02722,ORD01048,PROD076,6.0,441.88,2651.28,14.9
ITEM02723,ORD01352,PROD147,9.0,494.58,4451.22,5.3
ITEM02724,ORD00658,PROD191,2.0,656.38,1312.76,16.6
ITEM02725,ORD01486,PROD028,7.0,4260.52,29823.64,14.2
ITEM02726,ORD00383,PROD036,,1606.82,1606.82,19.9
ITEM02727,ORD01468,PROD131,7.0,3193.8,22356.6,7.8
ITEM02728,ORD01220,PROD197,5.0,354.9,1774.5,32.5
ITEM02729,ORD00916,PROD191,9.0,1079.29,9713.61,31.9
ITEM02730,ORD01255,PROD198,-1.0,881.75,4408.75,12.3
ITEM02731,ORD01164,PROD055,5.0,4077.54,20387.7,39.9
ITEM02732,ORD00434,PROD001,7.0,1636.66,11456.62,20.1
ITEM02733,ORD01459,PROD007,-1.0,1655.94,4967.82,10.9
ITEM02734,ORD00524,PROD110,2.0,3050.77,6101.54,4.4
ITEM02735,ORD01221,PROD045,8.0,4907.84,39262.72,25.0
ITEM02736,ORD00833,PROD062,10.0,N/A,49767.7,11.3
ITEM02737,ORD00728,PROD195,7.0,2955.46,20688.22,29.4
ITEM02738,ORD00898,PROD137,3.0,4094.87,12284.61,34.4
ITEM02739,ORD00935,PROD029,10.0,1600.18,16001.8,10.4
ITEM02740,ORD00646,PROD132,9.0,4848.54,43636.86,37.8
ITEM02741,ORD01126,PROD055,10.0,3115.94,31159.4,37.4
ITEM02742,ORD00492,PROD168,2.0,4112.1,8224.2,29.6
ITEM02743,ORD01314,PROD160,10.0,191.69,1916.9,37.2
ITEM02744,ORD00454,PROD044,0.0,2152.35,17218.8,16.7
ITEM02745,ORD00710,PROD069,,3307.21,6614.42,23.8
ITEM02746,ORD00362,PROD094,10.0,3556.93,35569.3,6.0
ITEM02747,ORD00245,PROD030,8.0,1067.2,8537.6,20.6
ITEM02748,ORD01371,PROD107,6.0,4640.09,27840.54,9.3
ITEM02749,ORD01245,PROD127,10.0,4339.6,43396.0,38.0
ITEM02750,ORD01017,PROD147,4.0,3675.31,14701.24,
ITEM02751,ORD00001,PROD023,1.0,609.34,609.34,33.4
ITEM02752,ORD01400,PROD127,2.0,643.93,1287.86,4.5
ITEM02753,ORD00794,PROD116,3.0,1081.89,3245.67,21.7
ITEM02754,ORD00603,PROD103,8.0,111.64,893.12,0.7
ITEM02755,ORD00014,PROD032,8.0,2540.96,20327.68,27.8
ITEM02756,ORD00888,PROD175,9.0,2452.3,22070.7,38.7
ITEM02757,ORD00591,PROD184,2.0,1000.31,2000.62,13.7
ITEM02758,ORD00181,PROD147,9.0,4694.26,42248.34,6.6
ITEM02759,ORD00295,PROD112,5.0,3311.1,16555.5,17.2
ITEM02760,ORD00402,PROD003,8.0,2598.79,20790.32,29.3
ITEM02761,ORD01418,PROD126,5.0,2951.34,14756.7,32.9
ITEM02762,ORD01313,PROD159,5.0,4863.33,24316.65,4.3
ITEM02763,ORD00157,PROD022,1.0,123.56,123.56,37.7
ITEM02764,ORD00663,PROD025,3.0,708.9,2126.7,37.1
ITEM02765,ORD00576,PROD121,9.0,4013.55,36121.95,39.7
ITEM02766,ORD00084,PROD037,2.0,1230.86,2461.72,10.8
ITEM02767,ORD00319,PROD157,4.0,4935.46,19741.84,16.5
ITEM02768,ORD00632,PROD039,8.0,2891.17,23129.36,21.6
ITEM02769,ORD00536,PROD061,4.0,1153.67,4614.68,14.5
ITEM02770,ORD00943,PROD059,9.0,858.3,7724.7,20.5
ITEM02771,ORD01031,PROD181,3.0,3085.33,9255.99,11.9
ITEM02772,ORD00419,PROD084,6.0,4996.48,29978.88,19.5
ITEM02773,ORD00018,PROD145,8.0,93.02,744.16,9.4
ITEM02774,ORD00927,PROD032,2.0,4126.06,8252.12,31.4
ITEM02775,ORD00685,PROD064,7.0,2191.9,15343.3,18.4
ITEM02776,ORD00030,PROD188,4.0,1974.92,7899.68,15.5
ITEM02777,ORD00220,PROD054,4.0,4448.75,17795.0,39.3
ITEM02778,ORD00819,PROD093,4.0,1390.77,5563.08,16.3
ITEM02779,ORD00404,PROD053,10.0,1664.81,16648.1,8.9
ITEM02780,ORD00291,PROD022,9.0,1462.24,13160.16,16.9
ITEM02781,ORD01019,PROD096,5.0,3359.58,16797.9,35.5
ITEM02782,ORD01300,PROD064,3.0,1791.41,5374.23,
ITEM02783,ORD00043,PROD091,1.0,1479.78,1479.78,5.9
ITEM02784,ORD00389,PROD111,2.0,2266.45,4532.9,31.5
ITEM02785,ORD01333,PROD043,1.0,4709.53,4709.53,22.9
ITEM02786,ORD00552,PROD183,5.0,1330.05,6650.25,35.6
ITEM02787,ORD01170,PROD194,9.0,387.69,3489.21,22.3
ITEM02788,ORD00236,PROD140,9.0,3793.22,34138.98,23.0
ITEM02789,ORD00518,PROD118,6.0,4329.72,25978.32,32.5
ITEM02790,ORD00210,PROD185,5.0,1229.24,6146.2,0.8
ITEM02791,ORD00034,PROD036,2.0,1226.1,2452.2,24.4
ITEM02792,ORD01384,PROD184,10.0,3106.4,31064.0,25.6
ITEM02793,ORD00710,PROD080,4.0,2464.0,9856.0,18.4
ITEM02794,ORD00257,PROD091,8.0,3702.17,29617.36,23.0
ITEM02795,ORD00780,PROD179,5.0,622.15,3110.75,28.3
ITEM02796,ORD01240,PROD163,1.0,3597.06,3597.06,9.7
ITEM02797,ORD01288,PROD006,2.0,970.89,1941.78,1.4
ITEM02798,ORD00813,PROD198,8.0,4573.09,36584.72,23.1
ITEM02799,ORD00412,PROD070,8.0,1760.41,14083.28,38.7
ITEM02800,ORD00847,PROD184,7.0,1219.23,8534.61,20.6
ITEM02801,ORD00610,PROD178,9.0,4518.17,40663.53,10.6
ITEM02802,ORD00343,PROD008,-1.0,530.0,1590.0,25.7
ITEM02803,ORD00952,PROD148,8.0,1860.25,14882.0,33.1
ITEM02804,ORD00313,PROD065,3.0,4848.25,14544.75,6.2
ITEM02805,ORD01496,PROD027,10.0,1441.68,14416.8,16.1
ITEM02806,ORD00152,PROD069,1.0,2806.03,2806.03,34.6
ITEM02807,ORD00384,PROD115,10.0,2603.67,26036.7,9.9
ITEM02808,ORD00832,PROD171,2.0,4005.09,8010.18,1.7
ITEM02809,ORD00536,PROD128,8.0,4098.62,32788.96,10.9
ITEM02810,ORD01402,PROD024,1.0,2088.1,2088.1,26.7
ITEM02811,ORD00642,PROD194,6.0,1730.04,10380.24,6.1
ITEM02812,ORD00584,PROD110,8.0,3575.82,28606.56,26.1
ITEM02813,ORD00416,PROD141,5.0,299.91,1499.55,29.8
ITEM02814,ORD00794,PROD043,3.0,1490.65,4471.95,39.3
ITEM02815,ORD00997,PROD137,1.0,4336.24,4336.24,25.3
ITEM02816,ORD00857,PROD171,8.0,1163.61,9308.88,32.2
ITEM02817,ORD01044,PROD157,4.0,68.81,275.24,0.5
ITEM02818,ORD01327,PROD138,3.0,1563.62,4690.86,
ITEM02819,ORD00986,PROD045,1.0,4617.82,4617.82,13.8
ITEM02820,ORD01252,PROD020,3.0,1860.73,5582.19,26.6
ITEM02821,ORD00888,PROD138,10.0,4924.11,49241.1,21.4
ITEM02822,ORD00981,PROD167,9.0,4188.47,37696.23,11.7
ITEM02823,ORD01350,PROD033,5.0,1489.85,7449.25,13.9
ITEM02824,ORD00627,PROD075,7.0,2874.17,20119.19,26.1
ITEM02825,ORD00799,PROD074,9.0,1091.99,9827.91,19.7
ITEM02826,ORD00982,PROD099,9.0,2902.5,26122.5,30.7
ITEM02827,ORD01290,PROD141,1.0,4659.55,4659.55,26.4
ITEM02828,ORD00381,PROD042,5.0,4868.74,24343.7,37.0
ITEM02829,ORD00792,PROD025,2.0,3343.58,6687.16,3.2
ITEM02830,ORD01221,PROD103,0.0,-200,14968.56,38.4
ITEM02831,ORD01053,PROD050,9.0,1776.62,15989.58,14.1
ITEM02832,ORD00837,PROD097,8.0,4968.95,39751.6,29.6
ITEM02833,ORD01453,PROD034,2.0,3738.18,7476.36,27.2
ITEM02834,ORD00399,PROD154,2.0,4335.61,8671.22,12.0
ITEM02835,ORD00010,PROD125,3.0,2981.6,8944.8,16.2
ITEM02836,ORD00183,PROD002,8.0,4862.03,38896.24,-10.0
ITEM02837,ORD01416,PROD055,9.0,4674.45,42070.05,31.3
ITEM02838,ORD00477,PROD134,2.0,310.95,,23.1
ITEM02839,ORD00423,PROD111,1.0,1948.79,1948.79,36.6
ITEM02840,ORD00452,PROD165,3.0,3398.62,10195.86,6.2
ITEM02841,ORD00272,PROD073,6.0,1442.69,8656.14,9.1
ITEM02842,ORD01000,PROD165,5.0,2496.84,12484.2,14.8
ITEM02843,ORD01260,PROD179,5.0,1884.39,9421.95,21.8
ITEM02844,ORD01149,PROD169,7.0,1724.72,12073.04,24.9
ITEM02845,ORD01473,PROD164,5.0,834.85,4174.25,2.3
ITEM02846,ORD01127,PROD165,5.0,2213.09,11065.45,20.4
ITEM02847,ORD00277,PROD113,3.0,2076.25,6228.75,16.1
ITEM02848,ORD00194,PROD060,8.0,2960.8,23686.4,22.1
ITEM02849,ORD00927,PROD037,3.0,3792.84,11378.52,14.8
ITEM02850,ORD00003,PROD184,6.0,3006.99,18041.94,23.9
ITEM02851,ORD00351,PROD042,5.0,3041.23,15206.15,15.1
ITEM02852,ORD01313,PROD056,2.0,3106.06,6212.12,22.6
ITEM02853,ORD00855,PROD036,4.0,1485.75,5943.0,18.5
ITEM02854,ORD01365,PROD036,4.0,392.02,1568.08,36.6
ITEM02855,ORD00992,PROD065,6.0,1211.03,7266.18,6.4
ITEM02856,ORD00248,PROD041,2.0,524.55,1049.1,1.8
ITEM02857,ORD01235,PROD111,5.0,4068.28,,27.9
ITEM02858,ORD01161,PROD052,5.0,1107.7,5538.5,24.5
ITEM02859,ORD00789,PROD116,9.0,2108.67,18978.03,1.0
ITEM02860,ORD00145,PROD143,6.0,2660.15,15960.9,1.0
ITEM02861,ORD00608,PROD186,4.0,2164.44,8657.76,23.7
ITEM02862,ORD01235,PROD055,10.0,2272.31,22723.1,6.8
ITEM02863,ORD00580,PROD101,3.0,1779.73,5339.19,29.8
ITEM02864,ORD01277,PROD132,1.0,3669.53,3669.53,31.1
ITEM02865,ORD00193,PROD192,8.0,1666.75,13334.0,12.0
ITEM02866,ORD01107,PROD021,9.0,1672.62,15053.58,7.5
ITEM02867,ORD00721,PROD041,7.0,4541.64,31791.48,5.5
ITEM02868,ORD00245,PROD088,1.0,3808.89,3808.89,39.9
ITEM02869,ORD00632,PROD065,7.0,4818.91,33732.37,21.9
ITEM02870,ORD00942,PROD027,5.0,1897.01,9485.05,18.2
ITEM02871,ORD00727,PROD076,4.0,3412.66,13650.64,8.4
ITEM02872,ORD00866,PROD088,2.0,3246.25,6492.5,28.6
ITEM02873,ORD00253,PROD035,6.0,896.84,5381.04,6.0
ITEM02874,ORD00852,PROD134,3.0,3654.53,10963.59,-10.0
ITEM02875,ORD00086,PROD200,7.0,993.14,6951.98,12.6
ITEM02876,ORD00428,PROD125,6.0,2289.36,13736.16,8.5
ITEM02877,ORD01116,PROD139,4.0,1912.54,7650.16,20.0
ITEM02878,ORD00580,PROD072,5.0,4044.64,20223.2,23.1
ITEM02879,ORD01195,PROD123,8.0,830.69,6645.52,33.9
ITEM02880,ORD00669,PROD089,1.0,1096.07,,29.8
ITEM02881,ORD01416,PROD157,10.0,3914.23,39142.3,14.5
ITEM02882,ORD00308,PROD002,9.0,4467.67,40209.03,12.8
ITEM02883,ORD00816,PROD072,2.0,4170.75,8341.5,9.9
ITEM02884,ORD00060,PROD067,8.0,188.39,1507.12,25.4
ITEM02885,ORD00858,PROD120,8.0,2975.74,23805.92,13.6
ITEM02886,ORD01056,PROD073,8.0,1119.92,8959.36,4.2
ITEM02887,ORD00377,PROD179,3.0,2264.79,6794.37,16.8
ITEM02888,ORD00323,PROD024,-1.0,467.46,467.46,9.6
ITEM02889,ORD01028,PROD114,8.0,2379.71,19037.68,35.6
ITEM02890,ORD00939,PROD109,2.0,2592.49,5184.98,39.4
ITEM02891,ORD01160,PROD080,7.0,1937.32,13561.24,22.3
ITEM02892,ORD00642,PROD055,1.0,2656.9,2656.9,1.3
ITEM02893,ORD01456,PROD070,1.0,2523.15,2523.15,26.0
ITEM02894,ORD00828,PROD069,3.0,705.42,2116.26,11.9
ITEM02895,ORD00147,PROD020,4.0,4376.16,17504.64,14.5
ITEM02896,ORD00629,PROD001,1.0,653.38,653.38,27.6
ITEM02897,ORD00174,PROD089,9.0,4547.89,40931.01,27.1
ITEM02898,ORD00023,PROD118,10.0,603.91,6039.1,9.9
ITEM02899,ORD01159,PROD151,9.0,4509.93,40589.37,28.0
ITEM02900,ORD00779,PROD077,5.0,3088.68,15443.4,2.0
ITEM02901,ORD00784,PROD171,7.0,1185.39,8297.73,14.2
ITEM02902,ORD00144,PROD188,2.0,2858.73,5717.46,-10.0
ITEM02903,ORD01378,PROD009,10.0,4687.63,46876.3,150.0
ITEM02904,ORD00755,PROD099,3.0,587.31,1761.93,13.6
ITEM02905,ORD01260,PROD177,3.0,4073.08,12219.24,10.9
ITEM02906,ORD00348,PROD083,0.0,1614.92,11304.44,150.0
ITEM02907,ORD01272,PROD047,3.0,4510.2,13530.6,26.4
ITEM02908,ORD00390,PROD194,3.0,4583.87,13751.61,36.6
ITEM02909,ORD00324,PROD090,6.0,3491.81,20950.86,9.6
ITEM02910,ORD01499,PROD056,1.0,4915.24,4915.24,34.7
ITEM02911,ORD00691,PROD046,3.0,2123.7,6371.1,16.4
ITEM02912,ORD00926,PROD149,8.0,3165.32,25322.56,2.5
ITEM02913,ORD01081,PROD064,4.0,810.49,3241.96,37.9
ITEM02914,ORD01227,PROD162,10.0,4019.81,40198.1,9.4
ITEM02915,ORD00095,PROD033,7.0,2275.58,15929.06,14.2
ITEM02916,ORD01121,PROD069,5.0,2614.41,13072.05,9.5
ITEM02917,ORD01034,PROD077,1.0,2520.04,2520.04,1.2
ITEM02918,ORD00687,PROD069,5.0,3080.09,15400.45,14.5
ITEM02919,ORD00089,PROD170,7.0,1987.47,13912.29,27.1
ITEM02920,ORD00868,PROD138,7.0,206.65,1446.55,11.0
ITEM02921,ORD01165,PROD194,7.0,4730.09,33110.63,23.6
ITEM02922,ORD00031,PROD060,1.0,1322.24,1322.24,-10.0
ITEM02923,ORD00392,PROD072,10.0,1671.84,16718.4,23.0
ITEM02924,ORD00113,PROD187,9.0,4251.08,38259.72,9.0
ITEM02925,ORD01441,PROD096,8.0,3598.98,28791.84,
ITEM02926,ORD00456,PROD031,8.0,600.74,4805.92,10.8
ITEM02927,ORD00585,PROD148,10.0,1098.9,10989.0,22.8
ITEM02928,ORD00989,PROD151,4.0,772.81,3091.24,25.1
ITEM02929,ORD01494,PROD095,7.0,2159.94,15119.58,25.3
ITEM02930,ORD00146,PROD082,5.0,684.05,3420.25,15.8
ITEM02931,ORD00161,PROD002,5.0,4904.86,24524.3,12.3
ITEM02932,ORD00377,PROD193,1.0,986.07,986.07,0.8
ITEM02933,ORD00101,PROD141,2.0,4256.46,8512.92,34.7
ITEM02934,ORD00282,PROD167,10.0,1504.73,15047.3,7.9
ITEM02935,ORD00961,PROD179,3.0,4917.04,14751.12,16.6
ITEM02936,ORD00436,PROD155,6.0,3630.06,21780.36,15.0
ITEM02937,ORD00051,PROD116,3.0,4929.94,14789.82,18.0
ITEM02938,ORD01332,PROD124,7.0,4089.04,28623.28,28.9
ITEM02939,ORD00285,PROD082,3.0,3339.47,10018.41,150.0
ITEM02940,ORD00480,PROD068,10.0,2758.54,27585.4,11.8
ITEM02941,ORD01082,PROD127,7.0,412.46,2887.22,7.4
ITEM02942,ORD01281,PROD035,8.0,4855.54,38844.32,3.2
ITEM02943,ORD00743,PROD184,2.0,1812.87,3625.74,39.6
ITEM02944,ORD01308,PROD140,3.0,1098.73,3296.19,27.9
ITEM02945,ORD01175,PROD031,2.0,610.12,1220.24,28.7
ITEM02946,ORD00677,PROD191,6.0,243.31,1459.86,4.7
ITEM02947,ORD01439,PROD083,8.0,4408.41,35267.28,1.6
ITEM02948,ORD00200,PROD172,10.0,3778.37,37783.7,18.9
ITEM02949,ORD01422,PROD116,2.0,240.44,480.88,38.7
ITEM02950,ORD01408,PROD008,1.0,3240.09,,1.0
ITEM02951,ORD00286,PROD110,3.0,2324.18,6972.54,150.0
ITEM02952,ORD01214,PROD109,6.0,2015.05,12090.3,31.3
ITEM02953,ORD01283,PROD046,4.0,2790.36,11161.44,31.4
ITEM02954,ORD00316,PROD089,4.0,4674.48,18697.92,34.4
ITEM02955,ORD00073,PROD183,4.0,3490.13,13960.52,22.1
ITEM02956,ORD00952,PROD001,1.0,2321.03,2321.03,36.7
ITEM02957,ORD00313,PROD027,8.0,4962.88,39703.04,16.7
ITEM02958,ORD00302,PROD181,3.0,2187.78,6563.34,17.2
ITEM02959,ORD00404,PROD110,7.0,3367.8,23574.6,11.9
ITEM02960,ORD00094,PROD045,5.0,4705.47,23527.35,7.8
ITEM02961,ORD00420,PROD048,9.0,4366.8,39301.2,12.8
ITEM02962,ORD00497,PROD007,3.0,3468.11,10404.33,8.6
ITEM02963,ORD00762,PROD077,1.0,1811.03,1811.03,2.6
ITEM02964,ORD01134,PROD050,10.0,1499.45,14994.5,5.6
ITEM02965,ORD00308,PROD169,10.0,2447.4,24474.0,29.8
ITEM02966,ORD00456,PROD115,10.0,2318.33,23183.3,36.5
ITEM02967,ORD00460,PROD114,3.0,4632.55,13897.65,12.2
ITEM02968,ORD01181,PROD032,0.0,799.32,3996.6,9.2
ITEM02969,ORD01108,PROD067,7.0,636.34,4454.38,24.9
ITEM02970,ORD01265,PROD157,6.0,4011.04,24066.24,10.6
ITEM02971,ORD01384,PROD074,1.0,3620.43,3620.43,20.6
ITEM02972,ORD00736,PROD141,3.0,4883.53,14650.59,23.7
ITEM02973,ORD00139,PROD122,4.0,2854.27,11417.08,34.3
ITEM02974,ORD00217,PROD043,1.0,211.02,211.02,14.7
ITEM02975,ORD01432,PROD073,6.0,4714.52,28287.12,3.6
ITEM02976,ORD00246,PROD133,6.0,2031.54,12189.24,30.8
ITEM02977,ORD00494,PROD065,4.0,572.28,2289.12,14.7
ITEM02978,ORD01284,PROD150,8.0,4043.17,32345.36,16.5
ITEM02979,ORD01270,PROD034,2.0,359.43,718.86,1.4
ITEM02980,ORD01194,PROD110,6.0,2808.06,16848.36,9.0
ITEM02981,ORD01019,PROD030,3.0,665.44,1996.32,4.5
ITEM02982,ORD00962,PROD090,4.0,2788.31,11153.24,5.4
ITEM02983,ORD00499,PROD045,2.0,1193.35,2386.7,38.4
ITEM02984,ORD01109,PROD133,9.0,3420.24,30782.16,2.4
ITEM02985,ORD01355,PROD194,5.0,2715.66,13578.3,9.2
ITEM02986,ORD00938,PROD176,3.0,3621.84,10865.52,27.6
ITEM02987,ORD01233,PROD174,4.0,3382.91,13531.64,2.0
ITEM02988,ORD00323,PROD061,3.0,50.98,152.94,21.8
ITEM02989,ORD00900,PROD002,9.0,3323.01,29907.09,37.3
ITEM02990,ORD01130,PROD083,8.0,2432.99,19463.92,27.1
ITEM02991,ORD00959,PROD193,3.0,283.34,850.02,34.8
ITEM02992,ORD00799,PROD109,6.0,228.84,1373.04,15.4
ITEM02993,ORD00897,PROD141,3.0,4984.24,14952.72,11.8
ITEM02994,ORD01093,PROD035,9.0,1681.67,15135.03,19.8
ITEM02995,ORD00321,PROD187,10.0,1221.04,12210.4,0.1
ITEM02996,ORD00504,PROD014,7.0,3796.08,26572.56,30.7
ITEM02997,ORD00802,PROD144,3.0,1964.86,5894.58,0.6
ITEM02998,ORD00016,PROD013,1.0,3593.04,3593.04,25.3
ITEM02999,ORD01301,PROD131,6.0,3711.53,22269.18,34.7
ITEM03000,ORD01130,PROD045,2.0,2166.33,4332.66,24.7
